Date,000001.SS_target,^FTSE_target,^GDAXI_target,^GSPC_target,^HSI_target,^IXIC_target,^N225_target
2005-02-08,0.2612851226174228,0.0737829754203965,0.1034161575289074,0.1004971198178025,0.1077043053840316,0.1518228142816222,0.0951810107856031
2005-02-09,0.2610053862079431,0.0707189656435529,0.0950389294252215,0.0989336678018749,0.1073571928241063,0.1495894878863912,0.0927973313092396
2005-02-10,0.2609927799204336,0.0670713009271125,0.0894147897085817,0.1006364897251224,0.1068715848420542,0.1534206227512553,0.0888247771353448
2005-02-11,0.2609774456691636,0.0676475670284624,0.0896572276455969,0.0950468495317938,0.1135838884065439,0.1494046503040975,0.0856623389835576
2005-02-14,0.2590341540909991,0.0673966631368486,0.089267537572722,0.0938126579738058,0.1112009284809765,0.1470194922418642,0.0830364794523741
2005-02-15,0.2449634608208253,0.0673139945985473,0.0945483746526564,0.0937920761625954,0.1077977636961354,0.1470497606348669,0.0835480295811186
2005-02-16,0.2447456743898465,0.0632725560061272,0.0946207502470474,0.0932141018376131,0.1086445313980018,0.1495789714602816,0.0811700806091743
2005-02-17,0.2489362244993357,0.0626792952790904,0.0950485286128617,0.0866144740901898,0.1105934626527045,0.1404413593282725,0.0832459593573327
2005-02-18,0.2521771977533492,0.0594636573661606,0.0921599141981667,0.0813326639541644,0.1031360196730144,0.1325120845643436,0.0727435784304658
2005-02-21,0.2470836863357811,0.065019050519936,0.095953327014515,0.0940220950207444,0.1012962664632574,0.1396035510073983,0.0731875215898133
2005-02-22,0.2418053630881622,0.0749084497664866,0.0960038003616156,0.0942452148946311,0.1042142108277496,0.1323090596088372,0.0794915392214067
2005-02-23,0.2416178690546012,0.0747231064616124,0.0935834141286907,0.0965780437173304,0.0961682970714829,0.1351696943378564,0.0794112761980027
2005-02-24,0.237970498900263,0.0771966761088079,0.0967672212375373,0.0996815937261474,0.0977186142642332,0.1300114601436843,0.0822432678710439
2005-02-25,0.2331570494782169,0.083187748685598,0.0967809850272063,0.1031468040998562,0.0976455290089506,0.1321934698296825,0.0831631431746501
2005-02-28,0.2293812873013352,0.0828409816193579,0.0973068101468488,0.1033029574794519,0.1049416762746451,0.1342520753736155,0.0824753002459546
2005-03-01,0.2236149838183218,0.0829869424583761,0.0897703782441515,0.1004518661107809,0.1176570548968476,0.1272904193790324,0.0812904198364164
2005-03-02,0.2226832308581611,0.0764024453038757,0.0905726373107996,0.0983595109707389,0.1113041335574713,0.1277294078297177,0.0812373740189676
2005-03-03,0.1444428725446185,0.0771422260533741,0.0968747175907261,0.1025168290819914,0.1191381138351762,0.1289672648397809,0.0812494018584002
2005-03-04,0.1408746885514802,0.0772293753407304,0.0954177962207565,0.1017002238459308,0.1187052022373817,0.1292779110135254,0.0807752875272024
2005-03-07,0.1369718925282404,0.0758419706879628,0.0899845878224321,0.0976859317431689,0.1202787190471761,0.1234520805743983,0.0812782608280178
2005-03-08,0.1371948510775189,0.072401256701827,0.0894245368346193,0.1042852466565593,0.1098304221895619,0.1247806090616695,0.0749166522589968
2005-03-09,0.1615061519276208,0.0752586687321241,0.0941256900876597,0.1044330991983944,0.1114261842026122,0.1244181455602133,0.0823565943300718
2005-03-10,0.1616688281416152,0.076606422220917,0.0949266853953518,0.1034636345810881,0.1117419543653948,0.1150212994654667,0.0824797791187989
2005-03-11,0.1617855930282962,0.0763965574852932,0.0945761954431207,0.1042057436972969,0.1117909243875349,0.116187239170308,0.0844960117326046
2005-03-14,0.1752429216539248,0.0720075092225221,0.0888975845697888,0.1048166921131279,0.1140720371696736,0.1116025252853586,0.0853068254442722
2005-03-15,0.178975180635414,0.083012182735179,0.1079265238752983,0.1080191863327781,0.1054217403355972,0.1143102829374773,0.0837468624966696
2005-03-16,0.1816489579333293,0.0818538089284003,0.1071715818089699,0.1074753212008129,0.105383876279837,0.1133961143541,0.0893169086196176
2005-03-17,0.1833321359344128,0.0820090551514705,0.1050711044145671,0.1074298262995891,0.1052594053476643,0.1137159515735296,0.0921552083818698
2005-03-18,0.1840530903771968,0.0824801008475028,0.1074535224700875,0.1054848620497018,0.1048367595549758,0.107129391708452,0.0917428569297264
2005-03-21,0.1900224609196276,0.0826535258290967,0.1094344108653531,0.1102098514921612,0.1005015804189107,0.1104106794433914,0.0906963029346511
2005-03-22,0.1733722444632836,0.083673555746325,0.1093874169773016,0.1103224281370024,0.1073261563158463,0.1104955878352557,0.0960796222128447
2005-03-23,0.1578814533983739,0.0832787305719023,0.1088972483156539,0.0994122289760791,0.1074007944707856,0.1016211979225193,0.0944771910624157
2005-03-24,0.1574113638521194,0.078515594340445,0.1083404946375588,0.0970801077355388,0.1038332423756543,0.1015602334693215,0.0889015241736035
2005-03-25,0.1567478276399346,0.0779519477075312,0.1081570372153883,0.0929563205290261,0.0994664712926246,0.0941665627803028,0.0888925841723611
2005-03-28,0.1553532065808994,0.073391240376572,0.1025931838189488,0.0880394569826538,0.1030149724222332,0.0935027457893324,0.0998486449418998
2005-03-29,0.1631402825529357,0.070093714418517,0.1026418685329542,0.1006393611239986,0.102165319491301,0.1100699131934234,0.0967956566619887
2005-03-30,0.1681326687897987,0.065501898915991,0.0990515758650719,0.0979874047724442,0.1036766721221031,0.1037322139105678,0.1012366272391207
2005-03-31,0.2125870287903193,0.0675759246158731,0.1008045103008645,0.0995952396413772,0.092400964054525,0.105471350916285,0.1021451840239766
2005-04-01,0.2163334559703686,0.0656661139304346,0.102677091145149,0.1004272280538219,0.0917711811483048,0.1063726876878996,0.1021973518121189
2005-04-04,0.2172320692184492,0.0725897835355612,0.0958431659326174,0.0951310621812768,0.08401000382278,0.1050441794804683,0.1073279544254826
2005-04-05,0.229071026692517,0.0727423589791402,0.0968667058642273,0.0949595118576311,0.0843614671932419,0.0977567875168248,0.1073723313007556
2005-04-06,0.2200019980807059,0.0755406839847379,0.0943435419197619,0.0974871289778939,0.0798009477868479,0.1030909090818556,0.1069627353548446
2005-04-07,0.2321769409508438,0.0751324858743246,0.0932156728320099,0.0955744499603695,0.0801471127850769,0.1058879733370532,0.1060276256283328
2005-04-08,0.2204037857752778,0.0716819648658915,0.0878256674218021,0.0951201640219137,0.0779629728598542,0.1061277782873863,0.1085231084114956
2005-04-11,0.2260769643546535,0.072640491968332,0.088519398242945,0.0946657891721586,0.0771839494297032,0.1062484549263111,0.1085482857621402
2005-04-12,0.241941374991708,0.0733522092306582,0.092035913342216,0.0995069389331811,0.0856790487472918,0.1154746379234078,0.1071924389270868
2005-04-13,0.2365781847586804,0.0716129895959685,0.0908537630740442,0.1017380226142168,0.0831128338520634,0.1212457502510043,0.1087375927441728
2005-04-14,0.2385062431283299,0.0683956741650285,0.0971518725112736,0.1124359215359192,0.0890524578778971,0.1336154675465955,0.1192417223197668
2005-04-15,0.2420065693613588,0.0807105883156274,0.1305357356570104,0.1129340322476018,0.11264202491788,0.1343634539811599,0.1716915992520488
2005-04-18,0.2388755090117405,0.0838567169039424,0.130002296720401,0.1158148267240379,0.1157965411753173,0.1406210161633612,0.1742764577210769
2005-04-19,0.2418655837566778,0.0858993361720981,0.1295300395132052,0.1221851833773196,0.1171983441289302,0.1429995125325694,0.1748693140705139
2005-04-20,0.2352343527925922,0.0856858529876059,0.1284010783968986,0.1380739878783202,0.1198027510406336,0.1678251656421662,0.1761685862621893
2005-04-21,0.2350544051772394,0.0875717758748386,0.1314627163575718,0.1396293820601142,0.1144821770678703,0.1751480071814088,0.1776486338307624
2005-04-22,0.2354520064953519,0.0879196476909413,0.1311807010768469,0.1432189666536613,0.1151670276422631,0.178954446693902,0.1782052759866791
2005-04-25,0.237104874039807,0.0886647446976304,0.1313124860182969,0.1460715524827789,0.1178362192147873,0.1828000801988396,0.1776598915668691
2005-04-26,0.2408662740725276,0.0959923681037231,0.1350514771669332,0.1465554486463167,0.1180641821267063,0.1829394484017384,0.176574807028578
2005-04-27,0.2495694722580306,0.0960970540258844,0.1344891935847111,0.1492676303890765,0.1069207968392075,0.185736046461245,0.1704112687677257
2005-04-28,0.2429840670251981,0.0964041790862477,0.1349777660618639,0.1472452032770491,0.107056005032197,0.179280767940608,0.1705855175239748
2005-04-29,0.2413901328475681,0.0964450338508095,0.139969103012122,0.1484342696215327,0.1055832684273045,0.1801954689039617,0.1661306352943639
2005-05-02,0.204920716420355,0.1052238286730111,0.1396257293195537,0.1470081373198086,0.1053242065475862,0.179523084032523,0.1643931221735324
2005-05-03,0.1984383934726717,0.1058718330320674,0.1392241093599638,0.1530378294197571,0.1056179019282508,0.1872537961104062,0.1645262142453351
2005-05-04,0.1966092023953668,0.1015611971219436,0.1413019220882042,0.152413838355032,0.1080012498890093,0.1864932792901691,0.1595126330968637
2005-05-05,0.1828684451522453,0.1022779042559394,0.1409320876336856,0.1521488275419959,0.1085359586938852,0.1868984294548096,0.1719664442243686
2005-05-06,0.1937713637800844,0.0999471449825623,0.1410026254731657,0.1523691701789082,0.1086664974597477,0.1848834877698866,0.1719351463268779
2005-05-09,0.1794824759528778,0.1002027148252731,0.143338585131084,0.1540575535180822,0.1101032582112952,0.1842912788354281,0.1697444938057024
2005-05-10,0.1804327238606649,0.1005210358864084,0.1433264409340391,0.1548949883935091,0.1123683560553624,0.1848568667128354,0.1673293749655826
2005-05-11,0.1811011712550608,0.1002991844635233,0.1445092074297441,0.1567369580562744,0.1123637728881542,0.183424818880239,0.166825381904936
2005-05-12,0.1550881160463222,0.0995878535629283,0.141646002785808,0.1526504461844138,0.1106785558143577,0.1774227662868451,0.1668202274588189
2005-05-13,0.1550279976555644,0.09921711585659,0.1417614180413482,0.1531330774417103,0.1104100226069199,0.1723928466736417,0.1679283801891669
2005-05-16,0.1547924941015317,0.0927055456067782,0.124621162522808,0.1422135305730971,0.1166167677236432,0.1555810414728119,0.1632135110606128
2005-05-17,0.1514133856415619,0.0861510258272184,0.1031094836902876,0.1451903882076586,0.0904884327020834,0.1599056952719454,0.0994651310101459
2005-05-18,0.1508887184464374,0.0847018480098533,0.1056956613334648,0.1447941669477789,0.0895654660992651,0.158183518053133,0.1190581707877576
2005-05-19,0.1471936829320184,0.0799073146512998,0.1021782826374701,0.1354916502052555,0.0887700790751966,0.1522170062867917,0.1194538941359269
2005-05-20,0.1651104789895214,0.0799529851276728,0.1061683073986772,0.1207462098998094,0.0860806809441704,0.130982129590482,0.1204630095533041
2005-05-23,0.166735362091759,0.0788781079442414,0.1058816267848386,0.1174084179940024,0.082869848097197,0.1150783293225011,0.1195739099859348
2005-05-24,0.1656122886082162,0.079377755717323,0.1055931363354605,0.1158520177716449,0.0903106636554048,0.1160418378582508,0.1250248538887391
2005-05-25,0.1644229211716258,0.0782759263581333,0.1086205900396375,0.111543748831314,0.0852499097018052,0.1072810356607632,0.1245928425356774
2005-05-26,0.1608310152690378,0.0644437986634179,0.098812866271179,0.1113032114908246,0.0937699196437897,0.1071827871146132,0.1338090872920277
2005-05-27,0.1479741711642364,0.0644980349912661,0.0985066265331233,0.1014657396383199,0.0979572247443528,0.0897361491118519,0.1352333780397635
2005-05-30,0.1481426779798056,0.0678778627778245,0.1017264660153281,0.099036528520399,0.0981454500721355,0.0912199601890653,0.1351835956173714
2005-05-31,0.157434896442093,0.0726834654104183,0.1074179719500146,0.1018227767879352,0.0981636215840464,0.0935393686361682,0.1355729572511816
2005-06-01,0.1670463155392512,0.0632776748359131,0.1074034156883417,0.1014690073123744,0.0991064123869404,0.0934945261771466,0.1368984514928083
2005-06-02,0.1662117807326666,0.0628443876776732,0.1104141667654401,0.0979128241266408,0.0981531499442197,0.1000981366280042,0.1368536379472906
2005-06-03,0.1878563507014041,0.0639995709773808,0.1099888086938274,0.0971938926436214,0.0940452558591959,0.099660245911474,0.1374148092667069
2005-06-06,0.1870919589769427,0.0693676516081103,0.1186403301677489,0.0970165063956605,0.0940008449821974,0.1022078292288764,0.1262749872206551
2005-06-07,0.3313153846911754,0.0710908752567787,0.1172121531323397,0.0956294571276255,0.0944632205279719,0.1028841920604094,0.127427111072622
2005-06-08,0.3345580682085646,0.069270371033417,0.1089103315525042,0.0878093838236001,0.0933243570061189,0.0980413329547666,0.1328611807111635
2005-06-09,0.3399841264283501,0.0680907899448202,0.1076868385382699,0.0880483646205372,0.0919394575369598,0.1026465541000798,0.1389790768602674
2005-06-10,0.3343086318741059,0.0682182084445036,0.1075033152713265,0.0787624870240924,0.091763789807189,0.1004652285258523,0.1380244294506149
2005-06-13,0.3364176313198183,0.0679191834365897,0.1087749971125716,0.0756800473497725,0.0889788035730072,0.099628699152502,0.1374928052925665
2005-06-14,0.3404700886001673,0.0715851151935259,0.1151341207449062,0.0700377646612472,0.0889973190265882,0.0967237510069494,0.1336670843116539
2005-06-15,0.3430551461456498,0.0725505929102023,0.1142118052428442,0.0678565739687507,0.0756737570585573,0.0976991495028781,0.1256238276047501
2005-06-16,0.3428217187628594,0.0677944992617657,0.1039113275905904,0.0621468222375524,0.0765101810434042,0.0892400833485538,0.1271609381234125
2005-06-17,0.3556946991094712,0.0679861092503946,0.1044393159958331,0.0612070042304046,0.0751763283545167,0.0880444452321407,0.1082493589234512
2005-06-20,0.3582703681671856,0.0680115827887598,0.1044057396729434,0.061492205069022,0.0753516552276109,0.0880026362724913,0.10674918771155
2005-06-21,0.3459436547026283,0.0679075698219474,0.1004399830243154,0.0606419834636221,0.0851613177613329,0.0868564303102031,0.1025067451170403
2005-06-22,0.3471892785452807,0.0676408345471488,0.0991980400775054,0.0723513942119098,0.0851828088547629,0.0942732217910085,0.1016550043505103
2005-06-23,0.3477797781151857,0.0722379488135554,0.1117963343896132,0.0762574374284477,0.0715226814508056,0.0968227394736714,0.0935056542206985
2005-06-24,0.3500459678540938,0.0757797967452035,0.1132962453982616,0.0729156824547577,0.0742089321773171,0.0906322163381999,0.1030712489118724
2005-06-27,0.3535205584633519,0.080952572015057,0.1154085109721196,0.0794590035438214,0.0708453079398726,0.0998442213556994,0.0954490268712132
2005-06-28,0.3534710724796612,0.0813921583769273,0.1140312505441227,0.0796295797141494,0.0659487372557786,0.0998501781491432,0.094796570454321
2005-06-29,0.3626188950944363,0.0789672946761532,0.11239961029735,0.080656263595375,0.0697804728272686,0.1010119615758927,0.0948179126141951
2005-06-30,0.3650364550601737,0.0788224348021873,0.1036820479777034,0.0748419959510699,0.0698440982771223,0.0950271918512511,0.0945313642053698
2005-07-01,0.3571553038462356,0.0789810571553794,0.1036925550998574,0.0745117984972768,0.0680171836818264,0.0931179005249194,0.092447729506753
2005-07-04,0.3583355100827997,0.0784175886259015,0.1033540321320983,0.0769189731809137,0.0699959458819685,0.0907358435690154,0.0936627592767625
2005-07-05,0.3523529670653044,0.0782895862005353,0.1025689770219653,0.0822655250355463,0.0696826990160719,0.0920092534122136,0.0930641729750182
2005-07-06,0.3525272970688651,0.0913902454385735,0.1107633058503071,0.08271302148248,0.0762047000034101,0.0916156747324458,0.0910392350960554
2005-07-07,0.2232614650991594,0.0992080764004103,0.1219133336303994,0.0910597150293309,0.0770424360819751,0.1082025375539328,0.0905552170991797
2005-07-08,0.2140660058284047,0.099154051308788,0.130474230132767,0.091729906654584,0.0895401695811458,0.1104631119635911,0.0843231983623959
2005-07-11,0.2438818606562385,0.1014906372478799,0.1300583456436481,0.0912200517002862,0.0894580365652466,0.1069822377571998,0.0752782748439583
2005-07-12,0.2446409027349492,0.1020339198607442,0.1310134615267458,0.0910937371432664,0.0963764190241264,0.1069851795555775,0.0766345220370407
2005-07-13,0.2433616358588014,0.1017013501581059,0.1311858700917823,0.0911054093421439,0.1026074798023707,0.1071352151573244,0.0807611369016124
2005-07-14,0.239663801264651,0.1017590411442502,0.1258524974931219,0.0909847396783968,0.102582061199829,0.1070728897122852,0.0787723374916077
2005-07-15,0.2372619164412371,0.1024897846962806,0.1244545539242291,0.0928393099358567,0.0991186228974834,0.1082162293003586,0.0787811570197048
2005-07-18,0.2377965383286436,0.101747675730917,0.1278082288458484,0.0940653464917798,0.0986873795841243,0.1154158502393362,0.0745789513434013
2005-07-19,0.2153567683642338,0.1015603024871688,0.1263820455202258,0.0950591245675642,0.0986864050072292,0.1163285732217692,0.0735160650148047
2005-07-20,0.2133987168948554,0.1015278738397353,0.128649491649768,0.0978744242553055,0.0987255039138163,0.1185132992704056,0.0736351750207603
2005-07-21,0.2337811297018937,0.1016633612927725,0.1286630676349508,0.0992551769637306,0.0967391610031899,0.11850437671357,0.0781878299755905
2005-07-22,0.2330815172712339,0.1025346897565953,0.1286926205308824,0.0919012178399354,0.0968623052494073,0.1140419879587527,0.0798985560188534
2005-07-25,0.2498403198257563,0.0993897250500619,0.1169806328698795,0.0865527080322489,0.0975224655137004,0.1079529948505227,0.0791885820031378
2005-07-26,0.2454789913500038,0.0946465783443513,0.1089155493429587,0.0867770903247267,0.0955470952919505,0.1055685107221172,0.071835170323788
2005-07-27,0.2412699503100924,0.0910305319831165,0.1090165527299985,0.0839685967451521,0.0933083705172337,0.1011656052583171,0.0673974028748528
2005-07-28,0.2412689263819047,0.0907688242120572,0.1096401273126716,0.0891734261014214,0.0934168093142591,0.1051330819945178,0.0662290240418419
2005-07-29,0.2300957300096398,0.0907339727115238,0.109565634034137,0.0840788364835049,0.0910129880455464,0.1011843847695704,0.0668077626098898
2005-08-01,0.217700594939952,0.0886039220242959,0.1105123761674081,0.0860261989418548,0.0945332927317305,0.103637146367161,0.0664758685058779
2005-08-02,0.2148406760361902,0.0879468927505377,0.1116829448873421,0.0858714335703032,0.0943092230425483,0.1038962824463059,0.0668960946988834
2005-08-03,0.2132118170029754,0.0892211375522592,0.1176071291883988,0.0877102918986806,0.0921497104504976,0.112422132613246,0.07300820831963
2005-08-04,0.2222706035234526,0.0862510975565574,0.1247127331822925,0.0868162384682355,0.0951414961846323,0.1134826103597094,0.0816143479033142
2005-08-05,0.2228870319081685,0.0707353551951157,0.1008803750254404,0.0876525325912459,0.0863729658544344,0.1170278428186205,0.0813758667572387
2005-08-08,0.2068531659757397,0.0555091714417724,0.1006590057754334,0.0818878361631141,0.0856273317651278,0.1032445183429924,0.0867743999499508
2005-08-09,0.2029961116654201,0.0556590431867217,0.1038950720307603,0.079901848610169,0.0959449554966406,0.1018836322289582,0.0974092065625273
2005-08-10,0.1821046692774854,0.054139910301127,0.1084104988282148,0.0828444893823033,0.0950619563723044,0.104329038039254,0.1054586383204752
2005-08-11,0.1873226596998594,0.0532408367144224,0.1098548116532264,0.0857736941072699,0.0921583004337391,0.1085139442030822,0.1043510908251077
2005-08-12,0.1905945801022325,0.0529942206468194,0.1111983770690994,0.0858436439144754,0.0863438292537613,0.1088011232900067,0.1019918590199177
2005-08-15,0.1844342630601946,0.0512020014144434,0.1161312978920234,0.0950248217092634,0.0873718210003363,0.118758965017778,0.1021070056191451
2005-08-16,0.1714320061823249,0.0540085931277067,0.1169797742654606,0.0932405899122116,0.0875943813259337,0.1181230822671066,0.103623247008149
2005-08-17,0.2308239226819657,0.0557932028428379,0.1135794557897903,0.0901507337267293,0.1157077126034996,0.1092864224611966,0.1035334410731588
2005-08-18,0.2311407968632905,0.0611491790128052,0.1247613751753269,0.0883884846023566,0.1196292689451779,0.1057375666955603,0.1041410641541533
2005-08-19,0.230279857821671,0.0611406620960672,0.121523723314158,0.0859931263312872,0.1248485732555301,0.1057652368952827,0.1103374097779629
2005-08-22,0.2240289237145937,0.0617849140327412,0.1231330298530389,0.0842604585338704,0.1341535695895299,0.1057293901722956,0.1042107212380839
2005-08-23,0.2259763126667292,0.0615581451164621,0.1231788116537325,0.0860552415811511,0.1363965187247288,0.10476121361674,0.1037351061937583
2005-08-24,0.2135231929953799,0.062155518972388,0.1307594876511783,0.0862693717589952,0.1362544754495252,0.10393106606845,0.1086217507533182
2005-08-25,0.2098375700550255,0.064399248657239,0.1400113247810379,0.0859547937854728,0.137612229136144,0.1035738551099944,0.1067215152394918
2005-08-26,0.2178911928841243,0.0641683197385317,0.1389194436207331,0.0862957867282525,0.1419807645202004,0.1057541512776171,0.1151175029282779
2005-08-29,0.2194936241894278,0.0664231749814608,0.1394261199563887,0.0835036836687366,0.1424796250436592,0.1046836517454533,0.1197864344329041
2005-08-30,0.2228468177938137,0.0715646556982475,0.1424801110547338,0.0909919761275492,0.1406896886310445,0.110112795685663,0.1208629766281473
2005-08-31,0.2264423195026782,0.0705439496494689,0.1393346704966664,0.0871277906420509,0.1468004456971173,0.1026848464807876,0.1220889711360774
2005-09-01,0.2264422620404097,0.0704787825380162,0.1392789815989251,0.0872184744656598,0.1477324888598057,0.1027972793033006,0.1233377170738071
2005-09-02,0.2249026887075483,0.069920738429341,0.1447657059878203,0.084244274373617,0.1477073174180624,0.0965810281357402,0.1175390902758876
2005-09-05,0.2264412280613496,0.0710818141991176,0.1452234191660834,0.0915224930323182,0.1478621563589691,0.1042857298982822,0.1106278121131477
2005-09-06,0.2316772098364867,0.0687936966472988,0.1454804671705303,0.0911788017141106,0.1479746995423859,0.102399575396487,0.110728658189942
2005-09-07,0.2291451191508837,0.0695536191249233,0.1376205694583972,0.0894859119963753,0.147901854471398,0.101644716889011,0.1116519965344225
2005-09-08,0.2275117206954769,0.0700405575016061,0.1262992622842006,0.093103856044996,0.1311481645641102,0.0992247762908689,0.1063381816170998
2005-09-09,0.2213932992723861,0.0697282976399629,0.1240910735818753,0.0901803755085183,0.1292383390278703,0.0963993462364818,0.1096942533423455
2005-09-12,0.2220411139800756,0.0733010878451811,0.1380993770416369,0.0915940506484784,0.1318208948293606,0.0937484333317785,0.1095618157102858
2005-09-13,0.2173257571898795,0.073553298445877,0.1379456917967327,0.0916918208978786,0.1318380785118991,0.0990249766497834,0.1122049245916489
2005-09-14,0.2148356655985725,0.0753787288551503,0.1352516714086875,0.0819551927940324,0.1319920732953955,0.0867769939802821,0.116655503579244
2005-09-15,0.2114136192105562,0.0732787035059076,0.1452939877455421,0.0862628353565605,0.1321598754134201,0.0886761732256993,0.1159535081636394
2005-09-16,0.1602851050995193,0.0713499045080519,0.1511721246308529,0.088676354774702,0.1151208440754134,0.0908559315743283,0.1162455599298833
2005-09-19,0.1633890534061041,0.0681579902214706,0.1432341273105717,0.0930532307904477,0.126901468274618,0.0936549216112193,0.1225018485878666
2005-09-20,0.1797025440031655,0.075398879731451,0.1555028466597249,0.0979055608384301,0.120500132315935,0.1008298303402123,0.1173848669822643
2005-09-21,0.1968822455138128,0.0745707154360585,0.155687530958639,0.0982472221619387,0.1065992505608712,0.101138505238466,0.1188036528943457
2005-09-22,0.1914245655402552,0.0733946526940381,0.1577686992277893,0.0955296001742347,0.104004620104344,0.101050790599118,0.1190897438680618
2005-09-23,0.1909158126097076,0.0740318847373134,0.1709522326304292,0.0952455971811504,0.1072682732163611,0.1009312301648036,0.1240533716468144
2005-09-26,0.2007835123997274,0.0705905453986651,0.1634867313999417,0.0927364101678938,0.107959144478498,0.0989062118667912,0.1282998688543802
2005-09-27,0.1950308663118262,0.073874548494242,0.1705816041589985,0.0906781037634904,0.1015047033144737,0.0947291392663609,0.1205123439819137
2005-09-28,0.2068557582317516,0.0751371021180677,0.1711751074246594,0.0943733648202356,0.1090920636543978,0.103052048545134,0.1220468256303249
2005-09-29,0.2009417727233677,0.0723877982066021,0.1701966563615856,0.088716724520193,0.1088240765706605,0.0980584561770941,0.122031332428074
2005-09-30,0.1891800225398178,0.0714134749962335,0.1712112500485018,0.0889380475010614,0.0966471067197361,0.0979765842169877,0.1240605084603011
2005-10-03,0.1885800159882185,0.0717915440271123,0.1732869076771323,0.0949569356781745,0.0954852588802829,0.1007772154360354,0.1301347594045488
2005-10-04,0.1867917953638313,0.0851996939159646,0.1760429989953422,0.1074523289589202,0.1080839218267536,0.1162033748187639,0.1325602641707583
2005-10-05,0.175873550608942,0.0920818316459619,0.1763582690919667,0.0968746733290166,0.1293417897319951,0.1100582586957482,0.1620966916638072
2005-10-06,0.163383837313571,0.0922273323761636,0.1760637845888563,0.0976052441062277,0.1281783856253588,0.1103591284633996,0.1675211137611836
2005-10-07,0.1690696006843104,0.0910143333160336,0.1763083458314709,0.0992208565107561,0.1286987211473529,0.1110425619794873,0.1653027160496996
2005-10-10,0.1795471560862242,0.0903803634913195,0.176210121653957,0.0932002545300979,0.1287006775652217,0.1109897682530532,0.17858907284533
2005-10-11,0.1804338976025388,0.0931209109491129,0.1793639173485821,0.0940027548022954,0.146651681979633,0.1130458619432323,0.175379943090868
2005-10-12,0.1715386106778345,0.1026789564411596,0.1697115353462109,0.0922925217536059,0.1456632220400013,0.1158900264977763,0.1756112969634392
2005-10-13,0.1701289302804819,0.1027074011691251,0.1703972253301805,0.0984732119657686,0.1478142208136414,0.1185038383188434,0.1743989470374802
2005-10-14,0.1703463762904798,0.0999175508695623,0.1702968456855373,0.0994425177987495,0.1489710763567241,0.1194658888781136,0.1712302857762745
2005-10-17,0.1750896762627656,0.0986985381836612,0.1624596554038687,0.0974039019559913,0.1498111976447793,0.1170297916874626,0.1716566418533858
2005-10-18,0.1723254378235674,0.1125953098629871,0.1721228209556043,0.112398239258854,0.1573439150260868,0.1324930661542408,0.1823650087554918
2005-10-19,0.172565287490118,0.11270746188757,0.1704731021514972,0.1198987957015425,0.1433128788248293,0.1356088449243037,0.1762473438126944
2005-10-20,0.1626147751057162,0.1106337357926685,0.1605641534953139,0.1172886460605363,0.145819571144296,0.1331722942223583,0.1758279750769146
2005-10-21,0.1425967749597007,0.1202600950254234,0.1656280797817181,0.1311106030966435,0.1463387983588273,0.1443550680688542,0.1772591292031568
2005-10-24,0.1516584313466403,0.118348034249905,0.1653497477063727,0.1311825928646392,0.1469494248081475,0.144380205882339,0.1829800616902043
2005-10-25,0.1668240848886883,0.1198660496465739,0.1447477386709315,0.1316908025715026,0.1429071800865696,0.1448396009264552,0.1752295790095331
2005-10-26,0.1560959775428727,0.1219460500738181,0.1569976075522558,0.1355741814232077,0.1428582367660588,0.1557475962770918,0.1739072647468233
2005-10-27,0.1632031117954266,0.1192731984059982,0.145018319806709,0.148282190233535,0.1450656539563038,0.1625135611587439,0.1718277527788985
2005-10-28,0.149621762773365,0.1407544322646458,0.1643000602356382,0.1470934033191306,0.1427196468093844,0.1648582008141691,0.178487090372182
2005-10-31,0.1493273266628902,0.1423823519917364,0.1631817017498308,0.1472496047289769,0.1524780368082596,0.1639511586095378,0.1892950094986035
2005-11-01,0.1589252417406581,0.1417187660142561,0.1626060704670874,0.1517496011903304,0.1531788304329102,0.1715311928561074,0.1886110427640807
2005-11-02,0.1602822831316881,0.1502849941434957,0.1628983608223668,0.1485988207933043,0.1533583276009032,0.1713764870810804,0.181537029243897
2005-11-03,0.1617444222933472,0.144568100959591,0.1571946491260409,0.1385010181708549,0.1472381303771531,0.1599656612970471,0.1856460209937833
2005-11-04,0.1618464669114967,0.1416073971739002,0.1547435155333602,0.1374091919756407,0.1384646254793262,0.1557757047091762,0.1621927937478192
2005-11-07,0.1658207165644312,0.1413307021011891,0.1549713416099288,0.1379690234890197,0.1389935936415555,0.1565799523785732,0.1570794303279198
2005-11-08,0.159601110621812,0.1421020637621589,0.154624701366283,0.1349958054866411,0.1470053332850875,0.154474484595783,0.1567911750318824
2005-11-09,0.1572226586973852,0.1425857249304508,0.1544970869869512,0.1365453181368587,0.147423765098372,0.151602445236336,0.1365666714571508
2005-11-10,0.1562234547914153,0.1420020886171105,0.1582654941184649,0.1337377818587705,0.1291844992494888,0.1427543258209047,0.1335324750249648
2005-11-11,0.1552313176277943,0.1308920743014383,0.1561319975737993,0.1337544470672751,0.1316118348206891,0.1433838814192101,0.1341596207689889
2005-11-14,0.1521102072213167,0.1332036990278474,0.1557572218528193,0.133411161816358,0.1273710984439462,0.1457628203910352,0.1340057983269562
2005-11-15,0.1544705454645377,0.1335944661688308,0.1575179327472961,0.1333251132133301,0.1268822585256632,0.1459296626578502,0.1337916721856623
2005-11-16,0.1503402457280376,0.132864703165122,0.1555709979834043,0.1291385099400624,0.1300250825117812,0.1475416377634886,0.1402863270547427
2005-11-17,0.1661280255560189,0.1132255824849539,0.1347122301556036,0.1217102661349705,0.1180805821942338,0.1395656158768423,0.1252024329471046
2005-11-18,0.1663972340676557,0.1130321744330775,0.1365264551660078,0.1058959159672495,0.1181286713613182,0.13086016245626,0.1252445271610007
2005-11-21,0.176511187439827,0.1101852415791192,0.1337082711391765,0.1060302524442933,0.1173623291885106,0.1305267551191319,0.1248392092230075
2005-11-22,0.1786110693793261,0.1049600488532152,0.1290638583569658,0.0945078513025977,0.1197065817889289,0.1228715876550306,0.1187673798384856
2005-11-23,0.1717713588674652,0.1040145512528283,0.1264251869112081,0.0933928347401405,0.1197118609236705,0.1215149002930023,0.1156669320795199
2005-11-24,0.1531171327439497,0.101830426850588,0.1261242160220753,0.0901978425232298,0.1199420370093033,0.1187143883586203,0.1150177129711362
2005-11-25,0.1538435336926634,0.1015571468973976,0.1015392676326835,0.0868525564922376,0.117196577026903,0.1057881640323835,0.1185500239958448
2005-11-28,0.1503871269577555,0.1008510894181979,0.1015740922773466,0.0729228857432904,0.1096002413555182,0.1032396113501115,0.1172593128417041
2005-11-29,0.1460057988408504,0.0927701282897043,0.0805311022519155,0.0761800541880468,0.1080338717446563,0.0952784010085501,0.1094237747035002
2005-11-30,0.145674680390148,0.0986521641975218,0.0883824967247089,0.081758532800479,0.1037603028158741,0.1027695994143865,0.1065930343614202
2005-12-01,0.138599750643933,0.1009435962867046,0.0891018362418184,0.0773211916887253,0.1066073894629811,0.0950323908747727,0.1178463867361279
2005-12-02,0.1433722276226158,0.0922750896289476,0.0915062369697604,0.0780881512942921,0.107621876171476,0.0987718115473041,0.1172123685366058
2005-12-05,0.1453791463261253,0.0931401204924327,0.0904445448481468,0.0779429484559413,0.11583975962025,0.0984648289332314,0.1220850674451989
2005-12-06,0.1503371210172348,0.0911647371528437,0.0948151968991424,0.0810422486654773,0.103314855113666,0.1000056813816133,0.1207068511757914
2005-12-07,0.1472073862828024,0.0911461850049577,0.0931209168868588,0.0798209861754628,0.1224193567333957,0.0998206729758501,0.1444709377260873
2005-12-08,0.1547079507330722,0.0904496698450991,0.093584251488601,0.0799643701721776,0.1149564065327751,0.1003471150525512,0.1489864977766069
2005-12-09,0.1405447200453335,0.0903949007295829,0.0935002485343736,0.076029679730815,0.1156510264632088,0.0963929176560743,0.159493924557735
2005-12-12,0.1405311405023474,0.0869630545603404,0.0825892262240897,0.0772616426966971,0.1141669376802277,0.0962964275450341,0.1597169880112529
2005-12-13,0.1414527821841978,0.0872590779064421,0.0852254099287474,0.0775693222050391,0.1104966616238842,0.0963962252937029,0.1793527848805056
2005-12-14,0.1415915134543639,0.0865751951196743,0.0849701659794318,0.0760023340104247,0.1114082565344581,0.0927985402093159,0.1883895172068985
2005-12-15,0.1400981587574141,0.0885842462631814,0.0863091495522246,0.0774189729390296,0.1119465596058887,0.0943704477353942,0.190628505764409
2005-12-16,0.1401800179348868,0.0870737496834234,0.0867833847147624,0.0755344995530612,0.1126742746203619,0.0941936188274637,0.1885939735942181
2005-12-19,0.1251272766585299,0.0841104383384492,0.0863886622742668,0.0743781479530525,0.1113155641397753,0.0936207777681527,0.1897964309597859
2005-12-20,0.1263942813929381,0.0870566808473036,0.0849646441682603,0.0727957684854302,0.1116183055387695,0.0919267306098982,0.198304728440278
2005-12-21,0.1058847093410232,0.086582985429155,0.085086746410423,0.0721733139575712,0.1122318591303173,0.0929874201063077,0.1988829829501323
2005-12-22,0.10722585828643,0.0863455814673957,0.0850054841756999,0.0712738993189557,0.1053692362335581,0.0925384010609187,0.1988829829501323
2005-12-23,0.1099301302413611,0.085043048179521,0.0844031365130857,0.0712738993189557,0.1053026160895849,0.0925384010609187,0.2000986013605602
2005-12-26,0.1107331727413654,0.0848723243750917,0.0848637466591882,0.0780374908370822,0.105293810853249,0.0981252513155336,0.2046213065774339
2005-12-27,0.1091699165978209,0.0796869054976067,0.0828218380335213,0.0726686563252585,0.1069848653238613,0.0918953398624947,0.2048566547016338
2005-12-28,0.1007029586146408,0.0797452257688895,0.0824886171336932,0.0733797467069733,0.1064990437451771,0.0927842444224598,0.2039262109453936
2005-12-29,0.1067682250549076,0.0659426715679216,0.0906131881247489,0.0720173545861119,0.1114410449250139,0.0946195252071401,0.2118409102188135
2005-12-30,0.1066245855458788,0.0559098579513927,0.0826367491225695,0.0578106646677863,0.1068896746282469,0.0763044616818467,0.2065412458512417
2006-01-02,0.1044820491492416,0.0617142850395202,0.0796144673498699,0.0813382084646087,0.1034031385727509,0.0981627741246315,0.1985176959976137
2006-01-03,0.0977478215278213,0.0614542249666173,0.0799450475949418,0.0816750510260675,0.119154728686259,0.1003320454914521,0.2026142681863914
2006-01-04,0.1023202760094158,0.0631020171188625,0.0792633204973787,0.0816257842771453,0.1130546311932429,0.1021688667053694,0.1991524481836218
2006-01-05,0.1018108669434974,0.0651282032582292,0.0737918608147296,0.0847160576817432,0.1097227174512618,0.10896339357052,0.1993136340370717
2006-01-06,0.0999424867376262,0.0652528947198015,0.0739219922376503,0.0847860061878531,0.0983640986806507,0.1092658047822354,0.1833412559918274
2006-01-09,0.094605062253199,0.0709619856450793,0.0805164385883694,0.0847538238739685,0.098380775304405,0.1087215365743504,0.1937668400625989
2006-01-10,0.1029599577398841,0.0721265019825177,0.0821791292557667,0.0851323483316244,0.0984726063845564,0.1093484540531886,0.1868633443215133
2006-01-11,0.1070660959813438,0.0721921903563661,0.0821806471020326,0.0872899610773057,0.0972846443725358,0.1123924150961966,0.1871647570955404
2006-01-12,0.1104123434661073,0.0749924144103713,0.090358078602694,0.0864276914327708,0.0975311719637237,0.1121962534872723,0.1703205433910991
2006-01-13,0.1269016048164405,0.0725227079655917,0.0914083368555836,0.0861781966686478,0.0974010731706676,0.1120539604038945,0.1678494443017691
2006-01-16,0.1269999486547858,0.0769033447474721,0.0938344496296876,0.0865969207328528,0.1091545915287614,0.1137055483681283,0.197839824801531
2006-01-17,0.13980712698416,0.0810494834926091,0.1032939681514487,0.0851019597641138,0.1077983009476784,0.1092715108500202,0.2197355534067911
2006-01-18,0.1444786945501995,0.0822773530881772,0.1053390510096615,0.0866210233266324,0.1140681110014801,0.1128741682823385,0.2268405748385284
2006-01-19,0.1407927905311357,0.0810343317677634,0.1150473659607135,0.1083970429329301,0.1140406862132805,0.1413103927463244,0.2156503223479121
2006-01-20,0.1415558097460202,0.0814534706414985,0.1150347497233344,0.1075740895186424,0.1229419796359372,0.1395391221682389,0.2269574169329083
2006-01-23,0.1430786469315764,0.0833969574571382,0.1142556957153253,0.107909543808659,0.1234405130004368,0.1417312889302537,0.2371101069782766
2006-01-24,0.1413550760847664,0.0929457018560598,0.1294509435250956,0.1080545076048063,0.1235259064310606,0.1419529587065819,0.2338051622163593
2006-01-25,0.1404283874310069,0.0932102648986065,0.14901674038606,0.1053430121708308,0.1235279194111926,0.1406124179032014,0.2387268009063244
2006-01-26,0.1409695875285177,0.0985989077306726,0.1593870327775867,0.1080563829749155,0.1298528841153168,0.1432676431602731,0.2634219888078021
2006-01-27,0.1391187250700374,0.0988135595237412,0.1593922762480996,0.1071686217284167,0.1285218792098034,0.1415030942786195,0.2622903550647892
2006-01-30,0.1343092461717904,0.0987665969243198,0.154632247399051,0.1065972463505296,0.1197796297622227,0.1391927905807983,0.2573859004352016
2006-01-31,0.1343092461717904,0.1007255728117538,0.1553568403514246,0.106543589146609,0.1199816068903597,0.1390075689746226,0.2604180014273608
2006-02-01,0.1343092461717904,0.1010731031697098,0.1642866058200523,0.0977496324712443,0.1213107968148208,0.1367090881290323,0.2639770532024753
2006-02-02,0.1261008233139179,0.0995100341092851,0.1604842513437365,0.0985465708365452,0.1258940403055854,0.1369715444047569,0.2598024769821101
2006-02-03,0.139354244251344,0.0984164761251778,0.1602733157482002,0.0986137826594725,0.1274168850570122,0.135430695250401,0.2600405941907406
2006-02-06,0.1394560240393252,0.0970683466449847,0.1600548452234539,0.0957769650908714,0.1269477823648322,0.1286555100011425,0.2601678949427866
2006-02-07,0.1397230654479948,0.0979643770871601,0.1602078142702842,0.1001187589289453,0.1227972440847024,0.1319938744371153,0.2768960098371184
2006-02-08,0.153358055588792,0.1059095303556258,0.1624142119286524,0.1001215357122377,0.123079340493729,0.1324791070429999,0.2712644858798965
2006-02-09,0.1519871751268863,0.1071541754667684,0.1644252172936811,0.0996761246435925,0.1215521986739412,0.131524892576707,0.2695321820032837
2006-02-10,0.1483720139312491,0.1083945059791319,0.1667622188885084,0.098249876108962,0.1222422922803062,0.1336128943518472,0.2800344024015407
2006-02-13,0.1470817106560858,0.1071547016933398,0.1608716029006356,0.1047082159357669,0.1240323175306808,0.1390832860759546,0.2886960628708607
2006-02-14,0.134979881692363,0.1060002444995803,0.1605334008427909,0.1055460224847905,0.1240991464233185,0.1412825606844001,0.2909436086340856
2006-02-15,0.1604454980782802,0.1042915294284576,0.1549593515695927,0.1078241017494356,0.1170560498473406,0.142906931047106,0.2745466992772503
2006-02-16,0.147623827438745,0.1012289257999043,0.1463196268077419,0.1070567288376928,0.1154101836767508,0.1398524589072003,0.2639791385550158
2006-02-17,0.1397414028987774,0.100497493896069,0.1463050052083639,0.1054461459309497,0.1108560497359396,0.135632494041128,0.259460512042327
2006-02-20,0.149471368926973,0.0992788799106737,0.1317302165181547,0.083591493764961,0.1110613731510376,0.1117778551846375,0.2785625790557842
2006-02-21,0.1502114342987095,0.0985493623117905,0.1329487064392066,0.0865882495939437,0.1017160785825994,0.1154926154796699,0.2688432139836395
2006-02-22,0.1497650556197714,0.0997760141740419,0.1318835393043407,0.0879280940854663,0.1074080390814119,0.1132093698726155,0.2697445560186507
2006-02-23,0.1502397654364407,0.0926573504917253,0.1236759571801868,0.0875029442250765,0.1074655096057768,0.1133640517212245,0.2697341159267128
2006-02-24,0.1502148571289355,0.0925344076155543,0.105843216656903,0.0852055976502248,0.1086707107832747,0.1123625109390162,0.2657164199011578
2006-02-27,0.1501337382822012,0.0998086888388444,0.1196351441909953,0.0893705224789665,0.0976596281338451,0.1145424677539281,0.2361920311853656
2006-02-28,0.1507402141774174,0.104205225647524,0.125209748862841,0.0936735237844545,0.1003390719159721,0.1251616084413006,0.2398778359754431
2006-03-01,0.1623989420279452,0.1036629810915057,0.1361935095898784,0.0927413272045585,0.1011857919902719,0.1252786706466553,0.2384168030610439
2006-03-02,0.1632003892302791,0.1019752059238769,0.1383078821827361,0.0927660740669242,0.1028152591639681,0.1257132235506506,0.2412985164355651
2006-03-03,0.1639063749093092,0.0977578168618186,0.1309148466839065,0.0904832154466464,0.1021140473528534,0.1205036858995776,0.2422816442920957
2006-03-06,0.1828011297152053,0.1013913144713355,0.1314021680822632,0.0886197086098667,0.095523235792591,0.1200094410857902,0.2441125421436896
2006-03-07,0.1647976600783441,0.1050956933149129,0.1376434268214781,0.0887802167294979,0.0952771067973272,0.1198594123948002,0.2427565957818675
2006-03-08,0.1647717638776037,0.1062713468358066,0.1419569281653603,0.0856356234949808,0.0951367914584747,0.1210737399878809,0.2618940848544411
2006-03-09,0.1627537343336344,0.108230502715889,0.1475899963712351,0.0841589399887518,0.0906346252136909,0.1177850739408726,0.2468065616924687
2006-03-10,0.1597465184328425,0.1004272365606306,0.1434890637962034,0.0839910803039269,0.0926191405763238,0.1167530643261621,0.2499057830381505
2006-03-13,0.1551830586543033,0.0956304096452881,0.1405575236879248,0.0899534211004977,0.0928050973279867,0.1239339505316392,0.248324226116106
2006-03-14,0.1614145120090104,0.0948367054279959,0.1380689122523514,0.0891931459077392,0.0978556870695233,0.1198142202111109,0.2341622438852743
2006-03-15,0.1602818888113133,0.095343633456897,0.1381300167093606,0.0839097245371872,0.0956422058337739,0.1179477125179197,0.2304059552538806
2006-03-16,0.1562999936525624,0.0951781155257327,0.1386632341820294,0.0834791648233694,0.0964131221463455,0.1166144601646817,0.2291421586237303
2006-03-17,0.146062975844095,0.094053180358426,0.1384453808619516,0.0807732651959703,0.099265043438426,0.1141214583723607,0.2348947350656327
2006-03-20,0.1456511482846911,0.0939506087850529,0.1384618064193167,0.0835181820954788,0.0994550584731692,0.1166034205929807,0.2212283854708666
2006-03-21,0.1462659935980972,0.0939144159008848,0.1386570219691279,0.0856584680550404,0.1155550438060118,0.1172783066539957,0.2127388080195596
2006-03-22,0.1365446838137843,0.0946673648749601,0.1387399824748036,0.0853124852759282,0.1186284825776079,0.1131536215748202,0.1915876200468203
2006-03-23,0.1377415475314432,0.097231915778958,0.1353103126712116,0.0818333151566202,0.1193543949463097,0.1107761593782834,0.1891736198445358
2006-03-24,0.1372884034781988,0.1023759218399006,0.1403846194835977,0.0806833406595707,0.1149769177978295,0.1104951719677681,0.1791874214962001
2006-03-27,0.1358695631394955,0.1045123750603512,0.1408944712843131,0.0839548393819631,0.1149276713087155,0.1115999088089851,0.179159969313552
2006-03-28,0.1369792464553602,0.1049196203611571,0.1392061227289073,0.086802469207626,0.1153112466811129,0.1180751869898889,0.1841970229166428
2006-03-29,0.1399687951078634,0.094200889184458,0.124456866251026,0.0785585582063777,0.1192486108056193,0.1103613509596262,0.1846858162089612
2006-03-30,0.1387907727830894,0.0964856500785526,0.1191168227273231,0.0754113500380781,0.1183902740956237,0.0998331685598699,0.1744000108087873
2006-03-31,0.1375949227760982,0.10057607781963,0.1094445052659923,0.0754758047424514,0.130045805996757,0.0997822067218201,0.1780685683667116
2006-04-03,0.1385148545788062,0.1012352113154758,0.1008368914215812,0.0777694592759225,0.1286215178899966,0.0991844751301025,0.1658687780124992
2006-04-04,0.1391709443366748,0.1011627508079316,0.1001181720303253,0.0737297107056957,0.1286519396047971,0.096414719382947,0.1632237629107081
2006-04-05,0.1091264816723685,0.0972069294144408,0.098952473739843,0.0737593948768627,0.1326489795940311,0.09084045242209,0.1580812636755366
2006-04-06,0.1027679933233964,0.0933605755568663,0.1016385657685675,0.0833782782247223,0.1285022087967893,0.0983164633433932,0.1531376399414278
2006-04-07,0.1032570933548124,0.0929356537223128,0.100021202659345,0.0810706145115635,0.1283643145056339,0.0938074210819654,0.1392347892062727
2006-04-10,0.1026586848351193,0.0950822889266502,0.1101896078402363,0.082856811415434,0.1275066620820425,0.1004640385617351,0.1406647975752819
2006-04-11,0.1010849929652832,0.0926309068797836,0.1067967079814503,0.0826596494505583,0.1341987406383932,0.1004211104932217,0.1473297235796695
2006-04-12,0.1296100823491415,0.0937598884730984,0.1068651912667352,0.0744224796269284,0.1345983591445952,0.0927189723447156,0.1432456601931077
2006-04-13,0.1390378538132494,0.093549639989578,0.1057619617684175,0.0726698635716929,0.1297905328260198,0.0899717279068012,0.1430140319514776
2006-04-14,0.1432922051985126,0.0923452377622729,0.1057590988895091,0.0726635697038793,0.1298781216498812,0.0908860087436698,0.1428654410366383
2006-04-17,0.1409610853051998,0.0926066776352538,0.1057875556420032,0.0939409877269169,0.1345380916357988,0.1112500861140481,0.1414329137903641
2006-04-18,0.1366055523333506,0.0955158954810112,0.1172421848278779,0.0939866630596683,0.1367869198678303,0.1124257299730903,0.1323458704255067
2006-04-19,0.1418716266918581,0.0957518876031467,0.1228494541066849,0.0914092245412098,0.1370917119478389,0.108377129231047,0.1328288659262279
2006-04-20,0.1554873807065258,0.0990815507586594,0.1233747011538779,0.0893085713170542,0.1176902976902432,0.1127347785117602,0.1286485426027926
2006-04-21,0.1584136454991428,0.1007127648770186,0.1239415292732672,0.0892480990745335,0.1279580062823489,0.1137047801969929,0.1659291335467341
2006-04-24,0.1593021112551217,0.0980844667163702,0.1234006736632871,0.090842705336184,0.13111788645559,0.1125561717298664,0.1657298206522891
2006-04-25,0.1618614351863082,0.0901695732721836,0.1175656825074966,0.0912723585931436,0.130921106345599,0.1125803158235803,0.1656288944131554
2006-04-26,0.1625042168623431,0.0913399113715801,0.1194050774917857,0.0887550798147376,0.1310631075875955,0.1120029439553438,0.1657622817629469
2006-04-27,0.1679081232935381,0.0936776853103957,0.124490267668628,0.0853635891688257,0.1293635894699762,0.1063837848882126,0.1643299798269482
2006-04-28,0.1625608178863807,0.0882218786879414,0.1182931347651461,0.0863414638300228,0.127834612870839,0.1090775392456151,0.1628494656116936
2006-05-01,0.1632515915768086,0.0886397155061223,0.1200099119470727,0.0871712375981823,0.1297608117761736,0.1095161451541778,0.1693270560514572
2006-05-02,0.1587397073576164,0.0926164814885549,0.1254428898450336,0.0882712844936946,0.1232527950881483,0.1096941150318508,0.1599692279640216
2006-05-03,0.158683739194525,0.0931514268392299,0.1318547939375891,0.0864040817225054,0.123791361268119,0.1132387937412908,0.1598384996677009
2006-05-04,0.1584297836610063,0.0955294407342912,0.1378085431258904,0.0919347740500869,0.123791361268119,0.1147143352246996,0.1596013639329137
2006-05-05,0.1979993122114142,0.0966864865247642,0.1379336628085231,0.09166455035029,0.1201969482511016,0.1147656859104055,0.1542443169908435
2006-05-08,0.2062815178877488,0.0980562128929606,0.1289610682665053,0.0830922824034892,0.1268852881364711,0.1105907026249246,0.1542947231770522
2006-05-09,0.2055887455362632,0.0965138222931418,0.1275328537520924,0.0836158240146811,0.1278705663275942,0.1132248116287657,0.1596666399089827
2006-05-10,0.2088066203801485,0.0950279770011058,0.1199956041723842,0.0913959644285434,0.1271100757067849,0.1294973373740939,0.1602151395104764
2006-05-11,0.240225480513777,0.1204390640231453,0.1453400421682131,0.0999388453038575,0.1321658480250746,0.135332753815797,0.1610113930585437
2006-05-12,0.2391813629204393,0.1246960563575588,0.1489305458854231,0.1002525568016757,0.1570017682294461,0.1334698224282159,0.1614774737504628
2006-05-15,0.2735907710633268,0.1248445241087821,0.1489264295445169,0.1004947009084613,0.1584763760294811,0.1335686607954431,0.1720404385341623
2006-05-16,0.2727190672860068,0.1569944360725935,0.1883885163584533,0.1156911230632504,0.165009396466129,0.1400866175585874,0.1723384991657574
2006-05-17,0.2757856207477957,0.1561102175961276,0.1889684799121621,0.0993853771991705,0.1747218705352035,0.1179659340763587,0.1675485400379543
2006-05-18,0.2830047232852392,0.1517012644818742,0.1793268389345453,0.1005563384229522,0.1696421261991285,0.1179296719751278,0.1659554563221854
2006-05-19,0.2794804323455653,0.164418252707426,0.1842443637676471,0.1004033789395869,0.1952567159476885,0.1197232287244023,0.1737630733100324
2006-05-22,0.3066889138591815,0.1896787177149337,0.2046745936782389,0.1006087993836594,0.1966179923123417,0.1190361014336174,0.1755947609653099
2006-05-23,0.3084057770970349,0.1944738458029323,0.2093062571257812,0.1012877258326371,0.1937872914501341,0.1224688383807148,0.1735897114736524
2006-05-24,0.3057656550411874,0.2059781115050199,0.2254386831823581,0.109754197639943,0.1938846848258715,0.1347310496501744,0.1758209587268103
2006-05-25,0.3061874117108932,0.2193956332680555,0.2316048748903426,0.1113878035302951,0.1986750737258788,0.1369002146258376,0.1877796389794136
2006-05-26,0.3095495636035723,0.2188322298257571,0.2314719925960361,0.1104568108173831,0.1987177031092115,0.1347643312279539,0.1863962959770614
2006-05-29,0.3077134046935362,0.2311749171871364,0.2410439461515832,0.121210830865423,0.199098547300216,0.1465724125316361,0.1836919764818889
2006-05-30,0.3118469501362226,0.2369448615448092,0.2465407575505807,0.1253565751372599,0.199098547300216,0.1492091256635661,0.1976059914614328
2006-05-31,0.3181105812946604,0.2343955761937216,0.2450180625491275,0.1312170663447262,0.1955639727624987,0.1650229281979818,0.1892458121393563
2006-06-01,0.3218580608558581,0.2325726886696436,0.2419221039939506,0.1311438487369884,0.2030455618026758,0.1650874828596565,0.204067507304092
2006-06-02,0.3210517716390323,0.2315535804758755,0.2386944594981474,0.1426675529127266,0.2055035965028841,0.1752996380316372,0.2040241342089143
2006-06-05,0.3221112027916581,0.2326807943196085,0.2395905069093672,0.1363360660072123,0.2052736112109842,0.170812856046317,0.2089009313495461
2006-06-06,0.3642955361928535,0.2349415863162824,0.2420014211985504,0.1368819602868686,0.1941732746548443,0.1700627240663556,0.2087669811562516
2006-06-07,0.3574927980627518,0.2445699114951252,0.2547718954501372,0.1371845467122767,0.2042398190684231,0.1700533627551138,0.2252089755416988
2006-06-08,0.367907121417822,0.2544119995485673,0.2643635893776684,0.1373481598195472,0.2114581151267166,0.1696103193329598,0.2296607678948401
2006-06-09,0.367382536367006,0.2543011047925356,0.2649860707818441,0.1365264239124251,0.2101764036051524,0.1693472397349744,0.2331526241941015
2006-06-12,0.3370560746423776,0.2514802549062443,0.2622188053187846,0.1364251521814877,0.2194913339995271,0.1674124832467027,0.2622963482773974
2006-06-13,0.3083779405206879,0.2494844620574883,0.2628294120539852,0.137872220093138,0.2087345939532895,0.1708606031306561,0.2662025235445388
2006-06-14,0.2932020877725953,0.2611205948761425,0.2772314217408239,0.1589170960359039,0.2151490137861685,0.1998624575414732,0.267982333790829
2006-06-15,0.3070848666799972,0.2420317501919665,0.2552283759789439,0.1492262223739744,0.2302191182491763,0.1951147895721484,0.286631932698646
2006-06-16,0.3082743232488087,0.242810445276494,0.2591879585525823,0.1506321308342252,0.2203741912358594,0.1959946821470573,0.284788028530639
2006-06-19,0.2940964170622098,0.2435267991933891,0.2621133502059404,0.1496595507068706,0.2217563708915961,0.1940952243029772,0.2855992234238707
2006-06-20,0.2946814461002112,0.2303404909005301,0.2514124442077395,0.1534885982313617,0.195740369671398,0.2010784101491652,0.2814127320787898
2006-06-21,0.2735596031210107,0.2129690637691535,0.2378377166318782,0.153809713048019,0.1988650068804003,0.2019044339900747,0.3032858776348004
2006-06-22,0.2727013535991879,0.2049818011567444,0.2317953597075627,0.153654875035746,0.1986990990295318,0.2009389455630786,0.2941223826158884
2006-06-23,0.2784977685213015,0.1978520798539558,0.2189231518307922,0.1491888972163006,0.19670509575,0.1960337415318505,0.2916817200440267
2006-06-26,0.2749617307416302,0.1856133631270504,0.2132096103235783,0.1498673480905419,0.1919403304731701,0.2002921680935573,0.2840064846921649
2006-06-27,0.265159568302219,0.1866063768836574,0.2130414786155461,0.1516489260433723,0.1912932713676194,0.2019174759244008,0.2895692488284561
2006-06-28,0.2729978089834445,0.1796516010476837,0.2156801021227797,0.1604322356655981,0.1920661105721205,0.2165478081123091,0.2963865869959013
2006-06-29,0.2706514463052992,0.1763918935630155,0.2204391262534324,0.158321228430671,0.2099118988707817,0.2154137045567969,0.2985094590708726
2006-06-30,0.2609210653647672,0.1779957839885883,0.2209828376127397,0.1549163770088145,0.2034640376173069,0.2073479404770771,0.2987537518829656
2006-07-03,0.2611330195392111,0.1779537820030012,0.2207847262118621,0.1547327020637325,0.1964330995470084,0.2073538168823569,0.2922958277165524
2006-07-04,0.2696296753444946,0.1815327954412663,0.2261116894517617,0.1439347959944141,0.1971103748632012,0.2009502954157258,0.2921966467635963
2006-07-05,0.2723403783732513,0.1746479939340558,0.2164978890057154,0.1440534441238951,0.1994942117968472,0.2007319478489201,0.2889402420262806
2006-07-06,0.1881754664686866,0.1739508946439956,0.2158508471230728,0.1444274410055372,0.1955434853067763,0.2038893217716075,0.2812276928863291
2006-07-07,0.1880211019085556,0.1455836700373428,0.1868520107957246,0.1444322747913306,0.1749068096421277,0.204645889640126,0.2618298352304359
2006-07-10,0.1564687515228583,0.1402559190844587,0.1916876861200957,0.1438875152979025,0.1755921869590766,0.205122710961193,0.2624356822285905
2006-07-11,0.1585631467629383,0.1376687050474607,0.1853928844238909,0.1428591658562288,0.1753034028649716,0.2023866690315365,0.2681346448233666
2006-07-12,0.2433351865335226,0.1347176153883319,0.1860171021824895,0.1448703085920841,0.1564208778335807,0.2087625035847807,0.2237598734538243
2006-07-13,0.2381669297672492,0.1400649007197109,0.1992870859312329,0.1451384851113108,0.1629226022912736,0.2088505396271946,0.2328669772705027
2006-07-14,0.2391150351869554,0.1237433584601136,0.1853313987076975,0.1250527148705838,0.1608261368274593,0.1828587293598194,0.2304383347527227
2006-07-17,0.2263700673296366,0.1235281351134022,0.1833766818976064,0.12493454803178,0.1360859171818919,0.1829367286379253,0.2301697853531288
2006-07-18,0.2427838140065776,0.1344239942578663,0.1998937760225307,0.1363778794441038,0.1350782562518706,0.1929966986061584,0.2309853800935415
2006-07-19,0.2431381916958509,0.1336955519661176,0.1972791302242819,0.139911913978699,0.1483786392706296,0.203880375272762,0.2490497329585411
2006-07-20,0.2435201310711594,0.1377388554747767,0.2060289002046839,0.1379555752326384,0.1486827586147214,0.1956089221473697,0.2510422086706698
2006-07-21,0.2433272081380945,0.1523391871709814,0.2201747955167938,0.1480792154506753,0.1457350376065477,0.2090683019600781,0.2231208539813002
2006-07-24,0.2451945814283152,0.1524574428990505,0.2203229864689998,0.1492333943189292,0.1460686920621512,0.210468218919307,0.2289673816243297
2006-07-25,0.2394317462675974,0.1523841156078305,0.2202462846667809,0.1486103131205595,0.1458177432834068,0.2090995101273151,0.2302880810032959
2006-07-26,0.240893163587359,0.1524167075441626,0.2210225396808082,0.1455918308235509,0.1541250784749363,0.2041604187762095,0.2404810392284911
2006-07-27,0.2427372762361111,0.1533284275683055,0.2219702094772966,0.1497539751687414,0.1530647472582105,0.2143210866750265,0.2331667285839296
2006-07-28,0.2542149168854404,0.1439039609337207,0.2103508488997867,0.1317112671388788,0.1524562725971768,0.1869410050577311,0.2287222753554766
2006-07-31,0.2548793367874313,0.1453373508595023,0.2076662150354114,0.1324509923836355,0.132366619444226,0.1915730680164772,0.2122079517318509
2006-08-01,0.2479625243392073,0.145324123528047,0.2135083150667581,0.1308270205846633,0.1334953542420051,0.1913838473151098,0.211715854050924
2006-08-02,0.246977088002215,0.1554477928156169,0.2144637968581508,0.131066021985433,0.1335152172109102,0.1935975719730077,0.2111099343674029
2006-08-03,0.238188936603966,0.1546358367032078,0.2110677017302497,0.128550640560925,0.1362793244142785,0.1862923315418904,0.2098155893187298
2006-08-04,0.2324088700223395,0.1542657926494793,0.2150883974858355,0.1287188713521984,0.1328471915655528,0.1867294594370155,0.2190287897966136
2006-08-07,0.2490897476295218,0.1543299489935268,0.215638951818484,0.1270550999221786,0.1335880867735146,0.1839816611504639,0.2300272737357259
2006-08-08,0.248249815574073,0.1564838593285442,0.2173884553978531,0.1278931067232253,0.1420415162740967,0.1832626165548427,0.227465522298551
2006-08-09,0.2563565904040568,0.1562974281031001,0.2147820996604493,0.1281418119863943,0.1422922316582412,0.1832300848440256,0.2267824229953401
2006-08-10,0.2566616426958292,0.1562724581610461,0.2143744676103906,0.1231099549259809,0.1422974738624137,0.1742829262596725,0.2211514654696292
2006-08-11,0.2102707789837393,0.1480772887441218,0.2056691125732746,0.1136572975637883,0.13175534788521,0.164905142839499,0.2253395147816714
2006-08-14,0.2175376309874148,0.1434292614756686,0.1969406234930022,0.1193556449723111,0.1240766574495962,0.1773364033976694,0.2157831156691404
2006-08-15,0.2193055306600895,0.1432566948629584,0.1967604468543985,0.120383800780481,0.1233178982158353,0.183851941692664,0.219977920416738
2006-08-16,0.2200967874118228,0.1422395265309756,0.1952219130789814,0.1203983362961032,0.1253359741997207,0.183904740850819,0.1916145349347526
2006-08-17,0.2069257492407247,0.1318032943904142,0.1790540520188049,0.106081279692811,0.1270055374623879,0.1753182162184901,0.1916190065504782
2006-08-18,0.2056416278151513,0.1316076236856693,0.18020044072033,0.1017739652655422,0.1281431840855794,0.1611561634912916,0.1737264818701382
2006-08-21,0.2063446906533451,0.1273357995055053,0.1668341272485368,0.0969169500176955,0.1299826040014156,0.1558259561088897,0.1720461537994088
2006-08-22,0.2062689224228013,0.1126216580544574,0.154211061517926,0.0847867549306226,0.1312636438403508,0.1462934199580294,0.1717844204179276
2006-08-23,0.2030788798035941,0.1123080357152265,0.154513851122118,0.0829405818450016,0.138046787353294,0.1455157127852852,0.1766527360489341
2006-08-24,0.2029927412929263,0.1114246628407417,0.1546719838495832,0.083021926455238,0.1384959445420184,0.1451199818639131,0.1730956599625343
2006-08-25,0.2114132488886918,0.1069086384838517,0.1504798884825044,0.0821677481873876,0.124974909018762,0.1436428435697078,0.1690577056610567
2006-08-28,0.209880488563672,0.1033837915886476,0.1489027403617725,0.0729531555268078,0.1288502257820767,0.131308836132545,0.1676240898196889
2006-08-29,0.1813904345811365,0.1031821023624599,0.1479193818342579,0.0724640670530943,0.1344938303720272,0.1317222699588048,0.16656839136083
2006-08-30,0.1787408663171643,0.1002214529118744,0.1362926862294128,0.0702694946250922,0.1347358931419887,0.119193143455796,0.1744324047227227
2006-08-31,0.1857463041526228,0.0988889881186347,0.1285723661880742,0.0705549040089191,0.1331430180199333,0.117763441132097,0.174619055053115
2006-09-01,0.18982222397032,0.0828864173659927,0.1253949510363249,0.0705591350096261,0.133872130058558,0.1171289710223978,0.1790271085587716
2006-09-04,0.1745668138605367,0.0786213092622147,0.1189952447270182,0.0702973255454205,0.1300056316579843,0.1159531203075456,0.1790350043159616
2006-09-05,0.1636159226114203,0.0761517505782788,0.1109483382016513,0.0787935524608627,0.135665634217189,0.1312535260048649,0.1590669600537102
2006-09-06,0.154349394604176,0.0874283899293014,0.1138140196399972,0.0798671058345371,0.1388182193088002,0.1313733853997973,0.1609965650478154
2006-09-07,0.1539414677680592,0.0847798842037933,0.1107372545982176,0.0782946426164342,0.1252512364369792,0.1314382180224831,0.1567852955047943
2006-09-08,0.1449887333404975,0.0835499174624397,0.1000483508608117,0.0773539297269168,0.1288616957861043,0.1310004401473444,0.1695470731400624
2006-09-11,0.1490273267505877,0.0871407033011248,0.1071643815743683,0.0813530187611949,0.1316217925759832,0.1392180293836117,0.1697356303059485
2006-09-12,0.1233758505388306,0.0823054858926982,0.102850159603517,0.0816763552836974,0.1343303811529489,0.1391901896844211,0.1572769175278567
2006-09-13,0.1155556940025629,0.0812399540623456,0.0917917309334829,0.07056798256854,0.1343866252237663,0.1227287874687121,0.162525320115907
2006-09-14,0.1226706040675724,0.0812407341212293,0.0911212189133964,0.0669038244269352,0.1298644417710469,0.1126248756695978,0.1534791855583873
2006-09-15,0.1169510209367884,0.081613965270271,0.0911562285957903,0.0668626555561905,0.1326720505029918,0.1125430703600107,0.1532170672239192
2006-09-18,0.11472583638867,0.088168116774902,0.0962394271023081,0.0670516843442659,0.1326483351698064,0.115318089668542,0.1519118967652011
2006-09-19,0.1160197562556957,0.0904673463637909,0.1047948229351462,0.0675017200498784,0.118230090968837,0.1182973651628864,0.1527911018276364
2006-09-20,0.1152526261082652,0.0921394754744927,0.1043164472808416,0.070857575526498,0.1168917096722813,0.1220652780573069,0.1475778433642816
2006-09-21,0.1220671083833525,0.0988567242955697,0.1117269266793802,0.0693996535928408,0.1159619959536028,0.1232632397334702,0.1528012058013405
2006-09-22,0.1224543673958173,0.0994529000522736,0.1101494361942442,0.074390849050298,0.1071246115539927,0.1294520728342367,0.1476872975830031
2006-09-25,0.125420840946153,0.1092579127275223,0.1144042117517126,0.077178809814152,0.1186233352173306,0.1298374225273253,0.1482911947601697
2006-09-26,0.1161897295058495,0.1139998874802599,0.1130161339884308,0.0761251189844514,0.1240911024775312,0.1275214893749532,0.1677100889955115
2006-09-27,0.1171733178326492,0.1160741671265282,0.112774435195341,0.0761048976829101,0.1209217692479099,0.1270441078729022,0.16630159587147
2006-09-28,0.1192592439900425,0.1141234775204427,0.1125730106944019,0.0769968081454049,0.1149937384885069,0.1283391249037007,0.1674196821907712
2006-09-29,0.1195742123161488,0.1132106686845629,0.1124481036843842,0.0781216235638405,0.1133188864896924,0.1332352940890989,0.1596679313401366
2006-10-02,0.1061735442241669,0.1112059770368785,0.1125080213565443,0.0765759623879321,0.1137531263881065,0.1328848547031255,0.1596911149250514
2006-10-03,0.1010401230862299,0.1103828898063937,0.114765205800183,0.0853328072275705,0.1125874193783381,0.1487479063447876,0.1557551828717734
2006-10-04,0.1012587530715369,0.1125090376619649,0.1137727411431096,0.0853787386305119,0.1226429014003411,0.1490836983914526,0.1745740671775787
2006-10-05,0.101162082439397,0.1079886598790048,0.1030641972440585,0.0769695073093058,0.1157404960321158,0.1337758065992137,0.1731423420890973
2006-10-06,0.1106752238953478,0.0991006294612107,0.0985803821551136,0.0735486769015772,0.1201285721524707,0.1305184951008217,0.1620389351111627
2006-10-09,0.1112823546704845,0.1006301869176694,0.0990378809675583,0.073263771832748,0.1222916174470112,0.1304854645771184,0.1617523990247022
2006-10-10,0.1112146011475201,0.0982521202064552,0.0991039138863917,0.0746685152988751,0.1127931408343956,0.1321087241344655,0.1486896650061088
2006-10-11,0.1106581391255008,0.0984199910712813,0.0932563974975893,0.0735970659007309,0.1114803293515982,0.1277516857710019,0.1475166778148667
2006-10-12,0.1086840263754292,0.0990427166571642,0.0925146149578999,0.0732134060978272,0.110708654691342,0.1276116990109508,0.150204953609913
2006-10-13,0.1136536165747428,0.0977235294579861,0.0922936784522994,0.0724982987858393,0.1100391444834792,0.1273958152547303,0.148309775382084
2006-10-16,0.0997725457422144,0.1064917052757551,0.1025178831038678,0.0747289918968248,0.1101547490143989,0.1324166118738159,0.1483822582539062
2006-10-17,0.1060999138487244,0.1078594555260739,0.1068234113369684,0.0747228898716923,0.10761508482893,0.1335601507244407,0.1482016529267839
2006-10-18,0.1062092133955202,0.0993478703287062,0.1002338703414084,0.0732870373044115,0.1081494338413356,0.1305255279699339,0.1507800980273175
2006-10-19,0.1060331645445494,0.0989453696770569,0.0920835343542786,0.0718827343359539,0.1062588048824269,0.1243220643248234,0.1454169138488865
2006-10-20,0.1230516357588529,0.098376370411097,0.0933440321285604,0.0692000324378159,0.1053971666255564,0.121173895938157,0.1457886035409895
2006-10-23,0.1450614344007048,0.0833725860596995,0.0760815189093048,0.0676893599394194,0.1053469567280149,0.1176908672321148,0.1358960434809285
2006-10-24,0.1445171802505264,0.0800698810405772,0.0760698017136911,0.0636975840167849,0.104227853555456,0.1115287292503374,0.1382287011583876
2006-10-25,0.1418257185386209,0.0765446369265508,0.0716628465218323,0.0615483035636716,0.0936509432324477,0.1138059460918615,0.1358342658776686
2006-10-26,0.1415732730847274,0.0748185359956176,0.0737304273403496,0.0705492793951075,0.0890690714864993,0.123725687965971,0.1189978054738743
2006-10-27,0.1405684376272207,0.0763345169424156,0.0739660383758219,0.0706072937514147,0.0891873759470378,0.1243604445967367,0.1384080749016963
2006-10-30,0.1462572628018013,0.0756885817521281,0.0739471326108668,0.0696397255109789,0.0890987246914579,0.1219290704877037,0.1372520499092735
2006-10-31,0.1481441120059561,0.0757227764237361,0.0734828642615025,0.0740989665064396,0.0903917973866216,0.1277879886259298,0.1350983428391774
2006-11-01,0.1488605913540317,0.0739159314693635,0.0853085035820944,0.0742168183428939,0.0987302348342853,0.1279427020728394,0.1352013766985718
2006-11-02,0.1497509989804032,0.0731679495961629,0.0814695876589445,0.0641423623628758,0.0986452956825107,0.1088934122128794,0.1303290338568147
2006-11-03,0.1516218756480253,0.0805246100732409,0.091764179202542,0.0737203805386416,0.0912826044462679,0.1175450998419606,0.1050110178559768
2006-11-06,0.1512794325984952,0.0802885359521374,0.0923437084774625,0.0727321670321102,0.0911512830328693,0.1171173456147514,0.1051999287890744
2006-11-07,0.1499457319927247,0.0799486920308148,0.0930503263808488,0.0727960940767211,0.0806014827887115,0.1167147304509661,0.1113387347158084
2006-11-08,0.1566633348466009,0.078108333953408,0.0922132338170057,0.0759549993066109,0.0799401438767909,0.1180124907352997,0.1107936843723154
2006-11-09,0.1600641938524813,0.0797900042367035,0.0923064227357259,0.0750524595692857,0.0825206491758746,0.1179703175252971,0.111097449896311
2006-11-10,0.1630845536286771,0.0766724893831482,0.091722839040045,0.0690949102872113,0.0832433269367778,0.1077849444669527,0.1122296526695563
2006-11-13,0.1671809932139307,0.0744868827685199,0.0921481962394853,0.0715686635093797,0.0822442103950102,0.1113414365720351,0.1214629920671846
2006-11-14,0.1711920706918657,0.0776074153662209,0.0938377589361038,0.071538921090049,0.0877019347670275,0.1119116151753469,0.1162158033859552
2006-11-15,0.1699047205642342,0.0682837948549866,0.0809903006221287,0.0697897850493918,0.0873013382989722,0.1067259238205262,0.1162301372426899
2006-11-16,0.1715312744695187,0.0749078306817438,0.0783705055490873,0.0697903850116143,0.0873547091357267,0.1057333906635677,0.1159360914049899
2006-11-17,0.1822323685856163,0.0751082069275146,0.0792923094494232,0.0700121352845177,0.0986887549564983,0.1057490832894404,0.1361974418968235
2006-11-20,0.1813897230964221,0.0751242857594274,0.0789625625224117,0.0700361097208804,0.0973394306948391,0.1057039496110613,0.1333815605526424
2006-11-21,0.1623627670079653,0.0787378642801541,0.0773127042528206,0.0679227517605434,0.1026661382815656,0.1053253903307201,0.1368499366346383
2006-11-22,0.1485749700151807,0.0788685881407375,0.0774951035652761,0.0679602837105588,0.1028698585564572,0.1029780058006273,0.136944637214863
2006-11-23,0.152828247219019,0.0768375336635682,0.0864638468779998,0.06903052210589,0.1030301511641728,0.1036456303065665,0.1400676576056766
2006-11-24,0.1544974246764363,0.0846429645367989,0.1072433455693804,0.0824054129536542,0.1005669626965485,0.1287881543002352,0.1426570006997796
2006-11-27,0.156003166065742,0.0846996376537194,0.1069500044969831,0.0778289493844322,0.1470159198864234,0.1209852907769634,0.141101035476432
2006-11-28,0.1554458724468889,0.0903653394683614,0.1153652631040289,0.0834006728683832,0.1487119262138714,0.1223770066236052,0.1377911921366137
2006-11-29,0.161459815215371,0.0922301423769717,0.1195643404533615,0.0833643949470141,0.1513655996093922,0.1224806396688505,0.1442617366599044
2006-11-30,0.1617055049970242,0.0920565458549154,0.1246321620152131,0.0793574336886794,0.159143843760269,0.1150238803830745,0.1446142154299544
2006-12-01,0.1755986471791125,0.094062683590426,0.1222702449516013,0.0835435240864454,0.151825808214276,0.1228723791368198,0.1445720063307162
2006-12-04,0.1756452512980378,0.0967344452801685,0.1283977504996978,0.0829831770959299,0.1578801437582232,0.1222465745755641,0.1447607451003322
2006-12-05,0.181850520183976,0.0856108594212638,0.1194722962311293,0.0761051027370257,0.1549732344395307,0.1146641076736996,0.1464997071462715
2006-12-06,0.1824081579861844,0.088504531187034,0.1205135065828721,0.0778613073988732,0.1585557488524391,0.1181211134183992,0.1479062952516162
2006-12-07,0.2108880664877042,0.0896551359223895,0.1203703828400977,0.0778131981960592,0.1579693744039569,0.1181710807972991,0.1432390691056383
2006-12-08,0.2405595507366166,0.089841729767703,0.1220286373427541,0.0748230717740381,0.1594987100701381,0.1170230521986562,0.1445797275212216
2006-12-11,0.2385615829343163,0.0891299268851127,0.1219864215280027,0.0751290863652283,0.1591327957752309,0.1175099557009376,0.1440406068822372
2006-12-12,0.2309385290857786,0.0912687291417445,0.1226326251574589,0.0749329599059208,0.1627343438433571,0.1154653027757817,0.1419439359197344
2006-12-13,0.230588779213633,0.093165410089084,0.1231527008447458,0.0773079351444514,0.166983176881605,0.1142843557529316,0.1341617637383076
2006-12-14,0.2280106750265498,0.0917901295491225,0.1225288412181561,0.077158806428088,0.1660316693703229,0.1132167623253892,0.1337704451094804
2006-12-15,0.2358032833915195,0.0910609550525593,0.1224995920880459,0.0782952771214921,0.1663242146662358,0.1169555205420751,0.1316298515383641
2006-12-18,0.2351907463881148,0.0874538568192549,0.1237366705204862,0.0784393936377959,0.1711345921146295,0.1171486115436654,0.1373032740877814
2006-12-19,0.2298072605903826,0.0872354401264993,0.1232220522937476,0.0786808248230711,0.1732542951769432,0.1166361119945574,0.1113360317816527
2006-12-20,0.2394827554641742,0.0876003060306683,0.1236051659371382,0.0799998586026374,0.1731588690225406,0.1174561162796157,0.1109348028244691
2006-12-21,0.239889027617366,0.0843609918631948,0.1295051476100193,0.0820687180568189,0.1685989268923518,0.1172526137812099,0.1074907803287417
2006-12-22,0.2634651236001551,0.0834432757528733,0.1295018723685854,0.0820687180568189,0.16858657005723,0.1172526137812099,0.1077754195874791
2006-12-25,0.2613572324335528,0.0826439012485779,0.1245566608878656,0.0820776675976992,0.1685816312723355,0.1190978090548008,0.0945466159969262
2006-12-26,0.2627461230405826,0.0749218356544201,0.1167566731196191,0.0678293892093136,0.1819346021041784,0.0947666049550958,0.0924798659997287
2006-12-27,0.2581392532633896,0.0728313158197402,0.1156967877575941,0.0681433206572373,0.1497209114053726,0.0948534035216243,0.09127615941712
2006-12-28,0.2778535322352471,0.0686536982778287,0.1102153048001219,0.0646822430710576,0.1498297687723254,0.0917357810377608,0.0847060914834769
2006-12-29,0.2784507423241513,0.077917838812262,0.1100144238385945,0.0647093353684758,0.1560543500740058,0.0917411946278582,0.0788400722919015
2007-01-02,0.2790354421496098,0.0745369679217473,0.0993124750098336,0.0639294089668093,0.1433146426309673,0.0886285581336523,0.0793088022333928
2007-01-03,0.272931107356713,0.0778194580437568,0.0991270328311947,0.0570254517098418,0.1632197180710394,0.0848401944199974,0.0799443634784849
2007-01-04,0.3017484998616783,0.0869021984001381,0.1051912003553645,0.0593602298909451,0.161088803662046,0.0887551048948697,0.0994612329083022
2007-01-05,0.3002817397627486,0.0886425416585214,0.1049537994715323,0.0597400110828773,0.1659775088845722,0.0885925422218659,0.0985764765436016
2007-01-08,0.3104642614869267,0.0860911060566009,0.1033673592651404,0.0581013047357141,0.1636023596847017,0.0850098130881673,0.1000653246140093
2007-01-09,0.2742467529096729,0.0878953773908941,0.1073645297141454,0.0581467140502102,0.1742258387835214,0.0865837080136446,0.1185051462107486
2007-01-10,0.2790763469533368,0.0956285175787867,0.1210506055364105,0.0614329098884426,0.175967795872523,0.0927368370556029,0.1196441425891739
2007-01-11,0.3222048414181639,0.0955979306445673,0.1211010715606076,0.0630424568954516,0.1793813335640708,0.0931177693449002,0.1250616777934263
2007-01-12,0.3457833237163561,0.0945466973971744,0.1199731411756427,0.0630430162673215,0.1880664405278501,0.0931665958441519,0.1276525236057865
2007-01-15,0.3457777625756212,0.0965399379964977,0.1199465898031353,0.0561782603232028,0.186881213508391,0.0898722594315561,0.1254956883500919
2007-01-16,0.3562215236195521,0.0948824965689295,0.1194144329464035,0.0561973776631248,0.1850000888300609,0.0939967753869112,0.1249857276730899
2007-01-17,0.3557850374497795,0.094806943766443,0.1197130368395699,0.056017841967841,0.1870478162022694,0.1026325165254068,0.1261825540081178
2007-01-18,0.3613077613039723,0.0929149698424833,0.1196811165936574,0.056391939530109,0.179892149925959,0.1027296769018245,0.1199834171276673
2007-01-19,0.3720398724971933,0.0935063542078434,0.1237101589298802,0.0591475570120079,0.1868281139169993,0.1068311454347791,0.1132512620709707
2007-01-22,0.3638512873726461,0.0931580066596826,0.1235497149904702,0.05882753743638,0.1866278414779732,0.1053981887524109,0.1133772408662625
2007-01-23,0.3621423573052535,0.1039044290585135,0.1205386535669616,0.0614280949212604,0.1865760175474036,0.1128226312285006,0.1142314914703283
2007-01-24,0.3873482905870787,0.1074829697171466,0.122113020876704,0.0741590334219982,0.1897736442278911,0.1227565731610707,0.1148408934587744
2007-01-25,0.3855698343272036,0.1102032578269352,0.1236333452419776,0.0730075814804778,0.203814476356013,0.1217156478949449,0.1145868874063
2007-01-26,0.3850619925578147,0.1061257323158918,0.1130233241423485,0.0689582898429363,0.1932766070949677,0.1194673920741151,0.1145009209655478
2007-01-29,0.3865571306495535,0.1061083294970351,0.1165312841294756,0.0716407919135961,0.1912167565618666,0.1195073570040746,0.1144945371804898
2007-01-30,0.4102435312570152,0.1076912729415924,0.1159618594270298,0.0728232174985848,0.201075656169173,0.1198439617656664,0.1167953618661504
2007-01-31,0.410262496667336,0.1050516095063327,0.1123318955978613,0.0744880229749005,0.1999243113232652,0.1198358151934116,0.1194159419735821
2007-02-01,0.4353070177813847,0.1061877473835388,0.1130947030373998,0.0741628979495498,0.2004000827600895,0.1197883835291708,0.1194132779404168
2007-02-02,0.4385483036620151,0.1047333030527266,0.1127911308376347,0.0744565762105329,0.1893717601671571,0.1130514833450511,0.1241101262063591
2007-02-05,0.4366276748418102,0.0981332638116195,0.1021405114957092,0.0702071197487102,0.1896294216600293,0.1092878720378318,0.1122294530375483
2007-02-06,0.4314560220712377,0.0968309838843592,0.1029788725361268,0.0701216650762957,0.1862780064223343,0.1117893658913797,0.1150057737343066
2007-02-07,0.4130195597973219,0.0982089668625159,0.1062031621961456,0.0703498573048639,0.1841042668217285,0.1118252379253745,0.1114669106457791
2007-02-08,0.4121915591412105,0.0962949507040987,0.1017095057980444,0.0755936567083996,0.1729256090421679,0.1176308499928254,0.1002208365769035
2007-02-09,0.4182829618226308,0.0921698809127649,0.0900603149753397,0.0740487024226496,0.1694383460990427,0.1123795404406624,0.0966788613859592
2007-02-12,0.396424439733328,0.0929426898016364,0.0909832093852114,0.0765860729707658,0.1866678319602032,0.1101310034074184,0.0901252302191824
2007-02-13,0.3745715290409132,0.0940781185411192,0.0948046531096799,0.0803210233894204,0.1704473504676232,0.1177551255516729,0.0887651966238408
2007-02-14,0.3857772372275574,0.0887717385118573,0.0941324422831356,0.0803258885623503,0.1783375498908055,0.1182479778237221,0.0913090298115106
2007-02-15,0.3806633939061709,0.0889357280117227,0.0933807929026309,0.0803203634153071,0.1783244738986025,0.1153495422463215,0.0916663526246562
2007-02-16,0.3787626403945679,0.0892473066021791,0.0929176004194097,0.0792733534497877,0.1751765346377764,0.1023778293115482,0.090430186912533
2007-02-19,0.3699133282794716,0.0914813199639368,0.0902580545041832,0.0792583217951471,0.1750669870810127,0.1039226610297497,0.0889067703674265
2007-02-20,0.3515933429215209,0.0964838386554829,0.0865911744895195,0.0766530011454084,0.1590199834344709,0.0984255556136958,0.0876986084741537
2007-02-21,0.351253469002773,0.0969192338413112,0.0864672988765475,0.0764158755785121,0.1612426064706362,0.0983368170228098,0.0930917275326767
2007-02-22,0.3501032930627119,0.0861333429052762,0.0812930082788035,0.0728821307470286,0.1617960193038836,0.0893724692668918,0.0925549559164899
2007-02-23,0.3213412704147058,0.0827290405486333,0.0792601517944249,0.0604128910215053,0.1633830471720107,0.0769186796148642,0.0911564556192343
2007-02-26,0.4543296547123347,0.1148628096337009,0.1333243922833756,0.1365507086422573,0.1616931632602762,0.1577132223079131,0.0934323446513038
2007-02-27,0.4683741876983781,0.1311211469125628,0.1431087558878565,0.1381864033846776,0.1819550443082956,0.1580043979180132,0.1394800334287186
2007-02-28,0.4781547709390927,0.1342017701578399,0.1439470286914377,0.1365721094264717,0.1826229007607163,0.1581774010139745,0.1426694620227312
2007-03-01,0.4482156340895414,0.1328887416788619,0.144701948015556,0.1384847385255309,0.1762913425558297,0.1632219112233437,0.1485706328361515
2007-03-02,0.4519818408788401,0.127264284689017,0.1430177762597619,0.1385831696237864,0.2101112026708031,0.1659495952762874,0.1839334668393623
2007-03-05,0.4319256431595493,0.1352732536191579,0.146202115123996,0.1505516537926267,0.2239834280198571,0.1801560211024018,0.189950654412342
2007-03-06,0.4255215902322962,0.1357945358028651,0.1473442981929295,0.1505504265252579,0.2243000092838026,0.1803871025332616,0.1871314841291577
2007-03-07,0.4207126155032238,0.1412677271093555,0.1569960101213044,0.1533400690577424,0.2273073312391218,0.1819566241528502,0.1993874686636478
2007-03-08,0.4189282233105567,0.1409735398284854,0.1552300891810307,0.1531984996144285,0.2267867935328737,0.1791090838992045,0.1990180902213646
2007-03-09,0.4187252511412768,0.1406921051967392,0.1545132409001465,0.1538509238444073,0.2354253594820545,0.1811616745293268,0.2007597854720221
2007-03-12,0.4181583062634035,0.1432528059702108,0.1586170361553815,0.1661862056208921,0.2356024442972255,0.1908593961352124,0.1971140684230804
2007-03-13,0.4164465230136273,0.1659179069147383,0.1791846554923064,0.1686192119668061,0.2480961788548369,0.1943192065905022,0.2198174124670587
2007-03-14,0.4184566877600219,0.1842143847688363,0.1951443507053291,0.1666129841900481,0.2416418753287981,0.1940345716853192,0.2223486696772764
2007-03-15,0.4108603666670685,0.1821365689346204,0.1908623488251346,0.1634355551822285,0.2406344936969906,0.1884462773671306,0.220341784307428
2007-03-16,0.4095474452222997,0.1859562375689528,0.1986943011178963,0.1690237516641556,0.2408900771665604,0.191414248391688,0.2262361306828579
2007-03-19,0.4099542591130463,0.1873360379137552,0.1997507058022787,0.1712026226255193,0.2418360278406122,0.1931120102246725,0.2294449071981333
2007-03-20,0.4107861688847284,0.1881266951775731,0.1990146919176306,0.1821292755506655,0.2445391729598357,0.2060813271068112,0.2287419137921351
2007-03-21,0.4109540394221023,0.1912739890897776,0.2139522300636423,0.1817163610877602,0.2474022183138988,0.2044050710633865,0.235691453283872
2007-03-22,0.4109361720474644,0.1895823205323434,0.2143920582987197,0.1818115747209766,0.2466081843058107,0.2040782762353372,0.2362622590540332
2007-03-23,0.4138252573668571,0.1906549456166507,0.2162078170142936,0.1818946073455213,0.2451015099849032,0.2041121157893475,0.2328216036096906
2007-03-26,0.413913438161637,0.1901889128376635,0.2166038223818006,0.1826287102315413,0.244972127651694,0.2050091446116069,0.2331678221282908
2007-03-27,0.4129740878592391,0.1892832474697638,0.2162369363916061,0.1842871462966948,0.2442918147446257,0.2061686777950708,0.2332335710299405
2007-03-28,0.2414606014392392,0.1749874841363523,0.194961094073686,0.1387904042644307,0.2433678307513492,0.156833090090481,0.2332251022283941
2007-03-29,0.2150843733848001,0.1624690075881545,0.1866998175058941,0.1378685632241404,0.2277904036974899,0.1564942238002316,0.2133224257380001
2007-03-30,0.1851495477034249,0.158533592282395,0.1813003579862997,0.1376101114556009,0.2206411744476557,0.1554638893178767,0.217273778560533
2007-04-02,0.1850251917966073,0.1599510318146964,0.1847507290905104,0.1334421315807691,0.222226153625628,0.1496389577925797,0.2173073602089389
2007-04-03,0.1676940188439435,0.1551282690664545,0.1785311744494008,0.12757637981101,0.1663732975582505,0.1422412771922202,0.1881435718240046
2007-04-04,0.1623454882925438,0.1507228273008344,0.1774269828233707,0.1187075530066754,0.1550003282420603,0.1301234589637493,0.1857414010561826
2007-04-05,0.1570601859303748,0.1508035847259729,0.1777883429079502,0.1179971550955315,0.1512365173007657,0.1285186114522307,0.1844998469427579
2007-04-06,0.1657870425569813,0.1468477062159369,0.1735896783731604,0.1164420293773065,0.1468560297412231,0.1281361295847202,0.1799687997047336
2007-04-09,0.1667202920842615,0.1469046566909067,0.1749195249484316,0.1164892722928721,0.1466837535930012,0.1281565633900951,0.1808945032133797
2007-04-10,0.1685026679391559,0.1466511797495838,0.1754012918796113,0.1195070110803801,0.139400752621824,0.1306779127318325,0.1795944153423888
2007-04-11,0.1680021310004868,0.1393868153789335,0.1661262606122082,0.0927711334269965,0.1380681226119298,0.1048152145859865,0.1800057587602226
2007-04-12,0.142727231835379,0.0978872513452457,0.1274225417499968,0.0915677751754881,0.096400948522749,0.1025925734472416,0.1497465903251712
2007-04-13,0.1480288145859602,0.0753537081746299,0.1221928803917577,0.0958901589985349,0.1114790426334947,0.1063590990215553,0.1534066149986739
2007-04-16,0.1376895583025858,0.0769913798608342,0.1211269733851189,0.0933119475753377,0.1105140116676652,0.1054136042810385,0.152630756430731
2007-04-17,0.1239419116394184,0.0801699386316921,0.1258887324654513,0.0888957745919506,0.1026869362878666,0.104260238852198,0.1464294481797446
2007-04-18,0.2224058266169396,0.080092868820248,0.1298581660932903,0.0883890095681327,0.1365274569967639,0.1043751349335303,0.1568039417548114
2007-04-19,0.2482842185630509,0.081037001714505,0.1341012140773645,0.0755451065329019,0.1400499630621594,0.0867848727659764,0.1573916014812177
2007-04-20,0.2648382296222738,0.0762031136865047,0.1201357861513526,0.076416821772778,0.1384208241088743,0.0865515912416804,0.1493056050584589
2007-04-23,0.264341912938586,0.0814573131785423,0.1262041562479613,0.0766530144494583,0.1383329682048999,0.0861890848738506,0.1488116735187375
2007-04-24,0.2632706059659401,0.0773438237110409,0.1203489945042594,0.0820854259312444,0.1387513780548101,0.0901026784214532,0.1542284212731628
2007-04-25,0.2631231782497475,0.0772462759712271,0.1206455317127718,0.0776783897404856,0.138525337508992,0.0841210891123059,0.1563443750280809
2007-04-26,0.2675459707906536,0.0813700268865711,0.1171559476721659,0.0696180564145911,0.1377377523635621,0.0756052695037916,0.1547828208418438
2007-04-27,0.2715372821503917,0.0775198434705135,0.1136278756674016,0.0775607496657735,0.1376194450340516,0.0913090041575692,0.1547870917350367
2007-04-30,0.269547963863499,0.0789020509331983,0.1141585536835804,0.0768338798308869,0.1374655377831493,0.0913162950795823,0.1568375764711619
2007-05-01,0.2670551743447389,0.0849125208052002,0.1146683484450179,0.0782596473804202,0.1376437925166258,0.0952736728899106,0.1489494999838587
2007-05-02,0.2677865985895137,0.0851123752435313,0.1061596635314513,0.07465520314872,0.1417996042328192,0.0897675341665549,0.1431489135523581
2007-05-03,0.2678096993787332,0.0899763411669718,0.1064523297417305,0.0745899357604323,0.1401239878067353,0.0896671463480969,0.13008654556148
2007-05-04,0.2688014679608126,0.0892958451289199,0.1065294068252213,0.07452996542504,0.140094884044814,0.0893599877547698,0.1405281096622646
2007-05-07,0.2774212803935991,0.0949039433925461,0.116115843792374,0.0750130665624553,0.1446331041893205,0.0892911191061241,0.1405588086979387
2007-05-08,0.2741475907305722,0.0949214393672102,0.1161260823192591,0.0749597344247546,0.1457766018259707,0.0887838164666924,0.1324156801594842
2007-05-09,0.2734693696510625,0.096044802899072,0.118529454996429,0.0926923060835763,0.1458772821218366,0.1085813473425596,0.1314923422747512
2007-05-10,0.2763021523775339,0.0977233713388298,0.1201611112936743,0.0922725656277006,0.1528797589590268,0.109484101447483,0.1362663518602236
2007-05-11,0.2759710411292764,0.0981122400822178,0.1206645882826785,0.0919507250865111,0.1734202894321964,0.1100701511066385,0.1360329052240789
2007-05-14,0.3111973181765675,0.0957492124032319,0.1185545667903151,0.0922675325040798,0.1745535162601135,0.1138822382235379,0.1353740434986926
2007-05-15,0.3112354666322857,0.0921299683167832,0.1060333084719765,0.0901123966780744,0.16119943315852,0.1121402802918483,0.1249762168228857
2007-05-16,0.3133722983446826,0.0918703441647328,0.1061486104893842,0.0904032548870168,0.1613557860547547,0.1127863650445311,0.1235965978134058
2007-05-17,0.3146478961171391,0.0918111131474701,0.1091555066768849,0.0921469272969392,0.1621261157330365,0.1147220630802543,0.1215672443189511
2007-05-18,0.2570466325011549,0.0915822708387105,0.1059542775479456,0.0916386513630162,0.1390317151051546,0.1166317361098622,0.1113809524249539
2007-05-21,0.2327926503083631,0.0912818165365988,0.0986741130856812,0.0878657311096708,0.1337329852045799,0.1142600004568556,0.11271463198132
2007-05-22,0.2126489087847388,0.0910454229003699,0.1017094624462617,0.0874168215656325,0.1340167405673185,0.1154808404319465,0.1127374342211403
2007-05-23,0.2156036093721273,0.0909826365168734,0.0971930613334872,0.0949480617336104,0.1340252419143829,0.1279351645790604,0.1127637546700774
2007-05-24,0.2156564856388544,0.0898191650509825,0.0942351927208452,0.090713763551439,0.1420158294783771,0.1266682974195329,0.1125358962666682
2007-05-25,0.2224707220490589,0.0898435203438562,0.0936786321633109,0.0906078470615487,0.1402330769469462,0.1263799399591555,0.1080833459554869
2007-05-28,0.2204756547076088,0.0858085748140311,0.0935315845900706,0.0906161423239023,0.1386655115848946,0.1278427068865162,0.1088178028902308
2007-05-29,0.3268193716939736,0.0851640844601729,0.0945086802544739,0.0884116669674978,0.1374247144618099,0.1217524773717581,0.1103818678114245
2007-05-30,0.3289371978443111,0.0829380510574653,0.1037674485150941,0.0883917594260518,0.1486048665086154,0.122219635013086,0.1188950439081338
2007-05-31,0.3441538365262461,0.0809276355488326,0.1090360889108653,0.0869700179139929,0.1484636366198123,0.1182992275072719,0.1179069833612486
2007-06-01,0.4553424114912519,0.0778051752362909,0.1101038428818925,0.0863115897484681,0.1417913586889015,0.1181183357931006,0.117819312955733
2007-06-04,0.4651599185953121,0.0728127691570324,0.1148678413226788,0.0889196512533865,0.1405395115432209,0.118577580963458,0.118111165034479
2007-06-05,0.4652892738691704,0.0926893842623033,0.14606070913178,0.0944256970845066,0.1402639988104426,0.1232390114625762,0.1073506294186078
2007-06-06,0.4667778035130447,0.0891495288662976,0.1498762847137246,0.1123170664689604,0.1366589807556853,0.1376939111950471,0.107191196591086
2007-06-07,0.4637245308871486,0.0891536642739274,0.150179698234455,0.1186978569820182,0.1428023633079748,0.1445524589630287,0.1193776799986445
2007-06-08,0.4685383964497745,0.0941319431075417,0.1543308648169523,0.1079822546997564,0.1434088256429899,0.1320608886420974,0.1197817086721304
2007-06-11,0.4725192327956965,0.0948312760559102,0.1533617982013932,0.109429053517998,0.1355685105161155,0.1302604098079727,0.114890798009787
2007-06-12,0.4796290270314435,0.0970499936125537,0.1527993085030373,0.121094579821622,0.104923647764639,0.1354465365713361,0.1127086660610139
2007-06-13,0.4638360363086409,0.1073832451047228,0.1670776961169498,0.1218394373761992,0.1148884289871858,0.1329812684262186,0.1091758974073985
2007-06-14,0.4587054480458767,0.1142147602343185,0.1800435061774314,0.1204065236004267,0.1169367697489829,0.1342547667034418,0.1112849853235399
2007-06-15,0.4656386478489611,0.1154838928754863,0.1802330517630003,0.1204542368621405,0.1471234758611781,0.1333973020131111,0.1145671047667927
2007-06-18,0.4650489515339397,0.1151033271683887,0.1761141701747354,0.1186382618769281,0.1458964860010883,0.1317821182387955,0.111654329981533
2007-06-19,0.4707915698787207,0.115080649617824,0.1767540888850263,0.127630010924342,0.1463017539016947,0.1349752122487696,0.108878986489501
2007-06-20,0.4713697394866998,0.1173531042603566,0.1870516040260341,0.1295170770655808,0.1492202473090106,0.1361757589349174,0.1072294711339483
2007-06-21,0.4827924879090908,0.118081515399462,0.1851342243122562,0.1367003046681814,0.1483679508813636,0.1406120518013415,0.1081920884771678
2007-06-22,0.4983020008376071,0.1156433696222669,0.1842933392776949,0.1331908277435718,0.1525172985150527,0.1307670254608061,0.1105092054552155
2007-06-25,0.4986063240772986,0.1166460158523316,0.186845996014608,0.1319412960579073,0.1426366476983447,0.1285802020241853,0.1004609486085155
2007-06-26,0.501302941291456,0.1177540881803412,0.1889352712079016,0.1359356515631936,0.1445698340660602,0.1345640762168077,0.1089591625242124
2007-06-27,0.5143408851498283,0.1185408261139267,0.1949628208752056,0.1357771506846682,0.1457196545307298,0.1334273761053165,0.1088781927512379
2007-06-28,0.4702279901373808,0.1201330215992241,0.1975251011177229,0.1325577022946108,0.1447370801264446,0.1311072844363485,0.1128972634647299
2007-06-29,0.4672532281987445,0.1199982730289351,0.192880662752104,0.138098020733269,0.1369262705639506,0.1355131183909189,0.0999392772252394
2007-07-02,0.4638139779003823,0.1192957567255953,0.1916394410598534,0.1380438650303467,0.1448870197681307,0.1359018093939375,0.0989546942866429
2007-07-03,0.3621614205409363,0.1204356514476998,0.1917434021885804,0.137834020335435,0.1445376902701895,0.1358521246776085,0.0989667240433712
2007-07-04,0.3972867075811039,0.1209503437206743,0.1940034407573021,0.1367301167648764,0.1444037878594557,0.1359995058973873,0.098353491208423
2007-07-05,0.4274433761231532,0.1083116411871374,0.1744362842505977,0.1335724767408639,0.1470575411439225,0.1315211699417991,0.0996630818661604
2007-07-06,0.424832539157883,0.1076672672898468,0.1645492722000675,0.1171207773905985,0.1491941579739876,0.1125072037764141,0.1019920707123755
2007-07-09,0.4250790504105309,0.1171936117468491,0.1728589457856637,0.122618706783105,0.1345363618666035,0.1156122503682867,0.085368695414111
2007-07-10,0.4184822848856215,0.1134928172520788,0.1700200966109729,0.1240732044139668,0.1466332046458285,0.1160811283337889,0.0947294068392138
2007-07-11,0.4154295155450477,0.1172424561821233,0.1799051796002652,0.1326710446420861,0.1470091762898833,0.1241565813826959,0.0944448569210222
2007-07-12,0.4042836974807304,0.1161885844850897,0.1800044852609479,0.1240289618359708,0.1470386573269493,0.1189353543406736,0.1044889648066929
2007-07-13,0.4086477592330489,0.1078447846658732,0.1664716799225082,0.1237010263412973,0.1486596148663393,0.1193468690590628,0.1031086363900854
2007-07-16,0.4150945794811265,0.1008354015784587,0.1511470265154347,0.1220446382425962,0.1483262386355126,0.1161295840459073,0.1009293149663482
2007-07-17,0.4022219449005464,0.1100360260333869,0.1631564023039334,0.122221288522539,0.1323507294410451,0.1179261751673459,0.1028530544484489
2007-07-18,0.4013703133345623,0.1142058503896756,0.1690866615383143,0.1229122902363147,0.1330727570932848,0.1197546909829459,0.1047509859020517
2007-07-19,0.4190709621212178,0.1175710595563516,0.1737527228602447,0.1210417562030712,0.1364209269509393,0.1219478680603203,0.1046434179262362
2007-07-20,0.4372419427227084,0.1162303441926691,0.1690003623835206,0.1204060508512549,0.13253452264831,0.1206482040430645,0.1103934752394742
2007-07-23,0.4210497431683127,0.1328036785635433,0.1788746510068982,0.131709883976339,0.1326332403136641,0.1331411946340203,0.1105180884847627
2007-07-24,0.4058678433691718,0.1338213997468098,0.1849532478270275,0.1319149007839534,0.12971805214492,0.1318868473694976,0.1121617606718799
2007-07-25,0.4056457559258517,0.1700249847180721,0.1990691350393786,0.1550514752547923,0.1331111518051124,0.1479440841840854,0.1155584944483835
2007-07-26,0.3981889712466956,0.1702286986185208,0.1990978420490124,0.1601956714120622,0.1679212697748831,0.150088572173905,0.134634920495038
2007-07-27,0.3706802990010966,0.1673256191153646,0.1897153398687487,0.1649796802696102,0.1662381965280637,0.1530161213956594,0.1330699760898485
2007-07-30,0.355183656864306,0.189271909906099,0.1960866557303636,0.1697198104984116,0.1732147103607734,0.1601563482739548,0.1247180661435364
2007-07-31,0.3878764938991723,0.1965379829725962,0.200063754949546,0.167163531793741,0.2095363449752608,0.1550635116415351,0.1411515491439153
2007-08-01,0.3917021422715446,0.1968344750529544,0.1973550680187392,0.1674739137903669,0.20192181106742,0.157412941244919,0.1447475130722589
2007-08-02,0.3906791236070681,0.1976598551132302,0.1989941798063294,0.187965661128567,0.2021354481498095,0.1773811299092695,0.1443801185406699
2007-08-03,0.3231573159153721,0.1976561176892277,0.1979491040388477,0.2084585943588557,0.2227475650039083,0.1848695454247853,0.1428269716897774
2007-08-06,0.3009067080017496,0.208375352372424,0.1990868909505462,0.2095043928221276,0.2178516975648154,0.1856633215442872,0.1433463689408168
2007-08-07,0.2953886854438428,0.214534916053823,0.2046272839590117,0.2159654357068904,0.2355972823825571,0.199517379602413,0.1430898789852629
2007-08-08,0.2918613253145448,0.2198213691883974,0.2097424684061964,0.2335266853911984,0.235574022246266,0.2088529942346004,0.1480478641447017
2007-08-09,0.2933213820770434,0.2501939142000316,0.2128983824514763,0.2321781137831743,0.2518533743778163,0.2079018875781855,0.1623683241702201
2007-08-10,0.2936588668784674,0.2696724408140346,0.2107530490253314,0.2202347709492274,0.2500755778274836,0.1948412290134178,0.1634244775143357
2007-08-13,0.2915933737794027,0.2703266283905026,0.208924953560978,0.2251450638090402,0.2461633272963791,0.1999158160769792,0.1532867066905238
2007-08-14,0.2688959364224093,0.2703376703251531,0.2093461108233661,0.2276065403968198,0.2623069162391535,0.2044264980313124,0.1649084894595134
2007-08-15,0.2887971676941868,0.2989498083943721,0.2197032068838626,0.2286419803067553,0.2797504332843804,0.2015539181878216,0.1723872194721678
2007-08-16,0.3087771578071358,0.3267373501386062,0.2234989315082497,0.2481893708060437,0.2810195257940978,0.220433366188227,0.2418897566480436
2007-08-17,0.3396247309635304,0.3233568002857257,0.2183477189171833,0.2469864297791275,0.3505865797460765,0.2177188522157009,0.2695487646290047
2007-08-20,0.3265555053384595,0.3234448521712431,0.2154226497115991,0.2452587099997478,0.3482101135495014,0.2175484987610988,0.27425484236401
2007-08-21,0.3109045392502796,0.3301328306742649,0.216350185444558,0.2488030782788041,0.3634562657707383,0.2233399736293415,0.2744365181359319
2007-08-22,0.309615533383092,0.3252512344875948,0.2101789464806127,0.2408007759751147,0.3763814599215019,0.2156073141817034,0.2934229629021671
2007-08-23,0.3036606392084531,0.3253924277181353,0.2050762683773246,0.2439689791555375,0.3761683939385944,0.2213278421100504,0.2931548591305457
2007-08-24,0.3035496693934535,0.3071554559828418,0.1883356199839413,0.2323894771893783,0.3880917977489029,0.2134303113307888,0.2937611410333017
2007-08-27,0.3022383231317849,0.3133187487418002,0.1882492739413245,0.2398652781214701,0.3763990251702873,0.2230491552395454,0.2850022577935554
2007-08-28,0.3092380113322311,0.3139058085746062,0.1882874223759056,0.249174282918337,0.3797377285166349,0.2378143455564777,0.2888080976364758
2007-08-29,0.3097009518030003,0.3051370409593071,0.1826122413104006,0.2457219327671109,0.3800821799670625,0.2325259174225006,0.2917680036290798
2007-08-30,0.264481618903972,0.3038228224129049,0.1829695545190675,0.2474507954211466,0.367744420465448,0.2357574029515792,0.2985625275151827
2007-08-31,0.2613091604129292,0.3027106477292378,0.1812775786733444,0.2470241526572802,0.3681898477921137,0.2341036297949792,0.2974174879518508
2007-09-03,0.2486586993726825,0.3011318986797776,0.1766914771398783,0.2297793672635117,0.368354587009414,0.2188933093800429,0.297886901198494
2007-09-04,0.2473303323040271,0.3064288182494232,0.1882676812024638,0.2199469053339968,0.3531901942250479,0.2176969116527381,0.301884939538218
2007-09-05,0.249234868944476,0.3002310427629192,0.1863878990934919,0.2194191004721035,0.3530950456672999,0.2172483238648484,0.3030516376675635
2007-09-06,0.2671631756212383,0.3033072938858324,0.2000995715709475,0.2209259767655606,0.3432275033974636,0.2161889322038258,0.3023790914681291
2007-09-07,0.2647694213925086,0.2980262666166203,0.1901630519861151,0.1960620146181092,0.3423898080988305,0.2031404590775944,0.3070708732450992
2007-09-10,0.3167861805632905,0.2788328874769574,0.1868324097094297,0.2013899254513473,0.3234389410513889,0.2084386449733963,0.3006356803584841
2007-09-11,0.3155319254175248,0.2612479104833953,0.1770037469677308,0.2013643296680203,0.3254018425149376,0.2085862201753675,0.3002974455540168
2007-09-12,0.3192720600022883,0.258618910986598,0.1775695656126647,0.1913157190965848,0.3257606492703657,0.1986805897652671,0.300071204970086
2007-09-13,0.3191461590738759,0.2615263072115483,0.1784399141738673,0.1831030510137565,0.3037634509243008,0.1882200459012453,0.3007653483783336
2007-09-14,0.31021780043727,0.2230679801111475,0.1569744705090765,0.1848481938784311,0.2770938895399817,0.1906323127601275,0.293055511953509
2007-09-17,0.2935498132495114,0.1988399762657423,0.1549510807199671,0.1918654392067248,0.2681780093674698,0.1973418786286463,0.2302624927477245
2007-09-18,0.2488710377597457,0.2176401470601269,0.1714205217277798,0.1920600391227447,0.2323530556035574,0.1975480322944135,0.2404730761336117
2007-09-19,0.2501668673616731,0.2191057512214554,0.1719735051557409,0.1945898603467313,0.2323930721373863,0.1989011168133385,0.2384297135576678
2007-09-20,0.2513728556430323,0.2123627683769312,0.1707292205117055,0.1919271547013331,0.2208918394420276,0.1962562516358176,0.2397902836125079
2007-09-21,0.2504348519412706,0.212281984049541,0.1709529373421144,0.1932223584971643,0.2205137945570446,0.1953108479103732,0.2233036568885478
2007-09-24,0.2520732930985588,0.2164111021520121,0.1713336060609215,0.1901561846824239,0.2219122153227929,0.1915427336978102,0.2235345593151006
2007-09-25,0.2591692794641181,0.2168512255593647,0.1708645603154618,0.187466692256839,0.2089115084559853,0.1898915798971687,0.2233958679143568
2007-09-26,0.2611030467223246,0.2050226571509667,0.1681522407185698,0.1641840393055549,0.2114846163629566,0.1653601110357155,0.2369845356863481
2007-09-27,0.2648999706930853,0.2057899756638511,0.1681745731834405,0.1513028183377881,0.1979765421507666,0.1487926153299525,0.2283881602013765
2007-09-28,0.2637802709419877,0.2028777996568368,0.1666697315772997,0.1543019152009359,0.1943845944502429,0.1541807021981085,0.2272552730987971
2007-10-01,0.2629462171385669,0.1981572422327918,0.1599959633070506,0.1516156457873701,0.2170716077250442,0.1508289817532271,0.2147520384695792
2007-10-02,0.2563791600671007,0.1986031310397326,0.1600086023605504,0.1531833561110137,0.242299849016936,0.1537024771620856,0.2157751102101626
2007-10-03,0.2552825795009832,0.1965068486031349,0.1579075655448172,0.1502465124351056,0.2557042819867918,0.148955765193655,0.2157400764324866
2007-10-04,0.255359643076444,0.1867168054412877,0.1441929517769966,0.144919832570549,0.2701761561210638,0.1520767009968876,0.2066928913068589
2007-10-05,0.2632608004430196,0.189369442432719,0.1453480214444105,0.1460771117090862,0.2706849021218075,0.1520798442969641,0.2064466570113583
2007-10-08,0.248784189393409,0.1763852465964799,0.1108122113802793,0.130178189179074,0.2705067168251081,0.1313794485243379,0.2032670085510333
2007-10-09,0.2466772107252162,0.1709583931765794,0.1035738081133367,0.1303746757436981,0.269853799956658,0.1293883146611394,0.1827873829150811
2007-10-10,0.1842729815324378,0.1599304909772617,0.1004943885417423,0.1281737788529668,0.2702057741767726,0.1378184557525804,0.1872581863027604
2007-10-11,0.1855000215786352,0.1600585835029888,0.1007357151350271,0.1280843920664283,0.2767856379156235,0.1398666856280828,0.1887888950632141
2007-10-12,0.1872652239968459,0.1670820360204563,0.1071968258369063,0.1317156463063694,0.2822265627892221,0.1464041986553728,0.1887780680599838
2007-10-15,0.1877529557437537,0.1616408232077369,0.104507546562228,0.1347663062479985,0.2971076533512936,0.1492362045744965,0.1893603338560118
2007-10-16,0.1877130704602537,0.147885698389616,0.1029174798163202,0.1326154392252902,0.2897496815465815,0.1463608160725632,0.1946330655217232
2007-10-17,0.2322853586087113,0.1478393102012637,0.1033802014124423,0.0924730043475641,0.28818692238436,0.1211015269826288,0.1782303321552093
2007-10-18,0.230790580148797,0.1257398698412984,0.074707329958494,0.1268625899961104,0.2677253710608196,0.1558344119020448,0.1509882712555951
2007-10-19,0.2483456827367862,0.1300757028361961,0.0849152338588953,0.1259978319093665,0.3067591054350242,0.1577136416933389,0.1710410207733272
2007-10-22,0.2542263075139162,0.1323657589703488,0.0834907617444067,0.1287296329036287,0.3234251400860433,0.1647181648673781,0.1696032869621373
2007-10-23,0.2560629350128794,0.1335162682758349,0.0836989246573097,0.1277412305633765,0.3152815985614295,0.1685129959891386,0.1708176656312169
2007-10-24,0.3083691134195946,0.1361421280332148,0.0937378759985366,0.1277763642990001,0.3165235097956257,0.1714545308407003,0.1704308171100217
2007-10-25,0.3023253547933664,0.1410237050980814,0.0930153074687466,0.1349320775366919,0.3187241688125691,0.1815421031943408,0.1766443039415646
2007-10-26,0.3127638125410822,0.1402251230304866,0.0939866071304831,0.1348715239250815,0.331597060289189,0.1816786161738252,0.1611595161305593
2007-10-29,0.3123658843469648,0.1424204335873627,0.0954136151420326,0.1363888365602047,0.331808598842411,0.1810532368830591,0.1611694054008153
2007-10-30,0.3130733121891604,0.1441492078785058,0.0935201128607816,0.134976239170374,0.3354929305482449,0.1814202851210162,0.1617318193990761
2007-10-31,0.314751624832893,0.1619579334330364,0.1109539062821796,0.1627369648142712,0.3161631229351436,0.1996739743540179,0.1586973028358828
2007-11-01,0.326986706047285,0.163832093406469,0.1114803693843415,0.1623942131123259,0.3254282047571706,0.1985816705938049,0.1695697962509864
2007-11-02,0.3394733549870181,0.1675151677234038,0.1126224083719278,0.1625905445787963,0.3695255415070674,0.1998875149431641,0.1749450665639624
2007-11-05,0.3450230746795145,0.1654868254944881,0.1097345130493615,0.1647397413244869,0.3595074491389275,0.1949439273790532,0.1749692668642184
2007-11-06,0.3362441265667496,0.1695812916973681,0.1097474018511204,0.1912826383003117,0.3597606594526187,0.2167567304475897,0.1764470834332441
2007-11-07,0.3741867661832495,0.1638117769962849,0.1102560216256653,0.1878639611652471,0.3757037058333389,0.2243586377435995,0.1836841306208514
2007-11-08,0.3714191709532434,0.1667883751129644,0.1100928393315779,0.1919175302494534,0.3736144602957314,0.237576274045213,0.1848275285567546
2007-11-09,0.3637880994140828,0.1593250138702915,0.1073727865454741,0.1931957930669607,0.3903880844777573,0.2392492207778072,0.1823115549892175
2007-11-12,0.3634768358496144,0.1604302732347872,0.1073723095586255,0.2205046171687611,0.3901105972154186,0.2661823810519724,0.1823556447438625
2007-11-13,0.3976317770053822,0.1622351109261733,0.1042635796353063,0.2201176780227683,0.4163522436171812,0.266839272358453,0.2084292305748945
2007-11-14,0.3941404738971892,0.1653716288178937,0.1144396204886954,0.222821719049588,0.4135842101477629,0.2678143541760832,0.206770303074651
2007-11-15,0.394137953168835,0.1629756394200272,0.1146595304077061,0.2239484327394523,0.432458975353277,0.2661812627517744,0.2092114247920831
2007-11-16,0.3799993438865862,0.1818308889438329,0.1191350009121004,0.2295698241227177,0.4315276048184579,0.2697479281026125,0.2033515983166041
2007-11-19,0.381101731207934,0.1916540553570866,0.1334546377248247,0.216201439864451,0.4342062707429118,0.2570052778212714,0.2069737860515139
2007-11-20,0.3752285465714981,0.2054235146574857,0.1369247922394665,0.2203440819911747,0.4389814069015243,0.2555825501792335,0.2094833456344753
2007-11-21,0.3912910896080913,0.2097158756860796,0.1367067221528316,0.2167989622748313,0.4229099461845009,0.246359387158834,0.2105153370571258
2007-11-22,0.3899849328435407,0.2198654998641834,0.1392503839369501,0.2270740992050773,0.4318265769915373,0.2525413336204982,0.2110261862835052
2007-11-23,0.3613375407593412,0.2155229412919546,0.1300557986650423,0.238029252199646,0.4519020539915743,0.2597502321163547,0.2223309795687239
2007-11-26,0.3627565514651457,0.2084742519544793,0.1294411578250705,0.2390247117919738,0.4466894875379062,0.2561684477326887,0.2167751557356151
2007-11-27,0.3420444660007479,0.2301369524476844,0.1567262592540657,0.2609320627758739,0.4219412805861067,0.281336691351486,0.2099060102671562
2007-11-28,0.3632016385394476,0.2318257700886146,0.1582460181748695,0.2606154575895802,0.4496449233985677,0.2816546169014072,0.2301854221293412
2007-11-29,0.36340243042187,0.2343519142403529,0.1646448286082033,0.2583374350524171,0.4507139905382675,0.2748162776643765,0.2333362003950798
2007-11-30,0.3644702960551321,0.2260478621992425,0.1544734898055907,0.2435966933146071,0.4500104164252325,0.2669502500989404,0.230134325955177
2007-12-03,0.3658289840925707,0.2272828885942641,0.1543719228584026,0.2441814606139642,0.4397499204112854,0.265638911205013,0.2226844498895406
2007-12-04,0.3762360294361735,0.2454155496133883,0.164023950484227,0.250052504044238,0.4077131876360972,0.2745993331535917,0.2213838123396013
2007-12-05,0.3737574056365559,0.2453728467962797,0.1639639864989755,0.2520120593380218,0.4043432053769918,0.2780554332830938,0.2302985476373692
2007-12-06,0.3734962221857527,0.2425872792357758,0.1644923682407821,0.2296024066406348,0.4113916108089898,0.2629313133875005,0.2292191222415252
2007-12-07,0.3412936513230987,0.2425154090108815,0.1649308950799391,0.2306041852275107,0.3984192040851283,0.254923910037285,0.2181396186453461
2007-12-10,0.3415249228374376,0.2387440144116349,0.1654029625685969,0.2425354428889086,0.4077185088050672,0.2539956739669332,0.2147627499572823
2007-12-11,0.3355977239305598,0.2385052293653849,0.1669984545800532,0.2400488537101424,0.3926885509294736,0.2473231620978578,0.195962520000038
2007-12-12,0.3471798164799792,0.2614352575772997,0.1795542349927203,0.2198454632165959,0.4044228297832642,0.2187675673614615,0.2157809937135347
2007-12-13,0.3023968300624114,0.2592772288089175,0.1796396943343316,0.223693518787966,0.3672316220074641,0.219602713573309,0.1996423258760845
2007-12-14,0.3119130328431098,0.2642976409651886,0.1802453582233652,0.2250762155191351,0.3822765624741182,0.2314309349606474,0.2069437581269631
2007-12-17,0.3117734589372649,0.2618017812762541,0.1780610196473202,0.2254030717773668,0.3600768296724951,0.2319649870234976,0.1998891187341783
2007-12-18,0.3232826603682825,0.243150900219081,0.1707884063747024,0.2168115200041211,0.3621814107808819,0.2249605707892865,0.2023667715415626
2007-12-19,0.332002218126202,0.2385625330169828,0.1640021416893758,0.2169039011941752,0.3596922363659181,0.2306749012135026,0.1984399295549352
2007-12-20,0.3317837849793211,0.2233442503569142,0.1614500977835283,0.2148349194292293,0.33680511019361,0.2329770057743533,0.1850930877057127
2007-12-21,0.3041109010804785,0.2204300713039718,0.1613678848639915,0.2156055198627848,0.3289378396591343,0.2336121138871689,0.1849747456973287
2007-12-24,0.3042645507121649,0.2141021266016742,0.1610665873977079,0.2096806447786703,0.3236090139713005,0.2305924698816856,0.1947354474733389
2007-12-25,0.2991035474545712,0.2078304697142875,0.1589455104702254,0.1897617160759032,0.2951350273468393,0.2148252299828941,0.1887048064695388
2007-12-26,0.29072381968147,0.2055804540067765,0.1569089699231667,0.1933299729056313,0.2923657052698595,0.2211412331458146,0.1895989607125099
2007-12-27,0.2889261045130976,0.187761279088469,0.1357488384102165,0.1687082140167611,0.298095618551342,0.1945724321185582,0.198083297408577
2007-12-28,0.2581989775442616,0.1872217321011538,0.1353574826868919,0.1704376962292861,0.2694909061112084,0.1965591386497246,0.1805043380060602
2007-12-31,0.2370018113815336,0.1833784420798943,0.1396386632718904,0.1748563732757181,0.2696988459356224,0.2037515002894723,0.1760361746122937
2008-01-02,0.2371484971115842,0.1844903711928766,0.1400329862311384,0.1740311590460766,0.2804716541487039,0.2018453892510248,0.1758937625368109
2008-01-03,0.2367025432909999,0.193950663034855,0.1463859003250335,0.191460737641385,0.2922188274166947,0.2385402033179562,0.22102676122261
2008-01-04,0.2243012084927914,0.167380748091255,0.1331594805148871,0.1830761313937222,0.2867715719112604,0.2281610122744527,0.2204884454518952
2008-01-07,0.2242439815474979,0.1680384509737588,0.1342010981918742,0.1806073465683922,0.2842832097881534,0.2284831330516936,0.2096062934017143
2008-01-08,0.2234457005513361,0.1678064340660319,0.1343068906647257,0.1897418561903993,0.2840523555846698,0.236791431811242,0.2094352241261333
2008-01-09,0.220240191877675,0.1684799440197102,0.1349355747817941,0.1900350768775247,0.2850371026712884,0.2372182498025359,0.2122635179942251
2008-01-10,0.2204187655015992,0.1683763727330754,0.1351250392697992,0.176830895435928,0.2703667848482726,0.232450860541023,0.2133934421870485
2008-01-11,0.2108708062861392,0.1678908288287266,0.1311056219145095,0.1802791684654825,0.2635046516291415,0.2389422859292254,0.2142466629618643
2008-01-14,0.1872069157853808,0.1694752054714104,0.136253375945186,0.1958224129140387,0.2598838037572821,0.2494144914070791,0.2034005061407028
2008-01-15,0.216196629907801,0.1713758544005053,0.1396424620932288,0.1925151317894179,0.3138269850775371,0.2485366265646341,0.225656036760359
2008-01-16,0.2163302474777637,0.1629989440800135,0.1334439767955419,0.2088375313958796,0.3127937579198496,0.2456346227120585,0.2393922732270063
2008-01-17,0.2130617776738122,0.1629233708131417,0.1368509396276026,0.2059386541613004,0.3123530525155943,0.2416532173006459,0.2418359786183635
2008-01-18,0.275174782737882,0.2429355966310707,0.2766136902560354,0.2062189851648529,0.357083315810513,0.2411081416559124,0.2687665550222695
2008-01-21,0.3640643761695591,0.2645451802590966,0.2743882270481483,0.2048894729483302,0.4571326435268246,0.2358548173743986,0.3214443033868997
2008-01-22,0.3799794071787126,0.2631943049932764,0.2974925938181116,0.2112850737436655,0.5854730751007362,0.2261568950026358,0.3264294471585827
2008-01-23,0.3665220922978907,0.3155403838590953,0.3744065651978854,0.2128090970813149,0.5815846991707779,0.2376599471173205,0.3393321914192538
2008-01-24,0.3694926406444258,0.3153689734116215,0.3742649264748788,0.215520212252866,0.6319936927687383,0.2382160217444385,0.3651455826265382
2008-01-25,0.4376638756046955,0.316445308256923,0.3743387245422497,0.2281403958707051,0.6447509548249235,0.2424806242436721,0.3802128261831146
2008-01-28,0.4346731061283589,0.3238554030453572,0.3773254239741095,0.2281364220403947,0.6471658375399223,0.2415984163217021,0.4009432481613408
2008-01-29,0.4346754354737699,0.3240541002048718,0.3758359420372782,0.2274225748760616,0.6498840173467397,0.2410844567189574,0.3995599283156359
2008-01-30,0.4337650327527306,0.3265624355055998,0.37521776166921,0.2374737396009756,0.6449046940479268,0.2532221436525894,0.407755395817093
2008-01-31,0.4325981801100172,0.3411672998450273,0.3830224499156898,0.2389159363017734,0.6561414840974097,0.254367495783077,0.4073319660105116
2008-02-01,0.5215319028293122,0.33839603495371,0.3846806768042076,0.2406870848008594,0.668184712242801,0.2562167041104674,0.4214343683089286
2008-02-04,0.5201694752501536,0.3427755071152867,0.3961767161106179,0.2505603722291337,0.6617180426680135,0.245618025252207,0.4014105470710817
2008-02-05,0.5187973098687674,0.3431338750628339,0.4004372405145509,0.2502942561626068,0.6834378060627183,0.2477237731966712,0.4285904630681695
2008-02-06,0.5189894702163889,0.3505605391030565,0.400304035506989,0.2465249137810615,0.6836698646477164,0.2398788315792154,0.4302625103088425
2008-02-07,0.5164697039692757,0.3528186914163327,0.4022715394797192,0.2405448505891365,0.678433965154965,0.2343566498659479,0.4302882999262814
2008-02-08,0.5156214442323448,0.354043040575336,0.4022683527772051,0.2395713042595698,0.6855644537719101,0.2348081211308759,0.4293130729593192
2008-02-11,0.5143687327976043,0.3775878077932257,0.4228515547206971,0.238495139410138,0.6892300407958339,0.2275211220817761,0.4262827157489102
2008-02-12,0.5157126504647931,0.3773738301378319,0.4226838439188137,0.2403662672284384,0.6912568155816131,0.2356865419023664,0.4268169210927356
2008-02-13,0.5214418393159843,0.3635718000619053,0.4184521178818785,0.2295595181178576,0.7023419695726401,0.2284498049365992,0.452626761831204
2008-02-14,0.516675694864681,0.3644243100763834,0.4205496545944416,0.2290609962537231,0.6781599651546115,0.2269982340592936,0.4373091278142371
2008-02-15,0.517607592102489,0.3760454978594502,0.4277808861676052,0.2051399400423296,0.6729449488126332,0.2170914091847958,0.4315225280321978
2008-02-18,0.5240414781436805,0.3761833682619892,0.4268166281887861,0.2038772047048229,0.6753668903771439,0.2179864844464364,0.432231696516444
2008-02-19,0.4996647789224752,0.3219104812139477,0.3455083672457575,0.2054174452885116,0.6518192633819133,0.2204397930867204,0.4258655163153919
2008-02-20,0.4314561258346908,0.308826860781964,0.3452483024657031,0.206802403713865,0.5682776052652398,0.2125499127082203,0.3824155897782976
2008-02-21,0.432069159819732,0.2982764904737565,0.3003225567916696,0.1958573755859625,0.4514197860070617,0.2094702725205478,0.3823306153699287
2008-02-22,0.4501071660309792,0.2614754451160552,0.2312765207605653,0.1984043847011561,0.4448735174735435,0.2018428938078697,0.3893069055798391
2008-02-25,0.4507443242169204,0.2653310796314492,0.2363657186661932,0.1903030501984113,0.3868478210497429,0.1971203238370225,0.3669185396647569
2008-02-26,0.38671001530062,0.2600362060406597,0.2363557029339986,0.1820928742682699,0.3752833053252094,0.1944843308057442,0.3391642695687986
2008-02-27,0.3858697343145084,0.263814116015912,0.2437080133207211,0.1840195601440139,0.3741570827479994,0.1966996787817107,0.3276985832617483
2008-02-28,0.3873456857527433,0.2666965239845016,0.2500522335914699,0.2060514169103213,0.3639953147939846,0.2148237878275153,0.3363913330652018
2008-02-29,0.3928842221274093,0.2682978161696314,0.2513219932011661,0.1966469522083734,0.3791073680777871,0.2045537145036296,0.3654126183102305
2008-03-03,0.3981757781605788,0.2536578335186104,0.2522854645425073,0.1905548112646163,0.3715588538469632,0.2002450350853994,0.3650373300759605
2008-03-04,0.2871423555051782,0.2599367833620262,0.2639118691659659,0.189848955849378,0.345219636596871,0.1991116574767512,0.351075161956478
2008-03-05,0.2913359509027275,0.2491313843065679,0.2423933783935368,0.1721348006778415,0.3475832999485095,0.1865984087472536,0.3579437285981019
2008-03-06,0.2937655494074535,0.2516479652854697,0.2401722018684246,0.1725169379319974,0.3179416063337534,0.1821500534745994,0.3377949662823407
2008-03-07,0.3144754672042748,0.2395469897976951,0.2364091153573363,0.1760417960320315,0.3200493003330872,0.190165961928086,0.3418031459050536
2008-03-10,0.3157251164097248,0.2397865842266452,0.2399138154163736,0.2190558073953338,0.3236345543267617,0.2357586187665291,0.3414536764045086
2008-03-11,0.3215027244203337,0.2411403545511619,0.2438086223901016,0.2197722537730634,0.3031584549926772,0.2346119805439835,0.3463678427206292
2008-03-12,0.3271214318570469,0.2132531133532797,0.2166855633329567,0.2189270766662517,0.3447781276858254,0.2371514799376392,0.3641528749190542
2008-03-13,0.3215621547454277,0.2151715150854053,0.2166825924045783,0.2223464158704455,0.3421610977540026,0.2319484185047602,0.3663258812003116
2008-03-14,0.3302405276921798,0.2493869711877296,0.2537341761411045,0.22022924553131,0.3564421609304917,0.230937151617472,0.34816024362438
2008-03-17,0.347863467310434,0.2772296982087028,0.280978564918205,0.2659611627722001,0.3610156960421031,0.2749700700934641,0.3551648739444705
2008-03-18,0.3571414567315027,0.259495703641108,0.2693271159347897,0.2779831402047871,0.3707231187021175,0.2875971759824267,0.3692442421146371
2008-03-19,0.3489543872666443,0.2591491230945689,0.2674621464894834,0.2910297963418845,0.379027387167157,0.298041495211533,0.366470254739539
2008-03-20,0.3471833682694759,0.2575888375211637,0.2654299606395078,0.2893136433791932,0.3750473171198717,0.2959733611869637,0.3606102212647125
2008-03-21,0.3696946566065764,0.2555756424784955,0.2652815827361269,0.291082110215665,0.3747936152171165,0.3116190344174777,0.3438399001083931
2008-03-24,0.3602903212076727,0.2857260228052251,0.2887700771099517,0.2899468602206705,0.4370111073844916,0.3121833223714699,0.3522613025894693
2008-03-25,0.3406674833975552,0.2766987727697436,0.2852004870212318,0.2871624503661235,0.4379436246159716,0.3113072636040132,0.3324965526858671
2008-03-26,0.3721932466630214,0.2737430913551364,0.2842558583196803,0.2878312532051979,0.432261242672184,0.316398876943729,0.3326742863637634
2008-03-27,0.4077090511279157,0.2737591336990601,0.2838214776579046,0.2885444475796582,0.4279743382396666,0.316827737860175,0.3342266973952181
2008-03-28,0.4142930420239649,0.2685460243965011,0.2777155398222803,0.288664832216769,0.430881275564157,0.3172460554236042,0.3403515777844086
2008-03-31,0.4212362695456477,0.2812368679792091,0.2905480339091564,0.2989043030533261,0.4333052919231466,0.3278589962160227,0.3373922399940168
2008-04-01,0.4103355167434949,0.2807774180115832,0.2903359028843637,0.2991001807779473,0.4348924053534272,0.3269148760262796,0.3341132493098634
2008-04-02,0.4318129352536415,0.2793254888164956,0.2801592560992432,0.2986413574798725,0.4316986030161536,0.3269120836072131,0.3376275023871141
2008-04-03,0.433257304649341,0.2767319545809813,0.2715503795961895,0.2983430078031225,0.4316831662510073,0.3267097863308962,0.3387666059119264
2008-04-04,0.4622758841670569,0.2731082180137408,0.2677959597165325,0.2864905915461864,0.4324466615191662,0.3148434686883629,0.3353041663789379
2008-04-07,0.4637004903697378,0.2698134508810798,0.2654921792168044,0.2852073205071287,0.4128629840253456,0.3158198589144247,0.3182578269772366
2008-04-08,0.483078996819575,0.2650397847003277,0.2642038407023723,0.2806220957788368,0.4163051456393419,0.3099527438102813,0.3122427737316218
2008-04-09,0.4888445554006151,0.2641640575264457,0.2622005227913869,0.2542352709367851,0.4152931798723518,0.2850642689796164,0.3147937058069172
2008-04-10,0.488143866526451,0.2640468391642473,0.2652238898493642,0.2627597183397857,0.4159028589284131,0.3000999925785239,0.3249894005901578
2008-04-11,0.5147780132850017,0.2616862948406842,0.2612346132301458,0.262671403911579,0.3977673862569911,0.2997174549621985,0.3213759959483693
2008-04-14,0.5208369185442029,0.2610604752882133,0.2600679330475353,0.2516494596839652,0.397225526146424,0.2885179915833902,0.3156500842497987
2008-04-15,0.5118984978340188,0.2251424383063726,0.2149577226432266,0.2581612073330254,0.3438139532587334,0.2943895914370629,0.2821740498717696
2008-04-16,0.5007660169656833,0.2049530677354945,0.1878861536157477,0.219125268381583,0.3443593533625196,0.2630973414093891,0.2842515761765116
2008-04-17,0.5014187831174244,0.2014324778892503,0.1999374658946002,0.2060387478380075,0.3402496362204488,0.2564888529530423,0.2759298021829344
2008-04-18,0.4996599945598222,0.1967703865220989,0.2010829966858424,0.1931236041038,0.313507201883596,0.2486665083522442,0.2783383036226777
2008-04-21,0.5032539784182937,0.1978457444744727,0.2048299885608373,0.1964956418585542,0.312499038612768,0.2543270445972587,0.279406841404137
2008-04-22,0.5112566719406628,0.1976473692971474,0.2059051758370872,0.1905651456521172,0.3120021551147001,0.2375596191276163,0.2791131742734952
2008-04-23,0.6013420905718702,0.1689973450492069,0.1793535673087792,0.1914109332542714,0.2483713247515551,0.2387428760613387,0.2730976178056241
2008-04-24,0.601437854729634,0.1671118322716453,0.1797578267828664,0.1888064884730894,0.25191205061833,0.2371849628697421,0.2810395692506731
2008-04-25,0.5754347180612243,0.1657638768769611,0.1757317949887157,0.1831221405435847,0.2516246408380266,0.2255669954480096,0.2778967052719043
2008-04-28,0.5527675444528692,0.1641938274712668,0.1770798710166774,0.1808617283743886,0.2404928243886546,0.22207502421974,0.2746146313758309
2008-04-29,0.5648361628848011,0.1645344894487651,0.1772460245091729,0.1817563825924336,0.2289262963088971,0.2232997386998642,0.2589495427380711
2008-04-30,0.5420778081356142,0.1428812744923454,0.153217215547569,0.1493991675910402,0.2281948268163152,0.2097492314832521,0.2604729068435453
2008-05-01,0.5422992955656645,0.154112954134604,0.1568573280280213,0.1490871684804962,0.2142705684417026,0.2099208268847351,0.2325106221401238
2008-05-02,0.5376769635011364,0.1526708690126087,0.1548879404734806,0.1504939269633051,0.2109560869586187,0.2113727131415351,0.2285697404643905
2008-05-05,0.5389003510851149,0.1508176390900698,0.156616127282385,0.1520127178546808,0.2106102782919754,0.2122674691634044,0.2262859209480091
2008-05-06,0.5408634420337625,0.1484450384343714,0.1565683440224634,0.1661829372425092,0.229009484274478,0.222739342748127,0.2239825344019559
2008-05-07,0.5457562024152826,0.1469641035825039,0.1536386499099244,0.1651766619095133,0.2264219200959218,0.2211325361123679,0.22098348708235
2008-05-08,0.5094080983441706,0.1528385971681104,0.1554929485867265,0.1643216991722398,0.2279539867977078,0.216647657693827,0.2307590856111961
2008-05-09,0.5069454324169419,0.1519090661179834,0.154955176929709,0.1673512057356528,0.2268909270679557,0.2199387978643717,0.2252347670608447
2008-05-12,0.5114048126006412,0.1446270327412128,0.1422491738279054,0.148373814855337,0.2265757662936058,0.1943756319877917,0.2105346543461774
2008-05-13,0.4737534204355718,0.1369854926137943,0.1372950618721712,0.1470551566190031,0.1853970196742406,0.1913951359567411,0.1769969111430593
2008-05-14,0.4733372528803812,0.1328596491160574,0.1378327633323697,0.1493419271256306,0.1858588075224208,0.1946794621369098,0.1778561011763941
2008-05-15,0.4683800033030496,0.1130250583581062,0.1308142177726399,0.1324014588497521,0.1853642932438674,0.1778138010927392,0.1769659017628193
2008-05-16,0.4610583075758738,0.1077200022408957,0.130797357263979,0.1323710010389407,0.1800412001495388,0.1785954309636679,0.1683096641343085
2008-05-19,0.4676739522280242,0.1484883742477262,0.12437603916378,0.1248287508390123,0.1987202544349615,0.1646086738519273,0.1716513250796571
2008-05-20,0.4747073512809543,0.1483804549617234,0.1272763992362835,0.1372665130442976,0.189580762456188,0.1772699915262055,0.1755718634087203
2008-05-21,0.4804645076094332,0.1482652451799448,0.1221241121649654,0.1337528973459555,0.1968726825119902,0.171349299123265,0.1708201549420246
2008-05-22,0.463726494821464,0.156051575825696,0.1368482308508111,0.1414325189676922,0.1955681536863155,0.1704208560845874,0.1708267450146834
2008-05-23,0.3633389899325386,0.154853473325202,0.1364810688646608,0.1395187541620635,0.2012650107546578,0.1673625136712794,0.1898528911543251
2008-05-26,0.3635761914483237,0.1539935245600455,0.1317049117458933,0.139730737936136,0.2031928629635447,0.1740604377602074,0.1790470347596499
2008-05-27,0.3663073902507937,0.154154157119212,0.1357797512823627,0.1404793795955413,0.201202750246981,0.1740917254639799,0.1844800506523499
2008-05-28,0.366844322211709,0.1541544690192333,0.1339805548419547,0.1410162096424392,0.1986940729539726,0.1759163673703904,0.2113228722218279
2008-05-29,0.3268703355474666,0.1543424603059682,0.1320576434547432,0.1403154928570946,0.2005074160842041,0.1746378740487077,0.2161976551441693
2008-05-30,0.3287458729154734,0.156329589572546,0.1396790887161542,0.1321567742430583,0.2061954102406826,0.1554807628463103,0.2152132170998285
2008-06-02,0.3287839364638042,0.1406704139064929,0.1318517343079988,0.1324124049951609,0.2005148422924587,0.1561844425692508,0.2136880549929749
2008-06-03,0.3239611015973321,0.1476820496036807,0.1341520098965033,0.1318952239762625,0.2018688517081106,0.1578820725080073,0.2198402735676046
2008-06-04,0.3238594629099041,0.1489951856040252,0.1336345781280995,0.1462044955925259,0.2030273148881555,0.1675543362382329,0.2213991523064635
2008-06-05,0.295827478252503,0.1518817256458318,0.1451726334831995,0.1701240425147343,0.1903905341920262,0.1875198335317925,0.2234890568824424
2008-06-06,0.2829060012525594,0.151314345749195,0.1456172211958034,0.1694453824163622,0.1899590046551308,0.1881446159038938,0.2327778882516142
2008-06-09,0.3826271646794104,0.1502471624583337,0.1438718184222663,0.1683716248802594,0.2318537667953488,0.1885694633440356,0.2242437149104552
2008-06-10,0.3815295723494745,0.1573084593366475,0.1523631021159988,0.1711721709138493,0.2316211311986096,0.1930728194957864,0.2263156239257515
2008-06-11,0.3829465953666792,0.1656910915416164,0.1566569008232554,0.1720987721407357,0.2193245071876687,0.1936057941482363,0.2329730281353687
2008-06-12,0.3683327127529325,0.1661722605032647,0.1591222196340003,0.180518633154093,0.2239363189484676,0.2078045910647815,0.2302690233943212
2008-06-13,0.3704937250711902,0.1633293544177544,0.1593386739831916,0.175490189789768,0.2387442072603321,0.2031018800039162,0.2462988574081126
2008-06-16,0.3740651461814449,0.1664202385974866,0.1585766757071764,0.1757747354576704,0.2376700133671864,0.2040532258442245,0.2461448179648674
2008-06-17,0.4302413926525084,0.1650696196071057,0.1546030790368608,0.1770441927176385,0.2419922713039449,0.2066072372020835,0.2470335999623703
2008-06-18,0.457838130838248,0.1407641270543166,0.1489829178672595,0.1769017895331183,0.2423559173455433,0.2104370341642077,0.2579077874619372
2008-06-19,0.4586458587025198,0.1451160230890186,0.1598835975542861,0.179471740241088,0.2358487120322651,0.2161941421631254,0.2556307694430332
2008-06-20,0.4611122413041874,0.1512645649218729,0.1587368046007539,0.1788138752627646,0.2326194873398087,0.2160202679843143,0.2560927657050058
2008-06-23,0.468937652941959,0.1459572712971854,0.1509987511797502,0.1747325208215241,0.231895984099018,0.2157534107841818,0.2558994815515871
2008-06-24,0.4862412002838076,0.1487468957521862,0.1590414601332602,0.1766681078227661,0.2244760056425674,0.2218541595855118,0.2429829337894683
2008-06-25,0.4854059415929835,0.1682128916046162,0.1750257369266777,0.1974403645061454,0.2225930371341342,0.2409725073659167,0.2376622616230776
2008-06-26,0.497452596376553,0.1683484806809952,0.1678139509935364,0.1956713034624161,0.2281122140996852,0.2402744815551885,0.2433922706561187
2008-06-27,0.4973134175864089,0.1830114593893015,0.1664198133311683,0.1938682526192201,0.2268416195494397,0.2374198751720031,0.2184545271518695
2008-06-30,0.4975058705018969,0.1985884312921813,0.1668790513470014,0.1948162551210732,0.2243594472746666,0.2371855541095809,0.2098788918172486
2008-07-01,0.4946988203557939,0.1991432082258174,0.1653001243782434,0.1997466302236574,0.2204497786606764,0.2446847193336696,0.2095958594434435
2008-07-02,0.5058151496323864,0.1998848037822351,0.1693721988863013,0.2004722686549155,0.2226824270244406,0.2447693308243538,0.2050520860206147
2008-07-03,0.5049346076184599,0.1984046869651872,0.1714554654241109,0.2005462324884002,0.2275787115032717,0.2405965229981125,0.193866247625916
2008-07-04,0.5386580679093143,0.2110964135135865,0.1901493756147818,0.1831817063800792,0.2441497083100983,0.2264247874240692,0.198575440305076
2008-07-07,0.5414837967142043,0.2101104234257923,0.1851796998538703,0.1730276156034683,0.257911708868227,0.2288938619049507,0.2052963124798244
2008-07-08,0.56168171621061,0.2206241094156078,0.1926770882281497,0.1851311398522569,0.2813066406697009,0.2415691728848628,0.1974710719900972
2008-07-09,0.4977305138043135,0.2298109697396359,0.1952411541787709,0.1888343501729397,0.2475716381278316,0.246555087652034,0.1962380267060222
2008-07-10,0.4958679740986418,0.2387780898589547,0.2020636191705292,0.1848376522955775,0.2563335654359649,0.2379257998551472,0.1892752390583793
2008-07-11,0.4919022979788878,0.2358398680045991,0.2005999824891958,0.1842162930234996,0.2542381157274573,0.2381899240766144,0.1792134836845869
2008-07-14,0.4953109168658151,0.2446098613119706,0.2032354480652023,0.1728560817534374,0.2780197769626291,0.2228970191642029,0.1848688633219044
2008-07-15,0.5024855541753522,0.2442738550201831,0.2110919277764854,0.199844359104454,0.2675777973345261,0.2498735577454426,0.1500149005573881
2008-07-16,0.4948994042775081,0.2606321479072102,0.2200044460906668,0.2066526434259626,0.2830398490087853,0.2549966200753991,0.1579565130210997
2008-07-17,0.4762963381701571,0.2659183308777691,0.2300780788477603,0.2055945799394072,0.2804562632985033,0.2556044128234914,0.1520318558953813
2008-07-18,0.4281647968202176,0.2666287657332506,0.2320652205435686,0.2044913287005343,0.2917205910366623,0.2492881812681645,0.1403668150358779
2008-07-21,0.4170733991636666,0.2633065064295935,0.2220160212824768,0.2035590000479009,0.2916552015464523,0.2436659565537819,0.1774255347839119
2008-07-22,0.4072349264445196,0.2681250294362071,0.2279007395383357,0.2043591585350697,0.3056043538473589,0.2454735771919398,0.1816000602828953
2008-07-23,0.4126722645268438,0.2722858981808472,0.2316381376977094,0.2176843611414213,0.3027025857431243,0.2528179252431298,0.1981482310932958
2008-07-24,0.3982125266911812,0.2708883449778522,0.2269431431428922,0.2170198381517721,0.3066453541929603,0.2523995436969966,0.2084700604635781
2008-07-25,0.4009199740143687,0.258150364249429,0.2165343270494987,0.2029752258919327,0.3054370036621544,0.2352793995372134,0.2087030169779196
2008-07-28,0.3586596792166657,0.2580074955979396,0.2174762038469635,0.2194774583806237,0.3058326607264694,0.2502643062535238,0.2034180245896681
2008-07-29,0.3587233046812131,0.2595745429385874,0.2199268289951364,0.2269440741114849,0.3123575946781754,0.2481191389229552,0.2109346012111656
2008-07-30,0.3494348950877703,0.2445037132932356,0.2122253996210311,0.2309361094291397,0.3123340587624641,0.2477295780618689,0.2109347336666165
2008-07-31,0.3502052504962499,0.2448801586066403,0.2173714643749486,0.2230680461115765,0.3048832602478926,0.2343001640378484,0.2185391735816904
2008-08-01,0.3540277484786701,0.2430727195882888,0.2174990512694017,0.2250604487434662,0.2997558831945567,0.237642762029043,0.222125847275496
2008-08-04,0.3574335625549007,0.2555786468222345,0.2297017224643056,0.245309553165552,0.3134793069987906,0.2544537885282008,0.2221044377932772
2008-08-05,0.3234202638795205,0.2484488001697228,0.2217266520026299,0.2432351344908128,0.3040897980888511,0.2564159912059681,0.2381835210952369
2008-08-06,0.3221400531008493,0.2442506118252832,0.2153375898639516,0.2451345426009669,0.2824703315632247,0.2494789504398009,0.2248027362679516
2008-08-07,0.3255957018985936,0.2377858439287702,0.2116889914931088,0.2439877352059643,0.2701942557856131,0.2413795302395169,0.2250014100092037
2008-08-08,0.3631855431946616,0.2264479669974566,0.2065350879021195,0.24397603193813,0.2702237713400371,0.2415273575986007,0.2343427361582448
2008-08-11,0.3632289377565122,0.2033322783459787,0.1854494364847876,0.2446187144668232,0.2657726827451249,0.2393381510917087,0.2369468073840122
2008-08-12,0.3597807427105691,0.2112164955210597,0.2077060183583259,0.2422132866620634,0.2698163095204489,0.2336250020268214,0.2484992812806397
2008-08-13,0.3463634267915991,0.1916354778093084,0.1940398787876067,0.2379478339295494,0.2355005659082102,0.2342418381396681,0.2391761072320841
2008-08-14,0.3402455450843612,0.1936143824412283,0.1912164560857975,0.2250231914884214,0.2384908636358224,0.2155981340862139,0.2395759315757797
2008-08-15,0.3805501366340471,0.1751207712668745,0.1823349871044782,0.2291949928416899,0.225258452788566,0.2213462753904192,0.2401710288493353
2008-08-18,0.3577400334674894,0.1861732374656321,0.1909559242462939,0.23169187802045,0.2329153234748975,0.2219552382913728,0.2525751087852395
2008-08-19,0.4353139801713045,0.188383173914794,0.1905365431056539,0.2325429135505709,0.2205919852350557,0.2216276039659939,0.2526103085315435
2008-08-20,0.4479604129174298,0.186662384558805,0.1943704051844503,0.2281820208413459,0.2332142481245116,0.2203085979161752,0.2315273290675971
2008-08-21,0.4478732974050132,0.1980225871310011,0.1968620480183707,0.230999310544268,0.2064680504698582,0.2230131882747855,0.2286725281769855
2008-08-22,0.4346321356203162,0.1890476614082971,0.1923479458244078,0.2268681772801701,0.2470392569528079,0.2238096052553153,0.2230438248507241
2008-08-25,0.4383425455285826,0.1905374780350941,0.1942110230133191,0.2267816140410419,0.2439436569232074,0.2201941939772051,0.2152932334908138
2008-08-26,0.4318403909303742,0.1906247575104687,0.1891934648549021,0.2173787987883836,0.2557697681728601,0.208117190545796,0.2149632516381922
2008-08-27,0.4329307695474389,0.1944018910405852,0.1950836720549029,0.2092029781592683,0.2593197696450631,0.1966387765989923,0.2104920195425602
2008-08-28,0.443585472865319,0.1860228479866129,0.1922354035219907,0.2079478762468766,0.2543253003182034,0.2078835093924796,0.2196408198337411
2008-08-29,0.4479582533470519,0.1875725326780575,0.1918886553072114,0.202638183270706,0.2579606405251477,0.2077109404787638,0.227260794244906
2008-09-01,0.4436847204518785,0.1825490864522674,0.1932609348812536,0.2021573028672508,0.258293939797733,0.2083669042442373,0.2238154299690495
2008-09-02,0.4415703118413877,0.1979586854361427,0.1935391740574976,0.1995344490837807,0.2628066122710047,0.2058822752050572,0.2220560132203017
2008-09-03,0.4409418702317503,0.1996873425539105,0.1975960496054938,0.2017594883645181,0.2526259543390077,0.2127109576429965,0.2244181812166281
2008-09-04,0.4443606494785025,0.2116241143450097,0.2096623941076815,0.2021158540672792,0.2605089260837832,0.2069841558638417,0.2198930169984474
2008-09-05,0.445830550830013,0.2522884841987036,0.226251017254881,0.2064335084273032,0.3029233394150806,0.207285423677945,0.2514978205119212
2008-09-08,0.4299104657844722,0.2527779511855428,0.2257983723851546,0.2205263983473498,0.3046864205338991,0.2021530453391727,0.2565462692056393
2008-09-09,0.4008882834998197,0.2516879629546035,0.2232299740317734,0.2201343611669818,0.3129486778681459,0.2004124235648732,0.2438711863977649
2008-09-10,0.4116100063136043,0.2529564068192337,0.2233462386825959,0.224088849122308,0.325583873002576,0.208776635525487,0.2493028875906403
2008-09-11,0.4123661622343795,0.2567530339313459,0.2121337880086219,0.224341561784895,0.3232757482333277,0.2092199347463326,0.2456985710689227
2008-09-12,0.4129596129857478,0.287338246343562,0.2293864185010579,0.273465649572258,0.3221020506220079,0.2318806726968673,0.2457599809654426
2008-09-15,0.4301079143688859,0.3073172669444686,0.2336260618665358,0.2815683028514771,0.3657953320488358,0.2394386684956159,0.2929564498617696
2008-09-16,0.4059203264994955,0.3137512859570647,0.2383421510001839,0.3185218011605674,0.3797998562279426,0.2841121447232602,0.2935313559307181
2008-09-17,0.4012628438205504,0.3062815989920663,0.2285127192889071,0.3552750828896329,0.3773625822665525,0.3345506105843651,0.2930544729865148
2008-09-18,0.444832447410581,0.4275193678178289,0.2989391981209698,0.381598790596249,0.4967226327123536,0.3571262050994658,0.3256956117192712
2008-09-19,0.5155353219848027,0.4300243767204691,0.299145160119266,0.4026761986936281,0.4941357244293412,0.3824472403845732,0.3305852563104955
2008-09-22,0.516582009597149,0.4238812988815354,0.2928961627146336,0.4019060346289109,0.5102545403409752,0.3776133795128724,0.3303088755590028
2008-09-23,0.5173303896520612,0.4240203588375713,0.2923311932583396,0.3978948887763422,0.4934375801388578,0.3741483971665553,0.3239885856505473
2008-09-24,0.527401557335857,0.4310415815824274,0.2999756419186917,0.4046064787108184,0.4934976007311605,0.3792758065968782,0.3242378784158766
2008-09-25,0.5273408476802699,0.4330321983096586,0.3052292317787578,0.4035125629694774,0.4867440531571498,0.3769267069832337,0.3249970621566204
2008-09-26,0.5271290806282132,0.4609113864948775,0.3287618421844784,0.4995733144743012,0.5001661917362905,0.4836820302189219,0.3261409731723476
2008-09-29,0.5218929802900171,0.4660995939065889,0.3296956180995554,0.5385292234430518,0.4974942239644164,0.525477029264993,0.335544523020702
2008-09-30,0.51196110164725,0.4700353423642224,0.329343043996081,0.5383107109177622,0.4969705392922759,0.5253611295314995,0.3372694317161718
2008-10-01,0.5111500086161059,0.4708317275901895,0.3289596926682954,0.5523547446009425,0.4985441159405694,0.5423071819947104,0.3378573253156051
2008-10-02,0.5093480968844624,0.4773029734418016,0.3443907640142496,0.5526909072598154,0.5019522107300102,0.5428134083426981,0.3382964097363282
2008-10-03,0.5412535360387836,0.5408617941944632,0.4079902808761719,0.558053525602603,0.5236700126609333,0.5505631138626562,0.360340140727748
2008-10-06,0.5302021575265102,0.5389651817112481,0.4035889047103893,0.5831093434426925,0.5220929255743091,0.5760448079236363,0.3623363755546159
2008-10-07,0.5325513715320408,0.5377179467282008,0.4298303433832227,0.5731028464092217,0.5527873288589426,0.5728283591360047,0.4455546882731431
2008-10-08,0.5330615327862347,0.5375326579238694,0.4324991431782835,0.6131512326260063,0.5743814287333348,0.5903374280898769,0.4464685772978139
2008-10-09,0.5456086572714686,0.6053222902079309,0.4789646862671503,0.6092527173413301,0.6119601039447907,0.5880588357809698,0.5336502321022121
2008-10-10,0.549663401187162,0.6831897444948912,0.6328891478174447,0.7354746929709394,0.7143110695718973,0.721253294911847,0.5371153699542399
2008-10-13,0.5574065790840554,0.6913603163091023,0.64168523884317,0.7344378742520783,0.7264406266449948,0.7257643629417599,0.7351352702803743
2008-10-14,0.5583797705274273,0.718693601899846,0.6692824034860348,0.7787087600548843,0.7413481628022772,0.7678382921769513,0.7379965673157238
2008-10-15,0.5562047219276076,0.7297958491599056,0.6828843714651142,0.7940166504522571,0.7365367710054961,0.7961984785679536,0.8173664343043259
2008-10-16,0.5488355632077085,0.7587304198096071,0.6993469720269522,0.7831926851909116,0.7410402327873924,0.7841932840920104,0.8249910256109297
2008-10-17,0.5501179766765528,0.7866294458098975,0.7020712638192043,0.7866096381506249,0.7683235425931638,0.7742976662763293,0.8405992290097567
2008-10-20,0.4522112413531229,0.7180469604513058,0.6657301472734286,0.7703580528186492,0.6854091130149211,0.7658547215525605,0.8379455408345171
2008-10-21,0.3699664000714556,0.7278989173911038,0.6755708762420161,0.7844189434825168,0.6921701751906614,0.7690041147482063,0.855763800236157
2008-10-22,0.369021199966575,0.7315464003947042,0.6751899465818404,0.7892819238971331,0.6908221878132889,0.769276650182298,0.8546485294903009
2008-10-23,0.3675919616123838,0.744414996156519,0.6855900259796114,0.7920868780253644,0.7287127974903626,0.7701946244597568,0.8981369548005649
2008-10-24,0.3805387155366119,0.7359609866470459,0.6799549312349438,0.7853985049267775,0.8263263270854935,0.7646609700645802,0.9095309404193216
2008-10-27,0.4034220029004748,0.7435234200484109,0.7969475016400395,0.8806609216820482,0.9857122539895884,0.8468585687217118,0.9539462470060328
2008-10-28,0.4056166458465763,0.7854916033507637,0.7886535514775435,0.8330657440636641,0.9850695152332806,0.7952158271571873,1.0064676442069485
2008-10-29,0.4238726984486743,0.7837254664118486,0.7907885096222245,0.8141335727314598,1.0859776560312773,0.7744687392443782,1.069176052086739
2008-10-30,0.4224987648928134,0.7864135348915066,0.7982601755311071,0.8182179628975923,1.086479061479776,0.7781970272011431,1.0756711458939403
2008-10-31,0.4209581575173106,0.788091233709697,0.7969254205968264,0.8099838325979499,1.0916707287500529,0.7674971226243517,1.076283516176302
2008-11-03,0.4188978420654326,0.7995987621503992,0.8122277265387888,0.8245208307049456,1.0905275075091234,0.7767072177965985,1.103471070319341
2008-11-04,0.419336645177243,0.7539909257359657,0.7774501137303365,0.8336086046648522,1.088383252676138,0.7856502420004151,1.1095265147198174
2008-11-05,0.4223127421933486,0.7789268843385175,0.8114542855950256,0.8280792964782926,1.1119015609389478,0.7743198972681462,1.1269082747218824
2008-11-06,0.4257059795460384,0.7624814368169666,0.7923326437339059,0.8349737539369698,1.086107285343322,0.7797462648867186,1.0844723351236212
2008-11-07,0.5015542494441781,0.7617787430235191,0.7894953935113935,0.790875582188321,1.0869182135913764,0.7587705359930921,1.1030122190848566
2008-11-10,0.4909684328805624,0.7001176121816048,0.7707399876248984,0.7936132275677171,1.070096400029463,0.7621408627918718,1.050169602057303
2008-11-11,0.4728846635791971,0.6484305456066591,0.679404849882597,0.7108483725632601,1.0098002928342311,0.665417319466172,1.051511929515057
2008-11-12,0.4854163385131294,0.6380810588537268,0.6717605796014857,0.7541358814024519,1.0114603732892529,0.701334564455128,0.9599749734673012
2008-11-13,0.4960459136693148,0.5869045080270492,0.6367661504240669,0.69754671706699,1.0077729566389044,0.6580999847314206,0.9649495777749864
2008-11-14,0.476646648172579,0.5598259745575072,0.623328924271883,0.68454855332642,0.9970398712279398,0.6294118554033805,0.8738571610206392
2008-11-17,0.5278672730431523,0.5368264353094248,0.6117821534059144,0.6863043811005897,0.9975251260248854,0.6298595282575795,0.8717715991573373
2008-11-18,0.5603154750673529,0.5314496920859894,0.63116831448784,0.689465849499864,0.9769090759462056,0.6452724407313734,0.8618011094421494
2008-11-19,0.5628386201290034,0.5404049451400877,0.637299010953884,0.7158292349805124,0.9827974094511138,0.6517174930724458,0.8805537732993913
2008-11-20,0.5513740304865618,0.5253815294943806,0.624511614091345,0.7306783092009366,0.9781015086384458,0.669985842892539,0.8599255706652382
2008-11-21,0.5658170638626266,0.6183677622902446,0.7144183556408262,0.7642451617640944,0.9728869768633572,0.7088681902439363,0.8568397077493012
2008-11-24,0.5617672301376393,0.5902391089913813,0.69100040130496,0.7561365276721513,0.9353166564840668,0.7014302342378419,0.8010733689694504
2008-11-25,0.5099160095357101,0.5895606430226106,0.6906856013381789,0.7568938477604067,0.806236010804514,0.7120471830594192,0.7653793032899243
2008-11-26,0.5037382625087244,0.5891204119978523,0.5890949801155673,0.6679689050771618,0.673846090428392,0.6361535089035504,0.7411979248191028
2008-11-27,0.4999363126969848,0.529664810600643,0.5891223920303443,0.6684844913283804,0.677498861632334,0.6358393803184844,0.7000264651136506
2008-11-28,0.4952682629028335,0.5581058750915493,0.6196902306737486,0.7290628054326909,0.5401175131769604,0.6965045768205325,0.6179965459476189
2008-12-01,0.4889631267072425,0.5557016122277968,0.6237649351143375,0.7422318199910523,0.5607703710449639,0.7095985413375872,0.6329595168631161
2008-12-02,0.5018986020200005,0.5544569786444089,0.6237718583714937,0.7498354654451996,0.5545600298879249,0.7196766473208802,0.6371042762138185
2008-12-03,0.5010505356007781,0.5299580559354865,0.5950297107797458,0.7369385355342677,0.5543484722524945,0.7118683766001559,0.5955488125195894
2008-12-04,0.4939290215760177,0.5318729872163322,0.6044417126652744,0.7321272672696088,0.5499115184119974,0.7123926654606589,0.5691678738700326
2008-12-05,0.4904983946981443,0.5400896498364768,0.6202154459072681,0.724533846663537,0.5647919488705841,0.7139339029978451,0.5622647119012829
2008-12-08,0.5031159499329363,0.5388823221750249,0.6152764639011381,0.7215527866841858,0.5607971814980411,0.7099372663815483,0.5507570819148863
2008-12-09,0.4537278069362668,0.5380911184076506,0.6121551160138107,0.7220025529013439,0.578495052789099,0.7092117299346615,0.5250385440591258
2008-12-10,0.4577905312108923,0.5228980469374633,0.5845062560400419,0.7247019833450707,0.5491072791195767,0.7163527058905286,0.5160527125597562
2008-12-11,0.4802657191078838,0.5276182030198509,0.5801835605931988,0.7011451551363649,0.5859675862329063,0.6969685233365273,0.5495164639889253
2008-12-12,0.465219194946021,0.5274552155347072,0.5798601822032482,0.6626512928433059,0.5540542266661496,0.6649728373669708,0.5460281006164881
2008-12-15,0.4539948676468435,0.5256172792273444,0.5807598793293683,0.6690346509766751,0.5503140950433172,0.6666609826210611,0.5406868978706599
2008-12-16,0.4471871256615072,0.5181680637568786,0.5691053384382838,0.662996010432406,0.5526522231124117,0.6614456521725894,0.5404492360444527
2008-12-17,0.3900920038330894,0.5149531061713045,0.5697628221475428,0.667423689514603,0.5208010792626209,0.6649265231958378,0.5342149438139508
2008-12-18,0.3356340962270949,0.4848235611360649,0.5418806754631315,0.6270807604612718,0.5297549176830386,0.6174946980701619,0.5347505470890136
2008-12-19,0.3347543775039395,0.4697450978080255,0.5310432339748954,0.5767396456121925,0.5222805679781609,0.5909744415380268,0.4690572992402924
2008-12-22,0.3697865764764487,0.4587493085531428,0.5232836628076191,0.5452400151222355,0.5301112465699279,0.571794001138918,0.4634030030063586
2008-12-23,0.3525927658923047,0.3366378012132313,0.405718667030025,0.5034263256062483,0.5255578613417642,0.5347436975988661,0.4731661151315416
2008-12-24,0.3528511016292012,0.3363857717611834,0.4057204230450474,0.5030293791507369,0.5167947227704295,0.5342756290977114,0.4430537501461957
2008-12-25,0.3522740222700611,0.3359347855784912,0.4057207725737889,0.488718261734559,0.5034519343109105,0.5120687480102036,0.4424364760350957
2008-12-26,0.3498871929697232,0.3405846698949545,0.4020459893386929,0.488821475752814,0.5026938228917815,0.5139685531217202,0.4385736724483154
2008-12-29,0.3415910606525464,0.3417621909346909,0.4087454231048502,0.4950083567533948,0.4973576437098633,0.5220302608187077,0.4372912978244618
2008-12-30,0.3387032331773281,0.2828417497319152,0.344975192742967,0.3699152204115604,0.495844534895393,0.4030567787309201,0.4339434704549994
2008-12-31,0.338743419416377,0.2929636363397341,0.3474846713820156,0.3618097540488861,0.4809270541223485,0.4013229881592751,0.3611198455212552
2009-01-02,0.3293416818862081,0.2919840718122588,0.3473113157080346,0.3548746509666279,0.4900744937336382,0.3932129579622038,0.3623889328113467
2009-01-05,0.3397881764259062,0.292621783721288,0.3472236553098006,0.3356985162971524,0.4894466257552733,0.3734219532956811,0.3582288226853422
2009-01-06,0.3383230623516916,0.29387466649489,0.3187917255267212,0.336590622473745,0.5033308173012734,0.3714011289189721,0.3592099369076714
2009-01-07,0.3188064427502284,0.2194161226067283,0.2133270232433933,0.3115221285623107,0.4372351220021912,0.3479963409340832,0.3581463097850351
2009-01-08,0.3160622489248707,0.2166620539343419,0.2208075370891074,0.3099092296503714,0.4327740238925049,0.3580678775977781,0.3585016699554736
2009-01-09,0.3052622889940972,0.2171429944643226,0.224566200781748,0.316280127991223,0.3944267331288321,0.3631683713670947,0.3437970585745635
2009-01-12,0.3029141619188169,0.2177346792325859,0.2306310377131346,0.3010045121731405,0.3975876089677119,0.3393185317102919,0.382098188177952
2009-01-13,0.3032020577242749,0.2660614772358415,0.270548573565376,0.3207845146400281,0.3559883193117271,0.3551203412392527,0.3274729560724879
2009-01-14,0.3027587898878749,0.2698058498406817,0.2766696445061565,0.3186256707021245,0.3611308870941064,0.3520508633619884,0.3224331898644599
2009-01-15,0.3086784418441701,0.2694079944989383,0.270681861146217,0.2641352819202786,0.3597397503056567,0.3023854273904605,0.3355157267602064
2009-01-16,0.3138943463223365,0.2699184767008879,0.2719986438230923,0.2633519368552169,0.3492475077269977,0.3019280480631595,0.3350931079236272
2009-01-19,0.3067511203123728,0.2696357568058253,0.2710756060013472,0.3104618822716548,0.3554736072586124,0.3574247833624155,0.3413683346532195
2009-01-20,0.3069774093689951,0.2689388257217485,0.2718669652281689,0.3482439086098731,0.3587615429625602,0.39184294673275,0.3458873334172448
2009-01-21,0.3045076569553439,0.2679933115437242,0.2711183459567432,0.3466513331421861,0.349892246308188,0.3968502038342357,0.3481980819546572
2009-01-22,0.2569927243892831,0.2677864092152121,0.2715793689213015,0.3465554536448316,0.3416607498155984,0.3978328077384181,0.3675591139113881
2009-01-23,0.2472841039773506,0.2986771148000704,0.3024920816526138,0.3464979208664396,0.3420438085764353,0.3989909461811332,0.3618263022267574
2009-01-26,0.2454358804476984,0.2988971161177592,0.3024069111426704,0.349073885446639,0.3420438085764353,0.4008448311125214,0.4014362930288389
2009-01-27,0.2453519991945811,0.3097356518729141,0.342206798036656,0.3673641994231607,0.3420438085764353,0.4183970050030616,0.3969771418021194
2009-01-28,0.2452536091466287,0.3098721580252388,0.3423521372343019,0.3846457594720123,0.3790669946120869,0.4315064209705172,0.4032103880286379
2009-01-29,0.241345316324562,0.304122677092725,0.335476248112359,0.3803693442129068,0.3815480968847143,0.4264414069871603,0.4107913286280187
2009-01-30,0.2394623825117502,0.3049982107021431,0.3370220549283399,0.3754923728736201,0.3901451552658638,0.4242052732988598,0.4119172269363865
2009-02-02,0.2477617646297303,0.296610256944128,0.325523971308873,0.3615132181253435,0.3482046482597837,0.4085445570947163,0.4114828375373058
2009-02-03,0.2370105219094214,0.3027475591242373,0.3427361258625114,0.3616299262122344,0.3333238917604708,0.4086270265375051,0.4168987808716856
2009-02-04,0.2226133254746141,0.297434986516314,0.3409875537647189,0.3662923340173019,0.3378410903599045,0.4119848957518603,0.4159288423281152
2009-02-05,0.2490843671391765,0.290764199052046,0.356536794194984,0.3686757141485537,0.3534389250471879,0.4114529520853657,0.4149819586539595
2009-02-06,0.2295468526416334,0.2913968362979368,0.3559391665888312,0.3684006142308004,0.3334462298497787,0.4094785106485396,0.3982861055901769
2009-02-09,0.2312331773448618,0.2972631727781281,0.3686788044505752,0.3984177299938037,0.33519768223744,0.4238531919974537,0.3983419049317385
2009-02-10,0.2309965775181344,0.2981700294514416,0.3675960701612277,0.393945647306483,0.3317671307116093,0.4182922978978471,0.3983419049317385
2009-02-11,0.2152836784316234,0.2984588594144195,0.3740502093166662,0.3939435238836545,0.3327653624658732,0.4187142535960952,0.3782857663983894
2009-02-12,0.2115004383600173,0.2432190163032847,0.3382217835733841,0.3785669868541089,0.3439372121385713,0.3978794017757485,0.3804075167950565
2009-02-13,0.2174115333630431,0.242417937684102,0.333383561264961,0.3785015646923292,0.3236851522814879,0.3950190115447103,0.3424807250526873
2009-02-16,0.2533542548280514,0.2552965871752161,0.3530208094427231,0.407281886081269,0.3500629389154353,0.4187029489317199,0.3308016237153817
2009-02-17,0.3144705097243667,0.2544678518992868,0.3512930783701641,0.4071998561369645,0.3498437333858326,0.4186554960904825,0.3320583523649281
2009-02-18,0.3145981627762999,0.2545806676632649,0.346431023936856,0.3670577621299297,0.335674310069849,0.3703493789464042,0.3256716889998108
2009-02-19,0.3145175521410326,0.2758619933388795,0.382504837705359,0.3331874574340899,0.3314517214848047,0.3344613717037045,0.3246228046246524
2009-02-20,0.3175731179762444,0.2771764361559168,0.3861351640050708,0.3479267572794308,0.3533533617948469,0.3451314621417605,0.3154163409726175
2009-02-23,0.3626866964531081,0.2779226861515881,0.3862952953740326,0.3776312423145263,0.3676759269002389,0.3704070900892173,0.2932468702224819
2009-02-24,0.3623953503862404,0.2418369799907338,0.3630293416317793,0.3770558880245963,0.3712399342336371,0.3704496123521776,0.3084470485344316
2009-02-25,0.3918847975691176,0.2522934092484327,0.3769142451863374,0.3752110511817741,0.3727694001773861,0.3750162502939484,0.2539460215922308
2009-02-26,0.39832465949521,0.2411421833421308,0.3416749250553795,0.354337784158761,0.3736505057287653,0.3496739921102418,0.2596847833204876
2009-02-27,0.3983802549780276,0.2873915700130148,0.3522143058873534,0.3694987546875931,0.3632641536873442,0.3578773018085925,0.2752855689543956
2009-03-02,0.400709171234372,0.2998010526983619,0.3495238489561989,0.3659142706979886,0.3667348688678523,0.3540837896043964,0.2595609101132372
2009-03-03,0.4450850362966075,0.3336747937405463,0.4027932537646951,0.3803385187006257,0.3657228144365292,0.3636131971905923,0.2603039750159899
2009-03-04,0.4400421266159233,0.3324165717957524,0.4199767758084581,0.391139395869153,0.3663675256535441,0.3768791555528515,0.2712669595309275
2009-03-05,0.4378273473043366,0.3238271503948969,0.4020661829241782,0.3927448467610259,0.3630061765728382,0.376366578934352,0.272968184955478
2009-03-06,0.4544018053148304,0.3250024862676062,0.4033866318969313,0.3824543635034658,0.3907610503235318,0.3654359791689411,0.2732655875978934
2009-03-09,0.4387209199725792,0.3687567891377513,0.4344631033427107,0.4375220883242381,0.3844057971773136,0.4324798421391853,0.2629262878014072
2009-03-10,0.4336045339366915,0.3670005502510117,0.4353021062608755,0.4377979894872278,0.3919945815066461,0.4357117681858747,0.3121950897692312
2009-03-11,0.4278833930742209,0.3650004493598801,0.4285720478718825,0.4408427040470477,0.391101745615371,0.4422417716487885,0.3200756332982339
2009-03-12,0.4278761319295305,0.3677482845179739,0.4271298859345056,0.4407713897573116,0.4191590954007516,0.442242191584837,0.3698671756055796
2009-03-13,0.4303721749709365,0.3855977650447374,0.4309284303782547,0.4402493620800573,0.4328130253640116,0.4439740148383184,0.3612313919613777
2009-03-16,0.4284735668963925,0.3856503910794683,0.4318522942256515,0.456427274624935,0.4238728721835049,0.4691126702837788,0.3753603749054601
2009-03-17,0.4144575853898275,0.385779988563324,0.4318754448144427,0.4632222595952455,0.4291410394466859,0.4749270465665592,0.3750265507906113
2009-03-18,0.4097650709110662,0.3791390415624099,0.4205009455490639,0.4374751745478789,0.4080068970906421,0.4524466883396081,0.3717276077495018
2009-03-19,0.3742952703788502,0.3800860730459187,0.4213820840255066,0.4425217610158694,0.4152286061004491,0.4566101215435075,0.3672593109170043
2009-03-20,0.3786272680965192,0.393331471282562,0.4315283901234847,0.4988660084259862,0.4451530641784594,0.5031647588003122,0.3819231632641631
2009-03-23,0.3759315325485133,0.3785856134928296,0.3960603688595276,0.5028857039600475,0.4475661425064208,0.5125227132951082,0.3850378152879354
2009-03-24,0.3772486165217223,0.3770581134126414,0.3890559533471435,0.4854769858571813,0.4396040345913451,0.4925364865806174,0.3837230141277939
2009-03-25,0.3527001191673734,0.3759740403883051,0.3863828692696799,0.4743173435058985,0.4397532176082901,0.4917334606163096,0.3782186222443903
2009-03-26,0.3527697234045794,0.3759935415426259,0.3865913249178832,0.478955246460245,0.4379609174136403,0.5002503455017356,0.3735914578974351
2009-03-27,0.3212242696059241,0.3901202186102319,0.4233085734320458,0.4925464050943168,0.4705420911516234,0.5033759816308211,0.414116095148355
2009-03-30,0.3106323116492105,0.410492830020272,0.4197934481424654,0.4850403022671281,0.4701110490775353,0.5032610640735283,0.4177866174365175
2009-03-31,0.3119736941242889,0.3596103394227481,0.3980372305901627,0.4507399703511115,0.4469366763640677,0.4775444818863651,0.3989616798985008
2009-04-01,0.3061403454586459,0.3581351296701704,0.4359303111175989,0.4539811290802238,0.4899990485492156,0.4838357576035113,0.4147526478691221
2009-04-02,0.2450246603102239,0.355935608634908,0.4059926441091011,0.4508087655887564,0.4872071589066116,0.4808076732231452,0.4151088171461018
2009-04-03,0.2444810352757226,0.3350823500250587,0.356417746186937,0.417530128166969,0.4891939034385075,0.4533229828099883,0.4135315341336186
2009-04-06,0.2375421708603009,0.3425536982480433,0.3556323615624297,0.4319153081160524,0.4775907133637687,0.4693006919443387,0.3859821497068545
2009-04-07,0.2455408795695546,0.343155647255297,0.3556344715411489,0.4272212783757192,0.4530249779553206,0.4594148132797076,0.3992917856529966
2009-04-08,0.2427538072350919,0.3102093164570575,0.3304448382838512,0.3981226445756725,0.452383690197058,0.4237217809152219,0.4071519738650929
2009-04-09,0.248940624448567,0.3088226517707881,0.3311844009013293,0.3986114395998191,0.4526737747037808,0.4247729906403787,0.389232783058085
2009-04-10,0.2576717536886282,0.3089860286817879,0.3314386062857009,0.3822148253451732,0.4537731337084356,0.4114047461026654,0.374328988600553
2009-04-13,0.2554620484453185,0.3077446356657022,0.3319017858778809,0.3924024475381875,0.4553655065578883,0.4190140784871496,0.3504863929335843
2009-04-14,0.2555198925440218,0.2942655410600196,0.3277647046088268,0.3920471021336859,0.4464513604486233,0.4099608140816502,0.3536975514984224
2009-04-15,0.2441537879340291,0.3015667153750635,0.3212136688758168,0.382840939135727,0.4455984540633184,0.398630965822862,0.3420597057226682
2009-04-16,0.2514858008778521,0.2971664633712038,0.3218878182057632,0.3787232488743049,0.4448980854760115,0.3958905192571565,0.3447453467747317
2009-04-17,0.2531556541083854,0.3124658380506851,0.3609969156716981,0.4084707836284017,0.4442605087905479,0.4228838175963046,0.3436818622810362
2009-04-20,0.2574761816739873,0.3121382988527139,0.3609817143689651,0.4046946198228486,0.4507987621748346,0.420025076466513,0.3576238516220775
2009-04-21,0.2772286644845685,0.2996987092529125,0.3573997235690943,0.3370692647482966,0.4437095741352868,0.3623365374289828,0.3423436701653252
2009-04-22,0.2770682636585906,0.2973616082809069,0.3618051769223718,0.3291639562333195,0.4362509224931962,0.3483515892546351,0.3281490088238809
2009-04-23,0.2672317706372618,0.3164879882321754,0.3720503885917195,0.3318483662801719,0.4272163032953907,0.3555194292032704,0.3335132180715136
2009-04-24,0.2579275817648074,0.3162478337964458,0.3717947241492574,0.3265428555070812,0.4273424410938723,0.3386269989978407,0.3280316086306338
2009-04-27,0.2575355543097738,0.3218564869069142,0.3753256647131019,0.3176904898343121,0.4336205661976423,0.3232850564924368,0.3409892925702745
2009-04-28,0.2714813288530896,0.2992931235270374,0.3209096200407924,0.2943978386743013,0.4044278489028814,0.3082100119075103,0.3001453958974914
2009-04-29,0.2711232957141389,0.2700255678512647,0.3166284868501229,0.2934561289694641,0.418788076855981,0.3054882371600375,0.3188998066587861
2009-04-30,0.2674549442470487,0.2699171141846376,0.3171199069303358,0.2902462722021799,0.4177995964390765,0.3038280560653276,0.3094255743658734
2009-05-01,0.2873964626178383,0.2323909923080119,0.2689438684829718,0.2957834773665972,0.388005954992764,0.297116765091986,0.2753749201770499
2009-05-04,0.286907406676742,0.2250900703523357,0.2735310391056032,0.2960874855031217,0.3878718454196113,0.2975866555585688,0.2753035917702796
2009-05-05,0.2877098237477793,0.2232181891184486,0.2698246002810837,0.2967812520579921,0.3835415378787471,0.2940559167924885,0.2724789740692074
2009-05-06,0.2872150382321593,0.2119626160408667,0.2765497833666091,0.2863643090962265,0.3861487859018119,0.289238199983209,0.3098027994753782
2009-05-07,0.2480796290021759,0.2128860941645997,0.2828979913711323,0.2926796556630412,0.362743652621921,0.2866900983142731,0.2909111631434745
2009-05-08,0.25749929943273,0.2140315170272805,0.273136904619444,0.2834633417464968,0.3650734439524911,0.260975993881724,0.2672097370534751
2009-05-11,0.2477021856525306,0.214784461198,0.2737043529883267,0.2835951643022659,0.364519068177452,0.2635613162893029,0.2745764254671377
2009-05-12,0.2371721020588772,0.2321409605759722,0.2917875884759269,0.3011521939664107,0.36614767609904,0.2854040185561521,0.2738575308716597
2009-05-13,0.2401581972625265,0.2322367563289994,0.2885523589942905,0.2925095736836292,0.3601176783067532,0.2827580416224809,0.2885976628189015
2009-05-14,0.2400978917099401,0.2314364684563783,0.2883971920649954,0.2941375065759579,0.3623836106486775,0.2837735927824609,0.2907173758965606
2009-05-15,0.2399255911409018,0.2326020863509009,0.2956897856396023,0.3061707456700997,0.3627131524454994,0.2884530101444214,0.3051455612947895
2009-05-18,0.2356255866675384,0.2321745082411765,0.3003981574115899,0.3063054576582413,0.3730989846482246,0.288456053731817,0.3133335832546094
2009-05-19,0.2301064790390785,0.2096037731034032,0.2588783030439719,0.2618269907735157,0.3740502467072202,0.2500583981924787,0.313614559102681
2009-05-20,0.2349836391717359,0.2370518462713214,0.2821249971338294,0.2632100063828037,0.3612308787553925,0.2518051058794257,0.302175795065157
2009-05-21,0.209116705447818,0.235820555578663,0.2759684423613255,0.2612919982625321,0.3461958233705449,0.252054692606124,0.3030810972847541
2009-05-22,0.2091973163960756,0.2349895559903745,0.2708263659426862,0.2599836533347757,0.3415195692936462,0.2519350304745796,0.3028354054515292
2009-05-25,0.2103174860718601,0.2114657135399829,0.2575625620010609,0.2681293102112544,0.3442851467186921,0.2635090616814793,0.2967900578610696
2009-05-26,0.2027675548332929,0.2115436227420967,0.2575228422721231,0.2747947055669653,0.3579100479505188,0.2646975328247212,0.2989167383182811
2009-05-27,0.2022894927666685,0.2025496959737666,0.2530576803166538,0.2779460533277885,0.3455717446095817,0.266454530064979,0.2788380624404377
2009-05-28,0.1850475841879656,0.1912076198724461,0.2451060593849383,0.2728036438094756,0.3406203158381575,0.2594285094439391,0.2784253718977502
2009-05-29,0.2112285793347389,0.1971175963506431,0.2743341606336967,0.2834820772533539,0.3423660988676844,0.2768657843229947,0.2555028327727765
2009-06-01,0.2109929433044062,0.1993942548326915,0.2742922576575865,0.2834461853440424,0.3621926113884486,0.2768421712387707,0.2515996654905263
2009-06-02,0.1939419130238263,0.2147272750872774,0.2691974007303335,0.2681597341343922,0.3233697234581612,0.2664703215970028,0.2512869432138234
2009-06-03,0.1957342995854408,0.2022257657338001,0.2660804847356345,0.2696886278441115,0.3249299447487303,0.2680245867797163,0.253881483631714
2009-06-04,0.19628340252155,0.2008210512498041,0.265757842880818,0.2644344729595335,0.3183809904540765,0.268179060998468,0.254598740522108
2009-06-05,0.1964350631415566,0.2026303926919758,0.2646284605658685,0.2596917418311683,0.3251352437344784,0.2518240151095874,0.2116475274390771
2009-06-08,0.195027336929598,0.1962441902819413,0.2543208287123567,0.2476592785830015,0.3271000494303049,0.2504087600305695,0.2142002862378429
2009-06-09,0.1824751839548549,0.1969837637933594,0.2536253795854055,0.2352505437609662,0.3433628984480774,0.2501753856791393,0.2236793552462702
2009-06-10,0.1817330224696421,0.1977038445358901,0.2550472422154196,0.2355840387550746,0.3436312893428516,0.2465847204405832,0.21395306692055
2009-06-11,0.1893319764779099,0.1829570659628394,0.2368674130362502,0.2119499801291027,0.3419338097460663,0.2158501479516784,0.2178538076237317
2009-06-12,0.19229999176356,0.2038764823769856,0.2715136633161726,0.2291343091126449,0.331054852549984,0.2326199891514032,0.195574537733541
2009-06-15,0.1939124679044307,0.203628686847124,0.2714901347642837,0.2300799052698237,0.3381306060723304,0.2360209806932136,0.2192147492746252
2009-06-16,0.1968579356590551,0.1904821355095278,0.2675179999561461,0.206828113978013,0.3371784940255463,0.2154545282543726,0.1979285757115331
2009-06-17,0.2005604476144138,0.1875416199888567,0.2573655450364858,0.2086037820003259,0.3289678816005497,0.2155653365647238,0.1881557224220425
2009-06-18,0.1966547312415046,0.1962461995853461,0.2503342848667552,0.2077879144967323,0.3295019210955185,0.2166166288037071,0.1890135803760341
2009-06-19,0.1844218105968607,0.1933468324355909,0.2540051703892463,0.2270033149461009,0.324471038564195,0.2394355350535754,0.1851976422247511
2009-06-22,0.1824745103589518,0.1922847687438257,0.253816037187823,0.2270186078279792,0.3401333670995175,0.2392436035835658,0.2124214794143406
2009-06-23,0.1833483646248069,0.1973797429290895,0.2721655582324518,0.2279416484207348,0.3459605367404679,0.2434140547449119,0.2087703808469244
2009-06-24,0.177855461215646,0.193878224579173,0.2681281255712749,0.2221252440596141,0.3500467463743632,0.2263448407188186,0.2185504288869155
2009-06-25,0.1736821928053891,0.1936694472070529,0.2678006740785516,0.2111493526057029,0.3111094674705646,0.221622952811307,0.2159422335965882
2009-06-26,0.1767258516105457,0.1987194211249631,0.2768383346065602,0.2071849175664618,0.3116496043470971,0.2192488665482961,0.2194992736198954
2009-06-29,0.179666398702653,0.1991570269027757,0.2815041986828456,0.2046818879921056,0.3090502146468306,0.2172948239125111,0.2254636794393802
2009-06-30,0.1561682450331678,0.2011809061836993,0.252938547236513,0.1846238422109702,0.2778001025145016,0.1930485547685737,0.2200913583556196
2009-07-01,0.1612935080695077,0.215469052887528,0.2815001315029352,0.2080208874534327,0.2652086666145602,0.213472652501002,0.221515236825881
2009-07-02,0.1537177446173414,0.2052595418170773,0.2773439423856336,0.2041174484741641,0.2626282150379234,0.2127709774798122,0.2224300020766728
2009-07-03,0.15202585588283,0.2069402503675859,0.2782340551242721,0.1994038450119009,0.265327889853188,0.2074030765331647,0.2261427573115455
2009-07-06,0.1587791934408365,0.2011335971408097,0.2784800997091881,0.2082397374929292,0.2630289000220329,0.219993050507799,0.2234989910927297
2009-07-07,0.1610929892340514,0.2025934505118181,0.2763339405968746,0.2081780784422455,0.2533044426797704,0.2202069277839347,0.2334370112083532
2009-07-08,0.1636828065054059,0.2039096742224883,0.281897509454096,0.2081945140550232,0.2516350167305214,0.2170351980249187,0.2360384431230086
2009-07-09,0.164885460033595,0.2014773081363813,0.2786068226197944,0.2082185916071944,0.2075933582018927,0.2175682525608013,0.2216662727874752
2009-07-10,0.1687253116582018,0.2120937255210584,0.2999443854356683,0.2265741476408058,0.2216176107170869,0.2304361356816877,0.2341432276161827
2009-07-13,0.1551065909908678,0.215294713652073,0.3043970470445361,0.2276925592739804,0.2580938902106962,0.2311427086622321,0.2432867330648287
2009-07-14,0.1531145960402378,0.2164670247504904,0.2998129455140229,0.2368908498597048,0.2607949600166613,0.2480580557459574,0.2430316347817601
2009-07-15,0.1506417508712331,0.2167536714997028,0.3003791423858859,0.2335887660959227,0.2538794865741887,0.2465417802843395,0.2285607771403345
2009-07-16,0.149774184966607,0.2132867541154922,0.2925926195716518,0.2334697231698775,0.265120800858805,0.246078863146457,0.2268460042492384
2009-07-17,0.1587976595197383,0.2166326907904931,0.2933624568330145,0.2347492295019059,0.2806804520456979,0.2482428272532115,0.2229303149291665
2009-07-20,0.175869556280565,0.2128446688205499,0.2955775412954752,0.2347952364820807,0.280681081461007,0.246511873946585,0.2408756915145295
2009-07-21,0.1892795390736838,0.1892788364555925,0.271517644318452,0.2045679342700969,0.2860180903356298,0.2103798726293363,0.2418921866080067
2009-07-22,0.1879359756019594,0.192953040965468,0.2799950990577463,0.2154450093665793,0.2753039723462239,0.2204313794569351,0.2214801331337264
2009-07-23,0.1889295697398323,0.1906877355957613,0.2699735687780937,0.2152707041394105,0.2707653401106318,0.2192435208079771,0.2264868073850371
2009-07-24,0.1919602463575788,0.187771278429741,0.2671874976114179,0.2062106916582954,0.2664306673030189,0.2116119601245204,0.2204945221582521
2009-07-27,0.1920241673474078,0.1944820020405785,0.2731111396099095,0.2065380833171023,0.2667929173866139,0.211562456372674,0.2191562420704766
2009-07-28,0.2733382417883644,0.1916583089083446,0.2699960073476043,0.206833372716319,0.2827673000759867,0.2129646425394563,0.2159980368479783
2009-07-29,0.2742439972764997,0.1928387591550045,0.264725339741146,0.205498153403836,0.2796090910084642,0.2118251933794326,0.2087315571280867
2009-07-30,0.2815781425944363,0.1847685237374438,0.261345254556544,0.2056224429776035,0.2821410043188155,0.212771774810108,0.2168456376442782
2009-07-31,0.2804943309197459,0.1619676920192923,0.21685779914431,0.1737424450438012,0.2769075179344335,0.1873225998300466,0.2150291304982559
2009-08-03,0.2803859794616383,0.1631145882764964,0.2166873928799853,0.1729816981613468,0.2773766605398983,0.186940881538043,0.2130371343415956
2009-08-04,0.2856526621297089,0.1589737659976255,0.2165223259335362,0.1749773388934398,0.2792518550644613,0.190057670851767,0.2112967501815257
2009-08-05,0.2940061813789107,0.1579559977237738,0.2073858695477032,0.1563484802390941,0.2792054615198973,0.1706341205277528,0.2130499433319496
2009-08-06,0.3136257050251657,0.1471622313265429,0.2046678749470442,0.1562031797665674,0.2962368585648752,0.1717806665796329,0.1901836777551692
2009-08-07,0.3117098989275331,0.1496062547459883,0.2105757961591552,0.159376828773758,0.3040343140228705,0.1749480841758898,0.1795263031621952
2009-08-10,0.3113796967827142,0.1534286259378786,0.2284380453403119,0.1684214953303861,0.3010564994198796,0.1840607031702812,0.1782315720146781
2009-08-11,0.3521427283103004,0.1478815580308935,0.2119713363924463,0.1560057605444942,0.3079414173552143,0.1787309656514825,0.1565009489709357
2009-08-12,0.3461864468327561,0.1478157885736483,0.2110551878312677,0.1561305950274905,0.2952055304177422,0.1786743868433009,0.145157809322901
2009-08-13,0.3570023504547773,0.1368041283679961,0.2054142706449835,0.1372734454729966,0.2916713238689299,0.154129329464558,0.1441808845210625
2009-08-14,0.4066356229350237,0.1503703515638018,0.2203777406779372,0.165115177831312,0.3259412501171273,0.1825993397130721,0.1919647370357144
2009-08-17,0.4109963103475652,0.1513001796925716,0.2216401215720838,0.1672124953683861,0.3188441085621097,0.1869149536478422,0.1921278602315101
2009-08-18,0.4195208559965442,0.1476689254594295,0.2206760015844431,0.1649601219522423,0.3039409007198742,0.1842960196778088,0.1959808130861808
2009-08-19,0.4524844529195111,0.1516783524712171,0.2222277419620506,0.1675692079769787,0.3096397268675875,0.1865201139107456,0.184779168356649
2009-08-20,0.4463542238771226,0.1621324729589126,0.2392313978529399,0.175641755424568,0.3065731487068114,0.1922500075778919,0.1932182386863387
2009-08-21,0.4469026115141647,0.1587214549901903,0.2287766232098825,0.1614380124887978,0.2960481051896718,0.1758680337236514,0.2189165120559379
2009-08-24,0.4477860581220637,0.1587486484784643,0.2283115861551075,0.161414124987216,0.2958487296169892,0.1751233177904847,0.2179918294247795
2009-08-25,0.4472661232984998,0.1613759627328451,0.2302901419500345,0.161540785536166,0.2925995976685906,0.1751697236551115,0.2174104082346912
2009-08-26,0.4464602802197258,0.1541352988966872,0.2262296052206644,0.16069156642324,0.2877597749365693,0.1749382825299839,0.2258222686261394
2009-08-27,0.4261623922337793,0.154969409857106,0.2204041612099362,0.159595383700442,0.2769415779105149,0.1740227158639972,0.2262191430149429
2009-08-28,0.4692043132336168,0.1460531397907516,0.2171680474389165,0.1597886292114982,0.2833736453124024,0.1761009157792546,0.2267307987192635
2009-08-31,0.4546097465330029,0.1606622033186728,0.2340805245917314,0.1791412538316697,0.278126488602906,0.1894061778526692,0.2183510288146202
2009-09-01,0.4526166715734747,0.1530235437486365,0.2255694250566572,0.1716634692448283,0.2793815841495021,0.1814445721634189,0.2296604605846229
2009-09-02,0.4916550771317282,0.1537264212576416,0.2257189070304561,0.1739463439400997,0.2839618999305378,0.1839319247787953,0.2303832440761686
2009-09-03,0.4940173156845994,0.1556589395750708,0.2288783075684154,0.1791541794399928,0.2978621891885276,0.1914298951901878,0.2271156770579435
2009-09-04,0.494246921508527,0.1617011624433122,0.233820431951992,0.1778024099710412,0.2947042758773402,0.187731233560708,0.2270564274758877
2009-09-07,0.49417474381128,0.1601122520858491,0.2274142264126735,0.1746125568362942,0.2897474683835238,0.1848250410462175,0.2282465208809
2009-09-08,0.4953734839402779,0.1625141436409733,0.2323186748450909,0.1755885726877416,0.2778942443351923,0.1870847960626013,0.2263416298711236
2009-09-09,0.4943992498530336,0.1569313079227631,0.2132585347660319,0.1709763881286175,0.279226821683687,0.1841022390736599,0.2356334518911036
2009-09-10,0.4781602061434906,0.1552780521447665,0.2108372963685228,0.1681439198008517,0.257204146715899,0.1794675512536241,0.2315471020945397
2009-09-11,0.4792059219924802,0.1541246008642818,0.2094614574849048,0.1679535483059755,0.2512500129414413,0.1794470533987409,0.2428599350604948
2009-09-14,0.4684572830091421,0.1490081159454114,0.1983857584539701,0.1640647123403911,0.2514413546846019,0.1729305337620241,0.2410309619687084
2009-09-15,0.421050258761909,0.1411761834779794,0.1831162602700613,0.1397976518946192,0.2294518163253229,0.1393308022858092,0.2173252934788423
2009-09-16,0.4236012808359759,0.1408555142746809,0.1822412611040893,0.1399549642499329,0.2337610264517551,0.1382540865864379,0.224546466382548
2009-09-17,0.4100070196584739,0.1406157107942037,0.1828811086401719,0.1394220240447781,0.2250053482715047,0.1378757857603557,0.224168355028099
2009-09-18,0.3827849859315949,0.1417535546146695,0.1815358694993,0.1383111831280933,0.2212405487400966,0.1359895114309962,0.2162130887538136
2009-09-21,0.3870787486419197,0.1297166087632598,0.1590827918681397,0.1272815067408022,0.2205111846992899,0.1286002243376946,0.2104253367490841
2009-09-22,0.3893127353636934,0.1279545874273738,0.1565934076778643,0.1335263849023403,0.2169169757847385,0.1320572370668717,0.1764339670106142
2009-09-23,0.3803360305881553,0.1361116450233166,0.1674285081594109,0.1386385317386501,0.235578578607886,0.1399339744824425,0.1840975586908384
2009-09-24,0.3747493627597273,0.1340107939910535,0.1665691096288546,0.1406985882876817,0.2357421436566766,0.1437325394721871,0.1990225905153447
2009-09-25,0.3838363352347866,0.1407891355151729,0.1857724933005445,0.1518803851724768,0.2444892559366225,0.15533274156905,0.2095419479741085
2009-09-28,0.3721019400798391,0.1400122979062285,0.1854353310591508,0.151947130620764,0.2514813017112436,0.156316278066969,0.2112983805863811
2009-09-29,0.2842194051930581,0.1419992213104996,0.1836027002317711,0.1492038268142873,0.2411871931877351,0.1510076612499127,0.2118724888794128
2009-09-30,0.2839021635011057,0.1396072978660217,0.1769254847067951,0.1567272218356074,0.2407555679300423,0.1734443805775884,0.2168242955009004
2009-10-01,0.2817117938478911,0.1471538506856204,0.1865112102172448,0.1572197002705784,0.2532798685521939,0.1746145000144319,0.2219669361963492
2009-10-02,0.2304222012313592,0.1467294277727947,0.1868626272409389,0.1619874216752418,0.250686276811306,0.1753770270248431,0.2218653463485314
2009-10-05,0.2291781396538119,0.1592567413101637,0.2000287242508429,0.1624874981566373,0.2408132294546835,0.1745266489729921,0.2223288096994087
2009-10-06,0.2274370930195743,0.1534428249504278,0.1958268945454563,0.1624095305949703,0.2451421650751269,0.1744518887173931,0.2207800302474339
2009-10-07,0.2178111974760776,0.15539509067216,0.1998728385806024,0.1617683637124044,0.2380101735817821,0.1732460604455049,0.2192743749021911
2009-10-08,0.2729317637244488,0.1516295476340467,0.1929508206593587,0.1609783730084614,0.2346204545974655,0.1712877270597799,0.2295269070447461
2009-10-09,0.2725703517540869,0.1529229578996445,0.1965788256235877,0.1583385140701147,0.235029614707358,0.1678613288446578,0.2176435558363839
2009-10-12,0.2661776107702474,0.1585048539763069,0.2012512027409486,0.1587105845444507,0.2360178263802333,0.1676229280833651,0.218754198402475
2009-10-13,0.2657997565116756,0.1701874483014715,0.2161980986552593,0.1671096114045871,0.2404073526985942,0.1735524266761843,0.2046195257937798
2009-10-14,0.2659285161809967,0.1722581427644782,0.2171056677115634,0.1672415120637183,0.2399009488277703,0.1731549324500788,0.2136710812134218
2009-10-15,0.2633410608873767,0.1661753103252226,0.2204910303838503,0.1634986435513407,0.2261371548570447,0.1694632190948923,0.2130130784645488
2009-10-16,0.2638209112444165,0.174226075441134,0.2287179247061636,0.1653743110863779,0.2227376554305594,0.1713484741463393,0.2045912761560017
2009-10-19,0.2426325954163046,0.176420839010487,0.2295062613197512,0.1672815084718396,0.2223842499452938,0.1728038874357191,0.206441192426655
2009-10-20,0.2435802182237657,0.1741778603000778,0.2283074736311365,0.170005984388651,0.2209440425189467,0.1740712823971581,0.2064414132370772
2009-10-21,0.2285843020282587,0.1778980104828194,0.2317045301108684,0.1722041103690662,0.2197131644889624,0.1750583814430284,0.2075242632988895
2009-10-22,0.2214135256082715,0.1790463904378537,0.2321141950924197,0.1739837251339051,0.2249801522051227,0.1741981491677988,0.2076302008025336
2009-10-23,0.2217305826821577,0.1774647516229074,0.2322104879072771,0.1757308483429687,0.2029073930872366,0.1707812600441699,0.2009695487650678
2009-10-26,0.246301492633425,0.177477745489147,0.2317269767896401,0.1746863579093819,0.2157855794448593,0.1738624578503181,0.1857778823186995
2009-10-27,0.2226415617779671,0.187233741682833,0.2263111269765416,0.1772660305767077,0.212823110891218,0.1849036044509172,0.1703723351921223
2009-10-28,0.2408062786014043,0.1915489469775757,0.2345213372866441,0.1936599477371431,0.2197307830349684,0.1964978527578097,0.1786329844452294
2009-10-29,0.2418246629929723,0.2006103317361401,0.255588154181532,0.2165452897755001,0.2316915237648114,0.2136156135347664,0.1856420555849298
2009-10-30,0.2538017099564457,0.1964275962763858,0.2466074206183908,0.1983612428599919,0.2331502620141179,0.1866381166639733,0.1950910628547489
2009-11-02,0.2544758629915725,0.1976112020965907,0.2456790132733358,0.1976145354892956,0.2197253309247889,0.1864653997000827,0.1751551061482398
2009-11-03,0.2538304241701223,0.201685769543784,0.2515138144251767,0.191409758767912,0.2259914322797556,0.1833885216449476,0.1741726379952699
2009-11-04,0.2532911437670206,0.1869676826291606,0.2341023704700561,0.1967734038623459,0.2204813726969381,0.1925297073344883,0.1802170332377424
2009-11-05,0.2526970670244004,0.1862320564549075,0.2342170954830353,0.1967468092598412,0.2165065161600535,0.1925636830286193,0.177947834086893
2009-11-06,0.2519776784954029,0.1934855276902145,0.2443260530810854,0.208709356911914,0.2203903043352299,0.2025980551107205,0.1776979451691366
2009-11-09,0.2074803520186621,0.1935403099807415,0.2443295116369448,0.2081370746841622,0.220386747006664,0.2013415161862418,0.1667740718145106
2009-11-10,0.2053322595522774,0.1924043152189046,0.2427771523935277,0.2082770521333495,0.2219676100368201,0.2027522557510837,0.1667789964153216
2009-11-11,0.2027420307090633,0.1882084844649709,0.2395830565463501,0.2114226244658581,0.2253685065380834,0.2049673364533121,0.1662870093541295
2009-11-12,0.2007588528593828,0.176808784191668,0.2239766253444972,0.2038463682998406,0.2176530760451492,0.2005879276933027,0.1664583607910371
2009-11-13,0.2163639253698381,0.1829051985669497,0.2355457501448236,0.209167077101711,0.2238690708921928,0.2059808698739476,0.153070794594197
2009-11-16,0.2156533090518211,0.1831968427117317,0.2301862450390717,0.2069031710891449,0.2234545896815787,0.2040458579210411,0.1530703158575554
2009-11-17,0.2081849933983603,0.1741371222386917,0.2207115249656333,0.2047636240301864,0.2210511043561022,0.2028857704274021,0.153415026605525
2009-11-18,0.2044141114573706,0.179205070291813,0.2250567479738395,0.2090624193481566,0.2220637598153664,0.2100365656719757,0.1509988326393659
2009-11-19,0.2040608023368791,0.1793015008222901,0.2253181505071415,0.2069858692059619,0.2237949080124713,0.2097632585871069,0.1506612309943536
2009-11-20,0.2019587829322425,0.1876884268140437,0.2375597384973405,0.2089465547880297,0.2276444318161917,0.2138965188644061,0.1509030996579556
2009-11-23,0.2349965333296004,0.1881472754953175,0.2379693418742705,0.2040353786127337,0.2270292125162031,0.2134413653557526,0.1513752261098223
2009-11-24,0.2433805212263485,0.1857397811871612,0.2303360876629782,0.1990921589905878,0.2289410549062317,0.2124886531179403,0.1485676067403245
2009-11-25,0.2571435958044118,0.2181599516506731,0.2580585521989731,0.1983775865683003,0.2281068851872237,0.2076188196065317,0.1441917308697019
2009-11-26,0.2717444069445702,0.2039685770391069,0.2458373574575457,0.1954282558282708,0.2775145250309934,0.1939766533275457,0.1715811957895058
2009-11-27,0.2758492674986908,0.204764724875288,0.2431515463200754,0.1820709080313996,0.2881001467749775,0.1850111186564359,0.1983557558781322
2009-11-30,0.2760680900331718,0.2072194012246867,0.231191805155343,0.1518412017321668,0.2813525422323594,0.1649752798370877,0.2104333852529118
2009-12-01,0.2650680823503752,0.2045155751227109,0.2312971088657591,0.1516259856303717,0.2812612484532215,0.1650152909782913,0.1972341601796406
2009-12-02,0.2633056190137682,0.1981091476389229,0.2239111089703254,0.1563357069185169,0.2748486369094947,0.1673626581210595,0.2365679345954386
2009-12-03,0.2673355167668041,0.193856847470921,0.2195538197642009,0.1566281817077029,0.2702497294103134,0.1686397498437859,0.2366185447632559
2009-12-04,0.2666420294342763,0.1942460020396469,0.2210459116115252,0.1459276272783466,0.2708080966597165,0.1520136385108989,0.2355898174364082
2009-12-07,0.2702955939703956,0.2036499964067277,0.2304323840653378,0.1512486477480924,0.2695325496335267,0.155154644608763,0.2353234171066717
2009-12-08,0.2779675112744603,0.1947669894972306,0.2183618312034974,0.1321653486511924,0.2673416226462713,0.1418807642807314,0.2407758309005779
2009-12-09,0.2782375641178325,0.1966264220847734,0.2211697163256315,0.1335617386700796,0.2670345602601417,0.1419633610395122,0.2452790307579868
2009-12-10,0.2783588283174291,0.1955071657737326,0.2204809750297126,0.1330792168511194,0.262781035212037,0.1401078903052679,0.2590075774612734
2009-12-11,0.2834267606101033,0.1984716046467964,0.2217560363716197,0.1292827460065184,0.2628939586582281,0.1399599834409083,0.2575487393996206
2009-12-14,0.2854068850077911,0.1990470268814088,0.2215215588535593,0.1300899234459239,0.2643402243481337,0.1389399580441382,0.2572925066012688
2009-12-15,0.2710492543180484,0.1921478494394675,0.2169762499375392,0.1206514090481211,0.2569778363113669,0.131314637117667,0.2586560893352467
2009-12-16,0.2820944231226983,0.2016621672496138,0.2193723835741019,0.1270811749331591,0.2589365544163632,0.137481390386722,0.2573523737603065
2009-12-17,0.2879816050666227,0.2018914124799277,0.2195342533566933,0.1289162803710828,0.2594583475194768,0.1453847904004462,0.2564388035499277
2009-12-18,0.2873180857411028,0.2071757864109166,0.2194407512851454,0.124888347643715,0.2600780552390925,0.1368423836090828,0.250606965372741
2009-12-21,0.2957404805658641,0.2078841115507246,0.2172887391276242,0.1243835488253821,0.2617944202381229,0.135708513868728,0.2543909571520305
2009-12-22,0.2949909543639702,0.1987550780279418,0.2029323522177767,0.116474895230501,0.2598054993706781,0.1307638655403909,0.2543909571520305
2009-12-23,0.2890567005970676,0.1983606257432209,0.2015755884529637,0.1174451983069646,0.2588123853392112,0.1305813583042675,0.2518737290162765
2009-12-24,0.2789280823947383,0.196818515928825,0.2010244790383803,0.1167540493839609,0.2563711189232883,0.1307919206555233,0.2537864164995023
2009-12-25,0.2555589196120735,0.1592911858850443,0.1609374379546084,0.1167429515450046,0.2502910824865127,0.1305517755159894,0.2521783361989891
2009-12-28,0.2416444013061982,0.1576272919483653,0.1573438312685353,0.0980801233744846,0.1830799073982809,0.1111498967943499,0.2137049593842405
2009-12-29,0.2234972577183795,0.1550034235923464,0.1559180727124598,0.0977945060902909,0.1458632586795037,0.111320473584729,0.2058910423219962
2009-12-30,0.2201646479476845,0.135416589170717,0.1311459658986298,0.097267427324121,0.1510762996429381,0.1115465859276096,0.1958251342259764
2009-12-31,0.220099604526048,0.1447562963383155,0.1391024979891441,0.1107780504584641,0.1481510051117219,0.1227892158003641,0.1967919692125841
2010-01-04,0.2238236334455234,0.1442282237370535,0.1393890413891908,0.1058014483904791,0.1599437265617283,0.1198690129753137,0.1583490463962471
2010-01-05,0.2185115253477027,0.1442345820991857,0.1377450975881824,0.1048743522844463,0.1613524649468264,0.1188893459511462,0.1583648240333009
2010-01-06,0.2259967977058138,0.1438104003661126,0.1361216464493916,0.1043932074134694,0.1607569713498139,0.1182827079791747,0.1551875341025909
2010-01-07,0.224049687471174,0.1281597728743436,0.1191405706896049,0.0955814629780202,0.1552368374535959,0.1141212011122896,0.1567968664832005
2010-01-08,0.2176012677998566,0.1264148950075141,0.1142245349469665,0.0954383535791646,0.1463983615276144,0.1150900240969324,0.1462270793611182
2010-01-11,0.2267099972968632,0.1294660736045358,0.1281250413920419,0.1019701987878914,0.1470411073651487,0.1267049315485543,0.1324107316843044
2010-01-12,0.2508453012244847,0.1313722140245649,0.1262443361101223,0.1043874262301988,0.1710616796991305,0.1302524594453585,0.1253338477937684
2010-01-13,0.2480598965360299,0.1284158881582051,0.1246363305177391,0.1027161060200356,0.1682951513488513,0.1276387771426503,0.1325068073239993
2010-01-14,0.2469469282110506,0.1301232963004925,0.1425901127662064,0.1084488345451244,0.1634276898895656,0.1349389724288762,0.1313809662049904
2010-01-15,0.2467229176093268,0.1304285693846718,0.1343664727377904,0.1085173169592652,0.1632296501678614,0.1350266782765136,0.1398637603098083
2010-01-18,0.2324525490279329,0.1072427098360693,0.1330934299380007,0.104773771369159,0.1611012817949413,0.1318852736022236,0.144365160635419
2010-01-19,0.2441977869301135,0.1241540968687286,0.1525611585382147,0.1124838238781497,0.1711041461269165,0.135137609223521,0.1445314129869775
2010-01-20,0.2441287009178594,0.1236104881064997,0.1523829285687425,0.1275923261551896,0.1809003736618363,0.1368667533167034,0.1480403307434121
2010-01-21,0.2319972274805168,0.1233866872315922,0.1537856686995818,0.1477769618427481,0.1803367699009018,0.1637018278984155,0.1665945887810108
2010-01-22,0.2343122190725063,0.1223861097264751,0.1562521838433974,0.1486064305648645,0.1760392794700421,0.1614535468756171,0.1689396884270857
2010-01-25,0.2308135705922855,0.1211056313252476,0.1591512954762468,0.1472980257209826,0.1875133329720013,0.1588819587673727,0.1718112945922384
2010-01-26,0.2327361642642218,0.1258738542866803,0.1591220620587983,0.1487698015221495,0.1872062165832692,0.1621517439124704,0.1727985047748448
2010-01-27,0.2253341938883538,0.1323526488822698,0.1636499936391139,0.1528032993829006,0.1982341280538731,0.1725022206482776,0.175452905858362
2010-01-28,0.2225795451867488,0.133894203597907,0.1716128016537758,0.1552267881229069,0.2002005906300451,0.1774095821969481,0.1879646143528124
2010-01-29,0.2160267293934565,0.1399129201808764,0.1743467995517239,0.1646858655971095,0.2023396520275165,0.1831562619821121,0.1866041702978919
2010-02-01,0.2137956753149082,0.1419749029370501,0.1789693067997301,0.1686580433431159,0.190202798419704,0.1849530740277515,0.1959219942159447
2010-02-02,0.2331888361014997,0.1289873093788303,0.1689315528135291,0.1589633584009033,0.2087693092279605,0.1728417078851092,0.1926118626205724
2010-02-03,0.2268667021214156,0.1433204172241712,0.1844148387543788,0.1878580718218955,0.1987753518215842,0.1966707395384319,0.1925298088635492
2010-02-04,0.2318747135462192,0.1479502780558436,0.1897062684115997,0.1885616898288421,0.2189798792272141,0.200243282711326,0.2129042925617467
2010-02-05,0.2263131282191621,0.1515745769574649,0.1954666310457318,0.1879314056249212,0.2189685094901331,0.2003748757494308,0.2143894018802077
2010-02-08,0.2275764181688011,0.1527906052430626,0.1952157962184796,0.1950071602852134,0.2262646182878615,0.2036094852025868,0.2086047452120282
2010-02-09,0.2313562751059392,0.1542741744272366,0.1982744262295891,0.1942950594704179,0.2271662241209847,0.203673485233262,0.209553347396429
2010-02-10,0.2182632479453515,0.1567228053362053,0.1935948156131396,0.1976890686233319,0.2409073782106253,0.2083893729257342,0.2063030758099355
2010-02-11,0.2012005231348241,0.1566337010905252,0.1923553713240261,0.1940410345074873,0.2281922115584121,0.2038691260692164,0.2109975953732327
2010-02-12,0.1936178007004407,0.1568331298268458,0.1913431259132771,0.1934196024635069,0.2283791562307212,0.2028502649195815,0.2007283438007794
2010-02-15,0.1929084068782362,0.1664624455425817,0.1930131689707578,0.2035089977966692,0.2286260277842149,0.2072115197706605,0.1983377082414378
2010-02-16,0.1916338787605132,0.1658844973169277,0.1948726585290214,0.2044285363032175,0.2337724388863843,0.2084988335484259,0.2220658069240862
2010-02-17,0.1907329710230962,0.16917284480525,0.1923656639563777,0.2005707788680923,0.2300016352530405,0.2035379246047278,0.2216618928985354
2010-02-18,0.1663663216172199,0.1619954534064383,0.1828185463229478,0.1984275408488719,0.2378941251364938,0.1998300881968763,0.2307118531787586
2010-02-19,0.1659569774534446,0.1525739138921027,0.1736487976908755,0.1879499647750884,0.2466840268160043,0.1964921123776186,0.2470587464969266
2010-02-22,0.1647813707489601,0.1530422585777735,0.1782419730468145,0.1763994367432881,0.2496977038895808,0.1785339572786596,0.2324299407577924
2010-02-23,0.1695128428842987,0.151111154132621,0.1744361090420695,0.1787697219289332,0.250135630394226,0.1815507936249801,0.2362668423568607
2010-02-24,0.1537150379264861,0.1569364554158499,0.1795826965361741,0.1782623812129067,0.2359624794601551,0.1811377459546556,0.2308084486506868
2010-02-25,0.1487930024359316,0.1587345004294466,0.1843526065686074,0.1776155334753746,0.2375450922705403,0.1793200209498328,0.2300225960896658
2010-02-26,0.153106696754795,0.1517460235894112,0.1854932191465111,0.1751028224495083,0.2423237530950595,0.1722890254842258,0.2235651322876233
2010-03-01,0.1542253878326761,0.1559854765300487,0.1846244059543298,0.1705769675696729,0.2399143318342669,0.1619791041408867,0.2127977637964778
2010-03-02,0.1426073711623681,0.1545841544837568,0.1842201944687178,0.1649107581542998,0.2396366773394704,0.159485810786966,0.2130266055994031
2010-03-03,0.1679001270529757,0.1541937179537812,0.1825053671454798,0.1599716887707704,0.2456213991509214,0.158217549024085,0.2081664807993251
2010-03-04,0.1490070891395068,0.1559219740928281,0.1859784540906921,0.1642328211385743,0.2364873927778435,0.1637423305328261,0.2217021646796174
2010-03-05,0.1502917192719657,0.1290642681272492,0.161051901791668,0.1146792786143973,0.2354561701143346,0.1144559614263758,0.2319065852699081
2010-03-08,0.133545919823142,0.1110312528015381,0.1433982453617267,0.1147763351410683,0.1988151753571851,0.1139249511656663,0.2060332293852478
2010-03-09,0.1362446490992876,0.1111577891148479,0.1431077376820152,0.106692668534081,0.1965176478220869,0.1074386032478607,0.2012878004514521
2010-03-10,0.1358795458233329,0.1150649891534349,0.1440532956337795,0.101522642931637,0.1943724457876029,0.1046389790537964,0.2018555061999993
2010-03-11,0.1391664847024708,0.1154504887638999,0.143532647995209,0.100434798070664,0.194432706618823,0.1039975076056977,0.2025140352164148
2010-03-12,0.1455615606024082,0.1199650946285,0.1444475313513694,0.0983337805791016,0.1886225460043989,0.1009848581586289,0.2025004322171885
2010-03-15,0.1416910236524992,0.1171298279859167,0.1463276281673119,0.0974621038885148,0.1889821675979475,0.1014178369284566,0.200756922952409
2010-03-16,0.1562673571925396,0.1170988585828491,0.1471935163299882,0.0969993970640239,0.1958706434145326,0.1005008624853793,0.1992286863096872
2010-03-17,0.1563969007945161,0.1115494080911634,0.1435903244691112,0.0837569704513233,0.1964315801777371,0.0946753199740513,0.2041361738715955
2010-03-18,0.1579995220610306,0.1112702485245315,0.1441429544363843,0.0877739079575408,0.1927444908680092,0.100869048491039,0.1869752731246285
2010-03-19,0.1580534630523591,0.1099491847084961,0.1438412973370946,0.0870775624749187,0.2060706984190955,0.101965652148298,0.1871128289258568
2010-03-22,0.1602619729477671,0.109598136928802,0.1430979202602371,0.088561469719187,0.1818771143449049,0.1031811133766654,0.1707764134501981
2010-03-23,0.1591128827555901,0.1090080795698716,0.1401648208768069,0.0919807733302941,0.1650249283399583,0.10800381275024,0.1479252651946467
2010-03-24,0.1632964860693767,0.1052439985328549,0.1316853729134132,0.0778251770286345,0.1656534856086391,0.093303110771268,0.1461787670821404
2010-03-25,0.1634340800948149,0.10817660037369,0.1332019297143561,0.0742330867867054,0.1685843851763826,0.0915906724356019,0.1397850448095635
2010-03-26,0.1726404848276415,0.0942338514526823,0.1153235590560375,0.0731734393141039,0.1695551082329255,0.0905704461947045,0.1330639026935317
2010-03-29,0.1721279685076139,0.0923276999037677,0.1149795572447672,0.0736305643577433,0.1677988232633179,0.0904464703674079,0.1345802318819338
2010-03-30,0.1695831182957343,0.0890602554769387,0.0999082237897615,0.0714769676097042,0.1541813498683375,0.0838660015026747,0.1355482531947898
2010-03-31,0.1731994695064974,0.0847224749112425,0.1022425815526445,0.0736558160044651,0.1582226465898925,0.0838384062529358,0.1396279573932589
2010-04-01,0.1718032651133453,0.081442912681867,0.1020329703205915,0.0738054932960325,0.1580005556993999,0.0838218907548198,0.139574349385687
2010-04-02,0.1474481943961097,0.0810786131551181,0.0996367846524509,0.0760549174251565,0.1477318831576997,0.0885662474774954,0.1292029808150714
2010-04-05,0.1475501395934403,0.0724577475302378,0.0920904795312572,0.0644938141283605,0.1449660033352946,0.0775490667707203,0.1190531869452438
2010-04-06,0.1472467932247254,0.074124559263716,0.0951222828505968,0.0694987957993813,0.1428866104952793,0.078959489335726,0.1031803345572396
2010-04-07,0.1509768785619036,0.081096638550054,0.1018641665735673,0.0697218305301172,0.1436172959029012,0.0787384134513848,0.1126993317624333
2010-04-08,0.1508288081970944,0.0847322948504422,0.1056558176729544,0.0710914175260209,0.1511955410956615,0.0781170701914628,0.1122577114491624
2010-04-09,0.1524432507923252,0.0827203090181455,0.105140700079985,0.0706858774598504,0.1522092835271033,0.077718374432556,0.1097901802851312
2010-04-12,0.1473250643496984,0.0838407555759939,0.1068086726336036,0.0704436632450713,0.1523798492467855,0.0775571920089935,0.1134084213384295
2010-04-13,0.1383246999570098,0.0818288979841887,0.1031832864823597,0.0768490627399754,0.1497601181290914,0.0889626896948987,0.1134886945895967
2010-04-14,0.1384237994969175,0.0819292364198149,0.0986254103961231,0.0745091430973025,0.1487881028735194,0.0880446467460789,0.1130869119034773
2010-04-15,0.132633750703916,0.096825059613024,0.1169715420596763,0.0954658183566232,0.1483465856678549,0.1035263181516849,0.1227723285764905
2010-04-16,0.2158890148226712,0.0975271807156296,0.1173445569995315,0.0960619285973522,0.1661948092909359,0.1037600244838012,0.1336290430805534
2010-04-19,0.2140141005780692,0.1021915015019989,0.1259715748662211,0.0959732397778082,0.1695408819601536,0.1011133342190588,0.1314958940167007
2010-04-20,0.2234783463181014,0.109280533396617,0.128474618881361,0.0957024551341208,0.1536413767467612,0.0984969222930782,0.1433793014403623
2010-04-21,0.2253641236846313,0.1139215708373465,0.1338767649925217,0.0936747173648527,0.1540968268781903,0.0969570956637253,0.1497880888584
2010-04-22,0.22574952134415,0.1191610013061929,0.1412980117859871,0.0923607339417004,0.1584183396414208,0.0921114510790786,0.1499353473748657
2010-04-23,0.222619023512255,0.1167920832859393,0.1372750499414395,0.0939801919107739,0.161199112961182,0.0933185066026419,0.167970769551015
2010-04-26,0.2267844385907187,0.1472312439692682,0.1687894361886273,0.1274970640005038,0.1656055777208137,0.1211675024364925,0.1609407099186002
2010-04-27,0.2115765492955638,0.1472085385657482,0.172666825310689,0.1278884167188604,0.170568932099954,0.1209321374739645,0.1849309177466354
2010-04-28,0.2123750440820815,0.1473388572382912,0.1760739200346657,0.1342977319956889,0.1704754316571206,0.1309847608551144,0.1813217838698164
2010-04-29,0.2127925777635737,0.1518686627654479,0.1760266834909933,0.1469842267684816,0.1787892265007322,0.1495632416227209,0.1864091070291512
2010-04-30,0.2057492345110139,0.1454103230328572,0.170671993172343,0.1512645702698709,0.1772985404620301,0.1568610728068655,0.1797326465745969
2010-05-03,0.2057299679614884,0.1670083797215351,0.1916580365766523,0.1734451585862398,0.1772279465782402,0.1907685867515196,0.1790650885380129
2010-05-04,0.209535265355805,0.1701437563250833,0.1927510172994914,0.1722894233745668,0.1889729588075697,0.1893880483690428,0.1779935818311119
2010-05-05,0.2438598369462511,0.171283806469672,0.1931503393745406,0.2031899624348562,0.1901591789328757,0.2218424036744321,0.2084266296446875
2010-05-06,0.2471296788543082,0.1870631875856622,0.2193035576229451,0.2076664194362866,0.1762492570217086,0.2332807520735779,0.2298684952650441
2010-05-07,0.249752456337347,0.2648681739646611,0.2878887928961626,0.2589527276698934,0.2025584708791282,0.2884658828746762,0.2377474018729201
2010-05-10,0.2472405834550516,0.2619080175981991,0.2842909446294161,0.2575998648513688,0.1943977509078846,0.2870555297922927,0.2385530463421652
2010-05-11,0.2498590125469592,0.2650477397038355,0.2970477460266176,0.2624946473770342,0.1961126361258476,0.2966495258548522,0.2371391353814922
2010-05-12,0.2607121389749355,0.2684061368974985,0.2993809422161891,0.265148604342644,0.2020310998221145,0.2990617595528976,0.2512223019905044
2010-05-13,0.2590566743606767,0.2839766505126265,0.3167295767114532,0.2674828669270438,0.2041679450687221,0.2991339000070168,0.2537882433020081
2010-05-14,0.2984747346023256,0.2825033806717895,0.3166772267655401,0.2675292056845592,0.2111366537183719,0.298817315831144,0.2592158369250664
2010-05-17,0.3085068322874839,0.2837819963002244,0.3158642388698834,0.2664340864970226,0.2165679693327595,0.2997813661590523,0.2567530535686273
2010-05-18,0.2732238297212633,0.2960012983853373,0.3291371571868834,0.2652540429924943,0.2141524777304414,0.3001028555826204,0.2521082897073632
2010-05-19,0.2730260693985203,0.2939677040633939,0.3289507501033821,0.2891164165578058,0.2084064688735083,0.3237932009811814,0.2553618412137693
2010-05-20,0.2662097706506195,0.2938015988325955,0.329081186911231,0.2969455314508901,0.2089659325359831,0.3280309793595058,0.2534878210205844
2010-05-21,0.3003792642958606,0.2942115799443549,0.3281970870105541,0.2971474249998342,0.211964935643139,0.3257039192628076,0.2523980652709125
2010-05-24,0.3040699909206251,0.2969618753382639,0.329435431572494,0.2946134972761011,0.2365435927987974,0.3241401123021923,0.2669048311892871
2010-05-25,0.3049964177665103,0.3075789900799957,0.3319453823734194,0.2945726775470704,0.2317916409749582,0.3239368191613891,0.2507606070483397
2010-05-26,0.3051017876367554,0.3224985884585594,0.3412829296880247,0.314060996099393,0.2362838753416248,0.3503795068125736,0.2565554315562998
2010-05-27,0.3053760376177482,0.3225771839516326,0.3393261362279621,0.3136044449263078,0.2435011237813275,0.350561760691969,0.255355665579724
2010-05-28,0.3122175926508947,0.3212750750159461,0.3374591333505939,0.3082497016535059,0.2428354538027678,0.3435565503870725,0.2555039815441733
2010-05-31,0.311991908225001,0.3200878439291431,0.3377558785942643,0.3085035317971133,0.2369812980221407,0.341288117135934,0.2481632257477923
2010-06-01,0.3122569436810994,0.3198959374040622,0.3370672826055857,0.3197849439931017,0.234079266764708,0.3507811179141214,0.2478741129385511
2010-06-02,0.311289515760842,0.3133206442258002,0.3279911307903881,0.312757657263448,0.2428291605027182,0.3409596274996661,0.2792400910281094
2010-06-03,0.3087498879821944,0.31509878370666,0.333604445000665,0.3311195664878358,0.2333102067845699,0.360244522588226,0.2789955857002081
2010-06-04,0.2832429860984163,0.3133100400548168,0.3329157782975884,0.317158577617058,0.2408214967069411,0.3482775388323563,0.2867922539684205
2010-06-07,0.2785809912607071,0.3017200849929203,0.3124885846014492,0.3175459644648938,0.2398958555407159,0.3405317954629219,0.2721026456272241
2010-06-08,0.2964516747221094,0.2461502759473306,0.2657832497680009,0.2744510401913704,0.2234529058938385,0.2930094672460999,0.2637119986106315
2010-06-09,0.2911303615380045,0.2478005504233427,0.2687585667136184,0.2967949407746656,0.2194668238931988,0.3118412475198941,0.2679548459783435
2010-06-10,0.2910932678125895,0.2463592238663217,0.255269873283507,0.2922541648248,0.223632026087297,0.3046799256691646,0.2770685605374324
2010-06-11,0.2806628016139357,0.2454195071494883,0.2562713598759187,0.290525082828087,0.2228776357565505,0.3031333244207483,0.2733458769482672
2010-06-14,0.2806051322787547,0.2215708518398536,0.2332674880705295,0.2972570899621535,0.218203215874075,0.3131889736101525,0.270442063416867
2010-06-15,0.2179868161960224,0.2220346613495681,0.2333229984223576,0.2971804544131735,0.204606263809808,0.3128958968781711,0.2698917647303762
2010-06-16,0.2130862304481992,0.2202382859255694,0.2288750514351374,0.2934069149951163,0.2013476484549577,0.3084231496825099,0.2705895687798965
2010-06-17,0.2215261466433684,0.1965569262827051,0.2063804909909324,0.2929132574619513,0.1908785406386368,0.3071376625471317,0.2701497638275185
2010-06-18,0.2397015080864359,0.18832006243872,0.1935906719369252,0.2573366491477633,0.2136878145615971,0.2710140965508122,0.2774798764969512
2010-06-21,0.2369785426028326,0.1921657184827555,0.1921210387040691,0.2597465518475005,0.2149870188574719,0.2726002015965593,0.2665693417819634
2010-06-22,0.204715386904966,0.1985657895899717,0.1961518752172152,0.2557719376857119,0.21468060020153,0.2716567977953152,0.2751243332521074
2010-06-23,0.195214958977764,0.1842548654096528,0.1832061533845021,0.2627188128787779,0.1708758981824645,0.2778666603787124,0.2509845417265291
2010-06-24,0.1956181334181731,0.1768337006351858,0.1815652710880823,0.2620982519556019,0.1701481721503856,0.2768708813195832,0.2607537421131896
2010-06-25,0.1911277533780842,0.141206591242179,0.1578454653541763,0.236331067350439,0.1673460303754191,0.2456806284027115,0.2582566627201005
2010-06-28,0.2369040660740498,0.1748399910791617,0.1984802770777551,0.255270307495183,0.1815839599311222,0.2766238455768003,0.2579262710875654
2010-06-29,0.227804906871952,0.174942873798223,0.1983556597574438,0.2566026170474128,0.1831157381370363,0.2783739219020284,0.2656602663442655
2010-06-30,0.2281493387682974,0.1880381269447232,0.2074172365383159,0.2512289735489216,0.1758326016086003,0.2749018533571282,0.2729064382851514
2010-07-01,0.2289772112361653,0.1910336711581182,0.2076366903972299,0.2317507747668659,0.1807930104853261,0.2554791614855299,0.2713851380522761
2010-07-02,0.2291218125628309,0.184080473367439,0.2022321210164848,0.2306250938806807,0.1731436781803739,0.2514211331436724,0.2460107284590002
2010-07-05,0.241303469150229,0.2082336334454068,0.2066737824124309,0.203110996559132,0.1778117488453369,0.2234293013257339,0.2486400875880359
2010-07-06,0.2373509080655532,0.2086948807387444,0.2076252258551023,0.225999152167058,0.1670712989919757,0.2409510143812001,0.213045082775354
2010-07-07,0.2371892980124431,0.2157728649270652,0.2072347719491051,0.225196068879719,0.1689494078937888,0.2422785795743287,0.2336695502012406
2010-07-08,0.2308005947401583,0.2131203506900922,0.1973638986060825,0.2251673732102088,0.1755104050333193,0.2435160127999164,0.2312877303090833
2010-07-09,0.2320773174859819,0.2120608348811686,0.1933429347987095,0.2019069048026038,0.1756796175622498,0.2246085894771882,0.2288592218650305
2010-07-12,0.2370167245022935,0.2215586265246112,0.202987598038405,0.2082219235085647,0.1722229986256029,0.2316129456204997,0.2209080903114727
2010-07-13,0.2395239143842867,0.2207718546293863,0.1989453465189219,0.2081102063579728,0.1710197090898765,0.231917850179537,0.2316502284455195
2010-07-14,0.2462325558592856,0.2224043568809189,0.2000611416874257,0.1916059328432125,0.1795011824202748,0.2110934119317186,0.2344854437665331
2010-07-15,0.246230803208998,0.2244699080866299,0.2084912546497093,0.214456060616904,0.179511360967585,0.2348613033655267,0.2428176423635963
2010-07-16,0.258703880454901,0.2241137777526683,0.2076497742118203,0.2159159054473614,0.1812283387227156,0.23780072218925,0.2426662819035349
2010-07-19,0.2623931170053576,0.2241259025498344,0.2084233206839754,0.2203151540939555,0.1819029722178303,0.2417542257763081,0.2427213235624651
2010-07-20,0.2427029403981531,0.2277301639078716,0.2035570460812679,0.2236243447218143,0.1524049104510359,0.245367460123273,0.2258618068682515
2010-07-21,0.2457626321624303,0.2345307684619173,0.2233154046836369,0.2316809366704541,0.1531339294552858,0.260683881208463,0.2242711548533514
2010-07-22,0.2449183816292468,0.2294860001545491,0.2213101603698999,0.2330732190283834,0.1578014551328513,0.2629309333671341,0.2352528355097177
2010-07-23,0.2458211517635598,0.2227164617092138,0.2159778983904692,0.2272419982993981,0.156477515022219,0.2586688206518703,0.2375314664996861
2010-07-26,0.245742137514127,0.2180673136299198,0.2141674134478655,0.2273914639603713,0.1575984849440482,0.2592139562523642,0.2293619167245019
2010-07-27,0.2551128073963288,0.2212549931186924,0.2097009524611879,0.228919861941303,0.1584683644081534,0.2621309309434636,0.2473963192079209
2010-07-28,0.198113831800371,0.1868988849924882,0.1741191794335513,0.198565731747813,0.1335667591784591,0.2220046353699341,0.24409708787305
2010-07-29,0.1922610691295769,0.1927627755759849,0.1741132028106753,0.1936581978677613,0.1318850534456099,0.2159361361807686,0.240986404338247
2010-07-30,0.1871944732323337,0.1848789516462446,0.1744971408097811,0.202270737026658,0.1423466311493897,0.2201502263795357,0.2289022522135259
2010-08-02,0.2021931261872765,0.1856842967130755,0.17264020858114,0.2023417954412302,0.1335139405945296,0.2204434446991391,0.2318932733848806
2010-08-03,0.1973528408232134,0.1851477289388496,0.1710329731962507,0.201884858488635,0.1314675339891688,0.2205319635314828,0.2446245949337513
2010-08-04,0.1946009081513658,0.1666558972525895,0.1598168888101928,0.202764054757129,0.1285546238742782,0.2223568106310033,0.2497770692935016
2010-08-05,0.197776999235302,0.1681583737875476,0.1657964809235324,0.1806400379380988,0.117900839737013,0.2018467282199376,0.2484697923725594
2010-08-06,0.1963534788991457,0.1648608362809374,0.1704357581793612,0.1793529893906994,0.1163348446787279,0.201888460476066,0.2329533096202149
2010-08-09,0.2165747497718541,0.1672712180557661,0.1754030930749983,0.1806559470490157,0.1243358680302915,0.2064949463791773,0.2323917532056986
2010-08-10,0.2158133685186084,0.1892790763308613,0.1917069814519841,0.2078924820164425,0.1292752482698518,0.2335325826613464,0.2498875927672641
2010-08-11,0.2120944160264838,0.1771256807195234,0.1810134647211052,0.2018993730467891,0.1338151834693293,0.2245996307134163,0.2511522203653031
2010-08-12,0.2137839299376665,0.1768309470355273,0.1809885679759345,0.202248345760316,0.1330575420342282,0.2250726981776264,0.2316255359632756
2010-08-13,0.2085273022593899,0.174398858436605,0.1781305376746758,0.2021623559717232,0.1202407210053713,0.2257936136612804,0.2299685860541583
2010-08-16,0.2079904575559059,0.1758005570382066,0.1743900983544491,0.1792936808099167,0.1200279165592673,0.203137992100529,0.2098143409606282
2010-08-17,0.2005763576223653,0.1790696948825509,0.1736602703862005,0.1784941451246055,0.1178827051344804,0.2012709038417746,0.2123956506843122
2010-08-18,0.1911684594672746,0.1898597131375974,0.1838785749368253,0.1844724283400746,0.1155947124533762,0.2055282494317901,0.2175886731575226
2010-08-19,0.2027077217415476,0.1836637243602457,0.1881935027111324,0.1795011658751886,0.1125857751367855,0.1984917652275239,0.2228884891853079
2010-08-20,0.2005254826914705,0.1733332526578407,0.1663269041639818,0.1617032974694721,0.1131789365481307,0.1767074387111603,0.2230800486129781
2010-08-23,0.2005856766195102,0.1801069694334213,0.1698674846005029,0.1643738471858478,0.1137601775827313,0.1780941595581374,0.2113911914942143
2010-08-24,0.2127279098664415,0.1792346340812136,0.1689730216818739,0.1588139178575575,0.1136589768008806,0.1749861013527088,0.2139421972348318
2010-08-25,0.2120361807176612,0.1825195242750667,0.1690047366814397,0.1596828610547208,0.1110520815723403,0.1768471595508423,0.216557532393772
2010-08-26,0.1976433752781516,0.1842716807910429,0.1712890439360358,0.1715888517079434,0.1087237382603416,0.1871976442784138,0.1951575832903767
2010-08-27,0.2044229424925399,0.1843037983576321,0.1710531176462881,0.1771039299912685,0.1118834952030435,0.1924187969023319,0.207594420719307
2010-08-30,0.2047591170604542,0.1819200594806475,0.1710540668105412,0.177158112554895,0.1157308829818257,0.1918758420545918,0.2325639377560398
2010-08-31,0.2002171930742714,0.1828901189286632,0.176973059287544,0.1902490654684969,0.0961243441101829,0.2097623499230748,0.2370909051680816
2010-09-01,0.1963089031739233,0.1829288667280071,0.1764892976111044,0.1934360815924864,0.1058708457641889,0.2140103454157925,0.2390346883640363
2010-09-02,0.1958321873268464,0.1864005661362588,0.1788365969192397,0.1980796479620513,0.1062774957539721,0.2188686476841995,0.2316033595117188
2010-09-03,0.2004557192744104,0.1858864481464334,0.1794739853623446,0.198099825912724,0.1249376048189057,0.2186199461983079,0.2349141137229439
2010-09-06,0.1951120519460843,0.1856914553858079,0.1765087618185123,0.2011943257369184,0.1233106688368498,0.2212257756301306,0.2359101330701828
2010-09-07,0.1944963914283101,0.1795579115359082,0.1705581746838065,0.2015987811690686,0.1300533270463065,0.222028114183241,0.2450219729689083
2010-09-08,0.1725918027787319,0.182168662854319,0.1710425039871585,0.2018256418872831,0.1217034227469757,0.2191194618891654,0.2477501266830833
2010-09-09,0.1722035969932024,0.1577865998146879,0.1544547303811699,0.1765092766403992,0.1195736613121637,0.1922331587619122,0.2376213761031753
2010-09-10,0.1676884708898471,0.1608776682112724,0.1557132561344704,0.1783282658199325,0.1310468727607248,0.1990638722650525,0.2376032637121723
2010-09-13,0.163886488037671,0.1610292096244113,0.1547512225557509,0.1774269159441427,0.1306800855950558,0.1961225782932347,0.2373874140025471
2010-09-14,0.155958806131096,0.16159807137557,0.1551285114049056,0.1774317181809541,0.1306632375149648,0.1962700969104877,0.2363136733942844
2010-09-15,0.1677167936701651,0.1569746674279808,0.1466455767291484,0.1737840293568978,0.1310262958690803,0.1929891495570927,0.2469302026585991
2010-09-16,0.1676895779264122,0.1547349104797825,0.1479503178448129,0.1737907284099454,0.1344695439420857,0.1933250504105511,0.2484368598061656
2010-09-17,0.1646147438800835,0.1471957321996564,0.1395428556201703,0.1669669776410793,0.1345856191109851,0.1879210148352497,0.2452411769400521
2010-09-20,0.1554197640728854,0.1481421377987504,0.1326367301589243,0.1664993704810247,0.1328137443265144,0.1888505595698084,0.2341814865492957
2010-09-21,0.1554455157330569,0.1494338777243113,0.1395803225657543,0.1669095407167865,0.1307485961266589,0.1867196845692269,0.2329942053300314
2010-09-22,0.1544866346697204,0.1361969487845048,0.131862769215955,0.1603063244184032,0.1220673551921547,0.174271255429815,0.226541734394635
2010-09-23,0.1382206845026318,0.1301489695296309,0.1396750464217414,0.1714126184329445,0.1211960264974805,0.1852136033077644,0.2205455018954684
2010-09-24,0.1459841575667685,0.1320988283346802,0.1411649177747032,0.169899215018312,0.1223036534412617,0.1802755950650977,0.2231838787628875
2010-09-27,0.1474743006540786,0.1310035340265987,0.1408955502227721,0.1640882870809251,0.1305609039908178,0.1758000804760977,0.2274271430835637
2010-09-28,0.1362552206243877,0.1315941417831826,0.1396027854893171,0.1525833306804571,0.1334978765957302,0.1620403637812477,0.2217781152013884
2010-09-29,0.1478321288690489,0.1334733568824487,0.1407832930769552,0.1540112292323961,0.1261820261768529,0.1623706601968122,0.1933749726360471
2010-09-30,0.1461271360486367,0.1052479741359529,0.1125382452711828,0.1254318658908077,0.1268440914638688,0.1384502738548087,0.1908574100105031
2010-10-01,0.1399046614514976,0.1090908984011253,0.1213911245181487,0.1283735789282702,0.1266689217341588,0.1451647045854428,0.1859923486696908
2010-10-04,0.1399037593875581,0.113365502535183,0.1262788912268704,0.1383812883464668,0.1269204255641628,0.155626597583538,0.1907339112113424
2010-10-05,0.1290344690840803,0.1153903308846975,0.129023036129995,0.1385315065693093,0.1187458674352401,0.1599496956402009,0.1881654582193856
2010-10-06,0.1289543764293113,0.1137324938560725,0.1266860091668226,0.1305537815181342,0.119131296369034,0.1521509798954547,0.1850796477642586
2010-10-07,0.1673372883588444,0.1139138014917847,0.1247425416579468,0.1304499352819692,0.1011902514025414,0.1516178137726155,0.1699299697459197
2010-10-08,0.1766385529291229,0.1084027886580708,0.1214806470809355,0.1304811833988682,0.104377868338406,0.152010652053645,0.1690652355253916
2010-10-11,0.1796636578894217,0.1089975562369216,0.1214334698532245,0.1302987931025338,0.1077266970831727,0.1523850176705883,0.1801709531815217
2010-10-12,0.1788165401354903,0.1134861918594447,0.1370055498159681,0.1277973077715305,0.1014554084895012,0.1438128045976941,0.1778730163221174
2010-10-13,0.178918813110055,0.1146901527045956,0.1371356613813443,0.1289865473323252,0.1103270478643501,0.1449262950074092,0.1882287465637208
2010-10-14,0.1926875499416406,0.1156230646845831,0.1373536972321828,0.128884545467866,0.1134675990674397,0.1493564672657514,0.1912818824228832
2010-10-15,0.1770018062675553,0.1162278279245183,0.1369159853942413,0.129753109441502,0.1249347340709657,0.1492093834388045,0.1756212919338252
2010-10-18,0.1780820897782993,0.1170540205847209,0.1353938465668895,0.1438820214347562,0.1246429273246544,0.1652048391112347,0.1709948676115029
2010-10-19,0.1755426676934233,0.1043395819921424,0.1296658520019173,0.1394587604476104,0.1310932625680458,0.1581855754151663,0.1796210224942338
2010-10-20,0.1805812463214257,0.1031391765419869,0.1342192410402424,0.1387530155576101,0.1309210205329237,0.157369116424238,0.1795696141399911
2010-10-21,0.1820450586563328,0.1022448787125424,0.1264398776184149,0.136881264612542,0.1342964742386924,0.1556382505299126,0.1805850337748648
2010-10-22,0.1915308356305823,0.1018953304662479,0.1244001873600396,0.1319412180056509,0.1340037698414651,0.1543003942468065,0.1806980939222852
2010-10-25,0.1933443575506834,0.1029939621171087,0.1145289617583181,0.1144284170157565,0.1347806404134924,0.1372178987755243,0.1779133515412861
2010-10-26,0.2054601761829629,0.1089748225257586,0.117387576922076,0.1126283944108294,0.1507936630565273,0.1349659588905394,0.1707559749640129
2010-10-27,0.2026078336277964,0.1103070840099774,0.11724615876921,0.1120371377925384,0.144632592124608,0.1348652871878392,0.1669725538250475
2010-10-28,0.2047899846549755,0.1100696818068583,0.1147928515299651,0.1113502953526185,0.1421458837525211,0.1345163521656445,0.1743087283232198
2010-10-29,0.2114967347659884,0.1091525147572499,0.1134507090087033,0.1101843028327389,0.160672071951115,0.1335448405433277,0.1623787746700623
2010-11-01,0.2127227905965246,0.1118412812244199,0.1128072932858236,0.1117310319708323,0.1605445019804753,0.1366757303727744,0.1616178354574293
2010-11-02,0.2149891219695065,0.108768384004437,0.1032612160440917,0.1061662076647639,0.1682811619545268,0.1271907522427037,0.1616007334495816
2010-11-03,0.2177494720916375,0.1174147033659775,0.1089943255229076,0.1030535399266917,0.1737813272085422,0.113585724883907,0.1710329447985706
2010-11-04,0.2175189311157011,0.1153162293160957,0.1074679684228959,0.1026332323648832,0.1756496032208113,0.1068641541384034,0.187125546078746
2010-11-05,0.2159826963855301,0.1158348328802277,0.1079734107202674,0.1028766841427533,0.1751839883817685,0.107128643917368,0.1910143871127276
2010-11-08,0.2061301507385702,0.1159150068874152,0.1081778897617485,0.107975992428305,0.1816262279855133,0.1114842519065724,0.1882369505633244
2010-11-09,0.1993397347113141,0.1223911511512031,0.1174680266686717,0.1081240558188574,0.1835703365158524,0.1115320330381968,0.1936250062466145
2010-11-10,0.1986014802514375,0.1220300754949364,0.1170618384653871,0.1099632227130749,0.1831662482129029,0.1182862616800664,0.1768779726825185
2010-11-11,0.2778891984756397,0.1124567049536617,0.0993220373163021,0.1172389658044005,0.1935122299469087,0.1289492806424046,0.185184788511391
2010-11-12,0.2787423866614828,0.1122147828151933,0.1014320008452215,0.1164164380256336,0.1882265883124208,0.1287360543995269,0.1776920433822811
2010-11-15,0.2940731296749511,0.1395653044376971,0.1232711730572872,0.13010498903168,0.1939557626184322,0.1365070356705413,0.1749413098755686
2010-11-16,0.3002525530765378,0.1375755793384847,0.1238569321975626,0.127631912576584,0.2019060513422309,0.1357573104520211,0.1748511610731252
2010-11-17,0.2965721311469378,0.1430710189487898,0.1367728082510748,0.1250897889325116,0.207033759372908,0.130177866907077,0.1860727564022157
2010-11-18,0.2984401411201121,0.1441416552552895,0.1364043373757367,0.1208334093166129,0.204883157143072,0.1278443433164383,0.1737637931645645
2010-11-19,0.2979047591093452,0.1461791449958563,0.1317178333362885,0.1210494961060203,0.2047487282651102,0.1287017923938367,0.174510780626466
2010-11-22,0.3041456786055856,0.1570963464000846,0.1461298272322246,0.1310937129145177,0.2235028822245121,0.1372819543255329,0.1747509684367611
2010-11-23,0.29220871314518,0.1646433021851601,0.156402075939175,0.1403684727903124,0.223801444476673,0.1508824999149788,0.1781251813972962
2010-11-24,0.2973332626303838,0.1648549669970735,0.1569897080203089,0.1403691607844258,0.2239634689932335,0.1507991519025887,0.1771609112338927
2010-11-25,0.2951145648272346,0.1615827806436484,0.1555508758128599,0.1425975641547389,0.2165764438557018,0.151342496529395,0.1787374690524716
2010-11-26,0.2951104558849811,0.17533109009399,0.1754474036880259,0.142668616895098,0.2209778594442319,0.1519624673523381,0.1786400310252188
2010-11-29,0.2989648556221845,0.1756226206578514,0.1755906758126706,0.1442226210137547,0.2215744399884517,0.1565194550765635,0.1804085528188823
2010-11-30,0.2832183337252395,0.1898671832258204,0.1959322707799507,0.1615589791683277,0.2084428057858656,0.1710617841188657,0.1778049013768914
2010-12-01,0.2855194974377393,0.2010496112739518,0.1988498580066501,0.1649799292981981,0.2107724764019117,0.1712743782369845,0.1834325305452401
2010-12-02,0.2855986233402451,0.2014371871156642,0.1974712030453937,0.1648156099004303,0.1986821900685679,0.1716724449728061,0.1831620854364411
2010-12-03,0.2772366262362827,0.1898812545482005,0.1898846433645954,0.1518930706690463,0.1886187426357563,0.1648212505471053,0.1742052599132347
2010-12-06,0.2729226743363787,0.191281095452988,0.1907010608551874,0.1512967254445786,0.1836729548988862,0.1648578046137585,0.1522461758738809
2010-12-07,0.2693094326072095,0.190932090739594,0.1914399191635987,0.1516339371964885,0.1863765096985637,0.1653476787472514,0.1509750065420573
2010-12-08,0.270702989830308,0.1904618183408656,0.1911753070543429,0.1491781437051031,0.1862338510459356,0.1635372219486637,0.1496187177498673
2010-12-09,0.2757275891526434,0.1875182062850507,0.1875519693669188,0.149750726636544,0.185327436022879,0.1643352005350938,0.1476563726387526
2010-12-10,0.2933895392797438,0.1895621112173779,0.1875448903044038,0.1487131991127782,0.1843817175574656,0.161810923477792,0.1491178441345313
2010-12-13,0.2350545074353188,0.1898078730943527,0.1877053317671955,0.1415520123395893,0.1758154839489999,0.1516704393776626,0.1380536600284956
2010-12-14,0.2324427805867757,0.1895780766861298,0.1866948515902058,0.1430933578416473,0.1851063423896457,0.1525184775919893,0.1356195490292703
2010-12-15,0.1875588114782694,0.1685033945515847,0.172231662333945,0.1292131621392103,0.1846721201256065,0.1369809921954475,0.134544748637069
2010-12-16,0.1745832249515049,0.1688331869490803,0.1741259574455553,0.1291021772957976,0.1731008185803613,0.1370011339076323,0.1349174115205129
2010-12-17,0.1719979153720126,0.1637254422402414,0.1631058509359307,0.1209005587496393,0.1594641477103743,0.129731850758511,0.1232042496152655
2010-12-20,0.1702919447097922,0.1644819643606581,0.1649201942620375,0.121698363330701,0.1701417608508764,0.1305317160435464,0.132074219460531
2010-12-21,0.1731291011305909,0.1602909580546396,0.1644361858256894,0.1210883090166764,0.1703207886621973,0.1301778306449489,0.129792541536441
2010-12-22,0.1614034212858874,0.1437576552856438,0.1507334823143488,0.106920912501734,0.1446266426862941,0.1165101227992054,0.129792541536441
2010-12-23,0.1586474116035846,0.139122232231642,0.1408298495646268,0.0984273255235942,0.1435893501122564,0.1018187454324408,0.1282631077356155
2010-12-24,0.1629634494773305,0.1384182176259313,0.1463048015131414,0.0982874878126322,0.1434690017497513,0.1016829050653492,0.1294343404798082
2010-12-27,0.1697838339416349,0.1360088448644758,0.1452137151539868,0.0923095891531865,0.1445463127419615,0.1007188005448317,0.1306683302915771
2010-12-28,0.1725061965108312,0.1089549520352307,0.1199978066523992,0.0914338478199975,0.1477222648876473,0.0985536518046396,0.1287845774129499
2010-12-29,0.1653785724633967,0.1090792300013097,0.1282334619896372,0.0873904692188716,0.1460081015460007,0.0880623037783451,0.116770770137166
2010-12-30,0.1766860624722649,0.1037053654155134,0.0934217930902689,0.0582100570316877,0.1413842132882136,0.0659660167755526,0.1160526732855733
2010-12-31,0.1747588693198815,0.0760864910200445,0.0898902141412013,0.0550215173802629,0.1507705405127159,0.0714337863741048,0.099552928199573
2011-01-03,0.1832859241193889,0.0956350074124211,0.0900551170372532,0.055955705788195,0.1530358829111066,0.073283513908886,0.1135736118970666
2011-01-04,0.1830979106537156,0.0958390886841579,0.0917499150809317,0.0560191301032671,0.1526130929323218,0.0762477765924549,0.1137162201043989
2011-01-05,0.1821956271488219,0.0966185801489253,0.0910331043591564,0.0575197812879346,0.1504996169370641,0.0763016825535748,0.1214617845932753
2011-01-06,0.1805391309154846,0.0990246876037418,0.0916229451263272,0.0584073295112252,0.1419040290540074,0.0772796967251997,0.1187174231922223
2011-01-07,0.1838488858078293,0.1011172914285979,0.1015599555514334,0.0586471674713746,0.1441119808995146,0.0771513437419832,0.1179884402927592
2011-01-10,0.1805579797461741,0.1051074389292495,0.1084670376960904,0.0569694738181418,0.1473274034164264,0.0740860932779583,0.1151987585980091
2011-01-11,0.150890042551165,0.1037430736014635,0.1249835583912635,0.0624765961280371,0.1539071044163495,0.0735500747864877,0.1127685147435981
2011-01-12,0.1511240237902043,0.1046990400000325,0.1249864078429524,0.0634655269570703,0.1538640497875454,0.0740527188429239,0.1147409653902849
2011-01-13,0.1555213996053555,0.1055467470095824,0.1248133605141476,0.0618111382885022,0.1343023550884272,0.0732471310485019,0.1193306474814819
2011-01-14,0.183697450524904,0.106217226163361,0.1247841970945968,0.0604346279695816,0.1251577427855437,0.0711368759433588,0.1193180408285989
2011-01-17,0.1841192728449133,0.1120423474261735,0.1261090328769392,0.0603583677536958,0.1255470645115148,0.0714067275762282,0.1192083164123152
2011-01-18,0.1972100299116646,0.1222036388043375,0.1292105720489766,0.0726369268578752,0.1264736292439325,0.0912516250792041,0.114640641994557
2011-01-19,0.2165969385426598,0.1332143850595838,0.1291588850342261,0.0710850192466277,0.1369464614442266,0.0939616604177258,0.1121580514828876
2011-01-20,0.2236433909302046,0.132964578978203,0.1305414819081876,0.0707600708699613,0.1391171451761683,0.096122270212043,0.124402603350716
2011-01-21,0.2234637612001337,0.1359342570994171,0.1304684016919219,0.0720654578852955,0.1374412391935973,0.1014439689515942,0.1267483414244032
2011-01-24,0.2234069615716113,0.1362785968026165,0.1305433031503501,0.0720176250509883,0.1366614135992241,0.1014011378936715,0.1302235443126869
2011-01-25,0.2203377222424524,0.1399159339977329,0.1266559711824407,0.0726759602839366,0.1365064399225912,0.1037554754337913,0.1299518939410119
2011-01-26,0.218707769548639,0.1399175035049788,0.1270040643421824,0.0726957659913961,0.1316678940523163,0.1043229445823197,0.1300763972407338
2011-01-27,0.2175411415077635,0.1474644306126026,0.1299806786427118,0.0981570862267812,0.1266839423223718,0.1379889680216338,0.1354155096849212
2011-01-28,0.2222662340555692,0.1472110850990641,0.1234432721120791,0.1006520976350975,0.1298886338368421,0.1386660807035298,0.1360797002299502
2011-01-31,0.2143064329314619,0.1522270587773616,0.1320072926607927,0.1134061512250894,0.1298854740085331,0.1505204574005351,0.1366015173439934
2011-02-01,0.2143064329314619,0.1538539953347463,0.1280668440280253,0.1091713167744016,0.1310197730422798,0.1436113811677998,0.1487921710405075
2011-02-02,0.2067853838466453,0.1396807693009989,0.1275296582462796,0.1088890860941756,0.1271197446620527,0.1426079958012624,0.1387259354150501
2011-02-03,0.2063461468682747,0.1387866229438179,0.1255165146857426,0.1082618676384726,0.1265816127324041,0.1415830157852939,0.1430300098825379
2011-02-04,0.2056896825391867,0.1415380653537648,0.127342508054682,0.1088638663776829,0.1366233091927732,0.1421827195250859,0.1355974256306673
2011-02-07,0.2047535276430927,0.141395043442246,0.1255390526342527,0.1084934556726396,0.136275758648792,0.1420070579048387,0.1362119047160657
2011-02-08,0.1990606944066258,0.1423220718368968,0.113397973581648,0.1091025587194408,0.1421088185140167,0.1427850691046922,0.1363957629786437
2011-02-09,0.2058856577229344,0.1400813263889558,0.1085265739016751,0.1089369597877436,0.1509103929131058,0.1426343792871964,0.1360308123526672
2011-02-10,0.2051216881835023,0.1406485775010256,0.0936841875971778,0.1067525956643618,0.1406029142370946,0.1422659386031629,0.1360362110581783
2011-02-11,0.2218656069605032,0.139752441900377,0.093751867042137,0.1061712660844308,0.1479674750825833,0.1421896577779262,0.1390588666339657
2011-02-14,0.2162601905756785,0.139812983093162,0.0936669577098336,0.1054358830543672,0.149343589820604,0.1418985537996515,0.1352319636796085
2011-02-15,0.1837751656357577,0.1417271315134738,0.0934742427059057,0.1066859874664835,0.1561286275876921,0.1436679003388745,0.136112409991653
2011-02-16,0.183743000887756,0.1362636444210817,0.0905890593753536,0.1068184849783583,0.1584738508580706,0.1434033115224849,0.1361840865040982
2011-02-17,0.1811873722275146,0.1277222408817235,0.0831420442821408,0.0983860737493111,0.1600547810743786,0.1320276060017325,0.1359663628468409
2011-02-18,0.1437708943161496,0.116722833694254,0.0938552227289305,0.0979435823451025,0.1507339276264976,0.1278468019836948,0.1283951823544337
2011-02-21,0.1728749338848494,0.116747388966098,0.0933115140796601,0.1249090461561082,0.1652285857186401,0.1615127295949882,0.132156736677908
2011-02-22,0.169546926440035,0.1217314682406256,0.112733829656742,0.1260594950167828,0.1652901565967013,0.1640484133162248,0.1347852917010134
2011-02-23,0.1663349797252797,0.1208094678523608,0.1173401907283102,0.1261692326930341,0.169869566723483,0.1650506275850541,0.136362959220525
2011-02-24,0.1639684182761621,0.126116866454697,0.1156485823245843,0.130104956901088,0.1828698957973158,0.1715149551173771,0.1366930082509984
2011-02-25,0.1600820162747226,0.1261742604306686,0.1217540892747493,0.1310192262057847,0.1903148694988354,0.1705742634641618,0.1379376167522595
2011-02-28,0.1601983614235848,0.1209654948696654,0.121258966817938,0.1274381018304064,0.1894027583117097,0.1566772796044461,0.1363731592809839
2011-03-01,0.1559126950822466,0.1211055170615289,0.1224801128201413,0.1253206167400823,0.1944948812804736,0.1564009105158,0.1568837578556208
2011-03-02,0.1570366342425813,0.1197068548162813,0.1134547799513224,0.1261106636116039,0.1948152299982114,0.155744634636866,0.158900297183903
2011-03-03,0.1618610622525144,0.1176173817140841,0.1157680114591954,0.1286518966937104,0.1891559467223934,0.1569373784280993,0.1515168404664666
2011-03-04,0.1702504766139078,0.1176093532431992,0.1159126535781701,0.1319725773286566,0.1894139416110303,0.1645441286849692,0.1641020835025564
2011-03-07,0.1700309143305583,0.1173005281641301,0.1153386358133137,0.1350160275353217,0.1990850756578882,0.16536513355601,0.1600827349172338
2011-03-08,0.1698851748485541,0.1144404889236991,0.1109343391996613,0.1335091029891225,0.1926735929072673,0.1650689121579562,0.1606872927779954
2011-03-09,0.1806374338811617,0.1215061100630421,0.1122780125166611,0.1472928229474091,0.1946266436347902,0.174766544695892,0.1674162370440939
2011-03-10,0.1799027976579054,0.1204976308471864,0.1170893624034537,0.1496257442993992,0.1963153551128847,0.1762690495184648,0.176530498136164
2011-03-11,0.1736948760596656,0.1225941191787178,0.1254217768526593,0.1506769141415253,0.1833095443115081,0.1767136227228645,0.2747579747673202
2011-03-14,0.1818820435602132,0.1247377584855164,0.1572481682329078,0.1528235592494316,0.2091965303730222,0.1779616857656624,0.4540079333807162
2011-03-15,0.1657478974467865,0.1334572693048378,0.1629680804621885,0.1637083308367384,0.2041452556636063,0.1856510775322192,0.5001760538713144
2011-03-16,0.1706545780971637,0.1510912667169816,0.1868671022152818,0.1723456755634149,0.2108510859806387,0.189048091566793,0.4995418025597188
2011-03-17,0.1684483688946145,0.148253139970994,0.1865418874807572,0.1713704166649969,0.2063900987452277,0.186634036409392,0.5116223725180841
2011-03-18,0.1684252432326163,0.1560834981645943,0.2081150573378551,0.1799892720673149,0.2145431999666799,0.1993836528469931,0.5110900763459548
2011-03-21,0.1657132716279543,0.1560846882593311,0.2068109303080181,0.1797127487835111,0.2113824812827249,0.1990847986840338,0.5381481072735576
2011-03-22,0.1648687774108941,0.1551749310660697,0.2051014967443462,0.1803114560036263,0.2110740161704871,0.2007047349283882,0.5388522395909577
2011-03-23,0.1350052139128743,0.1644899732452408,0.2182728730246424,0.1703618616594635,0.1993443604903751,0.1862634219929395,0.5374693403072737
2011-03-24,0.1384400179307207,0.159933029185159,0.2123962384768113,0.1693789874228751,0.2021335816453519,0.1815966571318256,0.540155906304652
2011-03-25,0.1378022656427161,0.1599480846318709,0.2107904243337225,0.1696345961519619,0.1967495833690714,0.1813578716609508,0.5395654733210168
2011-03-28,0.1421400948548917,0.1534601668480727,0.2084577778292425,0.1674911933931315,0.1871741456852323,0.176106868527058,0.5381129896914385
2011-03-29,0.1394483944955088,0.1538241484273961,0.2135387064750388,0.1679780698274061,0.1898623600973616,0.1779648718769421,0.5463586155400683
2011-03-30,0.1428023412406453,0.1518971632020977,0.2127141026926766,0.1584838416660786,0.1899854383122409,0.1685076306965468,0.5442877272556884
2011-03-31,0.1493742913572937,0.1620191182821267,0.2230333855840158,0.159122522680501,0.1856596821159395,0.1683447299477719,0.5395737056010551
2011-04-01,0.1485418173361342,0.1538005490869955,0.2219383972049574,0.1483321982939942,0.1908314802567894,0.1563676564207731,0.5380633169912146
2011-04-04,0.1418281928915133,0.1536651281858439,0.2208419678649521,0.1459624364556852,0.1873481326294364,0.1554206677500187,0.5361708756998453
2011-04-05,0.1332320707652968,0.1543975222805465,0.2214529528243858,0.1426876132620464,0.1867858506901742,0.1472157466339712,0.5342058927376608
2011-04-06,0.1333678326999481,0.1557757804520858,0.2222005913541522,0.1399984986351609,0.1790077551201878,0.1455869529825333,0.5340534452750124
2011-04-07,0.1355783753378173,0.1560968470131848,0.2222205012121731,0.1406844760318294,0.1791310584476051,0.1458494646226952,0.5384647579256311
2011-04-08,0.1244842937774285,0.1448692635677036,0.2194378054791643,0.1236016095400522,0.1769801295408584,0.1301627686119074,0.5370634472649789
2011-04-11,0.1205637030769331,0.1545796811815029,0.2214114286332587,0.1251169167157717,0.1747569815103452,0.1342387175709436,0.5369590782189735
2011-04-12,0.1237342834743206,0.1516572264185511,0.2147937582202523,0.123044683696415,0.1754182689170624,0.1338158918044823,0.4930889316254996
2011-04-13,0.1114545801649398,0.1452908879048161,0.1788281068867496,0.1156570559017131,0.1406740476054822,0.125113401268361,0.2943930421083677
2011-04-14,0.1061459186475798,0.1284368013161952,0.1579960677392396,0.089207400321971,0.1409071581757819,0.1014402776843179,0.2371528657237237
2011-04-15,0.095067071198157,0.1427228738137386,0.1682470166082991,0.0909836083221358,0.1251388724952964,0.1091204397136742,0.2305979755551116
2011-04-18,0.1199934594358866,0.1428888831300666,0.1682001320558884,0.0917020832338225,0.1364267351270208,0.1092214250710666,0.2195263201279056
2011-04-19,0.1200419728887637,0.1539398272006975,0.1792558561549171,0.0891988293451435,0.134833144318694,0.1141516889350421,0.2262428837486512
2011-04-20,0.1210807664634629,0.1528122079443944,0.1773426902220701,0.0886591638430521,0.1362536825162689,0.1137295691432374,0.1762657582037249
2011-04-21,0.1195050587001475,0.1523467663036111,0.1776972704105704,0.0886536140583852,0.1358494331161413,0.1134171700865419,0.1656758520088333
2011-04-22,0.1314690343763628,0.1454248097168385,0.1690311727230025,0.0845415436454738,0.1360186701819319,0.1051233319131749,0.165593334638001
2011-04-25,0.1296776435987241,0.1474018363279878,0.1702359881871576,0.0885798135945217,0.1352207472326231,0.1071557033370591,0.1674969080946813
2011-04-26,0.1300042476813856,0.1474721154032618,0.1702050050017661,0.0890564722955559,0.1356793650801237,0.1066932817544268,0.172174471016264
2011-04-27,0.1340548946850478,0.1469925430973501,0.1710780650724009,0.0872432912442067,0.1367079624024111,0.1035669180899378,0.1791766591074924
2011-04-28,0.1378989660027557,0.1469098397241558,0.1637982637365883,0.0853085490356081,0.1262107433256342,0.1019212440381433,0.1572800065617994
2011-04-29,0.134394523468752,0.1444939457135655,0.1628602516437187,0.0852762054383332,0.1258486013473602,0.1032373105609947,0.1647335500094985
2011-05-02,0.1283350075500036,0.1333968239899682,0.1533458077432191,0.0855398435095298,0.1199903721827263,0.1075863155060689,0.1634505933974726
2011-05-03,0.1487967019958883,0.1451172247240184,0.1662319246124707,0.089425456415747,0.1158179059869756,0.1091928738763529,0.1635140100915458
2011-05-04,0.1492703748953261,0.1493931009113402,0.1662006804392927,0.095153793931662,0.1156983166936286,0.1107203518529924,0.1580057633719176
2011-05-05,0.1421724067117731,0.1519345303436111,0.1725844449471434,0.0957435936714407,0.1130841421910612,0.1112593078760187,0.1667859525001266
2011-05-06,0.1424930963724399,0.1519865951168729,0.176486917046813,0.0966578217778488,0.1176883662279648,0.1123658038318371,0.1689073753719789
2011-05-09,0.1417256730159443,0.1559447740697647,0.1798101699956696,0.0985944446172092,0.1156310200560866,0.1141527481100491,0.1575118830024237
2011-05-10,0.1417281541401098,0.1576734892245033,0.1796424366656134,0.1062272035922188,0.1154548173159052,0.1190029794454841,0.1570553351186657
2011-05-11,0.1468630541056564,0.1504770780520286,0.1733398562710485,0.1028016660967687,0.111245012299517,0.1136464280377037,0.1544873266781792
2011-05-12,0.1467316683786518,0.1481853447828307,0.1725073167838161,0.1074796949737456,0.1133884168905882,0.1220685746218971,0.153776434583115
2011-05-13,0.1476698457372673,0.1460071380039665,0.1717667083654334,0.1100732936118572,0.1200378656616453,0.1357400956902586,0.1569634128657958
2011-05-16,0.1471486992404114,0.1485627347204551,0.1834086940019983,0.1094369036058305,0.1198802782934466,0.1356687422271621,0.1555421189632254
2011-05-17,0.1500476443834442,0.1351120495377372,0.1671264924567801,0.1051600940836518,0.120550535652587,0.1347954241752582,0.1585722998265275
2011-05-18,0.1385645025542259,0.1354844327878879,0.1682389197180824,0.1040213125089652,0.1163639106174742,0.1347004267589058,0.1531618265413352
2011-05-19,0.1376706331784596,0.1141621180176234,0.144531311703819,0.0983202353937982,0.1010430211782282,0.1183956230234442,0.1415649223360833
2011-05-20,0.1623812764161368,0.130294120863872,0.1580622587364818,0.1045961113821614,0.1134564101237294,0.1278394910592957,0.147535607232927
2011-05-23,0.1623544050584895,0.131435779054205,0.1590037634188036,0.1045685511555686,0.113749047510569,0.1283644585516619,0.1478294892041776
2011-05-24,0.1584892803905639,0.1318316054425382,0.1594867349279915,0.1053359676301835,0.1139843672919256,0.1299599996042602,0.1487103283530158
2011-05-25,0.1574683279842887,0.1279052997417081,0.1578386364995767,0.1012384693593812,0.1178441827016372,0.1300686127842555,0.1529711108393711
2011-05-26,0.1589605256137434,0.1334182224065609,0.1580607266800292,0.0997093310882787,0.1237126890946563,0.1281004051059565,0.1454140498093322
2011-05-27,0.1552821701311751,0.1333898710855098,0.153310603220552,0.0985552556917565,0.1243135942515971,0.1279573158101201,0.1323915272540275
2011-05-30,0.160730649045881,0.1372500097761909,0.1667001528199395,0.1055524086999201,0.1453970253651925,0.1374714958772615,0.1507357692594211
2011-05-31,0.160738056848621,0.1410837301289466,0.1691059352240776,0.1300613038827736,0.1456170699869854,0.1578801943072474,0.1399499205286421
2011-06-01,0.1612521665515255,0.1468322236252032,0.1799036456819994,0.1299080752590826,0.1547194211721535,0.1565411446176101,0.1496284654533679
2011-06-02,0.1510357908441857,0.1376469923247779,0.1740963058369173,0.1317124914656475,0.1543506901922994,0.1628446130510699,0.150188630664903
2011-06-03,0.1504320761199166,0.1333685502726911,0.1740344211882635,0.1329982758716407,0.1542637920567425,0.1657349205859272,0.1532544701927254
2011-06-06,0.1529942516515207,0.1286427261544933,0.1637894395700666,0.1315994511219564,0.1540312940131202,0.164285110857354,0.150686121113373
2011-06-07,0.1527055312208855,0.1310173229883255,0.1615477883385652,0.1297706896666726,0.1537580013024516,0.163931226067721,0.1500125277317034
2011-06-08,0.158054080691473,0.1260312107817664,0.163552270998283,0.1291285003450039,0.1537150070646708,0.159264785490093,0.1498241726656949
2011-06-09,0.1585471564465897,0.1337543689520893,0.1672633641525759,0.1318579207052982,0.1555213759917258,0.1634152672805379,0.1500098235635541
2011-06-10,0.1538365707661035,0.1334878587947307,0.1673317934850692,0.1297910405896398,0.1541601141556555,0.1599877527808902,0.1436790462787824
2011-06-13,0.1552861812106389,0.1350435100332347,0.1787004089819716,0.137953383791504,0.1501812810947191,0.1685074411578015,0.147447316927851
2011-06-14,0.1559276011709671,0.1388036019115903,0.1827454454596706,0.1474305086916688,0.1452594483775876,0.1699032940433849,0.1443156063361041
2011-06-15,0.1613162148738106,0.1367748273109849,0.1735229960593051,0.1479283869038982,0.155507494802998,0.1696037315061847,0.1556007923970088
2011-06-16,0.1580329765175667,0.1310772752588709,0.1741254697942147,0.1440790648572212,0.1570522171965489,0.1621461571090836,0.1519595634405106
2011-06-17,0.1587196097149253,0.1287807622641266,0.1716119258232545,0.1457018907060157,0.1536373732527161,0.1632587399589402,0.151740986343704
2011-06-20,0.1648738260395192,0.1401646260883958,0.17954736428648,0.1534575497711187,0.1608931846410658,0.1829210891076317,0.1574979119621722
2011-06-21,0.1364708209806144,0.1252104049349317,0.1646189037817015,0.1499446446301356,0.1470314266258923,0.1769861067438684,0.1604073909927798
2011-06-22,0.1476406741115246,0.1362710678511411,0.1760120772113515,0.1500615467692864,0.147038546350861,0.1786564108186966,0.1609892317500804
2011-06-23,0.1633974548986088,0.1370924006144412,0.176191264225953,0.1534031460075178,0.1628975615688443,0.1812909679786536,0.1615049687816135
2011-06-24,0.1638643100495371,0.1380298528478578,0.1742183384078394,0.1567224082563618,0.1611507585855632,0.185667975715382,0.1587419973948692
2011-06-27,0.1598963692377991,0.1362381809847337,0.1752094612871549,0.1632213836529258,0.156568214477878,0.1930108662976993,0.1598162192985982
2011-06-28,0.1648962197074526,0.1474620953479101,0.1844469704146981,0.166302144789145,0.1557671675367703,0.1937876087573833,0.1670011865797772
2011-06-29,0.1636247258245412,0.1539967839723831,0.1776337488644426,0.1659253564583818,0.1456221475378787,0.1923575757658163,0.1539735834320647
2011-06-30,0.1636813388832655,0.1518845961091311,0.1740422774711257,0.1536312801112089,0.1458757225912589,0.1822350750463187,0.1546537093246247
2011-07-01,0.1673738328692726,0.1438123762700795,0.1568141169890666,0.1534875179874374,0.1510767801123048,0.1822336323363998,0.1439767147800552
2011-07-04,0.1657143318823405,0.1438140505753543,0.1567987523599618,0.1490207355830984,0.1447490786366452,0.1739769720811517,0.1408825578106291
2011-07-05,0.1660836636489669,0.1447271373422156,0.156010477589297,0.1427226807002343,0.148463315443871,0.1681260261909581,0.1345100157192562
2011-07-06,0.1669331401779584,0.1468883506867596,0.1563897760419337,0.1452084950064658,0.1482268917605915,0.1721597410854921,0.1347465828035434
2011-07-07,0.1668720649424827,0.1478885319679967,0.1587708537519776,0.1470141166867678,0.1483176502444625,0.1684491720326068,0.1350500380264424
2011-07-08,0.1541949568463793,0.1509506410861234,0.1752206390981018,0.161167552501235,0.1589425024541818,0.1858507457469077,0.1391543647765808
2011-07-11,0.1670326006547025,0.1450413891798359,0.1716282143602822,0.1534180167828308,0.1882607262534557,0.1786854135747603,0.1504655130511509
2011-07-12,0.1731882665739326,0.1462497898780318,0.1765946289970577,0.1534805769390647,0.1930975801747988,0.1784314026362042,0.1471874092907689
2011-07-13,0.17058180148205,0.1501756403490271,0.1697615165157231,0.1508607385950044,0.1931827587293776,0.1799467002609094,0.1452676141101695
2011-07-14,0.1666611521200074,0.1452700360033917,0.1637853456956604,0.1368078827219121,0.1922704596650409,0.168468795940538,0.14539899269966
2011-07-15,0.1556552794827936,0.1531892869825438,0.1728601790196625,0.1408923264131747,0.1832475809991469,0.1720014915782806,0.1291231736935005
2011-07-18,0.1548205594429887,0.1543552629521611,0.1757121555812597,0.1495489877144901,0.1792204631515535,0.1831236691276058,0.1311161488287093
2011-07-19,0.1506721503669289,0.157378865855018,0.1759978679250806,0.1492769840105827,0.1788922311805501,0.1849364394673077,0.1343971244982036
2011-07-20,0.1549515733348943,0.1524176644747666,0.1670030639297056,0.1493911577363793,0.1748499728544333,0.1736109266030082,0.1314794031031041
2011-07-21,0.1549191070291531,0.1532390328962935,0.1677783944974998,0.1466190529492672,0.1878853255127479,0.171630805642478,0.1248086010158762
2011-07-22,0.1827137230349422,0.1391033286750245,0.1550121129689771,0.1480421881406439,0.1888235761808731,0.173642381510005,0.1283877136060254
2011-07-25,0.1677000046878611,0.1389499187990454,0.1539540945320244,0.1416790259988672,0.1827992283548636,0.1656485310326906,0.1267537940338382
2011-07-26,0.1691940276307154,0.1466495515294745,0.161515371994834,0.1588147083090909,0.1814424493151609,0.1899216038958227,0.1216453388106246
2011-07-27,0.1699393868728193,0.1448808861889089,0.1621316310845079,0.1534879864950366,0.1814442008643835,0.1834428270569738,0.1326536417583506
2011-07-28,0.1661003058506393,0.1396668454762674,0.1510507885064631,0.152236350549053,0.1828956990845166,0.1835331326571142,0.1254500496617669
2011-07-29,0.1600129761171306,0.1299583865262409,0.172388080574061,0.1479007849895596,0.178749789550908,0.1792765669661243,0.1330797123386638
2011-08-01,0.1623687877616004,0.1291004750678533,0.1824523158614366,0.1595194463138507,0.1827797829996344,0.192781236993672,0.138815779301303
2011-08-02,0.1453064040657147,0.1458745203887422,0.1916926553417253,0.16153529009782,0.1842850603892289,0.1964397011927368,0.1515142808858626
2011-08-03,0.1455666612543375,0.1795161266152789,0.2150043306085436,0.224661703082701,0.1846142367982818,0.2580952166756093,0.1518806776005506
2011-08-04,0.159839429571814,0.1947443821198343,0.2258162923259064,0.2242243437850064,0.2320753660476466,0.2571873257776618,0.189371187451183
2011-08-05,0.2001647837140037,0.209755924890987,0.2641915166620613,0.305056229344077,0.2400015525157694,0.3330031928639861,0.1989337896914716
2011-08-08,0.1996917339292187,0.2282096746997486,0.2661293093341527,0.3573443676186167,0.2967644456274959,0.391101686426804,0.198980587088389
2011-08-09,0.2040201002779374,0.2424059095622629,0.2998100034006976,0.3791694649455532,0.3119250761650974,0.4066778959568841,0.2062948106840736
2011-08-10,0.2062499104127184,0.2745257456154774,0.3344618221203475,0.4190541351582619,0.2990086884882633,0.4447897429030524,0.2036480641418963
2011-08-11,0.1984836787521389,0.2977881031939588,0.3581693426681259,0.4196246687722117,0.2939710077308459,0.4450032447747636,0.2017581036048729
2011-08-12,0.2040303726837788,0.2991935689047949,0.3607759514223668,0.4290856298423236,0.3194691559782548,0.4511568064382923,0.2111192563296103
2011-08-15,0.2031054768599878,0.2995208562343755,0.359641566236779,0.4282265827422136,0.3194898824787396,0.4495606304749075,0.210489193534
2011-08-16,0.202968117927311,0.2966613870347753,0.3587348082522161,0.4283948100684968,0.3204705547033515,0.4493006371463292,0.2100171853842536
2011-08-17,0.207146834007337,0.3271000643532689,0.3916301415286349,0.4441282031694492,0.3210425118445468,0.468509563174018,0.211432335239199
2011-08-18,0.2077582041890013,0.321852316607733,0.3893338705999769,0.4444012228313324,0.3321491722071793,0.4692062515333312,0.2144830434544389
2011-08-19,0.2070331808365276,0.3235864200608745,0.3837461702400891,0.4391377852531003,0.3335541492982256,0.4673539951521692,0.2135756911492425
2011-08-22,0.2163812550598307,0.3239408559351178,0.3874109400126538,0.4607373975697439,0.3327716503686602,0.4950151530528451,0.2135716526618391
2011-08-23,0.1953668160813541,0.3316688523955146,0.4068275982987633,0.4655314708866032,0.3367541098651451,0.4979270086596203,0.213958005790868
2011-08-24,0.2211562860351784,0.3320186079469288,0.4048141079263607,0.4666794885772591,0.33824719123547,0.4994890117248455,0.2235462429805629
2011-08-25,0.2188344387857525,0.3320095422424068,0.4050379297665737,0.4691840957863133,0.3379255936708705,0.5056162377657021,0.2257242460312116
2011-08-26,0.2222587183782215,0.3312412408897027,0.4228705411211467,0.4819961165343401,0.3442922079860018,0.5212203337155847,0.2271389476139256
2011-08-29,0.2223180901973008,0.3489503223842682,0.422823764741783,0.4822194013821212,0.3527808820647433,0.5220956962275848,0.2338355493391134
2011-08-30,0.2222453662831597,0.3614406437501853,0.4339627798228025,0.4829080204140301,0.3565761355314596,0.5222825877272192,0.2260616943394953
2011-08-31,0.2210965319250361,0.3615046353474705,0.4309457901792561,0.4770631474256766,0.356596231576162,0.5161378611115273,0.2311962841855351
2011-09-01,0.222948674600021,0.3614803899766114,0.4371726164282511,0.4830093248665539,0.3560686325983005,0.5207485277382323,0.224894308884286
2011-09-02,0.2296018754659884,0.3632071686799415,0.4559691050971231,0.4549387014833339,0.3669001448950567,0.4917518908610244,0.2297769673173741
2011-09-05,0.2204765173577169,0.354564818313569,0.4509539699855987,0.4554587417898,0.3410963467886713,0.4909536749249751,0.2073965688181245
2011-09-06,0.1916057505685693,0.3489692304135629,0.4520686867474568,0.3973168806468406,0.3402347293702633,0.4329239503014184,0.2112792197730224
2011-09-07,0.1929226367277426,0.3441166450213861,0.452231722069896,0.3687263660046528,0.2744880673933246,0.3991761186208573,0.2047576903749384
2011-09-08,0.1899053092584684,0.3367425272258096,0.4389427764611937,0.3462366043721185,0.2635167137691592,0.3809435593946292,0.2015445910362089
2011-09-09,0.1838232544831942,0.3260107912539248,0.4243489237919956,0.3103480216147078,0.3001141572004109,0.3493708522858024,0.214282660252641
2011-09-12,0.1850308392845491,0.3098267029627832,0.4097635999040958,0.3114540224891503,0.3000131203472591,0.3523770236441648,0.2179459342370393
2011-09-13,0.1794040393726804,0.3113724068551325,0.4302469745051545,0.3057785579936399,0.2758083587581381,0.3507510315786852,0.21314724063396
2011-09-14,0.1786667666226591,0.3201158985560168,0.4476100742511599,0.3095644673289588,0.2778521247108894,0.3503249858173559,0.2235639345724357
2011-09-15,0.179081477691382,0.320268579641681,0.4504454365141788,0.3100407257406843,0.2827947303098094,0.3498949760087272,0.2380044259648033
2011-09-16,0.1809923557678697,0.2858853319515651,0.4139339845362051,0.2662760473690618,0.293958683440835,0.2905233819667882,0.2344088692178779
2011-09-19,0.1800710122523757,0.2890893984016542,0.4190155514284504,0.2594187955062172,0.2765933470382446,0.2851185504304812,0.2245109229283037
2011-09-20,0.2018297265320515,0.2931411627812561,0.4280353099831896,0.2823129785545581,0.2775761965060999,0.29723578182029,0.2214749600861465
2011-09-21,0.2156211215411232,0.3367478458820533,0.4586602770492062,0.2810397847186672,0.3110130162326097,0.28923116789275,0.2289584523202939
2011-09-22,0.2154757854917046,0.3329114868982492,0.447937091597593,0.2777437991618951,0.3075197776991891,0.2901829531476937,0.2262871019546888
2011-09-23,0.1911085465185566,0.3300273818901706,0.4582331663193408,0.2850599498109296,0.3018156816228717,0.2844146778377651,0.2303996890521843
2011-09-26,0.196050897274956,0.3564714464694641,0.4918704067921713,0.2826963298859918,0.3398957983543699,0.2753117266016621,0.2513201215119359
2011-09-27,0.1939172537985859,0.3605536830111184,0.4859774162657217,0.2728873022281478,0.3340648915776383,0.2622066408511863,0.2501630598536975
2011-09-28,0.1957359011862277,0.3488424846252005,0.4873283616888412,0.2747367134468683,0.3258789004978106,0.2612898612108327,0.2492227238392782
2011-09-29,0.1952712358289314,0.3403208619693612,0.485939153437831,0.2844482814056333,0.3222217565158009,0.2742758202005694,0.2492065618258029
2011-09-30,0.195687443973187,0.3404884105386897,0.4853239049931385,0.2960841938741084,0.3444177009256007,0.2914733306780367,0.250813741735179
2011-10-03,0.1942987371742301,0.3424185517085611,0.5045150288547914,0.2987535193737494,0.353888304502963,0.3007464984186772,0.2500977400467731
2011-10-04,0.1852919406983025,0.3401062649086444,0.4978715670905724,0.3060826729736406,0.3480091407591569,0.3118077831158618,0.2445479529389828
2011-10-05,0.1854017751202013,0.3603659041530856,0.5053568131844609,0.3119775247771908,0.4078578840096216,0.318202934658598,0.2413127178219152
2011-10-06,0.1710684815805279,0.3447174362075066,0.488972845545207,0.2963614882111293,0.4196768197529508,0.3027416565500551,0.2333852771890822
2011-10-07,0.170892190160297,0.3498557047135971,0.4977086956404845,0.3172986862956495,0.4201198960052086,0.3246580356056335,0.2329332446402354
2011-10-10,0.1713851304809211,0.3391538381131717,0.4717777202511423,0.3020697781300147,0.4316790030235091,0.312599937751099,0.24188938608029
2011-10-11,0.2041715690543266,0.3337305775851335,0.4636033385337005,0.3028135903239562,0.4113005059326008,0.311850658998532,0.2276899099511961
2011-10-12,0.203700458820821,0.3345963621528831,0.4671828947364427,0.3020489124461014,0.4197935031234445,0.3089272963781709,0.2277677881952562
2011-10-13,0.202695787133359,0.3350594717434307,0.4575066325377323,0.3041847300696285,0.4220684654370569,0.3102202511808247,0.2260782969953883
2011-10-14,0.2032454815477893,0.3290566108982932,0.4543314972435165,0.3067442129952399,0.4273278757441092,0.3156585133429949,0.2240279644502623
2011-10-17,0.2172659616701834,0.3291085208937449,0.4532227273524683,0.3140058477199351,0.446946894580037,0.3197836507398321,0.2176523819602842
2011-10-18,0.2095320738448549,0.321365691721256,0.4396713131499337,0.3152766150356255,0.4412208160023623,0.3273184284037782,0.2180955770881986
2011-10-19,0.2176273114046901,0.3179962833284916,0.4414088525397346,0.315532013355077,0.4439876109988941,0.326013998890542,0.2138462119862176
2011-10-20,0.1929183769144495,0.3199512759752396,0.4446061844768867,0.301969499586,0.4434486879730396,0.3212233045501205,0.213664602121809
2011-10-21,0.192101179670924,0.2685237580142667,0.3999843347502821,0.2765933037391706,0.431973538397565,0.3040836438810941,0.2100321350184496
2011-10-24,0.2010054519247744,0.270016235805735,0.4010489217033745,0.2891525027909095,0.4290830271132007,0.316428383418173,0.2131418065293246
2011-10-25,0.194168532442923,0.2700351528517907,0.3955599232627741,0.2820129176003221,0.4242675779624166,0.3142796721059772,0.1972660623035888
2011-10-26,0.1921297565167286,0.254926102958566,0.3963170765152181,0.2997828717067879,0.4163268832311346,0.3293196121813087,0.1867167171738542
2011-10-27,0.1951673703513215,0.24772306202129,0.3933803096144757,0.2869043407641449,0.4168241354280296,0.3173933172193556,0.1911231699831254
2011-10-28,0.1903925774372985,0.2695717966689611,0.4139417125354935,0.3040423477066811,0.4187140205991986,0.3263099901238835,0.1914979789510642
2011-10-31,0.189776579207904,0.2777915273306232,0.4445636096304,0.307660450856155,0.4201231850527305,0.3292820655543394,0.2016126485801724
2011-11-01,0.1935998270951918,0.2754351036110328,0.4493015861009278,0.2881071295310883,0.3843931659990481,0.3030964063531788,0.2069435145271163
2011-11-02,0.1934075950000537,0.2553950244501438,0.4078430414171703,0.2858130395674465,0.3732910994039735,0.2971891703798479,0.2032549927330748
2011-11-03,0.1939285143779668,0.2391774638331086,0.3976223697416705,0.284788649850042,0.3801206324021597,0.2920290654947555,0.2084602372592237
2011-11-04,0.196926646622068,0.2097852211491568,0.3870557117612432,0.2805927940206856,0.3470179478975225,0.2873672534836886,0.2030940120946789
2011-11-07,0.1974980490331427,0.2116851714428676,0.3870687679088918,0.2786140995999503,0.3364190830632226,0.2841163962711516,0.2061373218079916
2011-11-08,0.1958058194698336,0.2161199024537027,0.382746605340361,0.2929430861108908,0.3384386599597341,0.3000908634636783,0.209593872500708
2011-11-09,0.2088966207352703,0.2163944211859341,0.3832803208821069,0.2939625923579939,0.3867617387515356,0.2994358583452082,0.2225137843087026
2011-11-10,0.1847232709221028,0.2232282862627333,0.3914236657173364,0.2988532258293006,0.3864728980954177,0.3056776526472496,0.2225519364705121
2011-11-11,0.1933071101993193,0.2223779362798598,0.3908526679436364,0.301029437076185,0.3841316137237593,0.3067873593526629,0.2230453360800251
2011-11-14,0.1926532250189065,0.2191754391907593,0.3908980132066497,0.2962770928686878,0.3819019541824701,0.3028545209475924,0.2225476111629812
2011-11-15,0.2129043434756917,0.2183149343177382,0.3859030309717247,0.2940610651777043,0.3835121775227793,0.3009199343748278,0.2166372967312
2011-11-16,0.1953236474977489,0.2245776962982146,0.3875920295359414,0.2923348116217875,0.3528972411342456,0.3029498537992744,0.2116570658926194
2011-11-17,0.2070633446639186,0.2261324719848229,0.3879000413281794,0.2890257830911521,0.3564682563895012,0.2959217476574985,0.2140967468067296
2011-11-18,0.1942538632133317,0.2396503263308216,0.3956634003130143,0.2955739237138748,0.3544805318242093,0.3027026893999953,0.2121480859498713
2011-11-21,0.1926114740102327,0.2283512049169478,0.3756769526886478,0.2875032430463601,0.3544384097942404,0.2972561132290043,0.2122171320371091
2011-11-22,0.1800491288989377,0.2260439244395085,0.3721610085072144,0.2905606869403475,0.3318885773616025,0.2924672706565485,0.1992495819608022
2011-11-23,0.1709510847897052,0.2260626417573438,0.3719804382033261,0.2845564380317528,0.3296445768580912,0.2851222376837461,0.2048921063511914
2011-11-24,0.1703181782859198,0.2271681056778027,0.3762785183806916,0.2807803120384847,0.3305631268156447,0.2840997900635724,0.205007452036137
2011-11-25,0.169828324233173,0.2267693339059778,0.3640053053256598,0.2734588845971804,0.3167719331247284,0.2870852587414041,0.1991846915040289
2011-11-28,0.1664782987549692,0.2283004855095601,0.3665884892680102,0.273829478229567,0.313534207669121,0.2868895097168694,0.2103793620544766
2011-11-29,0.1989415755964189,0.2378856853649951,0.3926935028018716,0.3031252007836272,0.3153688257184799,0.3183357929257646,0.2100690826995145
2011-11-30,0.2163503333823584,0.2250223416728892,0.3507336996353024,0.2864541675596698,0.3646795351489922,0.302326388759622,0.2162881971649547
2011-12-01,0.2115564602153723,0.2249930514783059,0.3437618866886235,0.2814749726783616,0.3583131015673557,0.2991942719932623,0.2038431669597724
2011-12-02,0.213107856347177,0.2220352434439599,0.3307001514797272,0.2762949321026466,0.3494182035214265,0.2918205063614845,0.2048541600556899
2011-12-05,0.2093148121648178,0.2216881558929657,0.3195502201182334,0.2754514405225466,0.3338570473784021,0.2915929426870297,0.1996939841694366
2011-12-06,0.2101101119953991,0.2218818769789356,0.3193966489202482,0.2746982258434866,0.3383146413505203,0.2912560346865215,0.2086083769090383
2011-12-07,0.2102060683496371,0.2223790040951757,0.3263884037264153,0.2805468261516341,0.3388735602546711,0.2946872736868571,0.205156225998514
2011-12-08,0.2062658169108944,0.2140009791449422,0.3233493767328197,0.2562343369947766,0.3436145448726591,0.2715975950959246,0.2069336789694751
2011-12-09,0.2014414686021875,0.2233414117045485,0.3440249111054449,0.2602260638863836,0.2931667037989285,0.275421676622942,0.1864981951227177
2011-12-12,0.2073190094949741,0.2176531736075612,0.3243032224840764,0.2523019074061426,0.2915988773888658,0.2685610447230007,0.1912261035582007
2011-12-13,0.1902002648140607,0.230063233484326,0.3267396830676186,0.2530847256998467,0.2821680231283379,0.2718945346334575,0.1881695354082945
2011-12-14,0.1961511307861026,0.2314900149687789,0.3284338440153476,0.2526731685645181,0.2863501277467976,0.2682529587226516,0.1949627205959085
2011-12-15,0.2045916244221845,0.231543264450884,0.3285943054090081,0.2472281174985562,0.2855346977639637,0.2641494778661886,0.1930260927427409
2011-12-16,0.2043926699165847,0.2259733090428273,0.327325627130798,0.2437476947905111,0.2869528427824903,0.2593182925426821,0.1972343189120635
2011-12-19,0.1982760055937148,0.2253928654467044,0.3435190666400612,0.2637826138749591,0.2815939264541066,0.2809763776851156,0.193857106080364
2011-12-20,0.199393387698518,0.2055613972833804,0.3234676415435045,0.254294902381562,0.2847432536133127,0.2746945611056851,0.1999225638351897
2011-12-21,0.199192920536667,0.2081652373284926,0.3209746824863539,0.2542168267006066,0.2848500688973538,0.2757179011015931,0.2013217142121123
2011-12-22,0.2035764448231518,0.2026899389986193,0.3152947303796031,0.2392146330697766,0.2773047378122397,0.2603922891542491,0.2013217142121123
2011-12-23,0.2030668825219579,0.202066297730908,0.3140005333526044,0.2392146330697766,0.277277664266439,0.2603922891542491,0.1924694968130375
2011-12-26,0.2041450147470431,0.2018620438411657,0.3126761822939474,0.2384846942722967,0.2718937301255775,0.2577752770106972,0.1935098012383112
2011-12-27,0.2043393615683276,0.1810557504458758,0.2848420242404763,0.2276922056609445,0.2662172186588327,0.2384441621702827,0.1873213251301742
2011-12-28,0.1970837507039857,0.1834416544230789,0.2866541830537827,0.2295143613912798,0.2645602280958384,0.2389952531003467,0.1705966561238306
2011-12-29,0.1767612599758261,0.151563177629358,0.2327047686199376,0.1815071380407038,0.2591219720772054,0.1950053633424596,0.1713854631531047
2011-12-30,0.1528054203437041,0.1510801131158869,0.2535226081330281,0.1813321358038863,0.1759553562985585,0.1948084284424982,0.1576095785761764
2012-01-02,0.1510173332141133,0.1648064171541315,0.2572718409901661,0.1881499020661813,0.195298394744116,0.2030979002020647,0.1561410892683103
2012-01-03,0.1525546577746133,0.1662304944272937,0.2589418588156514,0.1854017787793876,0.1949311443845189,0.1996304032509813,0.1609151519113995
2012-01-04,0.1540746437362716,0.1687851955963732,0.2551785138464113,0.1855507445351417,0.1915034425699053,0.2013546897900196,0.1564154559159166
2012-01-05,0.1566848848187162,0.1685745142154448,0.255358896235505,0.1858355013638422,0.1865332970469882,0.2013928163031512,0.1478645770207689
2012-01-06,0.1903294054716991,0.1651281423880264,0.2461058562459267,0.1687337618192269,0.1931660333330679,0.187730635563105,0.1469478545918474
2012-01-09,0.2127192479519033,0.1700940516836053,0.2509907686439586,0.1622652997172172,0.1690646418060845,0.1793871149401244,0.1398883980124435
2012-01-10,0.210375962944482,0.1565843994283604,0.2177017515009174,0.1516864296587092,0.1704657074585192,0.1723481177993543,0.1312427194760379
2012-01-11,0.1997857457202614,0.1533207473672362,0.2171026844690811,0.1468323190940249,0.1686533001800093,0.1648860219382548,0.1277945538885656
2012-01-12,0.2029101410909893,0.1294760417507676,0.2074377014020597,0.1409943043268402,0.1675139414621742,0.1545854696729179,0.1362313413169697
2012-01-13,0.1977315325256008,0.1287766874044647,0.2086011415756693,0.1413018328145523,0.1579754375096671,0.1547214422915072,0.1329539882595975
2012-01-16,0.2322168877800256,0.1284844315400071,0.2115287240847353,0.1413220333411428,0.1830671224354911,0.1549067638343631,0.1373129195737785
2012-01-17,0.2377003572354507,0.126376573401607,0.2084858073699134,0.1342072305345781,0.1751371787959656,0.1497068493951289,0.1328303096970147
2012-01-18,0.2410068768340002,0.1245348437710655,0.1889428841109869,0.098962328532593,0.1772941048248931,0.1152003014168426,0.1358400264624917
2012-01-19,0.2381055287109541,0.1224082344650945,0.183950766268519,0.0991585261944551,0.170935287010986,0.1064982124440139,0.1356680409794439
2012-01-20,0.2376874405594637,0.1199522881121915,0.1827958866670305,0.0972798435128613,0.1701920078430328,0.1061189467820983,0.1317863749499485
2012-01-23,0.2369546777397882,0.1197452599493795,0.1843327139241159,0.0947521975671005,0.1673035279681524,0.1052762316136285,0.1316032802817716
2012-01-24,0.2349889332399521,0.1219137266400035,0.184231333035309,0.0973288986999306,0.1673035279681524,0.1085327635068274,0.1324928900337329
2012-01-25,0.2302681750178309,0.1270876605013202,0.1901462010724623,0.1007616762749827,0.1721893352574755,0.1118311464511489,0.1320751959036308
2012-01-26,0.2304678351894877,0.1341431742330545,0.1715928989477454,0.0879499906195616,0.1684679106631814,0.0952613086814181,0.131718225672857
2012-01-27,0.2382386521569264,0.1369137778147905,0.1772987111991167,0.0842806026247827,0.1798013230248004,0.0950171000168115,0.1331684025386622
2012-01-30,0.2358729386446862,0.136955737054871,0.1768480597374325,0.0819327469795758,0.1812291349117557,0.0926215177670934,0.1321862146132444
2012-01-31,0.2396842551777388,0.1499925124989357,0.1681534062261862,0.0848519928670933,0.1823260201980324,0.0961798773175045,0.1320785170949025
2012-02-01,0.2472186562828546,0.130423732937339,0.1637927194908496,0.0712413922868231,0.177718468560445,0.0853225406688916,0.1332789676443523
2012-02-02,0.2411127293535814,0.1406513058601069,0.1633116798654543,0.0830925159857072,0.1728560030043724,0.0940577478128018,0.130421781520602
2012-02-03,0.2370045287870613,0.1370248122797727,0.1622892937499425,0.0835816555400775,0.1744489685562326,0.0947603519281066,0.1294012047002353
2012-02-06,0.2467151592985693,0.1369883036913637,0.1592219652150619,0.0818917015518686,0.1658940636032074,0.0950592539268593,0.1204402231785019
2012-02-07,0.2414742953380788,0.1345655834867288,0.1552124855629758,0.0818944861031108,0.1664366295515516,0.0945133181557106,0.1230815213152169
2012-02-08,0.2258321289115078,0.1267858787187787,0.1404108657124768,0.0786613645751301,0.1671466593058901,0.092290961913679,0.1241012481511095
2012-02-09,0.2249936209007594,0.1287298684605495,0.1527673327995531,0.0841888826295213,0.1745520289569815,0.100362667916337,0.1279171522055549
2012-02-10,0.2249560496658458,0.1307972980807327,0.1530869511901848,0.0858965681215497,0.1729693026821,0.1024252419472188,0.1232355848711031
2012-02-13,0.2193174440258403,0.1292198075881427,0.1504350274345565,0.0830559510512936,0.1730886522326211,0.0986520230072186,0.118131598728193
2012-02-14,0.2095694953087271,0.1295775051829784,0.1475391055139509,0.0866375551066183,0.1751489011635,0.1026813213577909,0.1198580294463085
2012-02-15,0.1623778880555422,0.1288917679667286,0.1393075267341912,0.091842335164889,0.150241445152914,0.1096478355358103,0.1201575086079204
2012-02-16,0.1533361011290787,0.1290416769216675,0.1443970526879693,0.0863500206264316,0.1517403833557265,0.1038054154752108,0.1250874408652207
2012-02-17,0.1481593916063179,0.1290433183866836,0.1478291064276897,0.0858257450641216,0.1501070084417043,0.1033330106194141,0.1252868762864648
2012-02-20,0.1466538194192013,0.1293042394983894,0.1501563747310733,0.0858194377337949,0.1490226242405728,0.1035323638274542,0.1215873731077499
2012-02-21,0.1490700949748546,0.1267394351130737,0.1561052949879894,0.0873747918577943,0.1486453244503484,0.1062755785718191,0.1225929455716113
2012-02-22,0.1489816957378867,0.1249463906373999,0.1572864701503883,0.0874339325530446,0.1529398036374187,0.107850755396688,0.1224504728305964
2012-02-23,0.1531017967025511,0.1230444211465385,0.1580814124583097,0.0838615901490935,0.1527302005448073,0.1034463039241685,0.1199574266190464
2012-02-24,0.1528987579604313,0.1177943766681595,0.1494062029516053,0.0799896249311712,0.149936978833802,0.1006786799005573,0.1183611754138753
2012-02-27,0.1526670246675531,0.1103476697933767,0.1480663452393303,0.079320581068585,0.1579733942060136,0.1016678453266503,0.1183822297529634
2012-02-28,0.1464433022783373,0.1085584667101572,0.1431683531781007,0.0811409272792158,0.142885150085741,0.1055811678196047,0.1143045878687679
2012-02-29,0.1469707289512846,0.1123602869287321,0.1467792217053307,0.0820174746258816,0.1507176132510874,0.1066888349234952,0.1156582608648643
2012-03-01,0.1440090451642384,0.0959232220347692,0.1280314048198202,0.0802398710889315,0.1509230638888553,0.1037483234194982,0.1152620659456958
2012-03-02,0.1365147076938038,0.0988835718280942,0.1315843904514554,0.0823065885305304,0.1480858997348444,0.1095217051798867,0.12254804341291
2012-03-05,0.1463834776334237,0.0996227076284342,0.1693754136050167,0.0870840993850626,0.1672575232680745,0.1082924964700441,0.1237139654291493
2012-03-06,0.1488699618876864,0.1013109630303251,0.1708488986490654,0.0901611844343948,0.1697006783471658,0.1119856137971118,0.1258867939886619
2012-03-07,0.1372048616192335,0.1098171800160101,0.1903127597785589,0.0956068782183013,0.1755736918998776,0.1182742904232846,0.1368652092280836
2012-03-08,0.1161340605543212,0.1107673811159747,0.1913549388439981,0.0960158071662438,0.1702786687076094,0.119061816569421,0.1412183497207752
2012-03-09,0.1167580902663039,0.1102182301282035,0.1906967512470213,0.0959915414266868,0.1704173270805855,0.1189681353623095,0.1427408770967828
2012-03-12,0.1190597850478805,0.1126757163175154,0.1877239896488491,0.1086134498589277,0.1685213793431393,0.1289244615991445,0.1384962875764389
2012-03-13,0.153493022404392,0.1090411439853287,0.1900499517998127,0.1075498382038242,0.1682054423399329,0.1263596945740312,0.1430414061472231
2012-03-14,0.1554447385875439,0.1090158988591144,0.1909388846334241,0.1082705735438099,0.1682481788300968,0.1267669546261552,0.1432097562196088
2012-03-15,0.1583732457500923,0.1096186158209228,0.1908637851820643,0.10533590782878,0.1523012978602799,0.1243623462432118,0.1293634682756651
2012-03-16,0.157482614951436,0.1095517223430432,0.1907840769980179,0.1007650611347501,0.1516317968970017,0.1174741922641131,0.1277608874800203
2012-03-19,0.1654238072053802,0.1166777285910453,0.1941392430091216,0.1019727384370437,0.1622339244003105,0.1169311965682659,0.1217900208724006
2012-03-20,0.1652187014344158,0.114105922505226,0.1885118314898692,0.1024892305375329,0.1621088532212155,0.1168661604843601,0.1226756708944318
2012-03-21,0.1632461386011993,0.1166386479689277,0.1929108373717803,0.1065485170554578,0.1620133001453276,0.1181049570733228,0.1213680955942742
2012-03-22,0.1637694688627034,0.1167706955894319,0.1897725125229554,0.1056174122020867,0.164558645064887,0.1155048831258215,0.128566068447997
2012-03-23,0.1633907482597235,0.1196430208345941,0.191941561658243,0.1134540577545343,0.1632951618755868,0.1256149070017961,0.1284064714101069
2012-03-26,0.1561938305037658,0.1210097646313065,0.1907168920979019,0.1144981684207684,0.1762362949516237,0.1260782440647282,0.1472183893553543
2012-03-27,0.1766867144736362,0.1252703280906066,0.1952788226997078,0.1165862655999111,0.1756367275117833,0.1283996321300135,0.150392411722822
2012-03-28,0.1797130997781655,0.1299325197915521,0.204524558386286,0.1167192768859897,0.1695618729240063,0.1283423714043121,0.1515505692946439
2012-03-29,0.1807615514114482,0.1281526031124312,0.2068230379941007,0.1152005914530337,0.1676211555965699,0.1254056686175951,0.152359534133984
2012-03-30,0.1809367253035458,0.1389982475589531,0.2093418283221293,0.1159470344842042,0.1628994992611394,0.1263966695323898,0.1519368499029795
2012-04-02,0.1707325457681469,0.1400555083139286,0.2125374605921082,0.1163375984414074,0.1672843971660338,0.1252638452583913,0.1528876117072842
2012-04-03,0.1709424777550877,0.159017717473635,0.2330800911821867,0.1217069767055289,0.1616247399652812,0.1329037653953991,0.1714069998208216
2012-04-04,0.1802675870060854,0.1472071845456046,0.1995888292456806,0.1068243718065963,0.1473957330164859,0.1211482248710243,0.1709767337759293
2012-04-05,0.1800304173818087,0.1462474489666831,0.1988930611750292,0.1054403818767802,0.144538143604056,0.1194566588770725,0.1719254701285322
2012-04-06,0.1761665640951099,0.1396903857627782,0.1806061306716145,0.1098055856894848,0.1367449869416308,0.1222635003503428,0.1649019778974491
2012-04-09,0.1767988908401239,0.1558300176359893,0.1971536459762906,0.1244756216935611,0.1371588194036712,0.1377532626235406,0.1530041798349299
2012-04-10,0.1772797854112012,0.15865513640625,0.2007918450455628,0.1272685967362033,0.1397219853189863,0.1404600846465569,0.1544408179795907
2012-04-11,0.1869093611665588,0.1614970713986667,0.1980312375043766,0.1206314396060698,0.1392681222078092,0.1326182441548742,0.1571491465350089
2012-04-12,0.1658523318076606,0.1639870644116514,0.2055595725036207,0.1275965621809377,0.1555147733193556,0.1417734951470003,0.1531568314663653
2012-04-13,0.1641485273308235,0.164748754587689,0.2036833855668255,0.1253559852184271,0.1553422121376821,0.1423397486483281,0.1582723776986491
2012-04-16,0.1598232055596019,0.1767782689070634,0.2266180471466648,0.1370871710147666,0.1553623022350082,0.1563138047133252,0.15797592971596
2012-04-17,0.1743931137531623,0.1769122353408798,0.2280519594292892,0.1366864873501883,0.1607241727447959,0.1542866926506619,0.1777128221039305
2012-04-18,0.1678563517101038,0.1732987469350639,0.2257529833093822,0.1376175984409381,0.1498752283519774,0.15620603360714,0.1786680088722508
2012-04-19,0.1725228189156572,0.174428035152994,0.2304039609177388,0.1377536279629313,0.1497543467971264,0.1561923746160498,0.1783699215418031
2012-04-20,0.1746748474059989,0.1831499856296856,0.2526573609625762,0.138491276121651,0.1625866007940458,0.1588670968054462,0.176916592317407
2012-04-23,0.1699934485765038,0.1855219275629306,0.2561755178779283,0.1386995079213915,0.1584455924682384,0.1586095900996293,0.175154353041101
2012-04-24,0.1715091546973061,0.1829115053618319,0.2603759436866638,0.1384006229825304,0.1585283333120283,0.1666907488408881,0.1797997866638267
2012-04-25,0.1714181612228852,0.1836051203366608,0.2615878513105548,0.1404720944375901,0.1478691849096143,0.169028288401097,0.1558531601522437
2012-04-26,0.1411732912700436,0.1814650216959852,0.262161103182569,0.1398204996302755,0.1460372528183192,0.1700752932457929,0.1552938756258875
2012-04-27,0.1287260289515013,0.1785776494280897,0.2561840731828511,0.1403341627786502,0.1494889054979047,0.1715061609136129,0.1550681235430638
2012-04-30,0.1288835479949054,0.18329363298532,0.2531630597888032,0.1411321006159537,0.1489794245279387,0.1716359071448554,0.163455471068394
2012-05-01,0.1378361901532692,0.1744950872469048,0.2466458370725856,0.1387359865961292,0.1516201430226449,0.1687642903607125,0.163696380972403
2012-05-02,0.1376555517893888,0.1736164200997103,0.2448864180992813,0.1403927736105757,0.1468478909374842,0.1726756178486133,0.1638348767206421
2012-05-03,0.1371868110682372,0.1680531691684968,0.2349595461999657,0.1466500707171074,0.1497724668920305,0.1820104772032836,0.1477845565143293
2012-05-04,0.1287951300044455,0.1675025490405277,0.2351421101296154,0.1467157224467536,0.1726261675048631,0.1810640526454115,0.1721383539570645
2012-05-07,0.1295148836537873,0.1774944158848832,0.2426032967537778,0.147104598929731,0.172816587190236,0.1810665034543647,0.1743462553769427
2012-05-08,0.1398475607534355,0.1777174211283785,0.2436617577744022,0.1439861408706216,0.174571942264319,0.1784803365774337,0.174520169754539
2012-05-09,0.1380921728164126,0.1615860670370246,0.2307971522137928,0.1321662756902983,0.1710266885962943,0.1682640133799428,0.1744932631476908
2012-05-10,0.1409610446905075,0.1609328192677177,0.2303441633994827,0.1299083225125922,0.172973553344817,0.1650780221501045,0.1738122005178989
2012-05-11,0.1305868801427033,0.1659318262444842,0.2355489564764971,0.1244384302717837,0.1734048414019927,0.1600584263210042,0.1714672017122507
2012-05-14,0.1305388126527506,0.1637106099086612,0.2236180903109796,0.1193093604966362,0.1627171536520796,0.1541213786918211,0.1643504407557332
2012-05-15,0.1371525527886118,0.1635531384849211,0.2220429674319155,0.1197163834480188,0.1928968140673417,0.1537791328592573,0.15928136215344
2012-05-16,0.1409683431929999,0.1511522753042653,0.2010799966702771,0.1124381905897825,0.1928793647603014,0.1504382455620256,0.1640923657603933
2012-05-17,0.1339143083367857,0.1547844631857348,0.1998807732790384,0.1134227991403234,0.1893114090663102,0.1534437100984063,0.1659515721747541
2012-05-18,0.1341375452800356,0.1587069083787216,0.2032092757486615,0.1296791114045234,0.1825958069448964,0.1799644832068553,0.1676818994363075
2012-05-21,0.1328580696694471,0.1734503145743541,0.2076230144976529,0.1294958551141015,0.1854368182392605,0.1799681469025362,0.1759162058210924
2012-05-22,0.1311827577648831,0.1824432222965228,0.1902744012555514,0.1280626778730405,0.1815059847624865,0.1791417853835346,0.1836513640514491
2012-05-23,0.1321597588326048,0.1901592505031962,0.1870075198757093,0.1271554269975855,0.180004744808593,0.179220362525574,0.1843554432704053
2012-05-24,0.1306649412364803,0.1898149798712741,0.1757627627445213,0.1150335020833186,0.1813547208996938,0.1567286827817689,0.178891624975948
2012-05-25,0.1381650647370985,0.1879211955957533,0.1735714732487637,0.1108407532200018,0.1790386612504224,0.1532097440478085,0.1794237024458514
2012-05-28,0.1442873179928773,0.1893749529202497,0.1758408044285429,0.1191641817949155,0.1891936012056068,0.1584555185915005,0.1841742695397867
2012-05-29,0.1444371982562634,0.19526592884447,0.1833276376812861,0.1259466401367493,0.1811371324922762,0.1605626751715151,0.1836325447211323
2012-05-30,0.1454213500003081,0.1886795993104006,0.1829673336941314,0.1223486728700975,0.1802844451603485,0.1597436407790276,0.1786832842919895
2012-05-31,0.1310138645346544,0.1895345301742739,0.2112743636604162,0.142713771618471,0.1716008642747707,0.1791011216557685,0.1786994022403585
2012-06-01,0.1584384649951527,0.1890780462449658,0.2125083159935298,0.1428784152159944,0.1774507869385693,0.1801398294736847,0.1826584131047866
2012-06-04,0.1569374118232415,0.1814543279488773,0.2060620371817539,0.1392862517601625,0.1813530808848033,0.1709291359757169,0.1896876141214402
2012-06-05,0.1567721354702561,0.2024170024092538,0.2221783316788305,0.1640066278135926,0.1800880605754152,0.1929545839545561,0.18647403780625
2012-06-06,0.1573749816527382,0.1997099476883693,0.2181672457615989,0.1638694570389629,0.1854546838464542,0.1931038638185322,0.1908715172149928
2012-06-07,0.1500918776227717,0.1993909601855305,0.2167927374421916,0.1660192459600366,0.1859822927103137,0.196740933565051,0.1966121980892141
2012-06-08,0.1562567113706448,0.1990535506719384,0.214962144135569,0.1701107878831493,0.2092431887444943,0.2039854103372242,0.2106909722202886
2012-06-11,0.1564865844665456,0.1999145005444711,0.2117613257332724,0.175751089751603,0.2062387570392062,0.2091820248836573,0.2121000260332126
2012-06-12,0.1634056194355394,0.1882046048350059,0.2033828651217826,0.1734211620001825,0.2066834158008028,0.2081975886233961,0.2133895719411485
2012-06-13,0.1660502170943738,0.1876390735677706,0.2023582635557776,0.176733892270313,0.2062733168073843,0.2096599505295389,0.2122681829095399
2012-06-14,0.1629135129400361,0.1864236348541076,0.2099532352434899,0.1793638706523662,0.194077550593702,0.2134807966055226,0.2096136016015179
2012-06-15,0.1555570610659803,0.1806060893972888,0.2068277658168897,0.1704137481983043,0.1966882122763508,0.2011362257413526,0.2167428134513965
2012-06-18,0.1495956737446679,0.1804897643625066,0.2151354413182256,0.1697056918800759,0.1907861320783314,0.1979467419238141,0.1917321226413439
2012-06-19,0.1495744474985335,0.180339919852139,0.2133345988405482,0.1629005718568377,0.1910379906656352,0.1820919264841126,0.1951035474662064
2012-06-20,0.1497431789175004,0.1760629126590392,0.2072158767144878,0.1818600511258524,0.1963305811887205,0.2019365363304692,0.1935305041115031
2012-06-21,0.1497524536924184,0.1533454159278008,0.1957347835089009,0.1832914464270336,0.1969707491273514,0.2052269227304356,0.1800154005457781
2012-06-22,0.1571963344970723,0.1519053512760703,0.2071721437894864,0.1916839888461094,0.1964932576648071,0.2160894702528264,0.1823232843136194
2012-06-25,0.1562954837547809,0.1519821790201559,0.2065137239760006,0.1922814351632956,0.1968345330136688,0.2171332937257321,0.1847920670606112
2012-06-26,0.1481286576649923,0.1583644359212513,0.2137628819901665,0.1946087439816492,0.1990827847130365,0.2184736367970241,0.1863794840683791
2012-06-27,0.1400373282413316,0.1586157022493331,0.2128893175158826,0.1911203150067068,0.196046317818486,0.2170793323611543,0.1925500832569129
2012-06-28,0.1516723647891482,0.1505292037466839,0.2519349822735233,0.2014255311377979,0.1967568968147419,0.2353000653757685,0.1974384842158721
2012-06-29,0.1519149177652611,0.1542412317585271,0.2544627549207996,0.2009513422619937,0.1960629218886976,0.2349477175482557,0.192680763837911
2012-07-02,0.1521789086303176,0.1468579861920762,0.2214438837358542,0.1773181441237199,0.1997470958246098,0.2090734694948902,0.1862084326462681
2012-07-03,0.1240609400786642,0.1470335692416945,0.2154147168059472,0.1773421200915208,0.183055102203358,0.2094008037172212,0.1713811639808181
2012-07-04,0.1280833217213717,0.146702397871702,0.2166019759558757,0.1791247185512214,0.183110699898906,0.2094018380158114,0.1714655625540601
2012-07-05,0.1346429101630377,0.1317921618451881,0.2222322215277858,0.1689464167094393,0.1796950090972731,0.2029867565025501,0.1669297453928901
2012-07-06,0.1535730329904037,0.1303554172313885,0.2220351593460477,0.169184305897924,0.1932560471976209,0.2021381849858014,0.1718626557147425
2012-07-09,0.1533049745405089,0.1306951828864062,0.2225099869578608,0.17027149686491,0.1895662807001052,0.2037378025349956,0.1540680214251627
2012-07-10,0.1486945302286642,0.1305856054547038,0.222501842207531,0.1637221276438328,0.1728487724886311,0.1948769505516917,0.1414984022290748
2012-07-11,0.1498214380101878,0.1348709110255419,0.2239423811277689,0.160588752791122,0.187094182880543,0.1933167594525303,0.1467696117683885
2012-07-12,0.1407499880366438,0.1383818266188164,0.2328975166613447,0.1670429390131576,0.1854494668663323,0.1963344466076634,0.1456955104950519
2012-07-13,0.1475859940048652,0.1376749429342188,0.2322618657542907,0.1641142009675208,0.1807796887362333,0.1963634447658649,0.1453547997719777
2012-07-16,0.1485451544055433,0.1399624795592069,0.2285866505793345,0.1623929850874762,0.1742126160043102,0.1923473012032004,0.1456123839543681
2012-07-17,0.1483660917770245,0.1430796511014882,0.2332048573179087,0.1636339379373829,0.1750742931156736,0.1941603735929823,0.1337301027640634
2012-07-18,0.1516609342356279,0.1326915429266917,0.2287815981509663,0.1607822594602534,0.184167989843291,0.1919083488058591,0.133452985767107
2012-07-19,0.1526079537507304,0.1371978975647773,0.2403334803710504,0.1647112015611963,0.1838585946722642,0.1979602115491614,0.1375246849950658
2012-07-20,0.1513953718495476,0.1515070202203039,0.2649810740678164,0.1477579617723935,0.2067945341845274,0.1832673105036785,0.1472514146598336
2012-07-23,0.1520882270311693,0.1495266521391843,0.2615143686172777,0.1496536105237407,0.2029300409914578,0.1818003318601359,0.1472072685623178
2012-07-24,0.1441187437453519,0.144001153574379,0.2495858452281733,0.1382579104158658,0.202228453774453,0.1690233149361713,0.1524700673552842
2012-07-25,0.1444125267637118,0.1506080329066833,0.2636281202129145,0.1475378188396791,0.2016301042412078,0.1738555840842867,0.1553043689703502
2012-07-26,0.1448377240487824,0.1467617561707004,0.2642477736229959,0.1572120928569264,0.2102627629487772,0.1874074462965594,0.1616105673643318
2012-07-27,0.144429933128972,0.1493365138438399,0.2596979749235846,0.1568206241398413,0.2146439704443124,0.1848976817926922,0.153236454787835
2012-07-30,0.134008524592837,0.147683851809004,0.2222071390485492,0.1356419842973113,0.2052222395679243,0.1560177093034019,0.1453810107195727
2012-07-31,0.1396862554849962,0.1489741255361777,0.2199688142884691,0.135959898200294,0.2052044683745476,0.1563345061421224,0.1461034718949533
2012-08-01,0.1396090352714731,0.1496224778501524,0.2307209493211845,0.1367734115454056,0.2003142249972649,0.1534100935651276,0.143213107541148
2012-08-02,0.1459972847089481,0.1671537307777317,0.2644256487050076,0.1513850060359699,0.2003082089931766,0.1688274677020086,0.1447105862780343
2012-08-03,0.1473799444882768,0.1674321836130849,0.2640412499790109,0.1503214376295075,0.2077184600733234,0.1707345740356391,0.163753536419248
2012-08-06,0.1424149748767754,0.1666328519722409,0.2525584170627118,0.1463128189628469,0.2079801020946184,0.1661715460607838,0.1666326944062704
2012-08-07,0.1177856282143478,0.1644346200512345,0.2516638846039288,0.1459227756154436,0.1961141875473819,0.1660945884650904,0.1634794423953902
2012-08-08,0.1192021397823221,0.1635671479637566,0.2516188770238786,0.1418402739058195,0.1979064894665484,0.1611997648154113,0.1668006097548723
2012-08-09,0.1182406298983259,0.1636758684187904,0.2525647492995609,0.1416546022502509,0.2000353606564087,0.1594847566396123,0.1704296295381894
2012-08-10,0.1273517816551673,0.1593531053874846,0.2524330231445811,0.139948291911986,0.1848376091629327,0.1559360814216515,0.1618761478428945
2012-08-13,0.1280359833447026,0.157153633583366,0.2454276884760597,0.1309035622853336,0.1867776156376654,0.1502990502309718,0.1624788963551134
2012-08-14,0.1195915195134795,0.1587899515368709,0.2464601251358033,0.1301982343858797,0.1932349694860302,0.1492399911808531,0.1625316737318909
2012-08-15,0.1174129312164252,0.1567723944426401,0.24691562891686,0.130041813662443,0.1866859908236022,0.1516661289345014,0.1729952101237018
2012-08-16,0.1165434822767945,0.1540470972639251,0.2427844969047451,0.1288535413395787,0.1826041869919293,0.1487030869439454,0.173173144394681
2012-08-17,0.112938631121874,0.1548047788927241,0.2410524611511236,0.1288713720884665,0.1754123913487536,0.1473786575456758,0.1720484311720603
2012-08-20,0.1133650752840419,0.1496830845619952,0.2299141830628934,0.1236501922546981,0.1751631915694638,0.1380038751747749,0.162691376566114
2012-08-21,0.1067636909342894,0.1387276257196125,0.1992367025613138,0.1179777164136612,0.1423526835068672,0.1284572335706098,0.1456574169482662
2012-08-22,0.1068073767378923,0.1357835049514785,0.2027056641531378,0.1169108009159646,0.1419172744446802,0.1255497029977152,0.144400071928466
2012-08-23,0.1105190544243688,0.1357498912312709,0.2026710906519928,0.1174572528121944,0.1507598413029899,0.1239537955520256,0.1405439022623354
2012-08-24,0.1235254205499015,0.1298464467026115,0.1870770574181904,0.1067517581918037,0.1522722799507884,0.118631237939045,0.1393138486320169
2012-08-27,0.1277880350363019,0.126788921434863,0.183823242891429,0.0876794987717013,0.1384347019254947,0.0966181583601565,0.1366408017081313
2012-08-28,0.1283613781806526,0.1229948118542564,0.1800233141380148,0.0875688436448031,0.1283392598947867,0.0943273628097598,0.1353478264039545
2012-08-29,0.1282439512107083,0.1182729325103609,0.1901577242194175,0.0907904975727847,0.129550853271776,0.1027865475553017,0.1399022695262941
2012-08-30,0.1228094073186577,0.1090557841005544,0.1926853256923528,0.0910402477204632,0.1297880015335734,0.0994259722997756,0.1501665823679529
2012-08-31,0.1243043105325523,0.1076809549702563,0.1739534833515997,0.0859764424997933,0.1290181714495399,0.0976372673670075,0.1522231094850294
2012-09-03,0.1193180615797681,0.0924651602857168,0.1265680473248567,0.059800657488984,0.1307682498251194,0.0757951880065715,0.1462652450868771
2012-09-04,0.1111279971393635,0.0911161138976719,0.1248675065703413,0.0596282401286427,0.124037666645267,0.0737858185101894,0.1358802676081206
2012-09-05,0.1150776540274646,0.1160873883197556,0.1563617679045423,0.0890017223517753,0.1238587064781632,0.098045108586574,0.1320792672259386
2012-09-06,0.1739755924245351,0.1166286685747454,0.15725571093426,0.0895838782975722,0.1654860863543389,0.0975204002911102,0.1493676539286477
2012-09-07,0.1729538411776136,0.1165311740358113,0.1572483588479687,0.0929323996577264,0.1612674987168461,0.1058888229151711,0.1442276145297974
2012-09-10,0.1740440019733291,0.1165299536355214,0.1611664442644906,0.0931506934313436,0.1602280483556554,0.1059408998410255,0.1424167786986412
2012-09-11,0.166962994699195,0.1163739665714529,0.1591626593413023,0.092916261391292,0.1646623333306585,0.1061014630984003,0.154361541805177
2012-09-12,0.1683849989212147,0.1169639175074643,0.1592239378646552,0.1059366164723168,0.1604811414960114,0.1127201164953483,0.1540087299781488
2012-09-13,0.1658051512811276,0.1282277388370324,0.1623985972384561,0.1061598159821792,0.1831303099325261,0.1147863059181278,0.1652463648554019
2012-09-14,0.1811650454378148,0.1290825442403075,0.1622646730515189,0.1058163180664726,0.1819907797137308,0.11178124931676,0.1532459038228573
2012-09-17,0.1832106423113595,0.1297036956535233,0.1652035601843157,0.1062005351424274,0.1812110433220509,0.1114685271553873,0.1516088471073655
2012-09-18,0.1837991384178689,0.1289525953599507,0.1653610700982952,0.1060988212660552,0.1845134796233654,0.1113250638493379,0.1569571792297707
2012-09-19,0.1944669955408751,0.1292618655510523,0.1643143758724325,0.1049380966179285,0.1902548931480556,0.1109653889701211,0.1661788027562219
2012-09-20,0.1944214968827753,0.1189501147664043,0.1599377482891657,0.1049866470508335,0.1865344557301397,0.1109556167211504,0.1662233044582907
2012-09-21,0.1946111456386274,0.1193757827088819,0.1563518186045462,0.1003349038955486,0.1832602059660038,0.1104708118928246,0.1657962472322141
2012-09-24,0.1924252008744056,0.1198126745348534,0.156414426107175,0.1070568519449966,0.1766450003623605,0.1209846718404819,0.1611639810903279
2012-09-25,0.1880123234296822,0.1320760073022509,0.1719257859491043,0.1093756014308529,0.178890890213323,0.1242893376685631,0.1754800297633157
2012-09-26,0.2067020668805232,0.1322524193134404,0.1696713704927809,0.113224720837673,0.1818274725835476,0.1323944252618272,0.1756279588546875
2012-09-27,0.2097548753888196,0.1327362168762953,0.1744829962147272,0.1148547913526417,0.1815170586173128,0.1347107851742306,0.177163653574906
2012-09-28,0.2097387705889975,0.139456971708616,0.1684657524143768,0.1106198253813209,0.1745623337096657,0.1289832888064642,0.1765202819740194
2012-10-01,0.2094519215033123,0.1395598077589176,0.1669364010654061,0.1098801340945093,0.1733734704986311,0.127837498292666,0.1681383827199397
2012-10-02,0.208766562166648,0.1373047921966673,0.1664112879416656,0.1100689129708095,0.1733638131255066,0.1285367570212175,0.167439110587287
2012-10-03,0.2067848781620584,0.1256374408185589,0.1594668625715032,0.1113211597772392,0.1701859398908427,0.1289842446393361,0.1701668213079957
2012-10-04,0.2063661468782331,0.1265696510825113,0.1630617510212742,0.111119550441636,0.1576433371295387,0.1298700616599243,0.1658988078191487
2012-10-05,0.206457936884567,0.1084680204125898,0.1451727944620137,0.0911706946902683,0.1638687123061583,0.1107603273484534,0.1659044680050324
2012-10-08,0.1772476144466826,0.1098511015522269,0.1464432470593722,0.0971910444555277,0.1340755462737856,0.1217653834242854,0.1528222001746705
2012-10-09,0.1770138840788786,0.1116665670665974,0.1471276537167098,0.0972224958491512,0.1345042587329536,0.1178553853447012,0.1663639937809391
2012-10-10,0.1776578384728,0.1159971758479628,0.1444346729513355,0.0966343320560426,0.1345403504183867,0.1178087453164612,0.1659146884590186
2012-10-11,0.1773678395001082,0.1179531312328245,0.145069407996885,0.0968240455042882,0.1320734546970866,0.1169958050375404,0.1523572557477428
2012-10-12,0.1757991838659444,0.1160006356561326,0.1452221617707336,0.0832190821995645,0.1315787021764405,0.1091382209389811,0.1529900347714557
2012-10-15,0.1742407215567445,0.1082513679860523,0.1475460790074211,0.0897945927708957,0.0933578936140766,0.1130924704901366,0.1473740727797849
2012-10-16,0.1577375582131981,0.1101902271755789,0.1477828828728702,0.0904333733939496,0.0977736564780389,0.1133093388498141,0.1550727751711646
2012-10-17,0.1585427643223669,0.1090878519688975,0.1465138264852085,0.0907158626960715,0.0970428134344497,0.1172984358501134,0.1711438560568608
2012-10-18,0.1586379285132422,0.1092882730288149,0.1477683309232495,0.1065931151840308,0.0908747192439258,0.1357800051911389,0.1657095984580659
2012-10-19,0.1374894414181215,0.1076724627782921,0.1497055719315139,0.1066816089322538,0.0784807398140645,0.1374802693780446,0.1573509449688051
2012-10-22,0.1423944021043952,0.1187366473273462,0.1620470341035568,0.1162681203344341,0.0771220080570204,0.1385480880625227,0.1570420785600208
2012-10-23,0.1423744508505138,0.1186506666179937,0.162218777500857,0.116369976439578,0.0758508865230649,0.1380696187961491,0.1578857438714521
2012-10-24,0.1448702681048589,0.117879609201697,0.1621017393494439,0.1127312482891518,0.0754905510854651,0.1329423004411405,0.1626119345465729
2012-10-25,0.1508117735890301,0.1045999629360325,0.1486550045614385,0.1114165755477662,0.0829292556862047,0.1315849428051073,0.1536123811515981
2012-10-26,0.1244201371788959,0.1047063768968685,0.1489595160234777,0.1053535473898513,0.0771482372326664,0.1200529606138993,0.1527094702133435
2012-10-29,0.1137994145768857,0.1064830737754673,0.1499453193697339,0.1047248296692835,0.0788788697009303,0.119269585787821,0.153352694614748
2012-10-30,0.1144749301503519,0.1043993042868481,0.1408546162642601,0.1040446378920696,0.0839305419115026,0.1193402956387774,0.1539482868761293
2012-10-31,0.1287770279290096,0.1142626809708167,0.145075173038758,0.1114703817084681,0.0865421506776962,0.1309668950727003,0.1538703884179514
2012-11-01,0.130138765925997,0.1139832130919769,0.1455958970291803,0.1142875559277132,0.0943353870319938,0.134155178807772,0.1568160775824468
2012-11-02,0.130316130732409,0.115423947906741,0.1467594669952592,0.1111357000662266,0.0974477138858651,0.1350391860119029,0.1560224989612493
2012-11-05,0.1311608618812276,0.1157569468784732,0.1421846586500526,0.1154145024649474,0.0984693938335641,0.1364751887798944,0.1562418986973553
2012-11-06,0.1294099521812888,0.126990702987511,0.1495918567963493,0.1391001918236905,0.0917985009360107,0.1566733858794016,0.1562552536405785
2012-11-07,0.1236867030164173,0.1260384407842014,0.1478236507849437,0.1409250181663989,0.1291354869124346,0.1557150368295036,0.1609301522200335
2012-11-08,0.1231736511026309,0.1245593299777156,0.1484742415552598,0.1406748539092141,0.1332281790650626,0.1567856982766,0.1481195081211475
2012-11-09,0.1221882635891332,0.1202075564654565,0.1435225572109734,0.1406645110950125,0.1329304316257661,0.1568604810803853,0.1504833002860037
2012-11-12,0.1317263931190196,0.1190331385350456,0.1419084687120947,0.1408172821661792,0.1375700712120733,0.1576888002436867,0.150537191812726
2012-11-13,0.1326005500030595,0.1244966562141568,0.1441772942746689,0.1421202043182488,0.1432357659576252,0.15810945217821,0.1497083747475012
2012-11-14,0.1379661400623087,0.1193530822705321,0.1332279205121394,0.1346078021415577,0.1531564936584262,0.1484686442459451,0.1554766467223842
2012-11-15,0.1384134849836832,0.1213246781023445,0.1373405901571726,0.1351036054417804,0.1493175974178183,0.15122464743997,0.1671053713785866
2012-11-16,0.1294203927963514,0.149110312788677,0.1637825621880113,0.1558361446476338,0.1493622850152477,0.172438613144524,0.1605008740477121
2012-11-19,0.1294713271023931,0.1492884973139677,0.165102080831604,0.147356323200076,0.1492144246323235,0.1576828422053791,0.160564336353037
2012-11-20,0.1362100372926799,0.1493591848976114,0.164037839609548,0.1477836704148031,0.1552786146918648,0.1575369247790813,0.1628337150452448
2012-11-21,0.1355245626214762,0.1434910490650191,0.1498893165095396,0.1402329128505412,0.1592859372890925,0.1553519322111976,0.1699889408846671
2012-11-22,0.1379109678904021,0.1443999960212239,0.1524032361709499,0.1472953647664394,0.1611573588407187,0.1628388273995939,0.1675063003770156
2012-11-23,0.1372434849610462,0.1456819331110189,0.1527504327241409,0.1470574477724709,0.1612702005603493,0.1631942787498441,0.1643484257416698
2012-11-26,0.1326951885409112,0.1459021756691832,0.1531354967179116,0.1480358721435394,0.1553291396406053,0.1634564230895249,0.1552901667055058
2012-11-27,0.1348212535024503,0.1457524673709572,0.1522801773099829,0.1506486343681469,0.156892589295135,0.1658912934915653,0.1628956969066211
2012-11-28,0.1346069364419664,0.1475008230146958,0.149921730490395,0.1513590384172725,0.1592294464636272,0.1674268011037082,0.1595073536367216
2012-11-29,0.1382741915165278,0.1416042770702532,0.1492561595787994,0.1513590542413555,0.1567657730504805,0.1668825377924641,0.1578022525452162
2012-11-30,0.1232884726968454,0.1339789126218179,0.1459962712263822,0.1472386022536025,0.1601435446944216,0.1597953739862162,0.157854054383201
2012-12-03,0.1250797099730229,0.1339318612869855,0.1455575021649116,0.1439574929180526,0.1532381658199723,0.1538323482211872,0.1554015238513337
2012-12-04,0.1643888965187718,0.1333177909095165,0.1443769782891807,0.1438555269841349,0.1694808578751709,0.1547114048816384,0.1536639225208564
2012-12-05,0.1642406089741191,0.1308098450179384,0.1468004304509554,0.1416046661073658,0.1691531838481743,0.1551548264186591,0.1533764912186
2012-12-06,0.1747075121346732,0.117765526791501,0.1277225790606714,0.1146778006219147,0.1679094522503444,0.1288964213053929,0.1538573720279765
2012-12-07,0.1699254709580539,0.1170590991448399,0.1261637338764343,0.1050025523564337,0.1437290245188175,0.1176607345023925,0.1403932794994337
2012-12-10,0.1705903415485055,0.1168110811274383,0.1244583831056549,0.1064652440846787,0.1393141163869556,0.1226825236049413,0.1342642251619205
2012-12-11,0.1702696985920156,0.1169144847081902,0.1242925208353612,0.1064196944011093,0.1408136996742721,0.1235075457207076,0.126027944476012
2012-12-12,0.1656979675258942,0.1175181290689997,0.1262916347385652,0.1081745868960795,0.1336234156757049,0.1236566230545759,0.1303979620272086
2012-12-13,0.218421676976454,0.1096208529539126,0.1190257543701174,0.0957943460574124,0.1305973442032872,0.116654128445057,0.1308703587416892
2012-12-14,0.2124893245552626,0.1052454115673957,0.1123554037925404,0.1005287283290741,0.1165174530269688,0.1208567972932803,0.1227473826659497
2012-12-17,0.2093411262458991,0.0916952982100026,0.0956110134205009,0.1047365359682642,0.117206070239555,0.1269792108945945,0.1086938623548914
2012-12-18,0.2095291142321023,0.0557693037010934,0.0633363202653679,0.0919915625528061,0.1174200254361819,0.1098651684851378,0.1227826558111744
2012-12-19,0.2079961796198149,0.056304895659244,0.0627640848848676,0.0928553338661642,0.1164734146701571,0.1096904368598295,0.1339913630795042
2012-12-20,0.2092645502724114,0.0584608695622131,0.0679176902921939,0.1002675003945479,0.1142608694790455,0.1164667473079706,0.1412208415891779
2012-12-21,0.2062795554528218,0.0555071159410996,0.0655177431063022,0.1009746263472989,0.1106041120952687,0.1172609310600645,0.1348667733478361
2012-12-24,0.2190504178393894,0.0541649157047026,0.0618357778530879,0.091932528750812,0.1085033153895216,0.1087928847579589,0.1397315639970904
2012-12-25,0.2168639076768104,0.0490198310326587,0.0603569991234344,0.0933355397326793,0.1078347002898194,0.1117563408221673,0.1449301703132785
2012-12-26,0.2112426866823712,0.0490830596491623,0.0591692127910209,0.0913727470033771,0.1077605841524449,0.1113316578882775,0.1459516032099449
2012-12-27,0.207071929086975,0.0531941801516503,0.064608243492265,0.0958182521540421,0.10416343300243,0.1116504888132582,0.1340182054389806
2012-12-28,0.2062432377299704,0.0416477956334786,0.0609595392104926,0.1110738267109635,0.1006141115227047,0.1291594116791105,0.1338844135841045
2012-12-31,0.2073041607624592,0.0837495688942212,0.0918450296093828,0.1391189575603251,0.1357650708345605,0.1644975099213074,0.1347685529378302
2013-01-02,0.2002520167997277,0.0840182237194104,0.0931969190238657,0.1379763489474255,0.125577575150857,0.1648710770596478,0.1351896979895459
2013-01-03,0.2004935216785769,0.0858974870082816,0.0929628746466011,0.1378850157784572,0.1271902059645771,0.164511018805187,0.1542800846544424
2013-01-04,0.1849868707088566,0.0876886236938198,0.0964792494348446,0.1389247644068682,0.1096915997266726,0.1615006546208427,0.161400622968004
2013-01-07,0.186409397036819,0.0883148669645263,0.0932837380653027,0.139765281139442,0.1160794050627764,0.1616244784674384,0.167524429584392
2013-01-08,0.1833037164000583,0.0907887728939734,0.0928645392810305,0.1397330018914998,0.1154042818995624,0.1607957812936742,0.1662017903447638
2013-01-09,0.1820212992044513,0.090842812285449,0.0933069082434839,0.1412356113962928,0.1159683415627555,0.1611292838112245,0.1657098095019207
2013-01-10,0.1950259130791781,0.0910253016971595,0.0902133601041662,0.140280158571562,0.1177445456378532,0.1573761418478453,0.1669031985023226
2013-01-11,0.2148804090811447,0.0915648804613815,0.0898500144229597,0.1404683588059215,0.116860545451801,0.1573086481905336,0.1680164126537111
2013-01-14,0.2082056103027617,0.0904791464609726,0.09203180480884,0.1378273740472057,0.1163869485019401,0.1548477292120511,0.1633943284095661
2013-01-15,0.1660955711478632,0.0908370367001719,0.0920447067052891,0.1364084220772105,0.1152317624837808,0.1517058398045698,0.1935952733650048
2013-01-16,0.1725556651546397,0.0908287055248076,0.0936984510548066,0.132555573105347,0.1138327684925073,0.1473581162380041,0.1928411719124584
2013-01-17,0.1766957938536025,0.0907101192640222,0.0930058538462357,0.1281141508530482,0.1178751478188383,0.1405004348800854,0.2095343445271373
2013-01-18,0.1763950912207386,0.0907074801730579,0.0948913716280307,0.1243504102589052,0.1175124314043962,0.1396659194655879,0.2078819228438879
2013-01-21,0.179008343426674,0.0906355186597209,0.0980480092167477,0.1240029791457592,0.1175530554718824,0.1397272942748627,0.2026860136339351
2013-01-22,0.1755354505890131,0.0891467347847488,0.0966130470925866,0.1177981020926161,0.113955981266398,0.1342210878311058,0.2142950797099752
2013-01-23,0.1796803240026639,0.0940760864245492,0.0979634091034809,0.1169756466274768,0.1146503887389903,0.1370639838690825,0.2168511653599411
2013-01-24,0.1634402887938222,0.0937482992491261,0.1079037903460201,0.1172375188981708,0.1148516603169823,0.1377064682501171,0.2306289371394677
2013-01-25,0.1799693523951277,0.09340458308683,0.1088974186198287,0.1154865042636121,0.1147701899308504,0.1335682234252612,0.2311612654731696
2013-01-28,0.1775961216249065,0.094190381453026,0.1088243481569132,0.115020715673841,0.1150946681827618,0.1332095709973645,0.2300960679275153
2013-01-29,0.1762668246850623,0.0922156075559464,0.1081624583863639,0.1068683579285906,0.1163307783123506,0.129224535658302,0.2396524010426512
2013-01-30,0.1701762969870739,0.0952493972007812,0.1098220804529413,0.0967315755459438,0.1178720506933425,0.1143315268674966,0.2394322176551941
2013-01-31,0.1744652073441469,0.0745009327432534,0.085547883978098,0.0607559464095247,0.0717493712327127,0.0659359641075741,0.2392221187964796
2013-02-01,0.1741775321118441,0.0967157847708504,0.1214724384956581,0.0745662558971675,0.0713921275542538,0.0845023990547067,0.2390924259998223
2013-02-04,0.1742060824929139,0.095944144639765,0.1217955704294393,0.0800106159956449,0.1065023557990931,0.0943076219509925,0.2349119955891123
2013-02-05,0.1743846184041501,0.0938990921832335,0.1256692565360967,0.0784841768021068,0.1078561993733788,0.0943222649058832,0.2608528168212276
2013-02-06,0.1757777069350826,0.1023011181768774,0.1250972728236983,0.0775768054936563,0.1035034887927897,0.0939082710119496,0.2612741145854395
2013-02-07,0.1756962448796662,0.1012145059904714,0.127916149832304,0.0787145066717351,0.1024327569589175,0.0970957274439554,0.2709858631970239
2013-02-08,0.1759768334201832,0.1012203143392454,0.1280406068707694,0.076271210023551,0.1003227281696396,0.0962972437426369,0.2706015027965463
2013-02-11,0.1602565595774525,0.1050120430572479,0.1286522728585175,0.0761084799391258,0.0995080714153253,0.0967355609947579,0.273943690219634
2013-02-12,0.1300742766977908,0.1042568913096211,0.1306919972544019,0.0757126026365727,0.0968222004059981,0.096236866920699,0.2772494451923021
2013-02-13,0.1296128379536631,0.1067935626161776,0.1334588413805212,0.0757535139268112,0.1012774486707826,0.0955557253816048,0.276845323748226
2013-02-14,0.1258810535777558,0.106112731217994,0.1341186617130052,0.0761237283129525,0.1012852813421159,0.0961520048785995,0.2637339359698409
2013-02-15,0.119735656445516,0.1060959400687327,0.1335369608639378,0.0747735788893401,0.1017048439687066,0.0946573260274309,0.2708252158369378
2013-02-18,0.1284904012901992,0.1095044595041681,0.1442140317174583,0.0772973921120405,0.0994843689098436,0.0966226107052314,0.2566153927680875
2013-02-19,0.1289348230028746,0.1091483601967173,0.1431467722432574,0.0903620287543604,0.1030479592031464,0.1117068217803445,0.2500468252563309
2013-02-20,0.1661742697835088,0.1248561799401504,0.1553779231289487,0.0924710123401645,0.1167853037109348,0.1172361983203912,0.2557304438597264
2013-02-21,0.1669024623371215,0.1264244325516925,0.1596343998027803,0.0967402916852362,0.1175357263829787,0.1213670260633883,0.2420017135853087
2013-02-22,0.1653963316836288,0.1218675784117653,0.1663148368370808,0.1163985966277535,0.1180730121902324,0.1288106175039286,0.2499224796713698
2013-02-25,0.1717363695390428,0.1304593541099975,0.1759734580617068,0.1168034061008564,0.1244976227943256,0.1278563475817493,0.2507370686838508
2013-02-26,0.1532179075055084,0.1338316951805186,0.1803271762552016,0.1243772850982715,0.1238133087867814,0.1327780182504694,0.2528210491918821
2013-02-27,0.1710566046579067,0.1329580405618904,0.182943490016565,0.123353906737161,0.1438039777173342,0.1327997909743095,0.2666110583512981
2013-02-28,0.16767281247932,0.1328856851626434,0.1828358260943235,0.1226610290411387,0.1415961778269429,0.1324771044014979,0.2574172232814298
2013-03-01,0.2084899776474315,0.131579412483416,0.1823999926274516,0.1229167056420715,0.148443571246022,0.1329819575500365,0.2575037065748412
2013-03-04,0.2188588838601999,0.1341189197261376,0.1974837737414064,0.1224944897294231,0.1487285957318385,0.1345151463183672,0.2573422095283409
2013-03-05,0.2211150541094223,0.1208090049853145,0.1764193147687391,0.1143389781782985,0.1540670408546733,0.1224207008424024,0.2651004332550219
2013-03-06,0.2224383752589118,0.1197991320924833,0.1763362289375771,0.1098426665635551,0.1346231259281524,0.1156601036846705,0.2536240473036863
2013-03-07,0.2222437976976959,0.1213549812678626,0.171075625539552,0.1104579410312837,0.1425665459832348,0.1158774990559542,0.2385080760877794
2013-03-08,0.2217612888813782,0.1136893564538794,0.1712743190787513,0.1101526295018139,0.1421375913716387,0.1157327865121645,0.2344220785912721
2013-03-11,0.2216877644902403,0.1129481388717682,0.1706808452683841,0.1097907999187185,0.1448453948187454,0.1132448315942712,0.2226599532497212
2013-03-12,0.2227294870739321,0.114885801337159,0.170087688447539,0.109641073569597,0.1524088632854042,0.1131559726193845,0.2250960512263995
2013-03-13,0.2234166180481475,0.1131163011426943,0.1727238681006886,0.1106805843048284,0.1529808525298392,0.1133923169659322,0.2204258841275092
2013-03-14,0.2243432894864163,0.1156261241457374,0.1725478112817843,0.1111007355383519,0.1531713586083416,0.1139008960326209,0.2171079052833143
2013-03-15,0.2289636776345715,0.1155740409870795,0.1682723324000934,0.1134049065115303,0.1615323908322024,0.1148183290566017,0.2433423944888795
2013-03-18,0.2319651693791143,0.1161596959318137,0.1700534326163781,0.1137857689028762,0.160943598305325,0.1149844710861764,0.2430847366351608
2013-03-19,0.2525753259727341,0.1160982252283769,0.1706011738209583,0.1154212466379885,0.1664090881925642,0.1175165129517505,0.2370192992759352
2013-03-20,0.2480114574153067,0.1145303006284556,0.1669374728747541,0.117510875217504,0.1639883662374172,0.1208588111771609,0.2375994165847436
2013-03-21,0.2469686113838522,0.1142162057027224,0.1668330891915408,0.1101611185003208,0.1612019606544664,0.109488901148707,0.2560034038448189
2013-03-22,0.2248219209131218,0.0989160083344008,0.1528632020299875,0.1081205587128572,0.1545003372531937,0.1027027146970944,0.2521576604060411
2013-03-25,0.2282565669485534,0.096819118773517,0.1498016329221357,0.1073789469862736,0.1543492808677967,0.0995678102303218,0.2545954966131458
2013-03-26,0.2275827671445157,0.0966427351011219,0.1482423821545815,0.0815557778610357,0.1564001752892657,0.0823510440055424,0.2447098868353522
2013-03-27,0.2428469373525877,0.084127784121759,0.123790205041102,0.0806854377880127,0.1519517342157637,0.0821028854407933,0.2339358548677951
2013-03-28,0.240433955802106,0.0794827081126623,0.1195009770333264,0.0717928466624968,0.1515949348247387,0.0766835632962759,0.2266229208894136
2013-03-29,0.2250517531402278,0.077579694982596,0.1162258903348584,0.0742664847270603,0.1340755873991455,0.0838983271861125,0.2282346408041534
2013-04-01,0.2250555863359192,0.0871409641292726,0.130728812511292,0.0753011880656127,0.1338402490707591,0.084612090976663,0.2323596044592176
2013-04-02,0.1887677092686694,0.0937481910451832,0.1347019139184173,0.0848421210816243,0.1242712058706539,0.0937941485197715,0.250841978750628
2013-04-03,0.1686952072745521,0.0909727983987065,0.1128626301509345,0.0800040241942216,0.1241806361762111,0.0827193425518146,0.2590390535712949
2013-04-04,0.1643912057483621,0.1031299949270676,0.1293581523664102,0.081667550218174,0.1495733059111187,0.0856673041567729,0.2552529048162534
2013-04-05,0.1628918280080031,0.1043800237806558,0.1287594855185342,0.0839979055591061,0.1495549979107361,0.087385147749602,0.2681316358612524
2013-04-08,0.1654957359648206,0.1034222082098391,0.1260773684954078,0.0835333453984321,0.1421990986074524,0.0880155295543544,0.2572262758213223
2013-04-09,0.1655278101196762,0.1114911999959685,0.1508252473089017,0.0919885109197431,0.145971359291797,0.1073828761943362,0.2574937731315366
2013-04-10,0.1626984744940045,0.1127753138838078,0.1536174575277382,0.091617758297351,0.1450218917523131,0.1065054455892988,0.262116030955402
2013-04-11,0.1606511618417523,0.112978643874303,0.1624424504638336,0.0926194415529977,0.1373882490595257,0.1068096150247822,0.2614938622167733
2013-04-12,0.1635585161562312,0.1107994275138836,0.1567448732439647,0.1221283579883796,0.1439682644815385,0.1348878002023221,0.2687053826839543
2013-04-15,0.164660930906199,0.1108350163681759,0.1568775793660755,0.1314890914404495,0.1441371336866516,0.1442709802585774,0.2667053322184301
2013-04-16,0.155486469794988,0.1137802100277864,0.1730219165990255,0.139516486096106,0.1291998895215207,0.1572985309703596,0.2465286190595104
2013-04-17,0.1527601856744021,0.1138185949142455,0.1721900494020126,0.1411608346556179,0.129284456371423,0.1619959588378991,0.2457204291212232
2013-04-18,0.1425354021475356,0.1172071826883146,0.1688671426581567,0.1425851445394625,0.1490170478154554,0.1657580982724634,0.246006457535471
2013-04-19,0.1416883290117218,0.1153686087357581,0.1687011400578757,0.1403557630498514,0.1491169779698661,0.1652979859740543,0.2493863739869029
2013-04-22,0.1632971138247074,0.1347529541728236,0.1910285543701908,0.1425918254801862,0.1525692720360108,0.1678590928516906,0.2315795302163902
2013-04-23,0.1745268729221621,0.1351078682952242,0.1967089231430963,0.1419187317645775,0.1626199292044511,0.1674480206612069,0.2365176404582074
2013-04-24,0.1721980786702757,0.1348016699202096,0.1996201122943366,0.1402735040229728,0.1658441859113077,0.167788243046799,0.2336185354497661
2013-04-25,0.1736617825836016,0.1349495039082666,0.195759333685873,0.1404672213592523,0.1656791132244523,0.1682491258680868,0.2349749335846536
2013-04-26,0.1469479779300667,0.1353576145206375,0.1973285802000265,0.1417831446290322,0.1635342827761233,0.1702107054873928,0.2274251460558173
2013-04-29,0.146933096580369,0.1362732001016688,0.1979402408591241,0.1418844749878994,0.1649055335805276,0.1714024918675367,0.2286763577257093
2013-04-30,0.1469890825388074,0.1366901438438043,0.1979402408591241,0.1449883790671479,0.1649055335805276,0.1715621639659674,0.2116457976510324
2013-05-01,0.1468647082151517,0.1300732622385152,0.1883180016566728,0.1472580414536302,0.1652287801634156,0.1756196225317976,0.2088332887353664
2013-05-02,0.1558790660460467,0.1281521818986,0.1970082350129118,0.1449638628129554,0.1650843133853737,0.173080558012395,0.1922586318268735
2013-05-03,0.1610739852593477,0.1201286201278963,0.1948474330119644,0.1447377586731095,0.1679308281082857,0.1732135508971736,0.1828620650896776
2013-05-06,0.1611948954112132,0.106093482644525,0.1793498548808579,0.1436236483777879,0.1335534660889826,0.170420793166176,0.2078895972319122
2013-05-07,0.1602502755922156,0.1060174311933196,0.1799764887352711,0.1430511516323023,0.1344916289034952,0.1702635511549209,0.191623235717224
2013-05-08,0.1604414846768963,0.1052663505666919,0.1785735037466796,0.1441957983446993,0.1345740355478963,0.1705462397667458,0.1944069316384706
2013-05-09,0.16173922275284,0.1001264911857151,0.1656300077917163,0.1397510340605604,0.1337194339393124,0.1625010227569678,0.2126139545497699
2013-05-10,0.1615673822080683,0.099639284346899,0.1648128799947902,0.1395774645611519,0.1453918012488816,0.1625206935359383,0.2076274954192395
2013-05-13,0.165062292734597,0.0993228912886319,0.1517437573524076,0.1419948149297361,0.145949374249456,0.1628950292130004,0.2063220954574609
2013-05-14,0.1601898195522187,0.094744675407385,0.1494162565107954,0.1112889397429461,0.1345486200713576,0.133459912500479,0.202978131514378
2013-05-15,0.163826195361019,0.0905724441790396,0.1473643832511975,0.1070300173671975,0.1321641162610879,0.1282264512948661,0.2028672514955762
2013-05-16,0.1690651781846485,0.0796519953495363,0.1105371804641253,0.0928263878376052,0.1298479080604956,0.1057060257831358,0.2016752316267322
2013-05-17,0.1701455663306631,0.0788359829227868,0.1058864943798458,0.0871184817615718,0.1370344987538938,0.0910590033312409,0.1934731771174127
2013-05-20,0.1561141340287851,0.0789789815044275,0.1034377367637499,0.0852523039245802,0.1227127480534388,0.0869963330344899,0.1943556691856744
2013-05-21,0.1561274631703651,0.0774863584646546,0.1028033813691165,0.0935112045297215,0.1250816570672832,0.0993476018650292,0.1924372288185594
2013-05-22,0.131714318598669,0.0979875091414022,0.1205145027931585,0.0910971652124019,0.15147805366101,0.0962269118822643,0.3384530021080487
2013-05-23,0.1236358744557509,0.1016808216321227,0.1201025837758151,0.0912645241108416,0.1417982865900898,0.0962838866444602,0.3318389073066353
2013-05-24,0.1184182129086121,0.1018131680312437,0.1200235924443375,0.0912059777140526,0.1385010469548355,0.0957561052660863,0.3520955727942529
2013-05-27,0.1157883507277276,0.1119819225034261,0.1217142338734498,0.0914653224647306,0.1411364322509356,0.0959052734098712,0.353821114191224
2013-05-28,0.1155057256865567,0.134779146213069,0.1397967347680457,0.0947943795437573,0.1523421382690338,0.0983229265981299,0.3537903517431702
2013-05-29,0.1166894279733266,0.1337568365351167,0.1405897802711859,0.0950200820176143,0.1506259186090421,0.0984740676847525,0.3987077579899191
2013-05-30,0.121461349513969,0.1403180335140762,0.143511232875206,0.1032006826927706,0.1511002669479351,0.1002251285892078,0.4014335534872027
2013-05-31,0.1210398544032374,0.1441280924765944,0.1467665827486481,0.1006201769236642,0.1515870966398827,0.0932896955285234,0.4208943583244985
2013-06-03,0.1227267082836938,0.1416717118040169,0.131900843215068,0.0974434111813517,0.1515008814748947,0.0899920792819947,0.4272957032657018
2013-06-04,0.1173769808586401,0.1596336695616727,0.1390037084441463,0.1086557283849251,0.1494287059908862,0.1002524117389048,0.4467511587229353
2013-06-05,0.1259112157861665,0.1632767753817803,0.1419822924541268,0.1111321408490242,0.1498273750704521,0.1026138971720479,0.4271039020700919
2013-06-06,0.1334318115345103,0.1686188352793119,0.1541294578424547,0.1186402075091627,0.1479685869232616,0.1104318514794185,0.4251907599734816
2013-06-07,0.1321469842268557,0.168374941524605,0.1555718568698736,0.1178272574730933,0.1488981489879771,0.1102291349738917,0.4612770071770576
2013-06-10,0.130059248496628,0.1690144541144814,0.1594506636541162,0.1222754325573249,0.1490079230467757,0.1137353908048053,0.449416959374043
2013-06-11,0.1299762411583205,0.1692955754264065,0.1625541990185697,0.1253683226938379,0.1449444343848566,0.1192960694880068,0.4458855625257239
2013-06-12,0.1576186693480127,0.1656186891325674,0.160900541984294,0.1308966089064279,0.1582059890539993,0.1256282143037502,0.4906867336613387
2013-06-13,0.1589755066367142,0.1654816848661554,0.1613311290895608,0.130658210549699,0.1575213375027463,0.1268562057380437,0.4882725364444145
2013-06-14,0.15176838835252,0.166721551916218,0.1662986151756793,0.1327862558508909,0.1660666116570267,0.1303027876512123,0.5022743476777433
2013-06-17,0.1419231727626838,0.1677102522324211,0.1658862423582615,0.1306623307785901,0.1660663582331612,0.1294197244262867,0.500396148290598
2013-06-18,0.1382118438958325,0.1657833095285533,0.1638212756313913,0.1384535237950934,0.1492835664960992,0.1347148600114322,0.5023514134984922
2013-06-19,0.1602987283743522,0.1859413844483107,0.1955495142176463,0.1605115573935024,0.170092334691497,0.1541503904400765,0.5027847161914382
2013-06-20,0.1598524150409435,0.1827597924843535,0.1982993278419086,0.1598455377087046,0.1699919551946402,0.1505876332426447,0.5030927816276987
2013-06-21,0.2315156384466372,0.176881911170264,0.1913875810361203,0.1637058282672718,0.1657336125609587,0.1539790202645156,0.4416901426637263
2013-06-24,0.2280704646183803,0.1856076221431408,0.2017745599985687,0.1683385133013588,0.1675991943227864,0.1575874114977807,0.4391233637261669
2013-06-25,0.2260982591052749,0.1914733847844151,0.2082486489756947,0.1725615105157208,0.1940632444916391,0.1610826704819313,0.4288982783204846
2013-06-26,0.2166783392930297,0.1875166183695845,0.2046915689547092,0.1724878563350971,0.1896874303605651,0.1603979593490072,0.4405798898050433
2013-06-27,0.2282225644111776,0.1782323872272313,0.1982804104996558,0.1716273786810229,0.2003735035871305,0.1594794052506975,0.4590028766411594
2013-06-28,0.2336730951445675,0.1865283389521581,0.1962093058265401,0.1723092239123782,0.2007554020458676,0.1609944344001646,0.42436706040076
2013-07-01,0.2374242144370812,0.1840141017121019,0.1972002457423146,0.1657173736339442,0.2010887314266493,0.1574747372941093,0.4260429703026926
2013-07-02,0.2365858128934118,0.1856070595652756,0.1982847752778584,0.1642523179177766,0.213757484910103,0.1575355045422268,0.4034984085870012
2013-07-03,0.2393939558334759,0.2146979908009858,0.2133564861497199,0.163365658818579,0.2242437695325913,0.1563085549523387,0.3988921727476429
2013-07-04,0.2397306227103311,0.2034881043969659,0.2236810180898431,0.1598662959894025,0.235646661786312,0.1531904342018206,0.3763094850487072
2013-07-05,0.2472656141482928,0.2020921459217597,0.2336024330224288,0.1583441117810058,0.2368794034285589,0.1519297717843273,0.3790544246375271
2013-07-08,0.2477554574969553,0.2007818713562092,0.2269846240761008,0.1542544995530884,0.2357457678979276,0.1466502573694321,0.3851072447052168
2013-07-09,0.2634851539331301,0.2007080218753254,0.2255855386537186,0.1542404697189651,0.2392929681374152,0.1473332776281923,0.3545509860818565
2013-07-10,0.2904083178787554,0.1980411814028344,0.2271724898363954,0.1557439047507068,0.2523961569641684,0.1506999828616059,0.3490219141880177
2013-07-11,0.2936553694569879,0.1961439367194718,0.225828819017073,0.1519186977704981,0.2537322809171968,0.1445455820606893,0.3484424664900159
2013-07-12,0.2829493108633027,0.1967052610578994,0.2248286029966665,0.1449735412350557,0.2414746668057796,0.1396376237770492,0.2472541097852087
2013-07-15,0.2820144875622488,0.1978966293195412,0.2251050421791186,0.1438610400685381,0.2412387294878317,0.1374356128544789,0.2434247941957263
2013-07-16,0.2833277124351471,0.1978121140902011,0.2232263480413005,0.1423014351419471,0.2379708767090766,0.1358160508009349,0.2326991814819271
2013-07-17,0.2842906771705133,0.1988154752020608,0.2256093166495952,0.1410697437718481,0.2380279221636236,0.1338427862861824,0.2327239049751718
2013-07-18,0.2870302923369754,0.1979486048780609,0.2250895242796917,0.1307037612232804,0.2344612203120618,0.1292835985524802,0.238633033188754
2013-07-19,0.2746303773114639,0.1623561035408881,0.1901360371881393,0.0888309273564005,0.208929937013848,0.0943013305495537,0.2255867557402464
2013-07-22,0.2833386519481077,0.1602814490624629,0.1773448093074363,0.0903227137899731,0.2181380679234625,0.097544242382923,0.2224578033441175
2013-07-23,0.2108655120440859,0.1473800951951891,0.1692127982881193,0.077103621478072,0.197884933940644,0.0851214185067659,0.2155593145495081
2013-07-24,0.2121318651086469,0.1478201630742778,0.1700212211204512,0.0738003223919162,0.199478726130488,0.0845134234923136,0.2190625225998521
2013-07-25,0.2124785812335139,0.1484138485139449,0.1655212345725469,0.07009451856289,0.1870275815028422,0.0826447803651211,0.2446963804367056
2013-07-26,0.2216645005876205,0.1443991760522934,0.1647385168144705,0.0717649769868702,0.1893424939073202,0.0842649624669989,0.2603659996980081
2013-07-29,0.2171272937963238,0.1424500002770775,0.1636027055058669,0.0685219658040426,0.1823289657033152,0.0842297308414123,0.2382592945593862
2013-07-30,0.215455526311274,0.1370493418235048,0.1635736276667368,0.0679863610857685,0.1831667351880187,0.081145158947564,0.2395886318819386
2013-07-31,0.2228428807021387,0.1386177872695871,0.165909370318223,0.0760360983280724,0.1815620749097157,0.0886132167212731,0.2467564349735556
2013-08-01,0.2216022508158466,0.1319323833138837,0.1597741901446458,0.0758650277693622,0.1517719926038427,0.0886400575561929,0.2700002530448718
2013-08-02,0.2233214004440524,0.0915905895152451,0.147509072127232,0.0766305752315787,0.146492982886405,0.0883066103949321,0.2750174102654331
2013-08-05,0.2236972773881599,0.0874832491084757,0.1260561115171776,0.0764912875469184,0.1475973952645591,0.0914032972066914,0.2681369395873175
2013-08-06,0.2063431118616711,0.0952467530591449,0.1113943506007957,0.0777170629569943,0.1505710024873812,0.0933200654578069,0.29883699832954
2013-08-07,0.2064856334513353,0.0898875768296747,0.1079782148822097,0.0755086118252387,0.1503055153194205,0.092817145366367,0.2876629511439615
2013-08-08,0.1945590619053323,0.0937625180877709,0.1080169922898242,0.0771846962757342,0.1482935035803422,0.0935613428237525,0.2878759954549238
2013-08-09,0.1804907118438608,0.0920045696430961,0.102308266882886,0.0636541794911724,0.1409977750463018,0.0784834427989294,0.2873025740468196
2013-08-12,0.1702672508757653,0.0938617101853976,0.1024022893117911,0.0635055883624893,0.1411516287908096,0.0772031844192756,0.3027110338927551
2013-08-13,0.1682627314847642,0.0925170678031858,0.1023974346038208,0.0661009781382288,0.141357674822632,0.079052043023546,0.3070038916769635
2013-08-14,0.1711444100673624,0.1062570611787329,0.1049399888377377,0.0815140643837434,0.1414606976228783,0.0997291940751759,0.3128267344520335
2013-08-15,0.1688958868906633,0.1063279375526333,0.1031464926538021,0.0812673610400505,0.1419487110174259,0.0991680680894443,0.3129250411982054
2013-08-16,0.1660464220637079,0.1013439823657283,0.0985403591102332,0.0804831587323033,0.1423568904486443,0.0999409175569262,0.3101368308251077
2013-08-19,0.1577445760596391,0.1013474863964708,0.1022861362750466,0.0817365110624024,0.1648340680125351,0.1000847663854144,0.3178524137246801
2013-08-20,0.1570876658777762,0.1053759117667513,0.1024260045971148,0.082451081369574,0.1670858748315503,0.1003458735903767,0.317141158746887
2013-08-21,0.1443336146375683,0.1106498229394119,0.1121861132471702,0.0891129926547603,0.1479620331999942,0.1043728471676382,0.3141868182226188
2013-08-22,0.1441127289088253,0.1129839715623992,0.1093899886012632,0.0899921747486046,0.1477657832043803,0.1054282007869319,0.326696132040213
2013-08-23,0.1546544829688226,0.1121078234614356,0.1038292858075978,0.0899818106659866,0.1490684119339949,0.1031863663889387,0.3254709022306844
2013-08-26,0.1528452514680877,0.113847221332819,0.1296675413987317,0.1031474853783887,0.150110777814638,0.1279870835805986,0.3113642531238857
2013-08-27,0.137219877820248,0.1137334129166127,0.1340702872991711,0.103919708065628,0.158719001774045,0.1282722079606859,0.2944795763249724
2013-08-28,0.1372877972189237,0.1176106900478908,0.1350053376955577,0.1043790179300074,0.1606466209321155,0.1297984645787577,0.2911408083689491
2013-08-29,0.1374198408837629,0.1187622973343485,0.1397711833924115,0.1044775110857524,0.1604567071731566,0.1325055955363766,0.2877252384640151
2013-08-30,0.1265065300681807,0.1255832807612474,0.1413727919204757,0.0923835711251116,0.172128402261551,0.122941196867208,0.2785326555196333
2013-09-02,0.1309483426942764,0.1258710451861354,0.1432018668382459,0.0939561687809757,0.1746335549219921,0.1244410566836472,0.2744521653509517
2013-09-03,0.1276296668076145,0.1256104559189371,0.1435855364034619,0.0998567857277178,0.174983290218194,0.1298004726356929,0.2714400591540116
2013-09-04,0.1278330021461083,0.1298440232259068,0.1396569667356142,0.0990515787643329,0.1723227824536472,0.1278852667958444,0.2688877253989628
2013-09-05,0.1265579468374664,0.1206511616609106,0.1398483787932895,0.0986664319812225,0.1617878303819984,0.1274072948563787,0.2348629293649179
2013-09-06,0.1644140748771974,0.1206403612320625,0.1376999131804199,0.104222453938536,0.1622162498495463,0.1336427952434683,0.2414716300633489
2013-09-09,0.1665544112700073,0.1205900775335396,0.1542367780023663,0.1070920891083718,0.1635271460008805,0.1345590364393519,0.2455408581259916
2013-09-10,0.1513219808591454,0.1205066930315666,0.1551314959319107,0.1075860265114492,0.1499267221057282,0.1345449250155414,0.2433374384851437
2013-09-11,0.1517471011220701,0.1188596451280188,0.1536812266904921,0.1076944021640378,0.1450434042905711,0.1344180246437364,0.2304707924799636
2013-09-12,0.1556805600061579,0.1182206507222589,0.1535610592276808,0.1066949019792468,0.1452684972842503,0.1335110514101387,0.2268686276535269
2013-09-13,0.1513389191487147,0.1053785115504515,0.1558960067443514,0.0950488918498984,0.1525811889729058,0.117596137714349,0.2124922425715532
2013-09-16,0.1689411982876695,0.1094336287522845,0.1562349308407824,0.0943787734544097,0.1531521886771481,0.1190345952761265,0.2119622531088654
2013-09-17,0.1677190932780149,0.1078306622238582,0.1559246676912942,0.0974449886161669,0.1532489281540171,0.1204975732188879,0.2145857095332959
2013-09-18,0.1652257682474935,0.1120002507340712,0.1531958560597165,0.0981598736754273,0.1371517099181869,0.1195034910442993,0.1941503183353126
2013-09-19,0.1652571902999712,0.1070569035256439,0.1533102602377268,0.0996296068867035,0.1329999660064144,0.1195320193246787,0.1950853067486256
2013-09-20,0.1679231929776288,0.1065638635306479,0.1493855894839415,0.0989724376154161,0.1364127247538974,0.1164726540639586,0.1932932469889617
2013-09-23,0.1687936624964631,0.1044145279502407,0.1495234380791915,0.0992865701358704,0.1409374564784691,0.1157586915322494,0.1837568585553143
2013-09-24,0.1610251684290941,0.1051153507310967,0.1495454229217207,0.0985994395297399,0.1403432788029511,0.1161944906405846,0.1867956244833216
2013-09-25,0.1769559642753951,0.1009968253384058,0.1224834403661986,0.0782995404989194,0.1389060362669724,0.0838168821923956,0.185585365822691
2013-09-26,0.176802658121004,0.1051790977502923,0.1145596061286959,0.0807472287575394,0.1221353073234901,0.0847496590726642,0.1745419308488195
2013-09-27,0.1773659672377426,0.1051873189945229,0.1196996385143602,0.0847121659824499,0.1357676032876996,0.0843070338454742,0.193656757181422
2013-09-30,0.1774166330724552,0.0980808814629653,0.113311610482784,0.0862027269941233,0.1359532602432963,0.0830506089304195,0.1913661959680116
2013-10-01,0.1774200467493256,0.085030148710252,0.1066428717679006,0.0863893978532076,0.1209431233113776,0.083405134950745,0.2062033738555387
2013-10-02,0.1738382025047377,0.0831713470290012,0.1012281295487681,0.0930796347948558,0.1210377536845429,0.0939638257612473,0.1818089297924673
2013-10-03,0.173835616222365,0.0831402159767574,0.1017865450244693,0.0921886602831384,0.1211404046569653,0.0927935289860635,0.1840130369179858
2013-10-04,0.1734525730060034,0.0770432219046438,0.1033240425771006,0.0976893400550494,0.1186517076661566,0.1009401185881413,0.1885114030364917
2013-10-07,0.174902132553339,0.0840037176475926,0.104726483090226,0.1071350619230878,0.1218059620237866,0.1246897576527181,0.1822167732733401
2013-10-08,0.1345699013774205,0.0845699896588357,0.1066694962421702,0.1012387732091069,0.1231168783809085,0.1180471265895601,0.1648097795769657
2013-10-09,0.1317818316704414,0.0952376459646792,0.1051842421538044,0.1234303609418717,0.1192613898140844,0.1394547682723498,0.1606078221839844
2013-10-10,0.144820136944561,0.1008091933338571,0.104594224786287,0.1247852643512977,0.1253514135767356,0.1418281711981599,0.168883815218349
2013-10-11,0.1438489885313577,0.1016290752004485,0.104580572870882,0.1246373388445399,0.1253635952120634,0.1424505337703707,0.1686398661971432
2013-10-14,0.1409876523672554,0.1042708740486778,0.1080206636491021,0.1271426538789961,0.1260254057357669,0.1442701998921978,0.1688112267898068
2013-10-15,0.1537701115901581,0.1028352198350572,0.1020928335421552,0.1339922490454717,0.1173127837117572,0.14876678554517,0.1689029915055959
2013-10-16,0.1367071404020254,0.0992350309480429,0.1030295874878133,0.1350615979235368,0.118485029664412,0.1482000523637746,0.1692569340219851
2013-10-17,0.1365974739793256,0.1017543642891832,0.1037327631728122,0.1306840408321806,0.1234731966384846,0.150700065844615,0.1634129194953686
2013-10-18,0.1469287847687919,0.0971691608107642,0.1018979204019167,0.1304317155373792,0.1105794056239785,0.1507002281581316,0.1544837365515901
2013-10-21,0.1501511238519605,0.0977919986927123,0.1048613597040881,0.1284596811847288,0.1119149989116328,0.1494874556187513,0.154488566449932
2013-10-22,0.1490272872357185,0.0959837646422672,0.1038935127278617,0.1284624373293571,0.119497977609322,0.1510074335959803,0.1681526854227384
2013-10-23,0.1503568270344356,0.097371771717983,0.1052742822518358,0.1279248178613995,0.1187144304432245,0.1515395571337766,0.1690591564246785
2013-10-24,0.1570888464140946,0.0963241825427313,0.1052078522708881,0.127401237451295,0.1198355117807479,0.1510347798595719,0.1913355714626209
2013-10-25,0.1431939081422396,0.0962724918202501,0.1053557583321196,0.1272616844766368,0.1209871220107898,0.1503490979549731,0.2019456156693999
2013-10-28,0.1430618717366852,0.0926352951246434,0.1056606703285771,0.1262175165866999,0.1203970621866932,0.1499315798753639,0.202271492713192
2013-10-29,0.150386773586137,0.0864037467570476,0.1007363657792169,0.1253768846528976,0.1281316397309128,0.151294468794917,0.1948953113656148
2013-10-30,0.1530787127070643,0.091343642250027,0.0958126831717169,0.1251840313227394,0.1292588007094734,0.147429112019545,0.1990828145285945
2013-10-31,0.1537925973790602,0.0895163580996753,0.0923631137598435,0.1249835702645074,0.1282446101607925,0.1472821883981684,0.1867223612884926
2013-11-01,0.1537940188634517,0.0898255287751089,0.0921955026436386,0.1190465847908295,0.1241354177992625,0.141169010090863,0.1866870198679127
2013-11-04,0.1544024107584489,0.091098120623096,0.0934136268220353,0.1190685002897357,0.1256240398617363,0.1390565449988185,0.1836092162193814
2013-11-05,0.1566514695389205,0.0902011267461857,0.0913490633870525,0.1133292734055632,0.1231910108196323,0.1337613216730381,0.1791955738459251
2013-11-06,0.1517113953243437,0.083216993092619,0.0886239785279322,0.1147176420098522,0.1212278054891171,0.1316467598010416,0.1817628967929661
2013-11-07,0.1524993828818837,0.079820507702467,0.0855190298976829,0.1202142950032599,0.1210736556769233,0.1375521102210495,0.182421498944582
2013-11-08,0.1507789304380066,0.0677861700740997,0.0616375040903444,0.1007071450155887,0.1303799684622343,0.1192395443110831,0.1838126863126986
2013-11-11,0.1404653448189091,0.0638117534321436,0.0638520306368933,0.1006442970851273,0.1262903253467526,0.1172060219130708,0.1923156839488926
2013-11-12,0.1488120610364225,0.0836782752700169,0.0651187108130546,0.1026654947017264,0.1411495231805558,0.121158729872294,0.1924336664532865
2013-11-13,0.1519801650649688,0.083014306169649,0.0669099738539457,0.0980010652525357,0.1432881624976252,0.1183297499784922,0.204540032311278
2013-11-14,0.1553061931042308,0.0832930225585435,0.0661003890852145,0.0897546594425423,0.1552255759029249,0.1132504924091644,0.2133618204622059
2013-11-15,0.1846040055736403,0.0842006161287728,0.0648173608632291,0.0900812547404057,0.1791608501619263,0.1179399300543201,0.2123762663824591
2013-11-18,0.18455431029444,0.082870669680656,0.0658783916577622,0.0890127544437483,0.1760091077458446,0.1110217407504297,0.2125455929473118
2013-11-19,0.1771154968875315,0.0820563797943013,0.0657385635364904,0.0904145229707487,0.1756129840133652,0.1113219048728118,0.2115709541395284
2013-11-20,0.1748848088995351,0.0792196484630022,0.0607662967027393,0.0922576848882298,0.1755643334355823,0.118471230839113,0.2200372736546491
2013-11-21,0.1699973017233332,0.0785543354962053,0.0588956507519439,0.090774619423543,0.1687033461257424,0.1175902437001704,0.2062734910050618
2013-11-22,0.168022056723428,0.0766560938271402,0.0613152350732823,0.091011758482393,0.1661546215717335,0.1164469648905016,0.2104932936223116
2013-11-25,0.1595547433354915,0.0818263941879174,0.0618868036745955,0.0904097635021926,0.1640607854577393,0.1173035508981736,0.1831173316360067
2013-11-26,0.1613511496328366,0.0821939374389087,0.063571950462412,0.0905294350560388,0.1641754540121212,0.1187699136833295,0.1746339607802162
2013-11-27,0.1623875217092618,0.0776470726545845,0.0631173226676137,0.0892196054469325,0.1644252183894189,0.1186365980491732,0.1788464175196899
2013-11-28,0.1558956518272446,0.0775252707418245,0.062146944280119,0.0870830816118237,0.1518655611777251,0.1166103126617494,0.1786589341419024
2013-11-29,0.1539975699225416,0.0790624177501661,0.0625763012135113,0.0863999784841638,0.1517169893351069,0.1170067616547243,0.1706211111306109
2013-12-02,0.154957393722846,0.0840842145907106,0.0937656052979865,0.0873637661042239,0.1535168222032648,0.1175562038692074,0.1644572732457755
2013-12-03,0.1596120113047409,0.0818686503702237,0.0993688998678174,0.0871065570584347,0.1559675059011997,0.1173002022368563,0.1871732562351828
2013-12-04,0.1601438219251967,0.081826124484085,0.101182478154512,0.0879884944086325,0.1538068809963614,0.1175681123083704,0.1976401028757767
2013-12-05,0.1577937347015095,0.0884603703464667,0.1054292331464593,0.0943568541325943,0.1537273812371833,0.1188336520259747,0.1976982301829138
2013-12-06,0.1560640309445542,0.0867384691639301,0.1047950189031787,0.0799178275005743,0.1510240673190102,0.0936656497507196,0.204679725289341
2013-12-09,0.149216631818787,0.087555458690283,0.1095012760697819,0.0696099365787308,0.1494308685356097,0.0815518636077542,0.1998881835284188
2013-12-10,0.1608811024418303,0.0863059684620511,0.1098546709789328,0.0809344280088601,0.1562439568645842,0.0972638519334891,0.2008876229461102
2013-12-11,0.1595796850923223,0.0903989412879213,0.1115236146086392,0.0816203285185283,0.1551044461359507,0.097535572974922,0.196073976251861
2013-12-12,0.1441709898321853,0.0787055323892203,0.1113257453190984,0.0767125336889765,0.1381029110555321,0.0898889645603635,0.1956868220181944
2013-12-13,0.1563389332865832,0.0892886237522413,0.1212175970097481,0.0780162458469591,0.1380600283545025,0.092630897070162,0.19424093304884
2013-12-16,0.1475198635422887,0.0886570580337573,0.1244358566892084,0.077083384909091,0.1263213529731372,0.0923827534764765,0.1850567022419412
2013-12-17,0.1090706380688252,0.086595010339191,0.1280789424269814,0.0950643892960037,0.0844777264968753,0.092867690508985,0.1966671616209997
2013-12-18,0.1128491919882785,0.101206335908334,0.1395025822655395,0.0947256724413748,0.0909940433893681,0.0918658246217242,0.2034033693359219
2013-12-19,0.1265891107771193,0.1019244816599821,0.1410649659074456,0.0945556486853377,0.0904105950828492,0.0965854188549655,0.2025511705281025
2013-12-20,0.1274952579007341,0.1089355552240328,0.1437467227869915,0.092467027467389,0.0921698332681734,0.0948957314018376,0.1937864092854036
2013-12-23,0.1280161917263171,0.1091528487224028,0.1437718952531604,0.0916248131867294,0.0994099481563872,0.0940198635454114,0.1937833002500993
2013-12-24,0.1308967419226012,0.108666925895016,0.1413768030819052,0.0913969671815027,0.0994546129839399,0.0941546777503083,0.188852632891793
2013-12-25,0.1394485063815297,0.1041440766279489,0.1412441624207549,0.0923351987064119,0.0994693002336459,0.093176696140439,0.189137331019982
2013-12-26,0.1452674233406243,0.1075542129928533,0.1437633013824889,0.0922775907653205,0.0979239579933744,0.0924277135613763,0.187995338243029
2013-12-27,0.140546671311585,0.1082390193068741,0.144395405454331,0.0922994313560182,0.0979962912542642,0.0925407017065833,0.1805471373743174
2013-12-30,0.1454008361952199,0.1083936171949285,0.1443626649785814,0.0926879077357054,0.0973437585476267,0.0932404504679572,0.1795008857864997
2013-12-31,0.1448432089341352,0.1053709716369048,0.1551209732402269,0.0979237873353612,0.0939862942742412,0.0971766737616061,0.1794422908173999
2014-01-02,0.145329824508974,0.0987005222955285,0.1397727195493051,0.097003716936937,0.1180185176501734,0.0974726491833179,0.1789024298175107
2014-01-03,0.1424955215363874,0.0973740844416775,0.1353756122137448,0.0974206598618597,0.1171732542573377,0.0991982620450773,0.1818473240057878
2014-01-06,0.1433752835995925,0.0969001801853436,0.134534133359924,0.0971220821898025,0.117628201926944,0.1031410972611306,0.1743734291433031
2014-01-07,0.1436787668192634,0.0966529718245462,0.1321542857906219,0.0906992301810296,0.1269747845013226,0.1011967855303537,0.1830295503684836
2014-01-08,0.1433646019738065,0.0985671244945504,0.136053268730083,0.0906397023799176,0.1285692453218238,0.1018333680214157,0.177341068910048
2014-01-09,0.1428293955227064,0.0980322845354532,0.1320809686454314,0.0896848876331605,0.1294519891483555,0.1019009280010346,0.1770337692854528
2014-01-10,0.1384181697439206,0.0971098782766824,0.1305882646024048,0.091872019562229,0.1176227529885924,0.1032807738287749,0.1753065315584586
2014-01-13,0.1446182413113398,0.08843005269915,0.1268575528758838,0.0960080140950801,0.1172717189806893,0.1154152332944596,0.2031651159927192
2014-01-14,0.1447686532703657,0.0896854254049138,0.139110728243101,0.096539821723509,0.1186753466063511,0.1167834958935397,0.219265480564464
2014-01-15,0.1383374128604898,0.0827981259671194,0.1311707748772162,0.0957602074166938,0.1181759832839441,0.1156435152383067,0.2111935547086949
2014-01-16,0.1399155535722181,0.0783785494184767,0.1249581389326677,0.0962554535678701,0.1200793314388151,0.117565707427761,0.2100647079549494
2014-01-17,0.1402738927357553,0.0783425885647818,0.1236354378644576,0.0801210518232406,0.1232717940854112,0.1127068766871504,0.2004887797068108
2014-01-20,0.1441135865102482,0.0666035161666571,0.1131461649799937,0.0802814509463711,0.1182987202944121,0.1129708324666237,0.1943544348464226
2014-01-21,0.1514734628959668,0.0670185939728395,0.112115125611027,0.0790471151203088,0.1177299203668061,0.1081290114502812,0.1944249873457089
2014-01-22,0.1516262017439408,0.0654694863776323,0.1141050143245223,0.0835592129928592,0.1280600778796745,0.1056116930858467,0.1962029515626019
2014-01-23,0.1532629726998399,0.0866674297337335,0.143743023134578,0.1091488479738826,0.1275517919463767,0.1300861338741571,0.2063807894329328
2014-01-24,0.1542197088573161,0.1038105414828216,0.1443950316575358,0.1098203993296016,0.1440152630952992,0.1348838466067179,0.2188695564985795
2014-01-27,0.1461116640168439,0.1047786870374495,0.1462288026069116,0.1108313400785419,0.1438928075686361,0.1351228376644291,0.2139282143650822
2014-01-28,0.139137972579797,0.1000047009520884,0.1427376993605381,0.1148784765364732,0.1474064673944323,0.1397861958692828,0.2368050221367576
2014-01-29,0.1412085282428428,0.0998760374123043,0.1434295945864979,0.1228577666680065,0.1474266208528637,0.1534815375094882,0.2461511821897608
2014-01-30,0.1366735138823397,0.0993354408697359,0.1449610912098853,0.1227124636875223,0.1466045314262415,0.1527585549833446,0.2459157441074372
2014-01-31,0.1367243842649848,0.1004394719379235,0.141504055600366,0.14084738659164,0.1462137869845329,0.1743096786765111,0.2512602644913913
2014-02-03,0.1312606003067198,0.0996281134913248,0.141556875606289,0.1446879653283175,0.1585000782156755,0.1776489351620769,0.2809715510120359
2014-02-04,0.1165628654799163,0.1000409347029966,0.1415350644497595,0.1446737902314787,0.1585380395144082,0.1777798314164054,0.281380578015425
2014-02-05,0.1165068639306715,0.1147034852857718,0.1491345439762707,0.1503011970455401,0.1616660478597351,0.1791283222950622,0.2816053116334032
2014-02-06,0.118114738461834,0.1144871512859419,0.1505575057073434,0.1584607733846457,0.1590771900362551,0.1887210849442578,0.2840190610970446
2014-02-07,0.1325272628363396,0.114560386657424,0.1484497015937238,0.1586401208583716,0.1574666655009712,0.18960813083424,0.291406146673389
2014-02-10,0.1311356161699141,0.1198256573851229,0.1632482473086152,0.1634436307802323,0.1709216269429097,0.1922962528115468,0.2910362471106715
2014-02-11,0.1304506894980097,0.1193893173542914,0.1641971278696231,0.1577208026896224,0.1794064670781639,0.1848820751800528,0.2924453710984951
2014-02-12,0.1309170815289339,0.1193174384995791,0.1650692553132021,0.1545186454302678,0.1796814544686922,0.1788239073123844,0.2804882513211312
2014-02-13,0.1322609329069432,0.1155754728615489,0.1515469538310355,0.1543749264221589,0.1801830549306519,0.1771183537242596,0.2658791526124709
2014-02-14,0.1342556263984252,0.1223605214718696,0.1514782779552233,0.1543262719319813,0.1839191529314646,0.1771086118823035,0.2680700549248468
2014-02-17,0.1326529139502644,0.1262565416798551,0.1511539924350431,0.1538105685829136,0.1824969184863138,0.1773707962340562,0.2928971871393348
2014-02-18,0.1312903559753895,0.1261768625793155,0.150919475522785,0.1554235986921549,0.1809296922554254,0.1799619908748115,0.2928097022723937
2014-02-19,0.1310176787062918,0.1264967929394226,0.1513810161692308,0.1565624809159133,0.1840101361934389,0.1800765793156227,0.2961786143566133
2014-02-20,0.1225581778356683,0.1270863544455857,0.1521184035113195,0.1566613300176252,0.1862273242910537,0.1796669512453827,0.3155916259728116
2014-02-21,0.1372283812673751,0.1245812837142184,0.1498558950037611,0.1549036933923241,0.1811664154589499,0.1797507980221108,0.3150809578853512
2014-02-24,0.1537134231146285,0.1114216049770169,0.119831889131079,0.1350522193247488,0.1765161146065932,0.1613761533936225,0.3139856242833423
2014-02-25,0.1501254394630275,0.0934612342659449,0.1194419198925884,0.1333328185184519,0.1607002237820958,0.1551549386705322,0.3024372325177766
2014-02-26,0.1502129059024226,0.0932890326634736,0.1220687679327434,0.1329093019783389,0.1697413715411792,0.1556928763712378,0.302574612689211
2014-02-27,0.1497457811423453,0.0911723843995385,0.1227020477237744,0.1261706301386661,0.1682347305188728,0.148985918930431,0.2876321381087056
2014-02-28,0.1496386779633364,0.1072454743756465,0.1741136253860015,0.1258360000468379,0.1759261497871983,0.1429890522177655,0.2787658223441009
2014-03-03,0.1499002030482932,0.1179962890246696,0.1905261138901033,0.131000031090501,0.1770454738444578,0.1504433256991695,0.2788151178034634
2014-03-04,0.1535017676787449,0.1182084035863807,0.185131574748446,0.0959899886331473,0.1777226886935645,0.1099718585161121,0.2730046614046421
2014-03-05,0.1537637875823995,0.1170532836737284,0.183003972611965,0.094892902223503,0.1414424779907507,0.1100480854165669,0.2293659861899816
2014-03-06,0.1538255372447338,0.1257358876509804,0.1978913949386536,0.0936325621092228,0.1390551108977232,0.1089306497250745,0.2282148184036845
2014-03-07,0.1835389700650362,0.1170476579833501,0.1942195424844187,0.0884346972019875,0.154318678346156,0.1060930292776562,0.2321928035841756
2014-03-10,0.182286783895937,0.1170798101115452,0.1941233538792138,0.0836031630489233,0.151622433204144,0.0985989349413412,0.2233330178644185
2014-03-11,0.166225361104674,0.1219810072746858,0.1989690695465927,0.0837456223610859,0.1629808375507581,0.0980647035845077,0.2362823472061991
2014-03-12,0.1680842162263777,0.1190145671962376,0.1940744094002703,0.0886937575775674,0.1531075979504808,0.1082217405412323,0.2363222666938474
2014-03-13,0.16814360027198,0.1194012718271565,0.1930444900743994,0.0894339020881456,0.1466441955806581,0.1089846531932611,0.2615507261012754
2014-03-14,0.1724456828514214,0.121727601775054,0.1987097734622448,0.0929365712559866,0.146114362470423,0.1078640062656914,0.255007624049942
2014-03-17,0.1690943609546235,0.1234932300503907,0.1986452041325378,0.0945396730251505,0.1456031638349753,0.1152359106739138,0.2517591622142249
2014-03-18,0.164391868610161,0.1176904159468771,0.1995523334897109,0.0974301988606917,0.1392412900919325,0.1175589335347976,0.2513428977279869
2014-03-19,0.16819433521598,0.112664772924682,0.1998626799608057,0.0991733435524362,0.1484832197395981,0.1158342296856984,0.2326549358488489
2014-03-20,0.1906915348916359,0.1133312819546634,0.2011056592710779,0.096702135673567,0.155501278644606,0.1174969567467492,0.2324484730657507
2014-03-21,0.1943841059247135,0.1131641193505239,0.2073955498561591,0.0968551933232294,0.1676637980253883,0.1220849239057378,0.2297908695247155
2014-03-24,0.1910433510467811,0.1225875529874373,0.2156014520656859,0.0973694970201978,0.1651590355306418,0.1223136898852924,0.2068173701207839
2014-03-25,0.1817633024219657,0.1211207139880696,0.2190882966051606,0.0987421012311887,0.1661868458085124,0.1283764992386948,0.2075240053529298
2014-03-26,0.1695456848558235,0.1205612952650616,0.2191473814113219,0.0988586490201111,0.1660885467240232,0.1291192070375679,0.2041709252887691
2014-03-27,0.1693841997488125,0.1216112153068807,0.2250039110997917,0.1000398113512836,0.1693440012740408,0.1291306405647892,0.2047103450048596
2014-03-28,0.1695953538100929,0.1212536694440424,0.2237934481014261,0.1021601609568602,0.1579176726261172,0.1327701944179876,0.2071350252028228
2014-03-31,0.1706679374390755,0.1255119688917498,0.2212528644596828,0.1043070278048431,0.1655467984428146,0.1453616119569384,0.2064628585845762
2014-04-01,0.1687431487484645,0.1154822422237524,0.1842279107339599,0.1005290385601321,0.1583022285100802,0.1435467216373877,0.2043095413428476
2014-04-02,0.170397801782792,0.0976459532441059,0.1651329741017118,0.0874702681841673,0.1565602184391425,0.1327336358362668,0.2054969451788701
2014-04-03,0.1697915328200322,0.0989942642920624,0.1656008226548667,0.0978943402897941,0.1563468277634903,0.1570866535725347,0.2019145025738743
2014-04-04,0.1694511111836895,0.1045598858545072,0.1789035241197039,0.1039252391055903,0.1562090706837906,0.1600740304976011,0.2026852632050755
2014-04-07,0.1811725321509348,0.0992604023181681,0.1642623234505341,0.1049745658373502,0.1600486911349559,0.1643398504203627,0.2037327090915331
2014-04-08,0.1469722517696677,0.1020282358839495,0.1605274123701738,0.1119594167336836,0.1514893614817599,0.1770702215959755,0.2123379683997042
2014-04-09,0.1517928041751588,0.1021228442008498,0.161568268433679,0.1318431463371922,0.1584169973986727,0.2036523659137355,0.2099601532710894
2014-04-10,0.1518036548620792,0.1051301606800113,0.1636686338960602,0.1349764833775259,0.1486657095669595,0.205410439952215,0.207218237253025
2014-04-11,0.1494711076387899,0.0998774712364448,0.1485588266408125,0.1332791372706102,0.1453180634191506,0.2037437664340809,0.2071378414287684
2014-04-14,0.1564363522667387,0.1014520320958872,0.1620603336158959,0.1350967950941095,0.1529024437445519,0.2045397064196861,0.178222938612019
2014-04-15,0.1541931302284961,0.1016775536443996,0.1640532643927897,0.1358590387991191,0.1517941140244299,0.2080202395409698,0.2059000831298334
2014-04-16,0.1550062820013246,0.1021007432128421,0.165758102294522,0.1336126257929787,0.1515268514991604,0.2022989866581746,0.2034839968663299
2014-04-17,0.154754693952782,0.1005428021469937,0.165452265785032,0.1319254510066727,0.1513760968069885,0.202106422143466,0.2044654279275934
2014-04-18,0.1563444103862714,0.0989621302467921,0.1653884998677687,0.130927812797344,0.1332346289185431,0.2035510990192223,0.1956603343199213
2014-04-21,0.1287481268205961,0.1024244088165398,0.1776046013845712,0.1311957117275904,0.1303919736595288,0.2053395106616405,0.1982631260306523
2014-04-22,0.1255117203882655,0.100095564595746,0.1680680945688984,0.1302374861693109,0.1234177214837295,0.2034886880123675,0.1926548687987498
2014-04-23,0.1266452806798755,0.0917835602123421,0.1601051216019953,0.1295746631869365,0.1212030276498486,0.2043670673701175,0.1952308069461778
2014-04-24,0.1308627182085562,0.0924285677590767,0.1647213313041904,0.1303768611541255,0.1321969727169953,0.2072331127419601,0.1948757530494127
2014-04-25,0.1391169668346456,0.0918955461327416,0.1655806218726357,0.1305103042249445,0.1327888438794882,0.2066840168229886,0.1940206607507383
2014-04-28,0.1425274762413428,0.0968997610783369,0.1657818689159985,0.1305564964906902,0.1368605427040838,0.2083665048525659,0.1928878039936876
2014-04-29,0.1423726009142749,0.0960353479932452,0.1654987258083098,0.1282604366245038,0.1455613384539618,0.2051338840676492,0.1897118273723272
2014-04-30,0.1401440506319894,0.0935132543314298,0.1646340702733247,0.126019201391647,0.1376382332907673,0.1965145531566167,0.1956621090018555
2014-05-01,0.1384969869734786,0.0935645605345768,0.1652839949204065,0.1256629669008484,0.1386850440369795,0.1961438615092662,0.1914973721083422
2014-05-02,0.1364623423056444,0.0932052084192079,0.1654565567531648,0.1258169113486295,0.1444676227110823,0.1950164905941975,0.1883874071828741
2014-05-05,0.1337231664657165,0.0921136252153703,0.1644981409176859,0.1220637354845739,0.1444526342479701,0.1797228954597422,0.1884426103888606
2014-05-06,0.1365340121144206,0.0825463767938391,0.1526553427486913,0.1170557531250014,0.14711457798961,0.1756429036547398,0.2049217682296641
2014-05-07,0.1175682579776225,0.0813828409686246,0.1553768716561072,0.1167979085708358,0.143222019136566,0.1735848154202849,0.2044885657828947
2014-05-08,0.1161455209134808,0.081168768555834,0.1557084631380768,0.1110685023600536,0.1367818671697883,0.1632458782252031,0.1922539677639966
2014-05-09,0.1288875295331058,0.0824125170215008,0.1595156529889246,0.0864572475264577,0.141751902422521,0.1362300282895351,0.1925541207031653
2014-05-12,0.1289108149464833,0.0669848675201987,0.1495117764426979,0.0772168249410722,0.1413897105784735,0.1272846604127388,0.1845968764194688
2014-05-13,0.1286835057830362,0.0669733833883115,0.1496675995063335,0.0771630256744096,0.1464812732671029,0.1295661424169716,0.1840180688552226
2014-05-14,0.1257063158347289,0.0656046655728968,0.1392763033068738,0.0829331396601659,0.1381311685312934,0.1325001223141666,0.185727490728545
2014-05-15,0.125449638277307,0.0636837510215299,0.1319827899250727,0.0763185957465389,0.1381190777734868,0.126293545461947,0.1623376646633149
2014-05-16,0.1289451255893766,0.0627363226571013,0.12882977740102,0.0771567247180347,0.1377668700675275,0.129387648991966,0.1633024454486423
2014-05-19,0.1294090953353993,0.0678537483399108,0.1292593843777564,0.0807265598016006,0.1391740687849174,0.131774346454501,0.1622779511790285
2014-05-20,0.1248330301083167,0.0679202599016447,0.130275673242404,0.0842628490650913,0.1391733048506672,0.1331572030681979,0.1622564779328176
2014-05-21,0.1239238882356896,0.0630835891958817,0.1124087678393772,0.0835549613098298,0.1400631567480321,0.1303130129438197,0.1767555409192901
2014-05-22,0.1264719944884316,0.0629587300494195,0.1109012084240606,0.0840662939415169,0.13530548111679,0.1293292129519762,0.1752259574380286
2014-05-23,0.126249587690892,0.0619337106654745,0.1176441353073387,0.083994893801745,0.1352472188895742,0.1283400570642252,0.1749214590044077
2014-05-26,0.122075563263778,0.0618328006483196,0.101067742674812,0.0800183063855481,0.123119377034737,0.1170885554004611,0.1749818508426105
2014-05-27,0.1100438122915472,0.0617112745335628,0.1011430392689653,0.0800257089882255,0.1223560567219505,0.1179391573522825,0.1710470150933858
2014-05-28,0.1084874274676828,0.0526917851824497,0.091676034304736,0.0803927675236558,0.1149763210760108,0.1171184575491031,0.1710031846539685
2014-05-29,0.108172907305571,0.0548149023617904,0.0917575259457135,0.0801456885631854,0.1011524782340017,0.1174284649811829,0.1717120226566526
2014-05-30,0.108172907305571,0.0538426551104319,0.0916446019878307,0.0800578040761229,0.1011524782340017,0.11759413750292,0.1800405958908568
2014-06-02,0.1081975676541174,0.0555238086473716,0.0902506159912326,0.0797851474412336,0.1032546487969698,0.1175689199676731,0.1804585189762543
2014-06-03,0.1106772449193858,0.0562639510667457,0.0889384468352655,0.0797877550894811,0.0935218774723176,0.1177551615006474,0.180352879726728
2014-06-04,0.1139064647927785,0.0549850965355788,0.0838293700186727,0.0733459513679038,0.0942737013999641,0.1086051991385461,0.180276380291213
2014-06-05,0.1110862814012151,0.0591028173350288,0.0831899119787184,0.0727975839460573,0.0890019906782401,0.1073672708466764,0.1415082061911637
2014-06-06,0.1108290929010951,0.0558548458590643,0.0795926558967192,0.0720454232853971,0.0903026146921511,0.1046861630999004,0.1399095977568108
2014-06-09,0.1159060592125786,0.0541980980082061,0.07793023988799,0.0723740531787837,0.0923373307551871,0.1048298151346251,0.145288740380553
2014-06-10,0.092811379056804,0.0541088527414188,0.075653198259397,0.06873674423323,0.0767948183080754,0.0918636646643898,0.1439115950289446
2014-06-11,0.0929036100658201,0.0529922756876982,0.0745020940176301,0.0741701571550063,0.0786206136589167,0.0963265981084178,0.1346483524021665
2014-06-12,0.0977829329051135,0.0615845024454012,0.0753736690539578,0.0719219559841732,0.0743749815774789,0.0909460223134711,0.1359616825817868
2014-06-13,0.0909568590711983,0.0600407842898044,0.0663031731705179,0.0615140946153515,0.0724831677003873,0.0838430952796227,0.1393687437091337
2014-06-16,0.0978351112955868,0.0598494019087406,0.0653961230758177,0.0610860279569642,0.0744357484160385,0.0834618134257322,0.1270195498133137
2014-06-17,0.0919640833289665,0.0602347346283728,0.0650946508774339,0.0641489674934391,0.0745846907932902,0.081654269139888,0.1245184225227074
2014-06-18,0.1079279336166417,0.058630442297033,0.0671115984016555,0.0572107511560424,0.0727780438104186,0.0753701027804612,0.1316358217854037
2014-06-19,0.104259130761636,0.0584799694845152,0.0661487416684851,0.0530693799047001,0.0727651748286241,0.0727326126216786,0.1308269772553058
2014-06-20,0.1041407072506259,0.0597647415486053,0.0713166174169667,0.0534046374740366,0.092336273281653,0.0723635934866933,0.116689463947493
2014-06-23,0.1029479652813049,0.0600687138359558,0.0700377203208586,0.0591494817637413,0.0931153932193382,0.0730397133081302,0.1153575700898244
2014-06-24,0.103120326445989,0.0654920209664452,0.0611156328756978,0.0602923357246327,0.0931270090576985,0.0746417096640685,0.117355854007996
2014-06-25,0.105031804371233,0.0633217890231453,0.0620002279086139,0.05860667548111,0.1053030126757468,0.0657293591134705,0.1173770776478331
2014-06-26,0.1015732605454278,0.0646158889201273,0.0622435656207716,0.0581490917219368,0.1035821664969892,0.0645115640917378,0.1293604586593432
2014-06-27,0.1023203039639229,0.0635203510446805,0.0627499284136595,0.0564486320634657,0.1030877180455161,0.0632947691105514,0.1297736366589641
2014-06-30,0.1023108677721926,0.0702342010476019,0.0676833284661916,0.0596309046738824,0.1026291824919861,0.070319290770642,0.1322519200318744
2014-07-01,0.1032610247480785,0.069825711208117,0.0677188128105531,0.0596373718966189,0.1146966709585784,0.0697638785140566,0.1151188711843304
2014-07-02,0.1033147667330051,0.072838803544012,0.0781117885687093,0.0610921624262647,0.1111128383990635,0.0701486549335923,0.1139037335302125
2014-07-03,0.1005622894560375,0.0721697245284965,0.0785734167063525,0.0612535281218184,0.1087224171794858,0.0704756396844356,0.1150093081272822
2014-07-04,0.0973403014605453,0.0754432441648859,0.0862045214173872,0.0608714018045305,0.108401611260562,0.0724805359954856,0.1161734986730479
2014-07-07,0.095251919000304,0.0830433674137809,0.0959292376798407,0.0649426155085354,0.1049570936432965,0.0872103282325368,0.117432531992808
2014-07-08,0.1051458689692704,0.0825456817188105,0.0966397790263386,0.0665414388059664,0.1169302795574212,0.0887727329079566,0.1172180637738972
2014-07-09,0.0981880965170826,0.0847326827415269,0.107513221271507,0.0683453052243984,0.1135045170782984,0.0910976404466383,0.1148795170260519
2014-07-10,0.0992770265229814,0.0847068016109272,0.1054947194009989,0.0670360759386853,0.1131976478605775,0.0916682130666953,0.1146307191972765
2014-07-11,0.1044265743379253,0.0902993156285274,0.1147219759025341,0.0626979514223956,0.1136550986893347,0.0874155384601628,0.1154778010602046
2014-07-14,0.0997613254487555,0.0862946889516912,0.1162516404214312,0.0630655752604636,0.1129035986056016,0.0902629022178396,0.1142326278142432
2014-07-15,0.0963695805264301,0.0938045114553639,0.1267681211929225,0.0640633155576905,0.1131251191664639,0.0902223512012453,0.1065633358853421
2014-07-16,0.0930906818017537,0.0965732884397529,0.1309265427307903,0.0773517049594977,0.1119685131383285,0.1034215472021571,0.1066123527508732
2014-07-17,0.0914403456164475,0.0965540830131147,0.1310758969029562,0.0806171098848613,0.1124591623051703,0.114423999534677,0.1090871756360588
2014-07-18,0.0733790939828928,0.0956478235709867,0.1319136285180705,0.0811149530091332,0.113000631012084,0.1146023835045325,0.093611601144239
2014-07-21,0.0800976292591334,0.1015517723831266,0.1407038132639715,0.0825388147889322,0.1258008175154833,0.1165626199832628,0.0981931935642938
2014-07-22,0.0797142541025541,0.1008411540459977,0.1396874223269413,0.0826186610414686,0.1101346909989122,0.1169780484724148,0.0981282035001837
2014-07-23,0.0880880233214919,0.1012332034885575,0.140443696413654,0.0787948142039209,0.1112802328287063,0.1156088541739422,0.0985431200404952
2014-07-24,0.0902650522943438,0.0984987182171251,0.1476782627088314,0.0797441949876932,0.1107671526803798,0.115786785193694,0.1027588904563227
2014-07-25,0.1156843609603768,0.0985454232326633,0.1470733740175485,0.0795422196000645,0.1050767853088575,0.1159059779103618,0.103429622897896
2014-07-28,0.1148133491239391,0.0983869536206646,0.1487052498033445,0.0811492574188885,0.1070635024280101,0.1152416880967935,0.0905476638525434
2014-07-29,0.1152058750080969,0.0997813563422519,0.1495257979195758,0.0811253278935641,0.1061457769167244,0.1159116129193151,0.0899769625735925
2014-07-30,0.1169936778551222,0.097399271919042,0.1589730354762705,0.1034428982449674,0.1058696292765286,0.1306860381441285,0.0841323542867985
2014-07-31,0.1222919123559997,0.0998433845518858,0.1707537905547666,0.1034547762902751,0.1038791164317399,0.1310502204264534,0.0871591443220066
2014-08-01,0.1317555034637393,0.0957347145172982,0.1621878903164289,0.1049083280721642,0.1034923141708977,0.1316539050290551,0.0877945578008564
2014-08-04,0.1315948200370592,0.0958650961426357,0.1643354257896336,0.1088091863004545,0.1033766687715931,0.1331655363691356,0.0922857243062614
2014-08-05,0.1320749095816086,0.0963510492596894,0.1630345500043319,0.1085786577195732,0.1043212051249198,0.1313693345713062,0.0979710762987853
2014-08-06,0.1439045390020655,0.0893804560531527,0.1608975497847364,0.1077426470414005,0.109551966153526,0.1243770815717958,0.0987610904392734
2014-08-07,0.1336748927958224,0.0899477995256948,0.1588858984800099,0.1145042481741783,0.0923016966294133,0.1258699151958921,0.1417256912846813
2014-08-08,0.1374807013211796,0.0947273357590726,0.1709469291527714,0.1145848213221845,0.0990861497129402,0.127136071544426,0.1643277598833147
2014-08-11,0.1386608775430762,0.0941615389714384,0.173758765840008,0.114378484897406,0.0986115712828731,0.1265130675075197,0.1640967134859796
2014-08-12,0.137443742239273,0.0902222971719806,0.1761304855766385,0.1156359908707507,0.1000408468127949,0.1299436501270334,0.1616844743487326
2014-08-13,0.142114742072575,0.0900778828364814,0.1766069719103414,0.1167772714393553,0.1021295165863713,0.1292762317005947,0.1617870763190057
2014-08-14,0.1427341703556424,0.0810226254166234,0.1707741502662386,0.1156436068536512,0.1028737669824062,0.1293722579417459,0.161769765863192
2014-08-15,0.139231593992582,0.0826703604250383,0.1819837237203755,0.1123014944499451,0.1028344885228148,0.1220262588691136,0.1617701435827716
2014-08-18,0.1390908801663112,0.0846756680577774,0.1863938905537736,0.1080891261905738,0.1017540608817856,0.111862876942716,0.1601317040126956
2014-08-19,0.1391185921501592,0.0848676380806839,0.1834512679799332,0.1080301282642937,0.0997142568974016,0.1115572806916614,0.1601192729886152
2014-08-20,0.1399932709453778,0.0784995495325731,0.1806986350629489,0.107175016600909,0.0930848209233443,0.1095092008351627,0.1601999856421805
2014-08-21,0.1399097846909832,0.0784790271665184,0.1810212438603723,0.1072747463445708,0.0913411792879209,0.1089574402292361,0.1606096830785407
2014-08-22,0.1387423378376055,0.0774564304929194,0.1925303859624658,0.1084687675038316,0.0896525427414719,0.1095161651934595,0.1606904342121587
2014-08-25,0.1422773716633066,0.0797957937270372,0.1883137664940253,0.106976378247166,0.0914760053267695,0.1076576762164787,0.1579582570706073
2014-08-26,0.1186158529808491,0.0798145439435677,0.1877437999989946,0.1069849510952111,0.0914518976819145,0.1074858084781629,0.1572046449537598
2014-08-27,0.1206458581814722,0.0803177243232871,0.1901516715538999,0.1058085528816623,0.0910467006072746,0.1081364382530261,0.1566798530251343
2014-08-28,0.1246796887269464,0.0785384311146361,0.1892779475841904,0.1061769452299359,0.0901829019678367,0.1082960080651384,0.1565814618580029
2014-08-29,0.1238675337902655,0.0748354733178948,0.176882138780457,0.0760533666280799,0.0901282170809313,0.074509135379346,0.1571178945314504
2014-09-01,0.1276798096862187,0.0689290543683942,0.1596153097438274,0.0747853448774188,0.0841787399422738,0.0715121071669848,0.1613619465084171
2014-09-02,0.1190436350434574,0.071179132505556,0.161467087334816,0.0727347742988966,0.113068604970478,0.0744923559953395,0.1612343901963027
2014-09-03,0.1206306684951817,0.0711904634111659,0.1635648562970032,0.0621694755244754,0.1132616299552195,0.0690451776595956,0.1574242416073209
2014-09-04,0.1222392310802476,0.0670860710769577,0.160375691205481,0.0627548777352305,0.1131387031592811,0.0692397705488606,0.1521408774542398
2014-09-05,0.1092635831366761,0.0639239611672969,0.1538380450899812,0.0596210569265275,0.1089935403355112,0.0647528189948652,0.1517330493842538
2014-09-08,0.1096518660595215,0.0607875768759313,0.1547597831933853,0.0569437083643707,0.1083119575130872,0.0721501965728926,0.1021372583249285
2014-09-09,0.1042317474481869,0.0536723415542682,0.1453105308999929,0.0572888938038734,0.1222354848516392,0.0726411876062877,0.0712156142089513
2014-09-10,0.1049070586942223,0.0570227485138792,0.1363615298568808,0.0563340742891565,0.1222409006324483,0.0708402376675236,0.073752248487274
2014-09-11,0.1073609391795502,0.0563158800008156,0.1324187481901513,0.0585387099754858,0.1190261574446482,0.0688644451539349,0.0736258397211187
2014-09-12,0.1018482570024354,0.0552752671836419,0.1324674703165958,0.0574630314229363,0.12267988788019,0.079162963146612,0.0721966382662874
2014-09-15,0.1214925944594715,0.0559533393031515,0.120274263269042,0.061788149314223,0.1231293012417647,0.08222116701747,0.0733820728730693
2014-09-16,0.1211909124819215,0.0504760997407938,0.1095517335363247,0.055839476558592,0.1290201272137877,0.0762880516812635,0.0740156426143891
2014-09-17,0.1213320482460422,0.0505091485925086,0.1142027072266761,0.0557398094068954,0.1283379034499844,0.0782624909928264,0.0777304946073222
2014-09-18,0.1214749901943328,0.0493000435118746,0.113437889694249,0.0554925347082228,0.130379426076593,0.0791815655269981,0.0905439873874199
2014-09-19,0.1360448801065559,0.0587576465570989,0.1132491757537234,0.061883199801203,0.1366624922806004,0.0888613613212702,0.0934406952464774
2014-09-22,0.1379185570493978,0.0765182644536515,0.1252134214641811,0.064657963206606,0.1349287010346598,0.0897832443434642,0.0921314920278152
2014-09-23,0.1427568245702534,0.0784920392336231,0.1121195498512374,0.0681300609333265,0.135558042500807,0.0956274740374482,0.0926481416436694
2014-09-24,0.1361748572935031,0.0801507747272323,0.1220077912045167,0.0875013010829552,0.1362127572575423,0.1156311999523227,0.0959344899378654
2014-09-25,0.136168079572415,0.0802656560928893,0.1220273307808734,0.0930112717281969,0.1356441735274812,0.1216569848743753,0.1031998091093065
2014-09-26,0.1324637517055971,0.079835933614824,0.1183687075581201,0.0932001962553841,0.1464237800111132,0.1214830204012214,0.1007215127154766
2014-09-29,0.1304747768294106,0.0794687645046678,0.119866111518397,0.0925419367519031,0.1498012005162974,0.1201194629326635,0.106191830075639
2014-09-30,0.1294208132385907,0.0841269817494927,0.1242945325075816,0.1018530185754367,0.1496822300193425,0.1304801830238135,0.1093042543201913
2014-10-01,0.1235597484854263,0.0981635876962992,0.1400992473210772,0.1019199798170574,0.1497160879845485,0.129617133704728,0.1390711738182556
2014-10-02,0.1203773800369008,0.1067185345056382,0.1312159614266856,0.1102330177255302,0.1226272863171147,0.134830630936219,0.1388250169144895
2014-10-03,0.1182397155433145,0.1095537237367862,0.1246970790518721,0.1102356937333121,0.1324217985418996,0.135351069237565,0.1436570609781857
2014-10-06,0.1153704713546482,0.1130680456364343,0.1287984024786201,0.1185177684579515,0.1353289002892495,0.1424819683170016,0.1457921120121445
2014-10-07,0.1178971368693004,0.1130596980811401,0.1298529754765628,0.1346156615404506,0.1357101334971871,0.158628652076761,0.1513721030723855
2014-10-08,0.1179659086597716,0.1143446893201827,0.1307671286392098,0.1498868503382538,0.1447836397136912,0.169761251362234,0.152851575406336
2014-10-09,0.1196032424698532,0.1203873310475359,0.1482176978845824,0.1525285789658688,0.144363446136667,0.1815985568236024,0.1566053184142206
2014-10-10,0.1199210144839429,0.1229432176984296,0.1497508996359987,0.1597551170863981,0.1454860256172885,0.1849803659651046,0.153429553032457
2014-10-13,0.117377015722048,0.1245916608401153,0.1510212857033979,0.1600436640230368,0.1455448596234007,0.1864451640439749,0.1700395341603064
2014-10-14,0.1185467732615083,0.1518338326834898,0.1719109302737311,0.1609952425653823,0.1452804943869316,0.1846941084430966,0.1747035975527995
2014-10-15,0.1019312276514903,0.1517120843871265,0.1732026343546379,0.1572219490899347,0.1460556683483298,0.1813573207167922,0.1872441031812299
2014-10-16,0.1042082021683201,0.1696569685237731,0.2103726098555224,0.1657679272789451,0.1421954021959838,0.185927947674973,0.1904412411991345
2014-10-17,0.1057611073239595,0.1670315554210437,0.2034000942983892,0.1686701561872232,0.1413860149481366,0.1914477807934038,0.2352659738479871
2014-10-20,0.1075583229844485,0.1797573163649402,0.2191841704277672,0.1842001405802495,0.1391088311888269,0.2114156034083672,0.2330767651087786
2014-10-21,0.0910763383700583,0.1800456253401301,0.2219684933107594,0.1839134329233355,0.142023430426784,0.2099353773830878,0.2546131582526005
2014-10-22,0.0940104112735041,0.1758512818036498,0.2238846842247982,0.18897702197287,0.1415379923596574,0.2176236162598342,0.2544122357322816
2014-10-23,0.0782938421146794,0.1746636973458752,0.2215803401209036,0.1885753543592678,0.1406320393350877,0.2159129968874116,0.2582716047841981
2014-10-24,0.0794539778103623,0.1726231619060491,0.2182844437267067,0.1804284152483608,0.1408216738526846,0.2052605757123946,0.2546347777344651
2014-10-27,0.1078606033730632,0.1744022357906652,0.2300403212755058,0.182679227197863,0.1521748014382334,0.210806235694774,0.2537736971383119
2014-10-28,0.1186504600976228,0.1774852055910388,0.2296281722592091,0.1825228283739466,0.14267805439161,0.2111123810391964,0.259180617560391
2014-10-29,0.1209810700075277,0.1775442417829474,0.229006289130649,0.1833509507180806,0.135741931004214,0.2110710512036576,0.2598351004746345
2014-10-30,0.1271290796471888,0.1806024976919922,0.2417378913623604,0.1801860097583048,0.1405129469074844,0.206955270369268,0.3067967677325146
2014-10-31,0.1275708636683544,0.1733760845870748,0.2332205915817212,0.1802000799175085,0.1415912257201199,0.2069564678523556,0.2910987828499604
2014-11-03,0.1275827937728492,0.1686663205263506,0.2354449580666887,0.1775742874847268,0.1418277420677768,0.2056486809271921,0.3030179202538741
2014-11-04,0.1289003712401647,0.1738146818362175,0.2417884878117924,0.1780071694031914,0.1401970544832752,0.2046541508154109,0.3016286090778536
2014-11-05,0.1288987212917385,0.170045109118903,0.2373541740378265,0.1681105597298215,0.1397842739229871,0.1951765658482194,0.3023922129394353
2014-11-06,0.1272108296477113,0.1699488763726979,0.236859046510869,0.1593944332386467,0.1384258626343844,0.186726852642619,0.2978671389344571
2014-11-07,0.1463711911345301,0.1684389399024222,0.2374460695321215,0.1383966895507786,0.135646565547408,0.1696552652033067,0.2971978774526857
2014-11-10,0.1440938163710526,0.1590538117218024,0.2188223412599031,0.1294096144501258,0.1167149392534912,0.1417948909330829,0.2971265219752663
2014-11-11,0.1450415668674284,0.1595719272888631,0.2289832324941328,0.1101417082720268,0.1174828458089417,0.1255520097553225,0.2965956949178719
2014-11-12,0.1451681379434405,0.1594959088036177,0.2290777509311284,0.11045221565528,0.1158799103755017,0.1260686703924384,0.278122479250151
2014-11-13,0.1456812876992364,0.1174606272696446,0.2007866406648232,0.1030244646262291,0.1156904425305059,0.1237534130305035,0.2780413751856916
2014-11-14,0.1426148322200843,0.115761579369507,0.2007704361370996,0.1027693214152263,0.1180181614830798,0.1263440136704844,0.2885029975555463
2014-11-17,0.1430800668426848,0.1034123946582975,0.1823989625391985,0.0982059375369064,0.1251886290265441,0.1253154570786644,0.283307116200145
2014-11-18,0.1430666216436915,0.0991027516241492,0.170895416238772,0.0979091129986198,0.1277383510628719,0.1256854353146721,0.2631799789578251
2014-11-19,0.1395255570503512,0.0881599208088873,0.1620037069908887,0.0796843141187371,0.1278506509182784,0.1041381474917665,0.2466851959430262
2014-11-20,0.1421725381663962,0.0926049692826141,0.1795072543976158,0.0719906340009615,0.1198853851718932,0.0964174577606815,0.237495390693095
2014-11-21,0.1431715681429594,0.0944415276800088,0.177343398522257,0.0643227791847733,0.1356940404292407,0.0880667199728541,0.2359758198943002
2014-11-24,0.1452941878140665,0.0915346406253343,0.1740824228188087,0.063644043659549,0.1358728596039145,0.0872397392543274,0.2358284088245789
2014-11-25,0.1440407853481423,0.0893069521503441,0.1671412252281174,0.0622001178591738,0.1370032550794403,0.0875957745576293,0.2370971395256267
2014-11-26,0.1351943349594795,0.089103932153698,0.1602134296048472,0.0530624997053159,0.1287090446107817,0.0716887059255408,0.239351066604173
2014-11-27,0.1403741809042709,0.0869652426713979,0.1604559697785577,0.0540770244395785,0.1218604232721021,0.0692056725407357,0.2384115743581639
2014-11-28,0.1418058336092605,0.0956422652607393,0.1617390970895171,0.0594307711709293,0.1506664280883649,0.087329413308616,0.2384789600029019
2014-12-01,0.1641372080495961,0.0957119129656718,0.1485668878823148,0.0503816353841945,0.1504485354766672,0.0771988907741414,0.1867520796005037
2014-12-02,0.1640430221996229,0.0904706872197142,0.1434019322246264,0.0509798910870141,0.1532287618382604,0.0777256086133807,0.186379482503635
2014-12-03,0.2033435597122094,0.0907474019218639,0.1467666332803697,0.0496679851801874,0.1646593465450411,0.0764913401753222,0.1684143349953272
2014-12-04,0.1992124108689648,0.0858860346506093,0.1565568821485878,0.0472447883907104,0.1647761439269975,0.0762034833918431,0.1683190657653873
2014-12-05,0.2076449804856616,0.0948442183244264,0.1602983927249586,0.0541874811612809,0.1645770686435997,0.0827880888364074,0.1637848264584075
2014-12-08,0.3005085571554792,0.1212326985759667,0.1775612051041962,0.0542625350305747,0.1836543456280487,0.0836848422946254,0.1668741094504291
2014-12-09,0.3044961471913582,0.119443569252807,0.1770608427070805,0.0785589470441865,0.181402071919241,0.1042631486499557,0.1856667451308158
2014-12-10,0.3062547526561495,0.120093321353067,0.1776404480317657,0.080177037374116,0.1833302325969176,0.1054211435264884,0.1766835622503395
2014-12-11,0.3063950875255446,0.1452111525196156,0.1941757069283711,0.0972573295235674,0.1819885066857358,0.1125682005642234,0.1774804227480976
2014-12-12,0.3042696606031745,0.1540798123612925,0.2178895767118108,0.0989031797708564,0.1832300427115687,0.1176482407734459,0.1812529819239067
2014-12-15,0.3057772042038315,0.1784249127169632,0.2324363806319527,0.1018600467122912,0.1880955632176048,0.1237801819008554,0.191267240299785
2014-12-16,0.3036739052328087,0.1779140231518772,0.232221435869534,0.1254707398388601,0.1852020326293794,0.1446712495829489,0.1640641593872019
2014-12-17,0.3003588779957501,0.1921065382546339,0.2440704978283924,0.1492722066766095,0.187535011300378,0.1620229628393575,0.1663043384389806
2014-12-18,0.2977622970884279,0.1977481349197426,0.2444703948348507,0.1498473416192898,0.1921071332999352,0.1608389310040972,0.1845658735102034
2014-12-19,0.2960858271679465,0.1986209747087659,0.245462434292472,0.1501940912177337,0.197093573010905,0.1602323798052809,0.184565212423041
2014-12-22,0.3278402931574878,0.1950559284456516,0.2307700832616364,0.1493592735474533,0.1969620679266607,0.1607147713467871,0.1843868080394945
2014-12-23,0.3400926987993041,0.195132945175411,0.2302155726224617,0.1491135087148782,0.1845666376934333,0.158053634828061,0.1884966047760107
2014-12-24,0.3402554504008809,0.1951220368209575,0.228847685206581,0.1490324984711298,0.1845623899926786,0.1580433395307161,0.1888397445618549
2014-12-25,0.385430529031295,0.1951338134537902,0.2280990712078902,0.1491422648451038,0.1795537691344859,0.1584679568142118,0.18865524288821
2014-12-26,0.3858534663085136,0.1956946630949505,0.2271412432281074,0.1491466255890766,0.1907743590966356,0.1584678140776785,0.1873040151742729
2014-12-29,0.384818496924029,0.2002007455956269,0.2307647302128662,0.1499133375960157,0.1944251322085222,0.1598763609461295,0.1916677009929649
2014-12-30,0.3864324502453489,0.1982102830495321,0.2307553724436914,0.1523693671735332,0.1731442026791632,0.1558303471617265,0.1898401785367046
2014-12-31,0.3794725595338588,0.1924897192716194,0.2309326789857154,0.1507537218755739,0.168919172916417,0.154525004945925,0.1891756185362947
2015-01-02,0.3910759274289181,0.2026896724441362,0.2508209118928338,0.1620920220320429,0.1653817506559279,0.1623480670335263,0.18878526793627
2015-01-05,0.3727115920688283,0.2033385640975674,0.2484440326592273,0.1641942432686542,0.1581451917563368,0.1671563479733597,0.2102692020993355
2015-01-06,0.3719817196325208,0.2026102428893183,0.2331067161123834,0.1698377637542979,0.1588993882188233,0.1735142721308205,0.20990791992872
2015-01-07,0.3774475916235591,0.2175410268117951,0.2616491594876882,0.1797156321115002,0.1605275722454844,0.1835108200787927,0.2195997399336997
2015-01-08,0.3159719141911359,0.2077707401645757,0.2589277402902682,0.1819971115071531,0.1381024040901765,0.1838062154210473,0.2192536675276308
2015-01-09,0.3158558141225027,0.2072027754730294,0.2634796674210495,0.1751642808595746,0.1386235501206048,0.1762486866397214,0.2060298980766218
2015-01-12,0.3142358873566983,0.207123051386686,0.2683710827691372,0.174634817591437,0.135751925618545,0.175235241899853,0.2049677388978446
2015-01-13,0.3155698975437264,0.2049683805831759,0.2540969022914272,0.1664569709542743,0.1364647387614973,0.1714612448739431,0.2109090481812198
2015-01-14,0.3321322358289826,0.1999875658567301,0.2419959073535967,0.1681294346098676,0.1330715749295872,0.1752567858533404,0.2149263708456947
2015-01-15,0.327360883217197,0.1861636582673475,0.2332473257966042,0.1709740173068872,0.1252084546101777,0.1759460020841801,0.2090435255400966
2015-01-16,0.4345490517712868,0.1865809795811905,0.2330742752765347,0.1570139800232245,0.1378457672831003,0.1608106835955597,0.2107507201372265
2015-01-19,0.4383415842218404,0.1753230157884708,0.2165114290307958,0.1331691118382818,0.1365516768284417,0.1413659330438998,0.2077504196495974
2015-01-20,0.4614641010279791,0.1788321461116127,0.216019764852801,0.1332487590158355,0.1410358996503769,0.1410649937883579,0.1913007026623441
2015-01-21,0.4614544809921994,0.1810094564892377,0.2183333688941921,0.1431775303254495,0.1374148420987004,0.1539565592970712,0.1916351038112321
2015-01-22,0.4456541771062255,0.181381996144781,0.226301614482212,0.1440127676229997,0.1410372813794505,0.1536855393489152,0.1954091795464589
2015-01-23,0.4372356609525697,0.181432967835008,0.2287917731411923,0.144422078106873,0.1408365158179018,0.1539096534673113,0.1902509139884083
2015-01-26,0.4397317510920176,0.1831970541080634,0.2380845388504967,0.1508724150246831,0.1425534764557667,0.1669070268777631,0.1996223546955647
2015-01-27,0.3984544167847382,0.1831468534468336,0.2383020027723166,0.1556347824901064,0.1422379546686206,0.1668232013140252,0.1996887263686471
2015-01-28,0.4017613964501902,0.1834014787019084,0.2380986327381968,0.160162086053494,0.1387580411911711,0.1711658682331499,0.2022958733809909
2015-01-29,0.4060299319287321,0.1800541426981011,0.2330716540037909,0.1645557092209998,0.1322642383595483,0.1731994081178449,0.1949886877232026
2015-01-30,0.4084684451638546,0.1803834858912953,0.2343382553388381,0.1689606264434645,0.1322802087335242,0.1745043919223144,0.1964994208421485
2015-02-02,0.4176524463885508,0.1838339615017895,0.2323273216953912,0.1766176798671364,0.1318562873197537,0.1786258678516891,0.2013826114631798
2015-02-03,0.3989305528581111,0.1667431204015685,0.1964511815032833,0.1651334291944657,0.1322501449575254,0.1698917229147204,0.2120922061731095
2015-02-04,0.4000598414450234,0.1624038330816823,0.1965235249058715,0.1647828511809644,0.1255191594763258,0.1657273756250584,0.1852040852722353
2015-02-05,0.4022582539573797,0.1623620161119419,0.2005583411291036,0.161397433204112,0.1252184532865168,0.1623046626124616,0.1864169112878612
2015-02-06,0.3972923137960003,0.1465386007368168,0.1907381409550088,0.1502600887294901,0.1271313513038251,0.150785303880169,0.1793112025309131
2015-02-09,0.4018028254757063,0.1403639276572718,0.1727480382636564,0.1517705802054583,0.1269174558354139,0.1550106935885327,0.1800269500689989
2015-02-10,0.3987718877569545,0.1407813960297146,0.1706398355030276,0.1486738434414261,0.1305786276423232,0.1516324767515524,0.1800269500689989
2015-02-11,0.3991795872235587,0.1400422000818742,0.1700948698444376,0.1509546046016191,0.1287653928211783,0.1554103946688358,0.1868653716592722
2015-02-12,0.4005378514035754,0.1069284383013463,0.1593492755042757,0.148931801575282,0.1321066858504405,0.1546361582831019,0.1751385102577797
2015-02-13,0.3816800332827739,0.096620134888427,0.1503376914180794,0.1437870794654461,0.1284501584612407,0.142371675274088,0.1665576696777165
2015-02-16,0.38011539871101,0.0955265828512459,0.1478771816331033,0.1383826362750408,0.1225512418418193,0.1373100372303462,0.1562715257559871
2015-02-17,0.259359296261644,0.0952231879876427,0.147496672758002,0.138435398601923,0.1076346562101078,0.1370777654024319,0.1578653421657229
2015-02-18,0.2529737506207646,0.0952279574755117,0.1473944774001055,0.1387675609368829,0.105002230437121,0.1369893984544012,0.1453579419585424
2015-02-19,0.1954440366460275,0.0809889703407489,0.1474222097034673,0.1392143157762394,0.0906344132360904,0.1375828964149404,0.1431131472092555
2015-02-20,0.1939277388953707,0.0747140734275106,0.1439466389082903,0.1308898246142529,0.0880509297385994,0.1270879230050579,0.1439701983973055
2015-02-23,0.1935156019672422,0.0747759928366499,0.1310427263439919,0.1289232221680793,0.0765701358470401,0.1270937280425551,0.1423717645656254
2015-02-24,0.1901026327362009,0.07497219516396,0.1245561336695648,0.1290513866152676,0.0761817954774505,0.1272512932954475,0.1418047673249868
2015-02-25,0.2041074566702764,0.071436024959161,0.1111191258237665,0.1185980553430578,0.0768408528925561,0.1034965907787608,0.1357209181346569
2015-02-26,0.1988680245779884,0.071445447616752,0.1105787548908966,0.1069528900131021,0.0772899383563599,0.0981580165280946,0.1358330615206993
2015-02-27,0.1947041049954224,0.0708952886076978,0.1107992669469685,0.1048021624685415,0.0677578556958652,0.0975376043947078,0.1276318448748463
2015-03-02,0.2021375295521059,0.0684111438670157,0.1188026203264266,0.0933149858341108,0.071700578665304,0.0908764900028622,0.1281892661252477
2015-03-03,0.1790161431793779,0.0680536669164429,0.1163896205411104,0.0884481978362754,0.0792730002189307,0.0906201084383376,0.1276255129226937
2015-03-04,0.1650021833585596,0.0560904200820855,0.1186945579960807,0.076291719938551,0.0870068773318568,0.0859698675806456,0.1150567419453158
2015-03-05,0.1613370833686377,0.0614568627631718,0.1187907873960621,0.0909563101812808,0.0845875716291193,0.0963953987404276,0.1044152765737004
2015-03-06,0.1652805792578549,0.0641268438105086,0.1182709339698073,0.0853159985460674,0.0831370152411225,0.0920131773005611,0.1039073885666878
2015-03-09,0.1486864452224494,0.1079777559627847,0.1197647939414402,0.1032938162551401,0.087411507179801,0.1098407600582902,0.1075230725948894
2015-03-10,0.1483200833770966,0.1086073059765573,0.1238842125069458,0.1025062293461494,0.0882220673906369,0.1090086801476602,0.1074806356625431
2015-03-11,0.1512138911029127,0.1108919510460517,0.1243054672926656,0.1050753076968618,0.0895811117799761,0.1045193603456011,0.1122635449691303
2015-03-12,0.1516831956756197,0.1111765191017805,0.1241491167643689,0.1070412679658825,0.0859947757501592,0.1058566744286823,0.1169403178486038
2015-03-13,0.1652628600660482,0.1159942692425698,0.1328562643877963,0.1119981047300383,0.0867084407624882,0.105981530221746,0.1059268556067499
2015-03-16,0.1688643895645124,0.1149301475773973,0.1497524467961577,0.111444433443095,0.0765594233764245,0.1033212925069131,0.105441576403826
2015-03-17,0.1783574267051043,0.1264598183905517,0.1505383918456456,0.11931617822407,0.083937474275186,0.1074540940235871,0.105517981526159
2015-03-18,0.1784078257832513,0.1252209043679112,0.1502551762907668,0.120322978136626,0.0984842194261202,0.1075147600664661,0.1071828406118682
2015-03-19,0.1785248575117066,0.1282275511185156,0.1523852183339211,0.1242938963259888,0.0986605259834605,0.1093753513041983,0.1033199323810626
2015-03-20,0.1840001600397147,0.1280709941382511,0.1620343900879368,0.1243977130875571,0.1005270286551685,0.1098359388362307,0.1057103605996253
2015-03-23,0.1836542227808112,0.1281913926024685,0.163142845886461,0.1242761009544436,0.1010957886100399,0.1088164699387977,0.1074134254023512
2015-03-24,0.1889316551504184,0.129169673199767,0.1707859170878927,0.1333108796954239,0.1031253598418679,0.1363276278387026,0.1065791400468862
2015-03-25,0.1879402337165909,0.1365714840516849,0.1709497013995031,0.132679036946539,0.1026409428259957,0.1362388050149827,0.1199295189424931
2015-03-26,0.1840761702133813,0.1377435183157998,0.1707952272562257,0.1332504576125366,0.102483395213194,0.1380958042147402,0.1259278835580269
2015-03-27,0.1887766174403507,0.1389042061081661,0.1769875604638465,0.1406406030925424,0.1138556647769152,0.1432566195133482,0.1230572038160277
2015-03-30,0.1967971634664226,0.1502833472059952,0.1817155860969318,0.1432395778899446,0.1134896709386923,0.1457938959532428,0.1296745924358456
2015-03-31,0.2001209241661313,0.1519008478436908,0.1816587538630077,0.1414609493658947,0.115790208093288,0.1422461053916528,0.1339655234435536
2015-04-01,0.1736491481060868,0.1507292647582556,0.1760831828561011,0.1418436806988695,0.1148594556824704,0.141580994355995,0.1419789770007734
2015-04-02,0.1736952985707085,0.1498076015092799,0.1744976892796428,0.1413180244513356,0.10854173115978,0.1414755890609803,0.1406437785056217
2015-04-03,0.1653241891735026,0.1479964785667258,0.1724772235909637,0.1433443874065971,0.0990523418284797,0.1428503461051605,0.1411440803487029
2015-04-06,0.1708053685578982,0.1600222092117687,0.1764635660054274,0.1349150628472714,0.098670735155366,0.1379051871258182,0.1418604193659948
2015-04-07,0.1673877650608315,0.1594564491828235,0.179319317299775,0.1345537766291704,0.1538617621014942,0.1404431040464961,0.1375064903858207
2015-04-08,0.1722913362919889,0.1340922965312118,0.1789621145019337,0.1206194129803166,0.1646132439979444,0.1276345186890121,0.1346343127512862
2015-04-09,0.174119615501668,0.1371282534138794,0.1665911390451077,0.1209299562595484,0.1593649904307918,0.1275923571096157,0.1354931624955268
2015-04-10,0.1767885046251999,0.1380160167270103,0.1672379047102863,0.1157272861073051,0.1733884702970298,0.1250477786718018,0.1295653124140471
2015-04-13,0.1778205857889681,0.1368777840568425,0.1695561233869169,0.1133105950565104,0.1902687742846954,0.1241477261143354,0.1229303871001775
2015-04-14,0.1859445009161078,0.1345523827222395,0.1525324088996079,0.1055221741027326,0.1908489273023365,0.1199891665970288,0.1233297154186215
2015-04-15,0.1953114367831251,0.1361497649294837,0.1575572150917445,0.1047482094394153,0.1886532840251019,0.1200373116628458,0.119662511376604
2015-04-16,0.1959372171098479,0.1311500667453255,0.180438682932439,0.104155587820422,0.191358764755054,0.1275145492828272,0.1260438782722086
2015-04-17,0.2121362479524522,0.1336784207102553,0.1905019785446409,0.107715677213904,0.2089440312473148,0.1348862236880194,0.1254323056556887
2015-04-20,0.215038326030959,0.1306911993906069,0.1865595430826027,0.1032663996457811,0.2203130602622546,0.1334886251938302,0.1330137308170809
2015-04-21,0.2187450808255057,0.1316515065533985,0.1831792198709102,0.1046384577498039,0.2205274057530364,0.1338174983724026,0.134194124154367
2015-04-22,0.2179111709838997,0.1319055643858617,0.1844416214289959,0.1024963949520299,0.220487342820486,0.1338573474358188,0.1339072286691362
2015-04-23,0.2149514609498578,0.1311862759818084,0.1825261364061381,0.087412785286207,0.2206146408534631,0.1034366745493749,0.1376115381266645
2015-04-24,0.2268345121590086,0.1215730786610749,0.1937525705792219,0.0884889357313227,0.220233075978459,0.1060413803158101,0.1278726933140306
2015-04-27,0.2365228855561818,0.1257062573739799,0.2049128380018013,0.0885650291242127,0.2199467630103423,0.1054920057151871,0.1222613432883046
2015-04-28,0.2304735382106004,0.1323698975931933,0.2216137875753885,0.0809066052694164,0.2196806686830136,0.1024973919980338,0.1212292937351088
2015-04-29,0.2283544140919585,0.1166007049425328,0.2204680681657237,0.0828639123424009,0.2255351757046382,0.113097609549233,0.1506574757255513
2015-04-30,0.2275625264924609,0.1160098759412985,0.2199039862317338,0.0885202757822589,0.2262092006842232,0.1193722509705631,0.1466618014932324
2015-05-01,0.2273919958119123,0.1157636159403881,0.2268105649575055,0.0883463708231961,0.2267879864026606,0.119434448985291,0.138854979968639
2015-05-04,0.2802045333179527,0.120043959651342,0.2409409201561047,0.0986137855217332,0.2344321914270157,0.1322667548828633,0.1373260407500043
2015-05-05,0.2888718482556227,0.1200262225482964,0.2412804967118992,0.0975049812001551,0.2357481474806471,0.1314799316193431,0.1371215162376108
2015-05-06,0.2985728388228365,0.1041839126265532,0.2366872186890927,0.0980267792099319,0.2422690804653345,0.1325328469958114,0.1364877517228359
2015-05-07,0.3061128032130924,0.1301933424712605,0.255294884385265,0.1074241022092488,0.2124773605761693,0.1354634338657031,0.1346110199577443
2015-05-08,0.3167526764211205,0.1251024073255634,0.2517385886907372,0.1083282363729085,0.1946230736673305,0.1348215637611551,0.1392787413638062
2015-05-11,0.3148676255828346,0.1277536114199026,0.247667707409434,0.107425799941075,0.1951238694036523,0.1345382179957119,0.1392837758823149
2015-05-12,0.3101840889288818,0.1278718345238974,0.2488341689779673,0.1062305230195924,0.1713916262527692,0.1345141310109297,0.1417369217404041
2015-05-13,0.3102577391395194,0.1284064285082974,0.2588040012441314,0.1120660251166848,0.1629354372393701,0.142117929542081,0.1453600480522564
2015-05-14,0.3125351519681703,0.1277769147969013,0.2597245324866035,0.110887907638246,0.1762328871628261,0.1405004563465123,0.1484595798323089
2015-05-15,0.3013933818862618,0.1270470268128997,0.2583643019193778,0.1111767911271439,0.1779807607158774,0.1417172011393985,0.151047851422929
2015-05-18,0.3102885185492356,0.1238858379026648,0.2547861949533243,0.1030323233831183,0.1781536338931776,0.1303922726505416,0.1466796611502935
2015-05-19,0.3040913739557492,0.120655120906651,0.2478962615671839,0.0989994841421062,0.1635832999041163,0.1239816575710914,0.1487361755286832
2015-05-20,0.3044262395717101,0.1205579812809239,0.2475244109700005,0.0989034468173016,0.1335689313873408,0.1239369466468856,0.1418674085350176
2015-05-21,0.3079025634231828,0.119793525292672,0.2470792398019774,0.0981337726750521,0.1457203911412585,0.1233429279761625,0.1371811503260495
2015-05-22,0.3246542024038566,0.1191129841206593,0.2433980714040363,0.0978909001369747,0.1450648777479153,0.1226653022733222,0.1390524848432016
2015-05-25,0.3274936753490279,0.125055497847413,0.2482506728216858,0.1039342047009259,0.1456178672268655,0.1260635523690922,0.1354732807855451
2015-05-26,0.3154525894518731,0.1312578555749952,0.2428153099410142,0.1076587482180057,0.139593850172245,0.134147484568088,0.135133496361292
2015-05-27,0.3948178180218116,0.1264833296506693,0.2357147103895155,0.1074212085807201,0.1581283189935067,0.1342600671337852,0.1351498960162115
2015-05-28,0.3949516261231661,0.1225553462206014,0.2216631321246384,0.1088912867836289,0.1581374127684621,0.1338039765568272,0.1351079241796728
2015-05-29,0.4210603047574733,0.1233661870991258,0.2216688421133653,0.1028555768475427,0.1577147764467038,0.1196846331391399,0.0905178559331261
2015-06-01,0.4230746778040014,0.1232172008141264,0.2239142376779144,0.0962297537407061,0.1582140068848208,0.1126250256408521,0.0911903335407147
2015-06-02,0.4230915212407095,0.1238089499098775,0.2198536534475365,0.0959721013423896,0.1605179142455022,0.1132432372964343,0.0929250443781946
2015-06-03,0.3910405873699316,0.1286139635651219,0.2032151046911806,0.0916736226192354,0.1548529845004554,0.1024087637045254,0.0927584125478071
2015-06-04,0.3835939276672148,0.1309952002821693,0.2075911453019791,0.0904127042066364,0.1582981854949193,0.1008250691620851,0.0932415771712959
2015-06-05,0.3641102800437577,0.1294217273991169,0.20992791380613,0.0923098038471053,0.1524935355861211,0.1059532638407981,0.0785368534185252
2015-06-08,0.3641107348356425,0.0995241624293666,0.1862081014263718,0.0789184166110847,0.153044744345252,0.0987307523707872,0.1043130609494814
2015-06-09,0.3578024823508804,0.1090386544851616,0.2067475600739964,0.0882912270641559,0.1552405315905483,0.1068364581365671,0.0978811551818162
2015-06-10,0.3569285399919329,0.1002511524214038,0.2004046651823937,0.0878359338897747,0.1548566137161295,0.1057770469915202,0.1112436706600555
2015-06-11,0.3541040614623706,0.1036730135740603,0.2013688876898801,0.0911840407474323,0.1613512491862074,0.1085109997039329,0.1096004926753093
2015-06-12,0.3658108588883194,0.1076198738342382,0.199068785710595,0.0838402209509932,0.1695564235459439,0.0990091804520898,0.1024400697288444
2015-06-15,0.3853964998017912,0.1077702187728392,0.1988414602794201,0.0865366941464298,0.1569983341435019,0.1005823602259898,0.1034360345336937
2015-06-16,0.3847039497545407,0.1076496112197339,0.1925674538136028,0.0860767286034644,0.1582720653069873,0.0986374976873717,0.1010700041286894
2015-06-17,0.4023857887418138,0.1078609239941043,0.1788094030988931,0.0930864113090545,0.1572468708505704,0.1084252468323534,0.1065433988499743
2015-06-18,0.4665006559441759,0.1074075101341885,0.1787507927612544,0.0947030319632867,0.1576336740698381,0.1091367299221279,0.1072116314389109
2015-06-19,0.4620205306278028,0.1249943838729511,0.2252968552403164,0.0967947576130169,0.1638495501733472,0.1110141496560974,0.1153451409292804
2015-06-22,0.4578843391460191,0.1246076367870249,0.2269732125076599,0.0965468727446806,0.1558440488794775,0.1109917529107297,0.1303033054713017
2015-06-23,0.4512439616914067,0.1248834706185401,0.2275933132182626,0.0996904959808386,0.1563122058906608,0.1142137410583987,0.1286341152558855
2015-06-24,0.4588055066209708,0.1201449300839977,0.2214275544835466,0.0938059486207315,0.1545756633642987,0.1071462770953326,0.1300384532040255
2015-06-25,0.5193890832659718,0.1130759037867334,0.216739781512183,0.0880024058242082,0.1634532107919047,0.0975589475304112,0.1306389046379394
2015-06-26,0.4844134726292272,0.1279211746635882,0.2466016746565221,0.1123465106140627,0.1696691754249104,0.1271698649770109,0.1641492043940117
2015-06-29,0.5250380785485566,0.1335414831619784,0.2386811650472917,0.1116989898444262,0.1755883482460206,0.1283419392296882,0.1659046398390441
2015-06-30,0.520829747554093,0.144547454480178,0.2510859288821626,0.1144500205964198,0.1733066244418125,0.1294981919166297,0.166864078339174
2015-07-01,0.5210173847062405,0.1456897756421578,0.2503312895036035,0.1144551702327724,0.1734656230434352,0.1294801854527163,0.1702107359079019
2015-07-02,0.5452083897513171,0.1453275599099038,0.248454215164582,0.1140507582918977,0.1717235979840941,0.1282582425087257,0.169813230353026
2015-07-03,0.5552955997926246,0.1415387198401696,0.2522390893874751,0.1112099866634121,0.1988254434776835,0.1261765775319446,0.1842870713562773
2015-07-06,0.5466562060442839,0.1478842347220023,0.2570179837791665,0.1134004044736893,0.1987268118866167,0.126028898725493,0.1901745689193548
2015-07-07,0.554302232251927,0.1530273089106428,0.2562369351492895,0.1249708210293535,0.273584979215709,0.1358032020523175,0.2183025775015148
2015-07-08,0.6062960759992018,0.1616790469307604,0.2683684535969386,0.1253266672925177,0.3095559118369227,0.1363271688314412,0.2118960597560391
2015-07-09,0.6373112518530774,0.1642846237575765,0.2740152159526277,0.1256830921980106,0.3199662646455394,0.1397899192814637,0.2120899427795297
2015-07-10,0.6470504206676886,0.1678957677594668,0.2778515063465692,0.131547587222774,0.3223325322801473,0.1491183450597825,0.211041866742668
2015-07-13,0.6430525210928439,0.1655186340316381,0.2742313645115248,0.1301302003413237,0.3168544021027435,0.1491071705940777,0.2172450209441849
2015-07-14,0.6455493718457961,0.1610170002484235,0.2645658639447105,0.1290132999662089,0.3141244807001364,0.1483187031901254,0.2176070782267979
2015-07-15,0.643109399447332,0.1622848456488,0.2680491533126097,0.1303545596405305,0.3137870411492037,0.15306791576192,0.2173707022596415
2015-07-16,0.6552509750987296,0.161877796607555,0.2672705449464994,0.130277598229128,0.3150214056922522,0.1554948370448653,0.2172294998147245
2015-07-17,0.6509591365681641,0.1615008515868172,0.2658353291861787,0.1260634808665459,0.3150886283149879,0.149530336335731,0.2128543961978402
2015-07-20,0.6188487285014582,0.1619197512041909,0.2686197365757284,0.1255673991475572,0.3157062714803008,0.1492459497167655,0.2128871539910097
2015-07-21,0.6190878834456047,0.1588621980305731,0.2395286957855861,0.1240719652177027,0.3127131292256471,0.1496815416902252,0.2137982757612564
2015-07-22,0.6203428608043116,0.1586473554086785,0.2382881111754203,0.1254098402144654,0.3108750160480413,0.1505996706768472,0.2045783794178567
2015-07-23,0.6120377995601982,0.1619606295929944,0.2423858096979034,0.128136069315853,0.3110829421417184,0.1534452772460245,0.2054096015844759
2015-07-24,0.6664764072644279,0.1648184917305956,0.2572350993171676,0.1291055319524181,0.3243166767108144,0.1566111775332306,0.2071804790714086
2015-07-27,0.6225410312072398,0.166594842965208,0.2603708615438739,0.1364817864243368,0.323013505291421,0.1591097244403155,0.2070328927944972
2015-07-28,0.6284858078182277,0.1582967759301689,0.2291579191289576,0.1166695914624246,0.3138948707476662,0.1339841795396712,0.1810357958980374
2015-07-29,0.5978362262355917,0.1497427389914963,0.2246319522596862,0.1165912251993275,0.3104181126651824,0.1333018681039669,0.1834169601931095
2015-07-30,0.5744891407759665,0.1437615976042078,0.2136193541847732,0.1151300199193347,0.3116835233482677,0.1326153845488728,0.1830841535331205
2015-07-31,0.5646841452078104,0.1435451812764285,0.2150384318726874,0.1156536711899368,0.3120234586250106,0.1330303585807831,0.1804718031129235
2015-08-03,0.5433561079776379,0.1413253956398727,0.214289139822527,0.1160124997817799,0.3116781479587295,0.133354668839696,0.1805099375260734
2015-08-04,0.5400571284443224,0.1413128476329919,0.2105425083218949,0.1153617698998101,0.2945718129121739,0.1338412688433688,0.1648911108750687
2015-08-05,0.5391539144146724,0.1274882179492547,0.1964641294396079,0.117110581108156,0.293258286124798,0.1466577816532718,0.1594886998566655
2015-08-06,0.5001165686217549,0.1268195108955733,0.2001862907691564,0.1015309283654791,0.2060950677564144,0.1323109499996761,0.1103024367113224
2015-08-07,0.4905627971925904,0.1191646778084226,0.1892127720673619,0.1093622956417525,0.1656316369093119,0.1367662197602067,0.1097156314784168
2015-08-10,0.4676359828875994,0.1164691150434327,0.1908328720277023,0.1077422221192248,0.1490171578071045,0.1363035135764221,0.1099955256937785
2015-08-11,0.4617384229555028,0.1203943267095847,0.2137115560910689,0.1007469402529135,0.1604890362863059,0.1266653854333637,0.1153636395677786
2015-08-12,0.4641479370519097,0.1197954923712576,0.2160143959674342,0.0993696859956793,0.1619407045897386,0.1244619147965745,0.1094935219364942
2015-08-13,0.4508851552109229,0.11979942614606,0.2155537622865264,0.1005024836848838,0.1619545385741505,0.1250190078432198,0.1096885895064496
2015-08-14,0.4511502922456612,0.1167956995931773,0.2064919622911948,0.0981483452375997,0.1613669847601224,0.1207433809460873,0.1085851706128653
2015-08-17,0.4868161299239512,0.1168872101647078,0.2065016584686799,0.0982427570693748,0.1597921963080987,0.117125124851341,0.1087614463457161
2015-08-18,0.4879044904755355,0.1297942963846182,0.2134381327375491,0.1014157334188614,0.1625380836399136,0.1187073682149582,0.1215746272665364
2015-08-19,0.4988932646784194,0.1301701294637998,0.2222838945517418,0.1222078349234549,0.1653024312813959,0.1494912039225358,0.1191968871945202
2015-08-20,0.515735489936429,0.1519008600994958,0.237940247445052,0.1601088446376032,0.1681611224861676,0.1860479940895257,0.1500676087737772
2015-08-21,0.5741547376253454,0.2134347579088431,0.2766544952500405,0.2033648796660029,0.228934509544476,0.2199908175417628,0.2104011672177172
2015-08-24,0.6186135808993614,0.2442966718651479,0.3350547042584811,0.2046009847941901,0.2344413621766327,0.2191769301462665,0.2422155033232459
2015-08-25,0.5598534110377504,0.2471156510910928,0.3281822292880678,0.2513272528989146,0.2204927288459385,0.2701157622223649,0.2738340344701808
2015-08-26,0.5983403934024253,0.2777336878894071,0.3466801044515913,0.2626751369952191,0.259331916043244,0.2825859307350933,0.2785242937510679
2015-08-27,0.610967438481041,0.2763416867110104,0.3458731226533099,0.2606967801588988,0.2574195893700257,0.2822662149623333,0.3012427458827837
2015-08-28,0.6086648646958418,0.2749313147430025,0.3447417898960348,0.2612219427541521,0.2590583963737098,0.2827553921769706,0.2992053784074358
2015-08-31,0.6087630665223102,0.289156463846289,0.349558343501106,0.2766695948150964,0.2620393657527287,0.2963818673199506,0.320935533787584
2015-09-01,0.608726371349265,0.2904351144784171,0.3456199099554615,0.2869089077749869,0.2624895239546906,0.312073047225666,0.3207116490236151
2015-09-02,0.5904967913459934,0.2999603619517832,0.3621014978946492,0.2872988704913181,0.2625577180400136,0.3120310041962678,0.3224001268299096
2015-09-03,0.5902136294983265,0.304343606605661,0.3623944709358531,0.2892687829263852,0.2596316467869595,0.310753226928875,0.3248093693565344
2015-09-04,0.5935046921622172,0.3060247855412897,0.365313852375963,0.289259889783924,0.260102456720715,0.3079969282018963,0.3253124513413992
2015-09-07,0.5978500650005237,0.3110826351283903,0.3728096486931178,0.3049041829583856,0.2895074048985245,0.3248027153799654,0.3289170582571579
2015-09-08,0.5752806171556231,0.315952727034561,0.370240467427456,0.302365961489165,0.3298154516949285,0.322567811742981,0.4298271844006542
2015-09-09,0.5747151773684968,0.3162791550702565,0.3624499408103933,0.3030363631583555,0.3372705823180055,0.3229219650195117,0.4354961135442294
2015-09-10,0.5756956496428929,0.3142581120468372,0.3484015017110832,0.3038178857561491,0.3310916954885387,0.3237363232116329,0.4340968993848278
2015-09-11,0.5710308120294412,0.314177555924823,0.3463218414684185,0.3037971705772432,0.3306021864181789,0.3237709268797448,0.4324038283483805
2015-09-14,0.5749283932990467,0.3168612382798292,0.3477578399738236,0.3076382083979406,0.3303352543293754,0.3265776998202799,0.4335587743527226
2015-09-15,0.6072346462260276,0.3224451024322272,0.3486074752677492,0.3089063636218893,0.3440573924830075,0.3256885139798589,0.434616666371058
2015-09-16,0.5794503241556739,0.3227798931472896,0.3487777436720454,0.308905808939541,0.3420251899054352,0.3254105411165524,0.4398209596787519
2015-09-17,0.5764976369992135,0.3199136263318536,0.3562614870290012,0.3119196170671005,0.3407789779288902,0.3273530524100507,0.4410847518814608
2015-09-18,0.5764565562349578,0.3198238596387824,0.3494459727981276,0.3056481800606913,0.3369575693309961,0.3132299021632035,0.4411369122534736
2015-09-21,0.5634795850880477,0.3198298868803715,0.3589607434742565,0.28848275425464,0.3337904768541508,0.2923431726223481,0.4318571905293041
2015-09-22,0.4832046164129346,0.2804640086338249,0.3208782931087955,0.2523367056701696,0.2904253869381802,0.2569572697904449,0.4029351147515277
2015-09-23,0.3967303243373164,0.2631656290987311,0.2764932537202343,0.2475132807302276,0.2911313136978932,0.2568014818818678,0.3904210285366981
2015-09-24,0.3984573383988294,0.2700900902436179,0.2926266150850392,0.210451443453996,0.2868390383573477,0.2187014473228107,0.3792570367976159
2015-09-25,0.3577851194391648,0.2552404328758998,0.2757122638222164,0.2094370420849425,0.2584721072108603,0.2245861458032743,0.3788701049550431
2015-09-28,0.3229394040474989,0.2532369458453988,0.2756091547355571,0.2095582841363256,0.274892963436262,0.2238554158437637,0.382927021711538
2015-09-29,0.3233403087341767,0.2703776386730014,0.2892064241697295,0.2203477694120058,0.2799598706068145,0.2379264822041663,0.3969683378201463
2015-09-30,0.3213942520440307,0.2495365817008981,0.2831720105681941,0.1953471077804792,0.2700071757798216,0.2157667878931265,0.3833796533258936
2015-10-01,0.3214397666734566,0.2512072564193935,0.2835316663743392,0.1914558825663606,0.2874093775570064,0.2074484257744,0.383274869952184
2015-10-02,0.3214397666734566,0.2606511504338158,0.2841848874929666,0.2009987059541214,0.2917029216188871,0.213908322518716,0.3869883446276067
2015-10-05,0.3214397666734566,0.2446285527678611,0.2718646577878905,0.1933370120788901,0.2910151284888325,0.2120178453316476,0.3809166614857214
2015-10-06,0.309987151097356,0.2443786226617523,0.2717963909419433,0.1945511864616841,0.3017484043707111,0.2138684803911782,0.3814460552586327
2015-10-07,0.3104766833426837,0.2423943380034493,0.2656422483727077,0.1787053666753566,0.2866517264709406,0.1936387906722708,0.3727334538005372
2015-10-08,0.3032951600684928,0.2394861445127483,0.2681680285796373,0.1706411998296759,0.2535434245723794,0.189623548488057,0.2768281513738807
2015-10-09,0.319248195841054,0.2368632725409635,0.26679198999537,0.170167498469466,0.2376723869368692,0.1877472870820129,0.2627357359271777
2015-10-12,0.3192457305956525,0.2362814150269166,0.2668250006978734,0.1720902945350597,0.2386822022525653,0.1893036697835557,0.2655167892805399
2015-10-13,0.3057248497069741,0.2393484460861532,0.2694982009546001,0.1723260819294075,0.2407749807631945,0.1891975869306449,0.2675410659885369
2015-10-14,0.2819839855818172,0.2403106456681347,0.2740426153810724,0.1740876347534513,0.2469028622149229,0.1954156467158433,0.2702106329331972
2015-10-15,0.2413032070618636,0.2362987921637573,0.2740622547361927,0.172475444334544,0.2366589529477746,0.1947087600415437,0.2713004127171171
2015-10-16,0.2259325777663799,0.2353784726466846,0.2749284182846366,0.1720677901414023,0.2353448219496952,0.1951257742489693,0.2682876090917612
2015-10-19,0.2272018196042424,0.2297741472717926,0.2524476891787241,0.1611632383139318,0.2362689192151469,0.1898681026752549,0.2599653074618173
2015-10-20,0.2511204163332518,0.2297877768865583,0.2537485501947213,0.1627542981664425,0.2339375093301023,0.1922496850939941,0.2674173886942898
2015-10-21,0.2534325695061532,0.2028626886340729,0.2223467269587179,0.1631926225749437,0.2358192261268385,0.1919243714969584,0.268637686008
2015-10-22,0.2398723542557515,0.199491228915234,0.2370237303873771,0.1647793574063708,0.2210671159960595,0.2042820764133146,0.2769738947149235
2015-10-23,0.2393856337342046,0.1943315188731818,0.221126419724591,0.1641678968599315,0.2167320346528548,0.2031545189640008,0.2562113942282435
2015-10-26,0.2288249179559706,0.1828041583786041,0.2144431480128625,0.1648727463851909,0.2169703827820905,0.1984112490335409,0.2545047048113591
2015-10-27,0.240772433115537,0.1587199949638127,0.195402627080113,0.1310707115149,0.2204575718918646,0.1596873243804153,0.2488384514724381
2015-10-28,0.2249399317304214,0.1571884749186185,0.1950477125126132,0.1317386810873897,0.1888525391247439,0.1583902961722205,0.1929288275649595
2015-10-29,0.2259657017669076,0.1393901244497901,0.1867288691440999,0.1253747431864502,0.1905296321116639,0.148956416475799,0.1775706691408481
2015-10-30,0.2373659884816898,0.139564330916472,0.1714485211290369,0.1282043840127313,0.1975617277466044,0.1526450284455759,0.1891037077657293
2015-11-02,0.2380151433127658,0.1372514367885774,0.1727158701584908,0.1230913186827487,0.1725155423682684,0.1459457136219207,0.189126223413679
2015-11-03,0.2706085590293738,0.1046196213151688,0.1641238618836378,0.1138000992799707,0.1783326017141084,0.1408406083940891,0.1870327935617609
2015-11-04,0.2729659482840976,0.1074866100044834,0.1633894894949303,0.112499148172646,0.1781414458050825,0.1379616277601119,0.1870236937824568
2015-11-05,0.275044116658563,0.1075870530931401,0.1640182727373084,0.111296523241431,0.1501926385158102,0.1366001132665785,0.1871184491055203
2015-11-06,0.2657916564536094,0.1099322813780778,0.1777299461059892,0.1160555749375768,0.1495984276824213,0.1438341792384453,0.1904030245604942
2015-11-09,0.2664479523429091,0.1073300001689941,0.1762231346437109,0.1160273236766072,0.1573444306144632,0.1446974942085027,0.1851190772582312
2015-11-10,0.2498347686267166,0.1061387352874014,0.1766365703922659,0.1171224827444765,0.1514097019844701,0.1458921218685176,0.1849563543192592
2015-11-11,0.2517328108092764,0.1226785911639336,0.1792753492141522,0.1254208182260709,0.1713203184021012,0.1495304866409772,0.1784199781132162
2015-11-12,0.2556109258542419,0.1210790674107045,0.175129494114222,0.1308137109430394,0.1857703248038363,0.1601888461460515,0.16287563856207
2015-11-13,0.2472330554541787,0.1152308912228978,0.1705989968460942,0.1308781167006424,0.1805518652234506,0.1533088354672871,0.1678478888522817
2015-11-16,0.2436414560926679,0.13356836744821,0.1847631527202871,0.130287107594383,0.1832761676356324,0.1530998597741385,0.1686898656179656
2015-11-17,0.2472059370265796,0.1332884054543262,0.1852722601323123,0.1406312472988442,0.1832351973746412,0.1631690757439162,0.1634928246685699
2015-11-18,0.2482645959360925,0.136392510997143,0.1862414131327673,0.1405705910340511,0.1906097574582371,0.1616725578717157,0.1652059955221766
2015-11-19,0.218000533520709,0.1364068894780545,0.1854593905192617,0.1386180917806566,0.1950511800118876,0.1581571583782371,0.1566693061886339
2015-11-20,0.2171247910091061,0.1362537014620504,0.1711821646651854,0.12829563545711,0.194368504561796,0.1504049693424864,0.1534571536544262
2015-11-23,0.2143923231875389,0.1309878014014439,0.1538920792015219,0.1231132978160827,0.1883937232638615,0.1310665308150447,0.1403955043552623
2015-11-24,0.2152644539357878,0.1354110179027071,0.1691345892960744,0.1228749424580403,0.1886388301914849,0.1312355888551051,0.1413326718613973
2015-11-25,0.2162499521512045,0.1361519772883819,0.1684396207306234,0.1224437583525177,0.1884774485793418,0.1311361698273029,0.1359230629339638
2015-11-26,0.2878539741618934,0.13057860512467,0.1650623005474497,0.1157622950080735,0.1965126915510859,0.1240182938589719,0.136518722632577
2015-11-27,0.2877631392297547,0.1291342034316907,0.1653125491559533,0.1168246304640058,0.1960354967428301,0.1238007826228911,0.1400202154684849
2015-11-30,0.287763339770825,0.1295704493600854,0.1708649344886551,0.1211035174269524,0.2048282180224901,0.1263654541541076,0.1440254057733101
2015-12-01,0.2895388303345803,0.1301665413211329,0.1707528415068792,0.12022288677533,0.2012883023591807,0.1191235728081599,0.120233876244398
2015-12-02,0.2910552194673679,0.1517516185897504,0.2127293186606272,0.1284453181332457,0.1991565668127778,0.1312026515186682,0.1202080760202928
2015-12-03,0.2642960501475746,0.151442303673802,0.21057912496296,0.1474559650390981,0.1853056103917513,0.1501213752360285,0.1417856077517752
2015-12-04,0.2573747762504173,0.1498847451658306,0.2145720432485232,0.1492208597297646,0.1852278547351286,0.1522245500985628,0.1417263007768315
2015-12-07,0.2563284628604313,0.1564799174851578,0.2218907204059303,0.1505982219658262,0.18839148346846,0.1515644638488761,0.1452477471707951
2015-12-08,0.2491332240605105,0.1540970139619063,0.217139263566684,0.1492368798306941,0.1880523589668565,0.1560221052609812,0.1329048380602003
2015-12-09,0.2492878856348216,0.1549392082332973,0.2170288261425993,0.1493880843304846,0.1830707398720201,0.1568182928238242,0.1391144777527382
2015-12-10,0.2489198624919762,0.1694005021367289,0.2292653700520567,0.1625007105425694,0.1859977122076737,0.1735687914111056,0.1439122819685597
2015-12-11,0.2655726819369441,0.1637762692467512,0.2346665676000388,0.1572600880304874,0.1630070098939156,0.1697390345030025,0.1549947455933239
2015-12-14,0.261636011130405,0.1841701818175397,0.2592120869945871,0.1567373987394015,0.1492224701249538,0.1636295922176608,0.1629018824929713
2015-12-15,0.2602190619652608,0.1852828134086749,0.2593503213278914,0.1563221352632456,0.1572241974243961,0.1669156129501189,0.186010135935057
2015-12-16,0.2681784230004939,0.1730008276751,0.2612102329226546,0.1649611587215071,0.1543433928124755,0.1738968189469673,0.189461049152786
2015-12-17,0.2659152345364916,0.1742712036279429,0.2639462365124739,0.1649603759067004,0.1548696642846815,0.1704309537914537,0.1993643993049857
2015-12-18,0.2687118942792839,0.1708322978384935,0.2615113501153928,0.1680586130938567,0.1460533028505482,0.1741959582257163,0.1946731234221457
2015-12-21,0.2685649544674987,0.1740335298822601,0.2608414309137154,0.1707053444227351,0.1395356781381404,0.1743511251806416,0.194357704588209
2015-12-22,0.2682671461610217,0.1968530112970915,0.2744139583205918,0.1766620229353472,0.1445835422486434,0.1775198997941444,0.194357704588209
2015-12-23,0.2692069937887331,0.196508851473054,0.270618925498194,0.1765924113336136,0.1456066869446381,0.177543305561128,0.1938738402596115
2015-12-24,0.2678733382229011,0.1934621595380987,0.2590218001844457,0.1765972301700111,0.1452245361464528,0.1772167536038124,0.1938928247606061
2015-12-25,0.2819631578416742,0.1906527380895413,0.2537143115335437,0.1766609635396948,0.1484996684631852,0.1772272745662023,0.1942150433500923
2015-12-28,0.20481939930728,0.1938035626562537,0.2643630076995426,0.1807268866264706,0.1352296635569009,0.1831682013524442,0.19619640071264
2015-12-29,0.2048147301195697,0.1946956272607189,0.263784278921411,0.1816935235547119,0.1359916890877738,0.1848748372335583,0.1960802501076785
2015-12-30,0.2081353057786867,0.1937106414401694,0.262341798430048,0.1798082679647517,0.1211632307767522,0.185285447196617,0.188902567224755
2015-12-31,0.3085738650414799,0.2077476627928308,0.2976491111366103,0.1832290724302206,0.1484461318184925,0.1963886192015853,0.2126363648354286
2016-01-04,0.3029041300024102,0.1966242581667822,0.2747365140995795,0.1776106249119902,0.1490982782352725,0.1892141721288327,0.2122566568448378
2016-01-05,0.3117293612614739,0.1985853636456281,0.2758209916736661,0.1657664995219954,0.1499941310028665,0.1752277904776219,0.2034701881443653
2016-01-06,0.3923543111389693,0.2083615476110731,0.2793003486123143,0.1808717256155229,0.1785580469087299,0.1986736326619799,0.2091581068516297
2016-01-07,0.3981363345216708,0.2046429070803166,0.2757220422501062,0.1824866047604691,0.1782321835606493,0.1993436504332118,0.208151356398803
2016-01-08,0.4331538386221968,0.2053942107607891,0.2753822667042414,0.1822461639875603,0.1971918143886613,0.195921739252118,0.2077118021122341
2016-01-11,0.43407661178239,0.2084384048887475,0.2830586832052866,0.1850339126049551,0.1978456647741922,0.1997710242596379,0.2204874455513132
2016-01-12,0.4385472016734032,0.1952157550587188,0.2720943834280738,0.1921509232207035,0.2031069063369157,0.2174291472924046,0.2430805163474584
2016-01-13,0.4343251089772144,0.1912519755656107,0.2700951359396644,0.2016740060059048,0.2028586658438817,0.2301867773177772,0.2512276571339599
2016-01-14,0.4448417533529503,0.182847174551245,0.2571514114130537,0.2066110086185535,0.2066084792616855,0.2404833830034147,0.2471668939514864
2016-01-15,0.4457097318777792,0.1802891958999065,0.256376870936104,0.196914464417185,0.1913940903524146,0.2307199988579486,0.2251802366513636
2016-01-18,0.4577771743905697,0.1890106681672394,0.2439422039506678,0.1937998177385651,0.2061820787172313,0.2291096948935113,0.2160749440735907
2016-01-19,0.4570325576549263,0.2196919147853089,0.2559586029388865,0.1894243388322446,0.236174793554764,0.2260694995990058,0.2380316137675781
2016-01-20,0.4545241564236155,0.2303318530336599,0.2685392083452731,0.1877973680947708,0.2376790014118799,0.221510858023957,0.245367597186834
2016-01-21,0.4591893339419837,0.2417788455697952,0.2803747372125361,0.2001934046173898,0.2657492905135348,0.2427426773934411,0.3287462000490588
2016-01-22,0.462737181819509,0.2220348648670738,0.2651183406210151,0.1968423342344374,0.2688410451073341,0.2415906666208449,0.3317250755731185
2016-01-25,0.5006278524491011,0.2233548265622097,0.2685568869037446,0.2063310094341206,0.2737091052823494,0.2468883402884563,0.3380986326510675
2016-01-26,0.4978572206943017,0.2296017986032274,0.270346869991653,0.2073468640392368,0.2790241414071287,0.2531904196722996,0.3551238801700345
2016-01-27,0.4990644712555356,0.2310002004673519,0.2794209308437239,0.2098248471434955,0.2829043014912532,0.2573880285334824,0.3536001700489369
2016-01-28,0.5156241490228171,0.2464240335093523,0.2766604575216326,0.2258546969602408,0.3004450241093593,0.2683364260855381,0.3687117824781374
2016-01-29,0.5133490913607313,0.2459880685504034,0.2757967634100025,0.2255393826093443,0.3004496521833109,0.268751766848421,0.3765622378482436
2016-02-01,0.5270142334021608,0.2563602353179704,0.2792423799184832,0.2310893367248069,0.2996674657363167,0.2749310677581318,0.3766012476292285
2016-02-02,0.4830232389573043,0.2484645780086122,0.2469368310013053,0.2284919025617046,0.2968597861106222,0.2687615001951811,0.3774400821302787
2016-02-03,0.4892737698823804,0.2501935124281724,0.2458584423604393,0.2283875638154265,0.3012787999478012,0.2692659470158781,0.3778628087349694
2016-02-04,0.4777345148841369,0.2495140663326638,0.2464888461676542,0.2322120596286819,0.3024804518662043,0.2860776158383043,0.3787225920594417
2016-02-05,0.4205913123481682,0.2574274278269912,0.2582862422372061,0.2236295262191119,0.2864328684363563,0.2754283675656264,0.3748203530111262
2016-02-08,0.4117473636307747,0.258347797859316,0.2576063879615272,0.2214962717589787,0.2850735584413867,0.2746877536002379,0.4164267729027725
2016-02-09,0.3747783880163883,0.2596379044245946,0.2664301672406458,0.2213812293236128,0.2705716161936152,0.2756774427006707,0.4210049233501855
2016-02-10,0.3744485141299001,0.2671463903637458,0.2702159924697026,0.221507047099224,0.2987019942777164,0.2712426617928723,0.4139568412342043
2016-02-11,0.3675060829483715,0.2891360671686051,0.2888488748095818,0.2182324152830573,0.2960458789202762,0.2572024496091541,0.424376435041263
2016-02-12,0.3588607670766122,0.2979635593414717,0.3037645110723916,0.2096198306785018,0.319916418242646,0.2459652140390811,0.4912387048842353
2016-02-15,0.3604830811845617,0.2912466312772308,0.2934066839398223,0.2046927164613854,0.3192815239704035,0.2434832466265374,0.4914979586731537
2016-02-16,0.3622752464312133,0.3054171592120271,0.3084634742388334,0.2116971164248443,0.3174191020586913,0.2550395805595806,0.4920586906945802
2016-02-17,0.3435292627728492,0.303208374151349,0.3056221930664304,0.2125998626698252,0.3194535409544784,0.2574795856887322,0.4989523331309791
2016-02-18,0.3423293229900461,0.2759383268559056,0.2908512952370503,0.2078874526659377,0.2897181141469023,0.2577256752747323,0.4850555151320534
2016-02-19,0.3338116396400458,0.2741677263725163,0.291109763216698,0.212157567697581,0.2825810197556555,0.2621927935950656,0.4789393109012358
2016-02-22,0.3324204248019541,0.2692253660700245,0.2874559204245318,0.2071329457341828,0.2668693428693333,0.2512536011328198,0.434495645298835
2016-02-23,0.3328006312731082,0.2747001840982201,0.2998126451187259,0.1994258928564611,0.2659917406824116,0.2472903527812593,0.4329952283890871
2016-02-24,0.3323989417561195,0.2865375032258327,0.3053555917227456,0.1975114513215422,0.2574434463485077,0.2462921739940948,0.4304220388769115
2016-02-25,0.3334152899026903,0.2867950284451659,0.3129630094038364,0.1932101864441041,0.2689285429324843,0.2334218857655282,0.4189185817677874
2016-02-26,0.3327780254757935,0.2843353815584235,0.3021871267056162,0.195366777425296,0.2717423219935301,0.2335304456993192,0.4194019658480609
2016-02-29,0.321051391702277,0.2729521737483985,0.3075814307826941,0.194127003519189,0.2627369345423315,0.23989816724544,0.4062061873416018
2016-03-01,0.3439081383554747,0.2725609958271038,0.3080345968997029,0.1943604244668299,0.2822214252859766,0.2400062176827778,0.4260782156042648
2016-03-02,0.3368051011372535,0.25972718294038,0.3012968601179455,0.1810136500733196,0.2809888961944922,0.2251768888174831,0.4290951462988341
2016-03-03,0.3363803599157695,0.2552058195337552,0.2964354195142961,0.1807831455252419,0.2687250601605098,0.2245607728547003,0.4159504680152833
2016-03-04,0.3339499969871854,0.2543009699521186,0.2964897456380382,0.1808177244243249,0.2677076030709837,0.2249454999777728,0.4154628755929646
2016-03-07,0.3326988726553502,0.2546299922243858,0.2952068181154967,0.172249041092994,0.2693837347920287,0.19566014798581,0.4137736799108849
2016-03-08,0.3368736234176155,0.2319670338591843,0.2669469718735328,0.1620201818359213,0.269453293286604,0.1806575438198447,0.4127718189542259
2016-03-09,0.3450204731578133,0.238954155838887,0.2780465715062745,0.161808351187691,0.2695039707711421,0.1802413876522791,0.3664800824707388
2016-03-10,0.3450395205943473,0.24318538697711,0.2951440314553795,0.1671035965756169,0.2711677011038765,0.186625854698471,0.3551871480621569
2016-03-11,0.3495474773980794,0.2224191172866292,0.272231722339503,0.158018722344922,0.2295436700052202,0.1848065935473797,0.3579886719920055
2016-03-14,0.3495042338526513,0.2058384905855883,0.2669757775843848,0.1502362516460215,0.2257285983149802,0.1827069778630893,0.3063313282023058
2016-03-15,0.3483779001684545,0.1972085760594479,0.255704124969926,0.1498444530948433,0.204230797004579,0.1825236941917772,0.2133351092006236
2016-03-16,0.3335397770742463,0.1968217128818026,0.2564765451648357,0.1435018033024336,0.2048864916518774,0.1708010772787324,0.2139664575290819
2016-03-17,0.3364573794853696,0.1747590063784821,0.243975102293019,0.1360198495089543,0.199710460459966,0.1577896048153332,0.2129983539908532
2016-03-18,0.3429096110910394,0.1706440556097751,0.2430524184361589,0.1336099860556936,0.1883317676889913,0.1510613644882714,0.2008840336389688
2016-03-21,0.3440568458394023,0.1696364195387122,0.2403436704657285,0.1338772584758638,0.1872164409678708,0.1510536773161971,0.2013392686812342
2016-03-22,0.3359623209016484,0.1634709922051977,0.2329335949069437,0.1312128847988843,0.1868535444295151,0.1525200968864634,0.2010747838939954
2016-03-23,0.3398717104209846,0.1661743356877879,0.2336657882522524,0.1210192928403048,0.1937045214067559,0.1406763771634395,0.2022858546079272
2016-03-24,0.339252107393228,0.1547624550123885,0.210413377165846,0.121159509280103,0.1877998716623287,0.1392969314921637,0.1989883030022722
2016-03-25,0.2451602841523074,0.1322197717052982,0.2042872840378621,0.1171302948870873,0.1762434138278479,0.1378902321537863,0.1959256066233332
2016-03-28,0.2502477544499593,0.1238747612094081,0.1954971854989357,0.1185029996758178,0.1590033264665861,0.1467220186490807,0.1965160726880368
2016-03-29,0.2375057839450912,0.1348445802984681,0.20073541596389,0.1125053097982884,0.161543208840234,0.1428598674704944,0.1992273091233351
2016-03-30,0.234149004568737,0.1326401537595704,0.1899392433602239,0.0866954850229511,0.1570921885299021,0.1108385233069472,0.2017225324270078
2016-03-31,0.1928666634860121,0.1336111183643198,0.1989100812891867,0.0877105784761317,0.1344637103609023,0.1136087720061513,0.192658176169546
2016-04-01,0.1930061992135746,0.1336296686050881,0.1988873341962102,0.0892041210481387,0.1337092165102263,0.1157706552062537,0.1858843541344831
2016-04-04,0.1971203481265829,0.133911019148282,0.2169934508126726,0.0974807929482549,0.1401884600328652,0.1222055263737752,0.1992241895732468
2016-04-05,0.1965434586904173,0.139961423673853,0.218116263031136,0.1025725965873429,0.1402400023657327,0.1310841823745911,0.1991768510799907
2016-04-06,0.2041191722234406,0.1369582683037266,0.2185682000914313,0.1037078468805748,0.1379625730877204,0.1340846659948058,0.1994146540903634
2016-04-07,0.1999529508559537,0.1414493360490604,0.2210211087968568,0.103040805555157,0.1387184085298509,0.133553263558638,0.1999191921224328
2016-04-08,0.1890868774131792,0.1256504538360557,0.2064163200937913,0.1038955331458595,0.1388912852915585,0.1339599367926557,0.1929265433445486
2016-04-11,0.1905039953843082,0.1146328919971879,0.1712233202513982,0.0943115297981464,0.1348556258105284,0.1225546008794241,0.1970904881407206
2016-04-12,0.1879435601457236,0.1296210714338816,0.1866282176497023,0.0988255447441715,0.1669493786337763,0.1315342726017428,0.2129346435952237
2016-04-13,0.1879765439368866,0.1273155001170439,0.186693553919897,0.0982695239731688,0.1654589267111463,0.1298250513477027,0.2413927920244282
2016-04-14,0.1886190037911665,0.1275068609137242,0.1867628821786141,0.0974911524986535,0.1653211233279836,0.1289031759214967,0.2400982567331542
2016-04-15,0.1950598190223928,0.1270962806607567,0.184847691079741,0.0974555893565631,0.1645964477259598,0.1292297462013115,0.2665981891372032
2016-04-18,0.1875609063725195,0.1287915311935399,0.1980249703174589,0.0970355728881366,0.1676758154262384,0.1302805048046235,0.2926541257532306
2016-04-19,0.1913392595984943,0.1285546085584406,0.1986262438818993,0.0970423187420946,0.1717704237003208,0.1301894352587989,0.2926932564665616
2016-04-20,0.1914077414202651,0.1302308676222924,0.1985060100766124,0.099190204822541,0.180702567961884,0.1302253244769077,0.2994647561418477
2016-04-21,0.1910981030041069,0.1369969702464156,0.2002467404783288,0.0958214229421785,0.1828155124798902,0.127258189270929,0.3014760937312687
2016-04-22,0.1834373690093315,0.1289451372168022,0.1918699294112377,0.0962289498527804,0.1782494710754282,0.1277834861410157,0.3018801062688079
2016-04-25,0.1834320231602416,0.129176251510671,0.1926328389885263,0.0961705706063246,0.1783158825621129,0.1280545996818689,0.3020635155376352
2016-04-26,0.1822295004949167,0.1298916807048347,0.1926383613107126,0.0961490071922089,0.1787940316918437,0.1295483788157392,0.3014444331592897
2016-04-27,0.1767811162666855,0.1298267075484288,0.192546285789495,0.0986309117433073,0.1787778840976053,0.1239742285862275,0.3267173685042614
2016-04-28,0.1489372199516624,0.1283243914196043,0.2103729612312094,0.0993287861176301,0.1746853505598316,0.1241361971816045,0.3239233156418424
2016-04-29,0.1488034775361576,0.1271763000814104,0.2101745061969861,0.1023856648526018,0.1745756400081557,0.1283873648179048,0.340061871050915
2016-05-02,0.1624057647513862,0.1301453934376507,0.2126764474148381,0.1047127391354286,0.1804417439948664,0.1286769399313016,0.317394672070827
2016-05-03,0.1624045100096211,0.1361241892477306,0.2154736435653717,0.1060595139226053,0.1823312479353314,0.1301331666505387,0.3172723759493733
2016-05-04,0.1542602600584069,0.1297792959930387,0.1935605569772878,0.1001341713436993,0.1740855188628402,0.1268104041726762,0.3050941600074546
2016-05-05,0.1806781486464158,0.1235799070768208,0.1927550555337843,0.0939602404978812,0.1836785526314698,0.1135539937732327,0.3052587019677278
2016-05-06,0.1976387328496802,0.1229958098597584,0.1915080746629509,0.0840746972749959,0.1835656846050577,0.1045747199497677,0.3058432950581784
2016-05-09,0.197022512099518,0.1192738504758143,0.1903452486079554,0.0931998350734305,0.183278627556505,0.1139841021120938,0.313132457861403
2016-05-10,0.1862982988845972,0.1193458404122678,0.1920233461803502,0.0990514241656236,0.1852294812762145,0.1184103190991477,0.3123158716752847
2016-05-11,0.1865048588222538,0.1204977554860241,0.1951390193821444,0.0936299758977826,0.1857845176622119,0.1150857637456008,0.3108070490073118
2016-05-12,0.1764694392783262,0.1003994462797736,0.1747253194601164,0.090969871799895,0.1469976797781141,0.0991110011708865,0.3010860038507417
2016-05-13,0.1787467947076629,0.1009876376453254,0.1729438839065182,0.0977080156076531,0.1468904480675923,0.1102839553163678,0.2797118698434626
2016-05-16,0.17862205901164,0.1017500613441577,0.1736209056864742,0.1024560169981065,0.1552792589379108,0.1163880119668533,0.2826749122260797
2016-05-17,0.1774309818718165,0.1013291664595658,0.1729249507687986,0.0992674762078373,0.1598500203017242,0.1167658088581737,0.2557106036727457
2016-05-18,0.1763357048885283,0.1108290311630396,0.1583539016875405,0.0985564550976912,0.1499683494207731,0.1172214297914289,0.2234113857214067
2016-05-19,0.1649818704069773,0.1285940499439295,0.1630598690178566,0.1014466750044843,0.1537602455213717,0.1261985809326804,0.224188970262714
2016-05-20,0.1667672466754703,0.1283464524214564,0.1634365003102587,0.1004741142461096,0.1345363564536408,0.126164433092759,0.2027718671090535
2016-05-23,0.1673841753746831,0.1336119669020349,0.1823011637861281,0.1118966585172658,0.1350751453053079,0.1433381526775133,0.1980934428627935
2016-05-24,0.1672221083986789,0.1334499284176167,0.1885967410642604,0.1144133683217248,0.168720114816882,0.1453107021965761,0.2067584423067529
2016-05-25,0.1655834192821266,0.1328027762903246,0.1897191254285669,0.1142347077939417,0.1674520308571898,0.1452806471719368,0.2066425555848514
2016-05-26,0.1655952637023124,0.1312920985112499,0.1892892407399014,0.1150434047588957,0.1715182018632474,0.145528776453862,0.2072485477444826
2016-05-27,0.165804809791477,0.1312718084652028,0.1898100434949512,0.1101690007092832,0.1718466753539873,0.1385441948245451,0.1704878833074297
2016-05-30,0.2032419724820003,0.12565080764944,0.1646344453101379,0.1085434129424851,0.1684744084088956,0.1360879726488377,0.172911761239383
2016-05-31,0.203252786033125,0.1273783077807998,0.1639669017667028,0.1056267538317789,0.1686032829706148,0.1336867784670121,0.1428943254046734
2016-06-01,0.1929631703557117,0.123643925520114,0.1479358802084005,0.1008009968499829,0.1567704469222622,0.1261789369757624,0.1672548855667748
2016-06-02,0.1938980341866847,0.1166683743291824,0.1482495624775399,0.098821760518412,0.1547929765983169,0.124394165944252,0.1676458158249488
2016-06-03,0.1936170841119444,0.1210245213583751,0.1482061877254268,0.0995378752497586,0.1542119538670574,0.1240761730576136,0.1684904711757476
2016-06-06,0.1669719162100509,0.1210408246542678,0.1567884440270417,0.0993137443247308,0.1460317216371531,0.1245600907645737,0.1686193087243753
2016-06-07,0.1336224421328347,0.1206825541418323,0.155890759659268,0.0995512783240417,0.1466891321401476,0.1245363063329334,0.1697593392442244
2016-06-08,0.1336438447853586,0.1260868929597912,0.1612397377756554,0.0918471390843283,0.1467867680966502,0.1200860554903363,0.1588597664801871
2016-06-09,0.1337385750265447,0.1420561282128201,0.1820089132627555,0.0913313525887247,0.1496710473852,0.1235668632225093,0.1595089324747612
2016-06-10,0.1767076069491095,0.143883533769442,0.1881503876364549,0.0961007203228109,0.1743430991878657,0.1271997827147481,0.1993352747041665
2016-06-13,0.1766915057675392,0.1569432765548216,0.1898545628614338,0.0912516225894294,0.1718783027530188,0.126093938707019,0.1967281597784529
2016-06-14,0.1824052660275472,0.1593794996536886,0.1935167487178895,0.085615123153009,0.1704282037574373,0.1202254373085585,0.1968887520912784
2016-06-15,0.183101087879548,0.1587804667910516,0.1933914608489969,0.0790943713824505,0.1822800950841751,0.11085727462034,0.2149992463635655
2016-06-16,0.177283660175195,0.1651467241806338,0.1949949983374682,0.0802066497668263,0.1761128988618849,0.1154537201926132,0.2201004195984804
2016-06-17,0.177208529112508,0.1842157965995944,0.2223089281812328,0.0806352563826162,0.1819323159539747,0.1156291225920062,0.2371203320681008
2016-06-20,0.1769029177640897,0.175908400058492,0.2192780313313133,0.0789128663554587,0.1818142443212292,0.1090761543014419,0.2410698823554224
2016-06-21,0.1782784941936282,0.1761694639354024,0.2180541033591247,0.0787352955981083,0.1817851947813813,0.1093978831837868,0.2413760775928084
2016-06-22,0.1767688497156188,0.1751822216191177,0.2145638613729997,0.0781309851035426,0.1817906222291202,0.1014643216636682,0.2431900239270443
2016-06-23,0.1829511313528807,0.2057705827294406,0.3182434001821647,0.1462658740834158,0.1907840566554117,0.1736007488283111,0.3619705763768852
2016-06-24,0.1887484291531697,0.2222420185042679,0.3295594781013434,0.1571960281629781,0.1907390770635334,0.1892218423338653,0.3744910779914213
2016-06-27,0.1892867562733645,0.241841916340507,0.3387946779793474,0.1695707605377239,0.1880699387242105,0.2037173205369873,0.3739047158852934
2016-06-28,0.190017009096538,0.2710150731116294,0.3452913814356068,0.1805070532564461,0.193602640523867,0.2154339334821588,0.3751357219253087
2016-06-29,0.154795954947935,0.2794490095764086,0.346766271898489,0.1866793368737415,0.2004748722702052,0.220659633434534,0.3723292049249955
2016-06-30,0.1547496561417848,0.279551691161702,0.3491235032585251,0.1867566376679078,0.2002698309787901,0.2212565236783818,0.3718183641106548
2016-07-01,0.1668527723109235,0.2818859061622745,0.3494096970058503,0.1865034243317189,0.2042405145268476,0.2206616788351565,0.3661936297156805
2016-07-04,0.1672642976100313,0.2818672200959681,0.352667760102592,0.1877092167153015,0.2100372904661443,0.2214277575307338,0.3656286458031134
2016-07-05,0.167218132845371,0.2848148241369174,0.3554959531547728,0.1878636704365377,0.2132026856569309,0.2223164847993557,0.3696060585731967
2016-07-06,0.1672759961332166,0.2866066065019831,0.3498955926957101,0.1877992781146372,0.2103117402916332,0.2228615686444257,0.3683036911307614
2016-07-07,0.1707102953120703,0.2875461737435617,0.3606598816912381,0.1946751741300466,0.21115707024244,0.2300327576098965,0.365956126420744
2016-07-08,0.1707346698282653,0.2862835561102426,0.3673928597287539,0.1948313167586039,0.2187245584276945,0.230804349403545,0.3944100310134034
2016-07-11,0.1800578217633552,0.2759006928737233,0.3598835265657504,0.1928775089695871,0.2224360655423146,0.2268377229348403,0.4047979823007951
2016-07-12,0.1320293665552272,0.2710969669525863,0.3540529316980012,0.1900769658312811,0.2028688030284434,0.2243405737122178,0.3870964598197156
2016-07-13,0.1334314095434857,0.2579059254993969,0.3519093632120904,0.1900706901064681,0.20322309856663,0.2245948080967801,0.3862900768437655
2016-07-14,0.1262228893263203,0.2580072488431928,0.3512219055502696,0.1898801778307489,0.2032850625926381,0.224446468442391,0.3866397004122811
2016-07-15,0.1252569552601856,0.2565738411355889,0.350211014029633,0.1898407824574969,0.1852707872412075,0.2247413609119527,0.3691255210780955
2016-07-18,0.1261878964014177,0.2560642569363936,0.3512720803130217,0.189344046333076,0.1879042083814184,0.2222477691699785,0.3699772311574175
2016-07-19,0.127376392285944,0.2401474033857178,0.3366043543177864,0.1890457174362493,0.1832735092929862,0.2233303815382398,0.3634596558559828
2016-07-20,0.1258387924250991,0.2416798563158004,0.3362294763971771,0.1899389587186921,0.1827227120202001,0.2240830746236475,0.3620821590598873
2016-07-21,0.1287526850292069,0.2415947078486087,0.3358086060203821,0.1898114711665291,0.1829423132574957,0.2237794601124876,0.363631572832819
2016-07-22,0.1268183933817069,0.2403446103866207,0.330245381277307,0.1860789330590603,0.1829445461868294,0.2188889994746813,0.3622267517537367
2016-07-25,0.1188028778542446,0.2068948074040845,0.2162658485571439,0.1295709086594075,0.1436759671629362,0.154582350283717,0.218389054365787
2016-07-26,0.1337597866184042,0.1776212352936472,0.1801237902673211,0.1071373469484296,0.1423065359328013,0.1181070221961212,0.2124276837839489
2016-07-27,0.1328923274891691,0.1646466603206983,0.1753356607640673,0.0950733158410511,0.1419117331152998,0.1039185211675982,0.2184311322306127
2016-07-28,0.1331498994860421,0.1226506202372398,0.1689640452066102,0.0811272140936785,0.1496562561840276,0.0912682428205238,0.2141264772336555
2016-07-29,0.1369261074945731,0.1024665926799569,0.1689385639759546,0.0712980937562052,0.1436773669408015,0.0846710505994742,0.2140075792477009
2016-08-01,0.138262439108878,0.1000756241896072,0.1813865118509334,0.0761263923734264,0.1436773669408015,0.0939197171376389,0.2217331163672433
2016-08-02,0.1223149850781168,0.0953159530102932,0.1788355737984399,0.0762935459860991,0.1551647960164765,0.0936671856921093,0.2322370322096163
2016-08-03,0.1205444418121967,0.1078341646823317,0.1637034273527784,0.0707598349907723,0.1443088300665682,0.0855975912081496,0.2328240131897169
2016-08-04,0.1198041367164886,0.0979403118466586,0.1508263045328786,0.0735835148319664,0.1398701485403357,0.0880754017955083,0.2215212692848824
2016-08-05,0.1243547734421476,0.0931544470098974,0.1509325905858798,0.0735989300438798,0.1440764470703902,0.0895386262477907,0.2304632950225377
2016-08-08,0.122035466410614,0.0913507202233644,0.1546416073430923,0.0563400772652746,0.1402814809744011,0.0762687999770482,0.224319423347592
2016-08-09,0.1222472470028226,0.0806394593887413,0.1460950133385058,0.057245860686622,0.1347188695481223,0.077828550080832,0.1891408488191641
2016-08-10,0.1062752655705257,0.082733322919299,0.1432799058300745,0.054776130828898,0.1266844467760933,0.076483867116769,0.1732902924176353
2016-08-11,0.1194832017290129,0.0821584704971143,0.1429471217158326,0.0549827552344399,0.1278846686702177,0.0743141274236796,0.1746901693037537
2016-08-12,0.1446591796111819,0.0811358265339529,0.1382053976468966,0.0531230814370458,0.1255676773891028,0.0742607058844822,0.1732817694281337
2016-08-15,0.1460169698330972,0.0863551837954063,0.1410451267220487,0.0567710180108875,0.1260279981511079,0.0793562728859258,0.181955607686779
2016-08-16,0.1452584035601031,0.0886487285703702,0.1506000787121284,0.0565766160510413,0.1275609320469833,0.0785333629812229,0.1842994363333889
2016-08-17,0.1451240923555531,0.0886088118891341,0.1466427585785767,0.0565592555926129,0.1268131921852233,0.0761987619411288,0.1862664993347554
2016-08-18,0.1444749937813222,0.0880936972484093,0.1413369256223633,0.0552693857318484,0.1261902330571493,0.0698005580927454,0.1866912012365247
2016-08-19,0.1471127171856635,0.0881815861835332,0.1430537184519154,0.0536623520288954,0.1256863473333361,0.0679940668975985,0.1849795159167283
2016-08-22,0.143348622898555,0.0889306087061019,0.1451960941295424,0.0519288622004705,0.1252241869198974,0.066969590966369,0.1824280695264869
2016-08-23,0.1435760252005788,0.0900454264522777,0.1448375444494443,0.0541227051984231,0.1296052249927485,0.0741079407168276,0.1837066767353523
2016-08-24,0.1404801819986824,0.0907412055236364,0.1487900208032194,0.0543577247405163,0.1287513289939487,0.07427063770421,0.176870518932287
2016-08-25,0.1222541084894651,0.0904280045345167,0.1481902445804053,0.0544794755609336,0.1287794405985771,0.0722345163833124,0.1713395053306136
2016-08-26,0.1223233236455883,0.0887614192935946,0.1480887800520557,0.0570246647859757,0.129514099192411,0.0721033555936809,0.184619572851339
2016-08-29,0.1203634173766054,0.0894687014800088,0.1507135297740213,0.0572482949473585,0.1214212865126083,0.072527250956877,0.1838521060660985
2016-08-30,0.1149492808890191,0.090429429856567,0.15271630219952,0.0576768874420603,0.1182199788576478,0.0717062683281695,0.186144157389264
2016-08-31,0.1180566935155624,0.0885423874898154,0.1388747249860815,0.0530623700144506,0.1199439650858924,0.0641049193676941,0.1778976679861937
2016-09-01,0.1180004566953817,0.1132241595631905,0.1450649632648108,0.053860871682631,0.0972368317181491,0.0641420733112572,0.1626696240920987
2016-09-02,0.1180025551186489,0.1022432736002236,0.1449552168120132,0.0538716547668561,0.1070544399171047,0.0641723345134563,0.160761298970097
2016-09-05,0.1184326598051707,0.103201579505697,0.1389984823321806,0.0464217590304831,0.1006027221242953,0.0561522058759048,0.1605825519898965
2016-09-06,0.1154423107954655,0.1033991568266648,0.1389473430457364,0.0462997237084384,0.0918606804146263,0.05579332744291,0.1418536758209436
2016-09-07,0.1136046789723878,0.1014225989568735,0.1146029881876509,0.0469513642852076,0.0923452067777584,0.0581398206033735,0.1409246560102973
2016-09-08,0.1152667738029575,0.1088970309339884,0.1184192706378047,0.0960979998502749,0.0934543634432286,0.1049982804088882,0.140689529905216
2016-09-09,0.1315476035140889,0.1111524042328545,0.1219757049290162,0.1081656868259459,0.1569080286289851,0.1192307833732371,0.1533819775127794
2016-09-12,0.1194353866963329,0.1117384276732305,0.1223161474787941,0.1186259612711723,0.1557200140259368,0.1245933228414849,0.1488340694456139
2016-09-13,0.0837371163950019,0.1106322099770441,0.1215973657036946,0.1178101482699085,0.1541818953717537,0.123587457948509,0.1501908653231249
2016-09-14,0.0832295301046824,0.1143542516412337,0.122586003957147,0.1229038781126788,0.1552787811531893,0.132039990874169,0.1460910074210359
2016-09-15,0.0832633507781735,0.1137080442664563,0.1249332809705114,0.1230023693936144,0.1540061334153338,0.1320985617140324,0.1446825638474962
2016-09-16,0.0889837540710264,0.1262246648138735,0.1277028457134462,0.1225593822734043,0.1536223565107271,0.1320473542210776,0.1345431148134079
2016-09-19,0.0885661756336128,0.1265305510576734,0.1270067459339434,0.122626834615791,0.1528524658089693,0.1321096145919934,0.1340648239321637
2016-09-20,0.0859824756313259,0.1256365744116623,0.1271085352996519,0.1289626722966689,0.1536238245730142,0.1365241385303562,0.1485993281869439
2016-09-21,0.0882474404001998,0.1297884388055956,0.1455295978255919,0.1308534814184977,0.1537769043028017,0.1389126196680758,0.146739984091592
2016-09-22,0.0885109569823652,0.128574254806898,0.1461160428806518,0.1310954423476505,0.1511886041414623,0.1377093752963461,0.1461454253647492
2016-09-23,0.104565744330867,0.1364913298862287,0.1619676474000304,0.1341205005825115,0.1621888054818591,0.1416489626766726,0.1524173689945146
2016-09-26,0.107257643121033,0.1361278619474514,0.1606933442279681,0.1361072140847682,0.1653007823063808,0.1446969402899157,0.1489237026872475
2016-09-27,0.1074870793972146,0.1377956318682279,0.1627107204791282,0.1361398851125183,0.164296139256792,0.1446753497837074,0.1345575889099683
2016-09-28,0.1083291201694714,0.1415641923229702,0.1580144075273617,0.1395608370472622,0.162961138694419,0.1484623850962647,0.1432467519919588
2016-09-29,0.1076953779087728,0.140327754397898,0.1613094686099243,0.1422571672252084,0.1765902573350232,0.1504535006890338,0.1470678951633396
2016-09-30,0.1056117510641153,0.1436516429864179,0.1602629716415939,0.1426711847247113,0.1792697248623801,0.1506261604359916,0.1506784085036699
2016-10-03,0.1053762426045471,0.1312755377911268,0.1566889010398126,0.1426533976627988,0.1792568208743586,0.1503085127377598,0.1537986097182099
2016-10-04,0.105068650115791,0.1329448829207392,0.1569814077021875,0.1436114884554652,0.1711807546723035,0.151111795307764,0.1530003591463567
2016-10-05,0.1021529779024298,0.1309216190006603,0.156904794910536,0.1431498037029035,0.1716283181752446,0.1504800103964431,0.1537037819376084
2016-10-06,0.1020842330560552,0.1319660845892894,0.1567141290338614,0.1434350049563716,0.1721593207185026,0.1507415393876889,0.1533242053175931
2016-10-07,0.1148382366159268,0.1336335004451704,0.1617365628038586,0.1444069503287333,0.1702355943741963,0.1514360231048151,0.1530165568359061
2016-10-10,0.115399397862109,0.1263317717876008,0.1590708678685141,0.1239562981354195,0.1731148713243811,0.1329152853755545,0.1567087939793781
2016-10-11,0.0955774958685592,0.1213851256053922,0.1529512160688233,0.1131208727094339,0.1292040177137678,0.1210536650847002,0.1493349330031518
2016-10-12,0.0955861780822561,0.1224413038828711,0.1565461280567174,0.1013695665003198,0.1403244271141607,0.116006080313497,0.1496642614062074
2016-10-13,0.0918930277757421,0.1228198951019045,0.1652651747110039,0.1013388069225636,0.1436137212744609,0.1154940536198113,0.1483457293517661
2016-10-14,0.096110658242397,0.1268381868213904,0.1667848238535548,0.0955056540015866,0.1446720333978659,0.1042433712691733,0.1406827704953517
2016-10-17,0.1061703223640258,0.1274260689054064,0.1621180496940987,0.0972316698720358,0.154440867142283,0.1084330559769931,0.1395710064666266
2016-10-18,0.103671023749232,0.1184620276760351,0.1596701579619821,0.097510865478132,0.151537190002221,0.1082509532073211,0.1395327023518992
2016-10-19,0.1035168156889271,0.1184090817249193,0.1602439673375211,0.0976366696804266,0.1519770066913754,0.1082243949934558,0.1453139159138777
2016-10-20,0.1035945921930566,0.1186235640707782,0.1599469042447888,0.0897872707628551,0.150395096593478,0.102651126378585,0.133059146006678
2016-10-21,0.1092266915543637,0.1148648784221164,0.1417513790222494,0.0883543555603347,0.1538053467515881,0.1043814735195158,0.1331567024434582
2016-10-24,0.1082890585371905,0.1155986175195414,0.1407625518480718,0.0872143119161181,0.1535689132404802,0.1035301088672108,0.1339298865679615
2016-10-25,0.0877542078318262,0.1095952067166987,0.1171803800258739,0.0824579025322727,0.1479887414525038,0.1009954970949847,0.1241199965746943
2016-10-26,0.0872908814188711,0.1097398409268498,0.1161435922665084,0.0795689578209256,0.1453556399570708,0.0977633633971418,0.1234559984245124
2016-10-27,0.0867373711438143,0.1083504891809272,0.1147861891206926,0.0771975631367279,0.1467652966685081,0.0980660139288697,0.1122997535424029
2016-10-28,0.0870422416022397,0.1056797103505655,0.1146873651642852,0.0712148100696411,0.1450440338868178,0.0936520745957693,0.105725299244002
2016-10-31,0.0890303999454087,0.1068649594390533,0.1196789559412282,0.0675700643741091,0.1357945131899662,0.0904357279672988,0.0878709067784693
2016-11-01,0.0930098099126499,0.1036497169165099,0.1299027552624488,0.0696533907041307,0.1364836192190422,0.0943844224582316,0.1089545216060072
2016-11-02,0.0957412802310509,0.0939253145593429,0.1245131517245055,0.0693429810115612,0.1354444664792828,0.0978095492538676,0.1063421048447191
2016-11-03,0.0960879112168928,0.1024021420450027,0.125615837122958,0.0664256286326924,0.1336941027991201,0.0946055912298327,0.1160943496065905
2016-11-04,0.095906554517472,0.1205286264559775,0.1435259987862894,0.1038214358817652,0.1337843452438718,0.1288588444673334,0.1270096978809085
2016-11-07,0.0960841191125991,0.1198055003296778,0.1416831537288378,0.104398600428006,0.1356112145603661,0.1305710598666071,0.1266156599337696
2016-11-08,0.0896543522394203,0.1222665152081603,0.1450605261713274,0.1101167732477806,0.1512636079689296,0.1342558416763307,0.227709165296356
2016-11-09,0.0981156657953762,0.1276024770041348,0.1443015972447382,0.1008838734031376,0.1635047581653396,0.1265686028993194,0.3195247255080604
2016-11-10,0.0993456483283663,0.1338296136010663,0.1434244783311089,0.1011010265775927,0.1679959820302531,0.127963069364954,0.3167958502786642
2016-11-11,0.099611282911727,0.1339173189718105,0.1380520187548626,0.1003134833307692,0.1657174483394115,0.1274278247873791,0.3204540702206163
2016-11-14,0.1001125435223626,0.134352882170278,0.1284276332729584,0.1028768363048969,0.1631723227130662,0.1326284166218255,0.3204423475815282
2016-11-15,0.0948767585917249,0.1325331268287183,0.1279801841677204,0.1023058637567344,0.1614683861411536,0.1324791080937587,0.3218217562190298
2016-11-16,0.0856067676756647,0.1318579743217413,0.1215708524685324,0.1015462041425599,0.1500420129724928,0.1318207015582664,0.3218975198791059
2016-11-17,0.0884334748781958,0.1309700076852432,0.1217248508412109,0.1020829241145163,0.1512283685394257,0.1322409955989832,0.3221125805398769
2016-11-18,0.0907359733710668,0.1308937680274422,0.1205613413663121,0.1041721817172977,0.1505206102757079,0.1349727887527822,0.3201922362389652
2016-11-21,0.0941462367091169,0.133509269493344,0.1208866307181905,0.1041197703219191,0.1601998339823511,0.1350240896440354,0.3196690151186392
2016-11-22,0.0886336755813805,0.1329462269540286,0.1207478191247812,0.1034062626587228,0.1553681596774381,0.1314823282167767,0.3197780455947053
2016-11-23,0.0887556870096318,0.1318804743508788,0.121155243383972,0.1020268135697734,0.1554184907773584,0.1300117732133715,0.3201801908463243
2016-11-24,0.0868925950454986,0.1296274642643531,0.1203090143005255,0.1018051997174508,0.1541860561579207,0.1277578415993972,0.3201631464372769
2016-11-25,0.0864512442392969,0.1296093048420526,0.1257896007166808,0.1033032309734356,0.153259625189825,0.1270908224835122,0.3198259781256609
2016-11-28,0.084696680748346,0.1295967762320923,0.1264493193827066,0.1020395864990572,0.1517326563851184,0.1251314392497378,0.3200267073559625
2016-11-29,0.0941803540601699,0.1289883782806903,0.1263068043161018,0.1029224440679065,0.1520046835748923,0.1316398905867722,0.3198899761072341
2016-11-30,0.0942328908904101,0.1287075096421688,0.1228977646730256,0.1002940771107745,0.1490366658684896,0.1385205384022352,0.3212452290228838
2016-12-01,0.0975492016623035,0.1247075232085038,0.1113570191454721,0.0961285287884209,0.1480915647673512,0.1337145141772669,0.3141960036814674
2016-12-02,0.105837703381321,0.1223739917676304,0.12156762674832,0.0941403741492584,0.1472081579185573,0.131335400605528,0.31646218832305
2016-12-05,0.1059551305853639,0.1126919935248252,0.1202077153064437,0.0930317922864688,0.1494666077624685,0.1305243059060287,0.3110895412871857
2016-12-06,0.107778864344246,0.1145724366502373,0.1207628228702602,0.0737616100837563,0.1487364743788002,0.1123469205096795,0.3083979182332656
2016-12-07,0.107679931739864,0.1141114212228166,0.1311986813250668,0.0735746819350745,0.1481125041232038,0.1120669919971366,0.3103133354955711
2016-12-08,0.1055524273445622,0.1096394974733115,0.1233998546717411,0.0680726304780634,0.1278182402160681,0.107970270656441,0.2296274888235473
2016-12-09,0.1303935428625469,0.1059711141013791,0.1232943865602669,0.0688859726048733,0.1208523938365656,0.1058318497853886,0.103129556199505
2016-12-12,0.1273146586588668,0.0982656094750563,0.1249520384926316,0.069628184598439,0.1120946400252016,0.1083447873255335,0.1026688652744185
2016-12-13,0.1266920977522654,0.0991234949701343,0.1266425808960787,0.0776776720491301,0.1011373875759804,0.1093011161291761,0.0938243058571468
2016-12-14,0.1284773615672344,0.0999370435127383,0.1297800492664567,0.0754847375703728,0.1174018643820765,0.1047755155204873,0.0932358540403558
2016-12-15,0.1288596317697437,0.0961254312553268,0.1255631275282503,0.0755740896292047,0.1173761824486829,0.1059120186151187,0.0904591215774413
2016-12-16,0.1286186219489688,0.0945624239717374,0.1255673345041477,0.0748363452571598,0.1204981801680238,0.104038055159657,0.0907310519151777
2016-12-19,0.1286241537084625,0.0936358097559141,0.1243027392015457,0.0738088489040004,0.1200600776588593,0.1040787945400244,0.0905951486089439
2016-12-20,0.1317673254693608,0.0937931558697067,0.1246269538806962,0.0723514751368774,0.1210961885105228,0.1012474817792472,0.0918329476852013
2016-12-21,0.1266487052867116,0.092652445018007,0.1254737393925407,0.0730985069303279,0.1101462495722774,0.1023827810988804,0.0928808204063835
2016-12-22,0.1294135517299253,0.0924779272074009,0.1230749679607487,0.0730866875353651,0.1099190260719725,0.1025059790879096,0.0928808204063835
2016-12-23,0.1307707877887154,0.0926438068546412,0.1235457583661428,0.0730866875353651,0.110145613122009,0.1025059790879096,0.0913694410183224
2016-12-26,0.127733445883207,0.0927923845922251,0.1233781395572379,0.072563347997063,0.1074727208161104,0.1029359548889533,0.0916803840040506
2016-12-27,0.1256140566106415,0.0896428066441033,0.1134086696288086,0.0765278373161747,0.1109506264126219,0.1059931878510174,0.0911555899126484
2016-12-28,0.1247100337320077,0.0870377846598196,0.1150790304306456,0.0766367045128515,0.1114742331302052,0.1060205849137019,0.1045270102640588
2016-12-29,0.1229666054829507,0.0870643193184831,0.1149847235872987,0.078032289884867,0.1173466549531592,0.104320747813887,0.1050605243786348
2016-12-30,0.1188408132428485,0.0840350566503291,0.1065548206380439,0.0765777150681788,0.1159008086143324,0.0913957421219302,0.1000503084655733
2017-01-02,0.1238861612805072,0.0817415706935517,0.1060472634396629,0.0805881178490687,0.1111300634840118,0.0947251615288736,0.0978117660775726
2017-01-03,0.1213450837092349,0.0818391710226427,0.0983543607115993,0.0805234132636713,0.1109492627860877,0.0934094285837838,0.1192172899300906
2017-01-04,0.121645625211916,0.0818198946188432,0.0975739000248869,0.0804795803471983,0.1193292551770762,0.0927871622889755,0.1213358053180258
2017-01-05,0.1190244189667575,0.0615975518486681,0.079172515882002,0.0691894410645063,0.1178136562123738,0.0874892904306608,0.1219197376724333
2017-01-06,0.1208249831145349,0.0614297085132161,0.0610700238702834,0.0704519276259725,0.1177499932735245,0.0867726686786137,0.1142267848434133
2017-01-09,0.1191113542956772,0.0622639992026348,0.061032117202349,0.0677390071437342,0.1205731942464334,0.0861204065023588,0.112118555186595
2017-01-10,0.0876193987725119,0.0477845921074138,0.0616041577720676,0.0681349955697627,0.1121502758293135,0.082761144797205,0.1092821807254098
2017-01-11,0.0893855016335842,0.0369924677765259,0.0705933456849839,0.0649880195664235,0.1137728540634129,0.0785564638426615,0.1157728461036899
2017-01-12,0.0884044806985062,0.0353220569170012,0.0741570714552685,0.0584715426975867,0.1145506365509848,0.0770339934347547,0.1190723195181782
2017-01-13,0.0855281462519153,0.0336372719781954,0.0712460686342518,0.0571871089605819,0.1008914823055508,0.0765698377673985,0.1237783054370008
2017-01-16,0.0855338813813432,0.06595508231328,0.070958789049378,0.057845464390525,0.1011623277733249,0.0790739991841513,0.130317509444884
2017-01-17,0.0855490959448245,0.066426546400884,0.0725111220510839,0.0577720993017936,0.0992682246160601,0.0788121567654849,0.1317128492660099
2017-01-18,0.0848738947874752,0.0697856421472415,0.071951026640693,0.0577953007036815,0.0973012187527251,0.0783659854131366,0.1348038819870882
2017-01-19,0.0794452065776709,0.070118525000121,0.0723800127393404,0.0583480701508623,0.1027085003654457,0.0780998314737616,0.1354931154250146
2017-01-20,0.0808994678661969,0.0741520660778078,0.0770343422916761,0.0587530110087487,0.0964243361991342,0.0761265274205516,0.1417116978062395
2017-01-23,0.0739234964551347,0.0741874590836529,0.0780669791101055,0.0626162692757121,0.0945106292611621,0.0803172446809639,0.1423296208502728
2017-01-24,0.073156439608439,0.0743196811788312,0.0978563477725351,0.0677518081358038,0.0940994454522486,0.0853898617089781,0.1519969921251082
2017-01-25,0.0729162281481869,0.0743724603929194,0.0981284091983811,0.067681127398732,0.1004550326855062,0.0849359528103482,0.1647170181023911
2017-01-26,0.0710940182699294,0.0730725390550355,0.0991717165398508,0.0601153979872405,0.1000001212908027,0.0767131195696833,0.1651050526898249
2017-01-27,0.0704686720580499,0.079871649579662,0.1074812880838924,0.0644526339325718,0.1004713098013585,0.0836023865150106,0.1592941007924554
2017-01-30,0.0703215411085239,0.0795491525142483,0.1165696284093416,0.0619634097153653,0.0983409926954903,0.0750150899573815,0.1699974149330419
2017-01-31,0.0703215411085239,0.0797023299258493,0.1171421577406567,0.061925073270966,0.0991342091440185,0.075368210944945,0.1711151805234524
2017-02-01,0.0616592902806634,0.0795092624314329,0.1174734572835448,0.0557020062163462,0.1018961747795845,0.0726184648123084,0.1761486177772692
2017-02-02,0.0601270272724833,0.0826525027114035,0.1176375420133891,0.0576413642086843,0.1025993891633115,0.0694954464220136,0.1517941583373055
2017-02-03,0.0626108770451854,0.0829389754838834,0.1250164797905411,0.0581839248651823,0.0965064829273324,0.0698383587519152,0.1523914166322823
2017-02-06,0.0615987477342826,0.0829063698767559,0.1255630297118951,0.0571769485868333,0.0968623986058364,0.0679574695107951,0.1524041798080704
2017-02-07,0.0606815793321744,0.0817278696142398,0.125171612766572,0.0555051762762,0.0982601248640646,0.0679165389780745,0.1538948663558053
2017-02-08,0.0621364881319338,0.0821051819264471,0.1284738475191092,0.0581982385692875,0.0956151510165285,0.0691892486807617,0.152750322733658
2017-02-09,0.0561683268031818,0.0830557109691366,0.1273494651146683,0.0585606572584497,0.0925695093080343,0.0694703314366658,0.1752390396366629
2017-02-10,0.0541512384174665,0.0836521356595255,0.124779326817379,0.0594123576533939,0.0913018103864497,0.0688860954074066,0.1704314069795778
2017-02-13,0.0528787889944682,0.0806995492223087,0.1212443460019692,0.0601601792123726,0.0909064230801098,0.0682555272895076,0.1731890158180263
2017-02-14,0.0515935982007629,0.0823887035292903,0.1187402055093005,0.0612783124122123,0.088948572655382,0.06976376389241,0.1728998546081428
2017-02-15,0.0530048178726375,0.0656735029389286,0.1193129477484371,0.0598447233535081,0.0887051756892308,0.0640925711464866,0.1650754487068573
2017-02-16,0.0634560957692427,0.0652662255773973,0.1183626881424458,0.0598420150800354,0.0848857480162809,0.0643430965993401,0.1664148888280162
2017-02-17,0.0700481166419463,0.0620342450762221,0.1196953744557284,0.0572866364472606,0.0842403932789147,0.0623630326620462,0.1636315186434095
2017-02-20,0.0682127779430461,0.0631939071326542,0.125111621868171,0.0588919390808704,0.0848344263294357,0.0628374417548148,0.1647433589398148
2017-02-21,0.0676740634064209,0.058883776854511,0.1213925179830827,0.0576412997936273,0.088609913636279,0.0631220468670141,0.1576345035612344
2017-02-22,0.0695865237352825,0.0613800547927595,0.122686403115754,0.0554283746638272,0.0910048838056784,0.0631232951933833,0.1560056677662444
2017-02-23,0.0696090358103845,0.0631149658677235,0.1157365240424031,0.0506452323290577,0.095017186225365,0.0564408303174773,0.1502868031318632
2017-02-24,0.0758367548060939,0.0630829853576523,0.1151810644806355,0.050126294625395,0.0851057278617222,0.0562801684267527,0.1402974748626612
2017-02-27,0.0764351469468806,0.0624785627327232,0.1147969130134674,0.0513867592006486,0.0900600153318355,0.0622692764017475,0.1396551024280816
2017-02-28,0.0763324939583354,0.073597648541332,0.1250396986142906,0.0597910389347161,0.0900570089760273,0.065248392736867,0.1476851603505932
2017-03-01,0.0793402175236512,0.0722432070505204,0.1149925580055836,0.0650700380578937,0.090537793122262,0.0726145659510484,0.1372890944694525
2017-03-02,0.0808335345107383,0.0728793447776297,0.1117329045044328,0.0650088645981416,0.0943182720711196,0.0718354975334942,0.1378830750071199
2017-03-03,0.0818703956963688,0.0739348705501519,0.1135380598111268,0.0673068587531178,0.0917856440264814,0.0735758412010862,0.1315020249303111
2017-03-06,0.0780239756886006,0.0720189653552599,0.1135246559593412,0.0663095121661703,0.0915222046461021,0.0737122945768354,0.1318417875078299
2017-03-07,0.0770426361801763,0.0713587343804918,0.1032048178040018,0.0664190996449345,0.0874455791838388,0.0734559234629764,0.1329853515842481
2017-03-08,0.0820442261939886,0.0723441642603879,0.1030689349574018,0.066328487057456,0.0974097926933331,0.0735344265400485,0.1324412800007406
2017-03-09,0.0813836637908595,0.0730386208342417,0.1032890830092864,0.066569183760572,0.0953503366688376,0.0740673288954901,0.1398088240125197
2017-03-10,0.0833619442344912,0.0716382049944152,0.1003516168434874,0.0649472340944611,0.1021226629773297,0.0725692281022197,0.1377922498648363
2017-03-13,0.0824468253353361,0.0710497549751868,0.1004304451536058,0.0662539943023087,0.1019973003406587,0.0737197111073485,0.1114911330675491
2017-03-14,0.0799633300328324,0.0707115273047809,0.096460494675916,0.06941891253677,0.1004396423311683,0.075550893449434,0.1109685837369497
2017-03-15,0.0844190828939489,0.0730165510752622,0.0979310477062881,0.0692104864550636,0.1219237168812856,0.0752141523092967,0.1029898379902422
2017-03-16,0.0912469629214262,0.0718291580828662,0.0979018538767072,0.0679641492002257,0.1153663956764698,0.0727328309702597,0.0982448377069093
2017-03-17,0.0906516128246475,0.0703375508376663,0.0981148179367007,0.0683620527561271,0.1172079945544968,0.0725894363844821,0.0967330747182473
2017-03-20,0.0854857017324257,0.0747548540648125,0.1023990223868651,0.0810722900622263,0.11681016514528,0.0960661597714125,0.095157821355774
2017-03-21,0.078332326125539,0.0792590921303036,0.1023694188020565,0.0813622477600213,0.1230294509309535,0.0976296289165202,0.1209013686312248
2017-03-22,0.0771069434527222,0.0784773335069792,0.101796360733353,0.0784899071234638,0.119796488054868,0.0961352017043691,0.1186189169082793
2017-03-23,0.0797874583134242,0.0776111535940489,0.1016616923918454,0.0784682413534069,0.115309469081171,0.0964173031560894,0.1233073524039162
2017-03-24,0.0790844887896215,0.0789635855474718,0.1025303762011233,0.0784471150381255,0.1170835752201562,0.0955950966922185,0.1323566829227133
2017-03-27,0.0805204672170494,0.0807553579224957,0.1012145714608638,0.0824307563096101,0.116572059966914,0.0975380691279109,0.1379677485858904
2017-03-28,0.076994525433862,0.0815995393389791,0.1017532648587903,0.0824426861134024,0.1163135342126936,0.0979045120371549,0.1342536663843053
2017-03-29,0.0824762687424282,0.0816799453831904,0.1022159817700183,0.0826149477803354,0.1135145546653512,0.0954467173439955,0.1371585441464533
2017-03-30,0.0834699484764582,0.0635402566939949,0.0812183391036222,0.0675902657782329,0.1174045538087049,0.084152645167831,0.1296840589646307
2017-03-31,0.081659872501372,0.0658514062929716,0.0831594763044848,0.0651238548682478,0.1184571644327531,0.0808061349382681,0.1261958271121825
2017-04-03,0.0806963975650475,0.0688403181478524,0.0823657283058539,0.0651338241468046,0.114725702030874,0.0806767563993265,0.128424776826611
2017-04-04,0.0936272947563341,0.0682324236005405,0.0819297728515473,0.0650212721180568,0.1156755047677455,0.0822115470646917,0.1287229052058814
2017-04-05,0.0938229096595612,0.0692868817891785,0.0819222702289612,0.0648644225569488,0.1176157428226177,0.0819836745045621,0.1359136977941641
2017-04-06,0.0938220081067157,0.072693704309984,0.0820207760281778,0.0644905960839876,0.1171623838472153,0.0819977085732736,0.1367027261743019
2017-04-07,0.091867462005423,0.072035155173304,0.0826384116919372,0.0644720372794879,0.1081884736697831,0.0820001830325849,0.1388542443935193
2017-04-10,0.0932346493531193,0.0712765974060473,0.0847377752628787,0.0634411604069494,0.1118956033925916,0.0814700008200349,0.1268526972945536
2017-04-11,0.0921885875672753,0.0708145403066405,0.084583793563721,0.0644067001441566,0.110190575757651,0.0828999455267046,0.1293049602645312
2017-04-12,0.0921872475233543,0.071358419454979,0.085858978629001,0.0672292248519439,0.1106321335003987,0.0840820519944511,0.129984012227309
2017-04-13,0.0983815857999391,0.0711265724970189,0.0857447748102496,0.0592090009034085,0.1103775300348682,0.0794998170409675,0.1301059291749791
2017-04-14,0.0964439946841915,0.0671130010776154,0.0833194460363576,0.0675701466667444,0.0854022262503695,0.0858728708885896,0.1302536428790197
2017-04-17,0.0946458382013924,0.1058535309809056,0.0887249441719956,0.067979847269719,0.0974418455210271,0.0859153762377222,0.1320159265307111
2017-04-18,0.0964570736088969,0.1059411479252453,0.0881739873259944,0.0679187134315598,0.093106856441802,0.0863960724244778,0.1322169350359706
2017-04-19,0.0953497679222346,0.104749255568638,0.0841878860411797,0.0594234525006294,0.0989126417039134,0.0646205616622238,0.1324558022809234
2017-04-20,0.0945281623383011,0.1028444878496332,0.0823296598247137,0.0601085570559971,0.0921356477547662,0.0634775887688524,0.1207148621271578
2017-04-21,0.1036210019547906,0.1270962928218409,0.1337843160077882,0.0701189430231351,0.0934007145011608,0.0744288168189757,0.1301398733851103
2017-04-24,0.1003337417300537,0.1272708055998287,0.1337855725823425,0.0723488161064502,0.1037524111929085,0.0768480003862279,0.1315561214686329
2017-04-25,0.1011474231335332,0.1259137892505664,0.1314356780855352,0.0722048949736919,0.1019096396158942,0.077002923844576,0.1270513799489518
2017-04-26,0.1023248391469614,0.1256353269061986,0.1261745208349866,0.0686123204828847,0.1011024689421455,0.0758802951089237,0.1215224121343457
2017-04-27,0.1022896799665399,0.1251227690454753,0.1257154969135652,0.0690960452010987,0.1018985374880337,0.0755228494683275,0.1219112105319995
2017-04-28,0.0978957935109853,0.1251643537270602,0.1251233237024258,0.0686955514330334,0.1008518316369422,0.0781392313495305,0.1200498880649542
2017-05-01,0.0968802085026493,0.1260989480177924,0.1255491024774684,0.0680907189946924,0.0966546445770567,0.077931429260226,0.1177735590620102
2017-05-02,0.0969285365120118,0.1249935882045985,0.1241819250418021,0.0679590418964536,0.0949854664988887,0.0785508839235831,0.1174671281056971
2017-05-03,0.0969188771467524,0.1236523597191326,0.127481522086429,0.0679590785635039,0.0950508784374038,0.0785756724527091,0.1118342147805708
2017-05-04,0.0806911265387003,0.1259493604044253,0.1259591005682731,0.0676889702398366,0.0982544928554192,0.0748572018527907,0.1118616173159409
2017-05-05,0.0801540111738939,0.1252833063372767,0.1265251303523795,0.0676423737604881,0.0972271756777147,0.0749808550233329,0.1201176550383604
2017-05-08,0.0794865158340016,0.1249003083722353,0.1265733827532187,0.0677029503641728,0.1052929354513006,0.074780978529652,0.1216375209991098
2017-05-09,0.0818116470162338,0.1264772923008903,0.1259034525608006,0.0677113484396951,0.1059865985115852,0.0746564525928585,0.1206684696049861
2017-05-10,0.0782601368237465,0.1262720283563308,0.1250578536981603,0.0680463687493929,0.1019106548077656,0.0744834713064058,0.1192246799492093
2017-05-11,0.0856178671334536,0.1278066234797555,0.1253155864414449,0.0666385502301192,0.0984981601208977,0.070225299414365,0.112286088595125
2017-05-12,0.0864900902706232,0.1273758445958947,0.1234937573598955,0.0619103429009419,0.1003010899595464,0.0653938466268942,0.1076004801172176
2017-05-15,0.0890550636292974,0.1303424881835852,0.123544044558144,0.0621413672499371,0.1007550189199933,0.0647555968953915,0.1035032258545965
2017-05-16,0.087336875891504,0.1308776593679307,0.1349411397126128,0.0866775495686685,0.1013043128057583,0.1142314846068458,0.1076392302451904
2017-05-17,0.0851900853839985,0.1005801148751083,0.1307101481188529,0.0867519126479497,0.0894054810026814,0.1156866435653417,0.1216393956321872
2017-05-18,0.082012916789348,0.0983145990021427,0.1307927088348345,0.0889102423533251,0.0865674120861894,0.1161537017664683,0.1214771981180012
2017-05-19,0.0827225708339807,0.0982147456638754,0.1313590393419132,0.0871067212989971,0.0855591683175396,0.1154627347685674,0.1211657954073505
2017-05-22,0.0831112332894101,0.0985894209339572,0.1313888030939013,0.0861317720457651,0.0851684014625042,0.1151102819839782,0.1200692325817371
2017-05-23,0.0711657425159529,0.0738774971194417,0.0727112987415825,0.0790567875381625,0.0851307796218363,0.1091908214630806,0.1143955913740474
2017-05-24,0.0874628887653727,0.0739831291610762,0.0731346833467395,0.0778743596301678,0.0789954260642444,0.1091241485175429,0.1103700862835743
2017-05-25,0.0871489682598362,0.0744557949280884,0.0734831599225235,0.0777998992441015,0.0785427943397718,0.1090338841914944,0.1085494292969645
2017-05-26,0.0859840726704191,0.0681387117286107,0.0729920372321914,0.0778210413893755,0.0778733731926808,0.1087401720281757,0.1081562835106361
2017-05-29,0.0858723276618448,0.0663089453079859,0.0736443717692539,0.0775922129773436,0.0759874148081667,0.1089252756165077,0.1073899287982234
2017-05-30,0.0864259747317268,0.0666837076186396,0.0736521424596234,0.0775444006002624,0.076671024353106,0.1069016460580196,0.1063231784365807
2017-05-31,0.0870105095499324,0.0649759932854015,0.072516631378582,0.0811730658995205,0.0776698448109625,0.109467721769743,0.1095145617686463
2017-06-01,0.0868381411130721,0.063641659575215,0.0828402141642497,0.0814431620205036,0.077748606462475,0.111478288608115,0.1204403083713269
2017-06-02,0.0876454744418232,0.0656994813285207,0.0772367279224931,0.0817705570386242,0.0787737055137464,0.1119751362038656,0.1204987176494292
2017-06-05,0.0846094876773991,0.06341672137909,0.0837309244961392,0.0818438816962971,0.0698338550151161,0.1127733541864961,0.1262369787922701
2017-06-06,0.0893977985103034,0.0683891158901345,0.0836524670460752,0.0818891486582327,0.0706899952053434,0.1129720428888151,0.1002275432490107
2017-06-07,0.0897208368779269,0.0683444448914341,0.0830667786412236,0.0816911451912741,0.0611953332287979,0.1131645643579909,0.1006837074814044
2017-06-08,0.0823962592303418,0.0738792254552025,0.0874998907953784,0.0818348549624241,0.0612545811173806,0.1312511059504553,0.1017468737086142
2017-06-09,0.0859604674995151,0.0745105902771511,0.0930849920877999,0.081450696832775,0.0771935848458959,0.1324344770463764,0.1028689907554633
2017-06-12,0.0841316920543868,0.0719214006544404,0.0939006958153696,0.0820794504115725,0.0787152579456005,0.1344261153982302,0.1020108308274717
2017-06-13,0.0886145935203668,0.0726404638627956,0.0940330130879194,0.0811605357742308,0.0743628485284061,0.1346337151855373,0.1020161490617465
2017-06-14,0.0853387190074586,0.0696726025875723,0.0987977253539033,0.081641448089227,0.0861546352380152,0.1352685169958614,0.1019926071059276
2017-06-15,0.0854438586307416,0.072734153330961,0.0883782274729022,0.046593691243721,0.0860736643231207,0.099625159197151,0.1021392629224591
2017-06-16,0.0863073628568519,0.0709937752275202,0.093725755527348,0.0516266861946834,0.0901162696684251,0.1071133409673804,0.0918841187397465
2017-06-19,0.08660148260986,0.0736052462147477,0.0959248301326354,0.0556524536927517,0.0914195188773624,0.111110878359341,0.0947950680668976
2017-06-20,0.0854857275750414,0.0734033631710232,0.0965273220635281,0.053934695630628,0.0904076886616475,0.1105183660763878,0.0962606260482485
2017-06-21,0.084326519648552,0.0733490217772347,0.0961646601174895,0.0539554144933286,0.0905182572665688,0.1105223559158019,0.095438108278585
2017-06-22,0.0845820013410121,0.0719964426214792,0.0976301679094538,0.0536734103280785,0.0905252330044734,0.1107582177664147,0.093462103042012
2017-06-23,0.0762393050931617,0.0729745923966101,0.0977439337814274,0.0519610972745117,0.0904350705158799,0.1092287461016658,0.0929899026681151
2017-06-26,0.0762589197830068,0.0713719930162978,0.1016015619919142,0.0594925109197731,0.0906096093172078,0.1226724083778738,0.0898288353873348
2017-06-27,0.0796281923387084,0.0737779633737923,0.1016175217739129,0.0663790210270988,0.0928169241280552,0.1323307196830172,0.0919436383968645
2017-06-28,0.0805499384463743,0.0748571621750311,0.1192579559588966,0.0730538696118191,0.0999425854865797,0.1414059839432714,0.0925412998312328
2017-06-29,0.0804510841907571,0.0760929085764557,0.1211353964267016,0.0731725533727558,0.1035831187742179,0.1414034287288056,0.098871306954645
2017-06-30,0.0778168615863955,0.0821384087086045,0.1281337165804451,0.0689053140484383,0.1017096135316979,0.1390953611732654,0.0926933896888426
2017-07-03,0.0799803452205493,0.0821431982747354,0.11958669712524,0.0676340808348399,0.1128449012506883,0.1342129622618882,0.0749580028964117
2017-07-04,0.0802977698744712,0.0823464255677468,0.119856377843444,0.0677496361221053,0.114611363391555,0.1369694902731131,0.0755483371126521
2017-07-05,0.0800678244250224,0.082962401498304,0.1166508666020182,0.074335560375703,0.1128584408535903,0.1401535608830783,0.069726925378638
2017-07-06,0.0706364557097102,0.0815540961029694,0.1167899212581128,0.0775566963302545,0.1136487381301464,0.1448674908524602,0.0705999272545337
2017-07-07,0.0708310129772417,0.0815715765959215,0.1174819726677011,0.0776313481961686,0.1154074955149893,0.1448340457078079,0.0739516310999243
2017-07-10,0.0717470197841275,0.0735681684510003,0.1131194739812648,0.0776263069255816,0.1270184911209281,0.1318947526117525,0.0743401029641549
2017-07-11,0.0685171919167735,0.0856372765589379,0.1219042472891159,0.0814622552514565,0.1211994756915282,0.1356144701216352,0.0739653230522883
2017-07-12,0.0701073520780608,0.0855707592797656,0.1201150077331833,0.0802968650551148,0.1257437873008412,0.13370783534246,0.0739052099828691
2017-07-13,0.0636958802747867,0.0861945315449727,0.1194180049380825,0.081610009675692,0.1257709924492361,0.134021740084888,0.0737924465726558
2017-07-14,0.0829314265122483,0.0837187651488411,0.1162479959851842,0.0810954050899265,0.1171859557240765,0.132565797799144,0.0729854190396211
2017-07-17,0.0824374842786964,0.0811106854103614,0.1216685735166258,0.0810925075821836,0.1171636110838102,0.1325670392254468,0.0740289574575897
2017-07-18,0.0909201971110289,0.0783123451983475,0.1148641351672346,0.0782479791195739,0.1126813152377866,0.1261408748530994,0.0709236277040152
2017-07-19,0.0909853102105388,0.0797379978637559,0.11394185542483,0.0741520824799348,0.1116314763085446,0.121820621144546,0.0685327373655152
2017-07-20,0.0908096070473178,0.0805597149632412,0.1253392787902098,0.0741119251888178,0.1091097252340935,0.1201018600740138,0.0672077371269726
2017-07-21,0.0901381884839312,0.0875836886033333,0.1247371881992654,0.0742526942449902,0.1093388515584398,0.1203676797233715,0.0702188962005661
2017-07-24,0.0906817003759794,0.0914907453555557,0.1263371672580568,0.0745928386471796,0.109256720474903,0.1198287988750524,0.0700762401841718
2017-07-25,0.0867317968492057,0.0912462373123618,0.1265143474229017,0.0745950674641842,0.1074395189129467,0.1190168741981168,0.0720893560456374
2017-07-26,0.0866720878965795,0.0911637391778828,0.1263688832954382,0.0680952185565724,0.1082410012947243,0.1055274434395906,0.0711141317582606
2017-07-27,0.083569621398494,0.0951368420130912,0.1266235655475375,0.0627099901483909,0.1078246196218273,0.0961287273136672,0.0721917405428176
2017-07-28,0.0844055205962651,0.0934994897171114,0.1123596458593348,0.0538446661278483,0.1096903024158183,0.0812315886847246,0.0702229549153611
2017-07-31,0.0859436368806191,0.0943056894768465,0.1170770367089755,0.0540535911691282,0.1051187678737765,0.0809217089156837,0.0642052014959048
2017-08-01,0.0868562171779882,0.0900892751360946,0.1097647880269301,0.0538681269473044,0.104837302714768,0.0777796735891122,0.0661458602622445
2017-08-02,0.0865622699044649,0.0936683868673775,0.1096162167732107,0.0548061969398001,0.0847840972921055,0.0796632249180378,0.0666075557953037
2017-08-03,0.0848367546815378,0.0947277581443633,0.1176319409694054,0.0548880169945558,0.0850159057183934,0.0776945541828073,0.067224126486072
2017-08-04,0.0861859293794611,0.093204009785663,0.1165812741882355,0.0412014508542148,0.0826096108402101,0.0669542086231163,0.0680372418125327
2017-08-07,0.0861437883500026,0.0931790843637979,0.1170711921062441,0.0389353149566678,0.0768454313662834,0.0616160461651609,0.06788450341216
2017-08-08,0.0862426798692401,0.0960390982890549,0.1212748784392586,0.039177935284484,0.0808711730424898,0.0628459136485467,0.0759881117538698
2017-08-09,0.0870084857714712,0.1073567850218788,0.1263340672677897,0.0652752750089981,0.0867829560284095,0.0992865930615082,0.0724777351258183
2017-08-10,0.1046650777696343,0.1057849497244053,0.1118838291442445,0.0604899583467831,0.116122229098485,0.0944771597275824,0.0713041595471477
2017-08-11,0.1067970757700319,0.1081551115511618,0.1221463002270915,0.0691841820405863,0.1183857804730659,0.1045506367477109,0.0773734365274774
2017-08-14,0.1076149964235288,0.1079944260012966,0.1224561948388285,0.0674929894957463,0.1192742851798088,0.1027706859009371,0.0876688852520552
2017-08-15,0.0944251012437187,0.1097125286735539,0.1257579845155096,0.0676370533371328,0.1216680426302062,0.1029432971749793,0.087626804132299
2017-08-16,0.0960889695130427,0.1115668839888079,0.1200283913404105,0.0860038885507543,0.1223817365897537,0.1214459369366583,0.0858175202813976
2017-08-17,0.0854772617502456,0.1134736692507328,0.1199070450881379,0.0834635722670541,0.128201680253936,0.118673898904524,0.0934705239641017
2017-08-18,0.0862438268254117,0.109597804848992,0.1222653910939459,0.0837223409329068,0.1285406990902909,0.1184916713038495,0.0900368700230174
2017-08-21,0.0857132837597174,0.1133942424687622,0.1194367654689524,0.0912710593038224,0.131359793797598,0.1286084330507535,0.0901148158143764
2017-08-22,0.0850987053241817,0.108047894384074,0.1201149799625738,0.0918479897352828,0.130599528546156,0.1279359775524995,0.0897160208711605
2017-08-23,0.08666301029037,0.1052823423875926,0.1190143406179206,0.0911842539487128,0.1310483652245662,0.1278704649330975,0.0902519613022362
2017-08-24,0.1055585444875978,0.1049141941191411,0.1183317182108112,0.0914855454636661,0.1359146240458857,0.1275250030770289,0.0905419969907099
2017-08-25,0.1090600858670511,0.1048653632953972,0.1162376695945223,0.091555663790974,0.1345147745486034,0.1267827840625903,0.0900981596379666
2017-08-28,0.1090807755879324,0.1034132843315412,0.1256188206241125,0.0916348677597142,0.1334305539337978,0.1273852090178017,0.089338854742764
2017-08-29,0.1080655008091962,0.1042762306091115,0.1265442845341685,0.0932229890453419,0.132549556191501,0.1319217485922725,0.0941350701953566
2017-08-30,0.10693907237395,0.1059358001622835,0.1213600600164419,0.0949830956110877,0.1317219186847704,0.135475308480678,0.0971988334086452
2017-08-31,0.1063551546971155,0.1058118574185675,0.1228393853214779,0.095225133168202,0.1316452251104783,0.1354756945700218,0.0959027499728042
2017-09-01,0.1052916820354518,0.1022348667193108,0.1231271257910552,0.0949149938120117,0.1341381948718809,0.134741799650694,0.099992061675689
2017-09-04,0.1039254775226383,0.1016753377342919,0.1159995753747307,0.098106729703825,0.1341108207078961,0.1388351786166202,0.1011075635230027
2017-09-05,0.1031983892560646,0.1010346360741724,0.1187336989476878,0.0985937982663335,0.1341752417587899,0.1380846176706296,0.0984591948719804
2017-09-06,0.1061418528997774,0.1034074538937398,0.1206056631816487,0.0983028000505678,0.1328073641675754,0.1378852737298113,0.0990620483813946
2017-09-07,0.1056850377141665,0.1020693847456215,0.113742206826813,0.0984018114082817,0.1337757660210792,0.1390783873381865,0.0920478484425024
2017-09-08,0.1040829598049109,0.091130231295336,0.1137335922452917,0.0911975808132719,0.1320852005016059,0.1210741097071377,0.1052107145693466
2017-09-11,0.0823318164027271,0.0827383982707,0.1138047399024985,0.0915664819472307,0.1080170445108174,0.1200743009892414,0.1129975789855864
2017-09-12,0.0789869782708119,0.0811701301163203,0.1074601338215352,0.0858569624770632,0.1006030308388534,0.1124567671067271,0.108200769745427
2017-09-13,0.0808883189070718,0.0888878565563503,0.107779836381911,0.0859732546489511,0.1013712190792416,0.1139234948809274,0.1024966487049391
2017-09-14,0.0836435943860718,0.0918013204311897,0.1062420699018083,0.0860359740462912,0.0977543055067283,0.1141266538126382,0.1037483777422155
2017-09-15,0.081692359838486,0.0927754483678211,0.1044061341642132,0.0642291972103168,0.1050323598607586,0.0884833068465681,0.1035731580875265
2017-09-18,0.0822707406015745,0.0892856782690784,0.1033060580287459,0.0632351255630636,0.0976171573976383,0.0880629955631823,0.1125391043400022
2017-09-19,0.0810296476592654,0.0892766207921665,0.0975842060791834,0.0632936839607084,0.0973580794662306,0.0881525504873886,0.1107337327873421
2017-09-20,0.0818996234003649,0.083609868985801,0.0885947133919427,0.0575252035846527,0.0939147967627516,0.080632085392346,0.1103636580424473
2017-09-21,0.0821451012987848,0.087016331088355,0.086451920344611,0.0554468257524159,0.0990981588536062,0.0794333425434416,0.1114930277051558
2017-09-22,0.0809173417351111,0.0860248974007861,0.0865068482968068,0.0555496937280261,0.109674783409545,0.0859533467465229,0.1097282387334685
2017-09-25,0.0531491901580302,0.0861717690104187,0.0860670715160795,0.0556030356154677,0.1012457179921907,0.0857945233246051,0.1109204623525441
2017-09-26,0.0422186352733896,0.0875055700691697,0.0843702077409674,0.0565329845820247,0.1027465733105598,0.0928175296185383,0.1120599353086799
2017-09-27,0.0423356016835826,0.0827319785073934,0.0601365792659523,0.0565223848897842,0.1054945996444085,0.0926767433450508,0.1100989240717623
2017-09-28,0.0436318401525822,0.085023506345803,0.0643001893822745,0.0559417139623954,0.0980631213910516,0.0887714810861832,0.1088915556722679
2017-09-29,0.0435767162165293,0.0851294234712738,0.0647903086472567,0.0544636610043092,0.097281129466142,0.0839575757080068,0.107333480907927
2017-10-02,0.0429833521826797,0.0860870111447788,0.0639013568475499,0.0545031755901942,0.1243745030369033,0.0841411883588777,0.1112936068661343
2017-10-03,0.0405836045590787,0.0850290271184299,0.0605944592858837,0.0543773532493416,0.1231056571872766,0.0841117093211594,0.1038775695360963
2017-10-04,0.0401464184574503,0.0842807135632339,0.0614880063135272,0.0469155725196843,0.1231095422437112,0.0793982044809763,0.0995198895593777
2017-10-05,0.0400854865363351,0.0834932208747579,0.0608363115661008,0.0475445320781419,0.1215749728122726,0.0792960165623963,0.0983662327605126
2017-10-06,0.0440134215663204,0.0822985892110925,0.0592232980788446,0.0485503566174081,0.1222713254003277,0.0799073899222626,0.0988471597604617
2017-10-09,0.0447631991932568,0.0821813044850257,0.0609083251957822,0.047487108203634,0.1224805072672965,0.0757595356164783,0.0938317114897089
2017-10-10,0.0436986137490036,0.0811534221606383,0.0452495480569379,0.0346985586994051,0.1192347324890649,0.0677028357166261,0.0862159633083564
2017-10-11,0.0436953004899304,0.080996944210038,0.0446445103736317,0.0351500298592556,0.1193793931896096,0.0679617426988811,0.0805186675339905
2017-10-12,0.0436703831093149,0.0809497201359993,0.0446886127187993,0.0351431697526832,0.1187074586641886,0.0680843147486822,0.0836499453611705
2017-10-13,0.0434585871995027,0.0684750829239605,0.0438016126477842,0.0344282055118894,0.1192754987561441,0.0650467415750745,0.0812618618032396
2017-10-16,0.039769944709407,0.0536818692690054,0.0429584291199409,0.0343587158566339,0.1193526263151117,0.0649381349826058,0.0810041068335983
2017-10-17,0.0398756954668138,0.0527092934120765,0.04317745036595,0.0343457228351944,0.1126189279071005,0.0650472942321614,0.0805273740088541
2017-10-18,0.0412609691662015,0.054558091090166,0.0472005505278739,0.0344257972112233,0.1312842709949437,0.0664954275566244,0.0567206229462611
2017-10-19,0.0411111388034464,0.0543733097188293,0.0473484392315163,0.0370851811142913,0.1366664287534115,0.066737149604528,0.0567719721568254
2017-10-20,0.0400741810408596,0.0537895560002596,0.0472641064164394,0.0384710062780332,0.1386516870208609,0.0682345579823556,0.0636722151257956
2017-10-23,0.0399974447609286,0.0511561810893665,0.0467767404937551,0.0384572866864079,0.1368667888624927,0.0682417013263375,0.0610016329275545
2017-10-24,0.0382455007474934,0.064748004532297,0.0510056600083726,0.0418207220055265,0.1280655434533118,0.0628367112388385,0.0660056354233538
2017-10-25,0.0390832497561213,0.0654230390741704,0.0662323677298276,0.0416677382987022,0.1291022695626249,0.063373804536651,0.0625608416403213
2017-10-26,0.03955119777543,0.0649461058245948,0.0675902541724122,0.0468540687147336,0.1308958202879148,0.0882688498667771,0.0659785476393959
2017-10-27,0.0487520478141697,0.0659953754738435,0.0673833741732207,0.0492927096891127,0.127951464129273,0.0883631828030831,0.0669754847834612
2017-10-30,0.0481928616323763,0.0627189694096744,0.0615036541680787,0.0484398136660425,0.1283253464615477,0.0871815427686931,0.0667536408443908
2017-10-31,0.0481481116675543,0.0557254904089847,0.0816042119141366,0.0474240619682143,0.1336360927157909,0.0876581336642605,0.0832504943138638
2017-11-01,0.0503297930624855,0.0618933464692014,0.0823564899977111,0.0472626415191283,0.1126441032055896,0.0877568626926353,0.0805014459162572
2017-11-02,0.0520149503723237,0.0618587355486529,0.0815638209957293,0.0478785799478134,0.1104777946698966,0.0900669430593313,0.0808410225023143
2017-11-03,0.0542240119590899,0.0594374070910152,0.0817441995692407,0.0448761168908248,0.1104899904819471,0.0876305320502034,0.0806624576369223
2017-11-06,0.059028345667471,0.0634372519413581,0.086164803360353,0.0445573184148792,0.1193504678669387,0.0887208467059667,0.0918430074551293
2017-11-07,0.05404135629542,0.0634923266592252,0.0862627660480482,0.0436859435074112,0.1185761791593944,0.0883770668517858,0.0925424954449182
2017-11-08,0.0546253862020962,0.0652250071938079,0.1022226517034228,0.0460703517564938,0.119820893739833,0.0916775586320439,0.0949368896822031
2017-11-09,0.0545973340698882,0.0688674805685689,0.1035484703402326,0.0461323917811045,0.1188675304688355,0.0916024790056914,0.1038755152512788
2017-11-10,0.0558867855291502,0.0679070734566582,0.1046912307955275,0.0455083069473826,0.1188286854157708,0.0910533659919337,0.1189143531182648
2017-11-13,0.0595727946568084,0.0676086363749071,0.105327522768791,0.0465438085678941,0.1190461818831054,0.0919840809464877,0.1170045354006103
2017-11-14,0.0647430893002519,0.0696288816691925,0.1063885658459659,0.0504847068666011,0.122700758252641,0.0936332879023773,0.1321516275108646
2017-11-15,0.0644320261043455,0.070274941520042,0.1079938371038179,0.0573581288060733,0.1241138554333061,0.1024632367784046,0.1391018439302531
2017-11-16,0.066070041652521,0.0685757027289966,0.1081813095396034,0.0582896755526624,0.1255973256325264,0.1028148510245088,0.1390696219231257
2017-11-17,0.0655264824636304,0.068693594003308,0.1086076639420382,0.0583809894879907,0.1031786138671002,0.1018470585973745,0.1416000145223935
2017-11-20,0.0673299283713042,0.0698233645738854,0.1119772033167919,0.0599393470432366,0.1139263578350841,0.10633622323857,0.1426080636953022
2017-11-21,0.0697805139353899,0.0700116271154585,0.1193981800470702,0.0580623018207743,0.1106236758283259,0.1026062001098442,0.1393380277310362
2017-11-22,0.1054904862272653,0.0699536613767811,0.1193823024373353,0.0579687695185607,0.1155365104206938,0.1028068545502128,0.1389470570642482
2017-11-23,0.1049848474383943,0.0605193781016732,0.1189415367543281,0.0551792193470704,0.1155592150897221,0.0997685340823643,0.1373442992970645
2017-11-24,0.1082433292180792,0.0581820286434514,0.1099833111785321,0.0552932133353424,0.1174052642715156,0.0999623298549973,0.1380680558125069
2017-11-27,0.1085806471541555,0.0684222878805334,0.1087751110380259,0.0583256376926741,0.1156944331857824,0.0728492713994386,0.1328186804129644
2017-11-28,0.1062126399983693,0.0743612222641608,0.108685791422233,0.056762581535647,0.1148568757062615,0.0872420638738667,0.1334427248112132
2017-11-29,0.1076412513121461,0.0795446692378198,0.1089441951673554,0.0618084821499249,0.1278240645218953,0.0891952233975738,0.134199458566429
2017-11-30,0.1075369178880756,0.080000736135528,0.094844454738568,0.0627802539117537,0.12291463600548,0.0902717210614635,0.1205921041739419
2017-12-01,0.1072402930454155,0.0752459884015789,0.1114648240308351,0.063134969472275,0.1223995699991848,0.0982713314634354,0.1209767594124058
2017-12-04,0.1069400143752259,0.0749145267330583,0.1105273081496339,0.0646881302702078,0.127813301336117,0.0953887958173934,0.1217618908741929
2017-12-05,0.1051176037439286,0.0760812150686213,0.110772471286058,0.0647183004858568,0.1480182720006078,0.0949944438353949,0.1393722357661474
2017-12-06,0.1018362838828181,0.0743384525003372,0.1105788691675255,0.0650839624989968,0.1396085293154488,0.0962064477973703,0.1354012692232735
2017-12-07,0.1045921433652307,0.0827158303973064,0.11505569683898,0.0669741975154434,0.1460511356386758,0.0965470745856039,0.1442403213285516
2017-12-08,0.1102369148425265,0.0856809658415234,0.1036085182699946,0.065159484524453,0.1488095906242063,0.0952941731056907,0.1453900852541503
2017-12-11,0.1158904579946033,0.0849400616699089,0.103797894159522,0.0646905818428726,0.1500431570775882,0.0957071657147639,0.1428859965604869
2017-12-12,0.1177159579646097,0.0844314448058331,0.1039769708624988,0.0649949928488575,0.1585674647408913,0.0957938281237432,0.1357789137552885
2017-12-13,0.1172077793073729,0.087667709712289,0.1045441148933416,0.0664490280395972,0.1586678739849834,0.0957400340041893,0.1362938675007569
2017-12-14,0.1172765299887619,0.0869727958637402,0.1036253238850427,0.0667007305155086,0.1591621131030179,0.1003033042694807,0.125844210873583
2017-12-15,0.1175259923533173,0.0888460785415838,0.1149392894654042,0.0641770380566543,0.159743185439891,0.0951675850871919,0.1268819761476265
2017-12-18,0.1221791051869954,0.088628356776323,0.117080550892592,0.0647097224618311,0.1601239138869255,0.0966999389087349,0.1271289903298154
2017-12-19,0.1214483317556981,0.0894112410904169,0.1227173071139299,0.0652931145259526,0.1599805599310833,0.0968540445692063,0.1246895774492829
2017-12-20,0.1205298683190968,0.0949402206770057,0.1197384642874269,0.0630220572289582,0.1464104874191828,0.0909548701415486,0.1232741719360255
2017-12-21,0.1177345153840194,0.0953650173286719,0.1131562867205792,0.0629060305654949,0.1469866517154354,0.0910871359984822,0.1225545749136953
2017-12-22,0.0921497584448252,0.0953290225209655,0.1131318471298849,0.0629060305654949,0.1432825551158812,0.0910871359984822,0.1225543633668083
2017-12-25,0.09666634452746,0.0951224640049489,0.112364144216389,0.0634482090841822,0.1419499430612739,0.0915893032231122,0.1229231130972273
2017-12-26,0.0964023855826576,0.0940613135527821,0.111174315357328,0.0631882862043993,0.1405787369151784,0.0913529042652863,0.1224245098137702
2017-12-27,0.0982994925823782,0.0886279735002071,0.1126061667878858,0.0557945637118425,0.143900116553816,0.0900639713770115,0.1242807301391825
2017-12-28,0.0989657497435159,0.0846153434782849,0.1136251977599841,0.0595201580284317,0.1437743181946893,0.0814493674463964,0.123401275783712
2017-12-29,0.105665680622533,0.0794676259863849,0.113821293497342,0.0596861584236743,0.1467374505293162,0.0923866507053885,0.1219614107423516
2018-01-02,0.1074369114022978,0.0770534294820763,0.109154759913801,0.0616222818587556,0.1454242455714361,0.0941048841570365,0.1211132870836237
2018-01-03,0.1077509700298969,0.0764053885525932,0.1080424578231522,0.061786053969581,0.145894012041071,0.0838928705889239,0.1614127430883719
2018-01-04,0.1073027416515252,0.0753896629604423,0.114231859828799,0.061689277887964,0.138873241395884,0.0852479052001535,0.1620474277657419
2018-01-05,0.1070779349189959,0.0780378048143653,0.1132865548926559,0.0612773379277618,0.107986291889181,0.0852520775350944,0.1423989987735436
2018-01-08,0.1030387529613302,0.0755965331133875,0.1129983024985313,0.0612298017992672,0.1078983611664753,0.0847875746425819,0.1370474702706038
2018-01-09,0.10228980833674,0.0708049579738991,0.1139707355495271,0.0606963312927821,0.1045880180434404,0.0854435017532783,0.1321711978989407
2018-01-10,0.0983328132081952,0.0676592598512684,0.1156663612717103,0.0631979676311319,0.1012576739668432,0.0873187317870301,0.1326145371666183
2018-01-11,0.0851084911051785,0.0658287025495453,0.1151510858838048,0.0653424534969019,0.097747389527224,0.0874447535667629,0.1323114560574061
2018-01-12,0.086894573312198,0.0661491745148061,0.1147064647797748,0.0651436614274957,0.0920361073972258,0.0878588950991493,0.1304495986809566
2018-01-15,0.0876462964593965,0.0608964801975552,0.1139622835014525,0.0645472481418251,0.1026897988945194,0.0898950071856542,0.1320910413921865
2018-01-16,0.0802041037491381,0.0622978507127559,0.115092096479185,0.0651178078677475,0.0880887121531543,0.0883496741224062,0.130233180979309
2018-01-17,0.0826261389301286,0.0617281403904928,0.1044861169864542,0.0652203948279694,0.0877152843211771,0.0860746157194248,0.1240139598289022
2018-01-18,0.0800206411132497,0.062493855081311,0.108225953561877,0.0632439819844716,0.0873071654535098,0.0838263570355884,0.1235087409500518
2018-01-19,0.0778826040923878,0.0621596909805134,0.0997018181635202,0.0653425070273127,0.0854182148995772,0.0867533869741117,0.1235839779573096
2018-01-22,0.0848439398447751,0.0529535585401815,0.1014462440806473,0.0653265173444445,0.0942631396872251,0.0875076543058471,0.1285594008010105
2018-01-23,0.0835402700206743,0.0670199413339395,0.1087994332421546,0.0653835855501556,0.0951097492153537,0.0920657862203942,0.1329972722662122
2018-01-24,0.0815703550898804,0.0683215543419703,0.1138087067064326,0.065134084478737,0.105479423350339,0.0922801717717523,0.1405433742340133
2018-01-25,0.080280594547278,0.0716305670044221,0.1140469444034116,0.0707921964837657,0.1101281685705442,0.0951967560816057,0.140421857291456
2018-01-26,0.0816218728191856,0.070719735290081,0.1142085280493792,0.0780448248534719,0.1152119543994601,0.099308760973674,0.1405058549801061
2018-01-29,0.0923687548915351,0.0803128617708245,0.116696503896935,0.0909087028798818,0.126025318401489,0.1071410273860466,0.1486797596541302
2018-01-30,0.0936357740868264,0.0774368399098928,0.1151493951825219,0.0873030761139161,0.1266960932060916,0.1018194784415202,0.1519340035299947
2018-01-31,0.0951169919476885,0.077838379837726,0.1252752886641084,0.0854088646005661,0.1202361534694013,0.0953460187110273,0.1612314412865612
2018-02-01,0.0941958629514752,0.0785340102893896,0.1351382198210268,0.1152681793631388,0.1210159198739162,0.118972459101157,0.1650500914536773
2018-02-02,0.0956584377083161,0.0886686338332848,0.1257412266501873,0.1839887512801147,0.1293417804765412,0.1791376317369051,0.149889693753159
2018-02-05,0.1533151545614463,0.1191121620975585,0.1370557881170981,0.1926281103071918,0.2257791099503127,0.1916498534894432,0.2136330448328403
2018-02-06,0.1636143420915951,0.1417473271169879,0.1500554860561249,0.192928233424116,0.2273286793441432,0.1936199291001467,0.2140886351046785
2018-02-07,0.1690661863691656,0.1455143057149635,0.1694683892120504,0.2299178830007935,0.2274793718114709,0.234272437699074,0.2179673602803994
2018-02-08,0.2141189440030939,0.1462098722418526,0.171490373962518,0.2376075331917348,0.2496337244124418,0.2410674295446521,0.227724943488949
2018-02-09,0.2172049146481037,0.1547226923557083,0.1824595977852112,0.2418475446685132,0.249279055799357,0.2459767201614497,0.2282651339075686
2018-02-12,0.2214506298420908,0.1536945387116235,0.1813896640211021,0.2404888222701002,0.2515222692212395,0.2451688198040903,0.2281881480283403
2018-02-13,0.2228638399735973,0.1572988948938471,0.1887206738438251,0.2460132986145145,0.2650916476444474,0.2543099297270647,0.226673367006867
2018-02-14,0.2200151742512591,0.1586399256999929,0.1877696390806948,0.2500194444655068,0.2664990690813429,0.2596803357346863,0.2309004383818369
2018-02-15,0.2194406481694509,0.163216839054638,0.1917949269634593,0.2474919482298434,0.2662299549798609,0.2573104576471559,0.2378009568761057
2018-02-16,0.2156485079752014,0.1637331508965889,0.1886710401866662,0.247516245662046,0.2655453433801562,0.2573134222041228,0.2511136561625756
2018-02-19,0.2144455131536426,0.1623491501869502,0.1859629733933437,0.2472317618774783,0.2656085521933488,0.2564715249483325,0.2515015279799571
2018-02-20,0.2131563797348511,0.1644334313528306,0.1850876170124889,0.2451742823336748,0.2733695419443167,0.2538566127550243,0.2519086409350967
2018-02-21,0.2231689861020397,0.1636145502820797,0.1815887409552636,0.2449533900939851,0.2694322084092747,0.2521867383258297,0.2459322224113391
2018-02-22,0.2243646389139718,0.16082451549713,0.1808109069967617,0.2525089926387129,0.2725110885816078,0.2596235599230311,0.2489243572100822
2018-02-23,0.2306960748090018,0.1633839801935471,0.1811056536312336,0.2563585258017712,0.273291998792101,0.2627127532696528,0.2531027359175867
2018-02-26,0.2314788718494859,0.1606558216775276,0.1799121835021351,0.2551890055706622,0.2672149638003427,0.2619428855143751,0.2572551068079663
2018-02-27,0.2314950799735977,0.1609966088794011,0.1798532446895292,0.2565878739356355,0.2696480729767243,0.2625891600180958,0.260257260977796
2018-02-28,0.2318027439042904,0.1594103526560823,0.1875153055768098,0.2577163340884372,0.2699336822560147,0.2643814507323591,0.2609805824629721
2018-03-01,0.2320022257056447,0.1641195827651585,0.1982338856345775,0.2587914815597458,0.2703882441516225,0.2674361882942059,0.2711320896962857
2018-03-02,0.2310754318357632,0.1667704920602689,0.2055622962957423,0.2625801725754104,0.2782994452740589,0.2697841203535743,0.2611834388439294
2018-03-05,0.2338718033385132,0.167609774973658,0.2003742580618353,0.2532957455181029,0.2905308666538685,0.2613537450309641,0.2716756009662649
2018-03-06,0.2315424453573292,0.1615998261528451,0.2043116154833008,0.2068282783948809,0.290322183467283,0.2211045165181671,0.2607814429916907
2018-03-07,0.204650575031946,0.1352556458638525,0.1917135343431378,0.1993593339255075,0.237169257784713,0.2114670758023493,0.2061075580891972
2018-03-08,0.1963370263363584,0.1183724998105549,0.1831629660076702,0.2057751188973075,0.2377066207921185,0.2141745011862847,0.2067583831474568
2018-03-09,0.1904651940326132,0.1064340145474708,0.1599924737011833,0.1500114410478564,0.245350750946915,0.1508119722498902,0.2108995773751307
2018-03-12,0.1205465330124466,0.1059463490500257,0.1638038387203267,0.147828171113554,0.215587411635535,0.1557459349774826,0.1948933995838191
2018-03-13,0.1221877515641793,0.0976952186669759,0.1562528375199369,0.1445820610220556,0.216904291403311,0.1514210213111887,0.1977681666685392
2018-03-14,0.1191538101144213,0.0977212641686589,0.1570636682225953,0.1447456854650997,0.2140877695248695,0.1523676717581734,0.1960656649686052
2018-03-15,0.1216070212478769,0.0958077793025181,0.1525439479213841,0.1384946127986535,0.202371790429678,0.1423775111122599,0.1966700600294701
2018-03-16,0.1217119473913368,0.1104775014065203,0.1599225050087807,0.141754321208991,0.1920227918941448,0.150194572873342,0.1934851553007206
2018-03-19,0.121893166470556,0.1062474074602364,0.1591804746037743,0.1418674304545199,0.1920205892859507,0.1500049304110673,0.1894342608027465
2018-03-20,0.1226711386865687,0.104968295199517,0.1582705992995393,0.1419651244916181,0.1927404613353147,0.1504201000108057,0.1753601376511357
2018-03-21,0.1245866466264079,0.1112533811894317,0.1650371181417018,0.1648219785481142,0.1946705610097913,0.1730857247661194,0.1766901089329927
2018-03-22,0.1729665196501256,0.1089674963857806,0.1741088421340302,0.1777430663877039,0.2018349114422558,0.1914360862708763,0.2338077127060418
2018-03-23,0.1548515761923631,0.10914929946681,0.1752551420410834,0.2025776661677686,0.1985501092661922,0.2225328155845388,0.2344514794222301
2018-03-26,0.158134204665275,0.1256547100786739,0.1851286714584886,0.2010630640284989,0.1975215337064372,0.2352243520224705,0.2516700024798146
2018-03-27,0.155317042095366,0.1257529229995044,0.1841524959960453,0.1948635048985861,0.2118877745843696,0.2311597793555825,0.2505123964131098
2018-03-28,0.1603382998067374,0.126221897717262,0.1911186445507046,0.1993602957287315,0.2116005841449754,0.2374879165880521,0.2481477453743662
2018-03-29,0.1583465701764088,0.1247467587280388,0.1908849044984661,0.196596532708454,0.2073826861268617,0.2365260438973181,0.2503567112815405
2018-03-30,0.1570666262668215,0.1224936145925084,0.1790912697762024,0.2056606243717139,0.2057000600093255,0.2502471272802086,0.2452249139393192
2018-04-02,0.1581367895286724,0.112526577261446,0.1626693886951093,0.2100991561001228,0.2003993514740803,0.2500040920810056,0.2298116303511606
2018-04-03,0.1579050823535484,0.1100093251473662,0.1548419527423821,0.2104773295780692,0.1992133489781742,0.2529946860343474,0.2285386553014195
2018-04-04,0.1524833684179141,0.1356914537192964,0.1835779865616631,0.2118948135627388,0.1845101519642473,0.2527459005268168,0.226420339635109
2018-04-05,0.1522162854307236,0.1358853374364592,0.181001662505759,0.2235226124916499,0.1863657133300455,0.2618750553778542,0.2250492166223426
2018-04-06,0.1509348053992553,0.1342406034666056,0.1783259713468293,0.2231606207515007,0.1842666529865492,0.2621776616007367,0.2249776465715836
2018-04-09,0.1616240199426686,0.1381589466400454,0.1823933869475336,0.2225027016930134,0.1891128836890871,0.2649640040952805,0.2251213540175056
2018-04-10,0.1614394284891289,0.1381578461286301,0.1834657918090477,0.2227658133004328,0.1775128660121695,0.2639543760722008,0.2187432609105043
2018-04-11,0.1628711083432453,0.1327046180376714,0.177909644465251,0.2250702322049746,0.1774961582842828,0.2663879807192494,0.2173947199681243
2018-04-12,0.1631734855437711,0.1325819344732844,0.1779689584940629,0.2246620053880399,0.1768835293296413,0.2665074768368045,0.2163626680490251
2018-04-13,0.1693229174850364,0.1368385507711173,0.176336388070596,0.2270215504605751,0.1834015811023458,0.2683989890429282,0.2165065373831522
2018-04-16,0.1734320388861526,0.1369727375118535,0.1836199847230857,0.2303458734186889,0.1847246898093718,0.2762262106708915,0.2154850911043531
2018-04-17,0.176326093179912,0.1280595738857915,0.1760585953861237,0.225305587645946,0.1873422795962205,0.2694104661937502,0.217594271262302
2018-04-18,0.1791347150309576,0.1280228212487294,0.1750547961376523,0.2260334568158016,0.1945979104687629,0.2703647961844902,0.2165271148889703
2018-04-19,0.1839585315659901,0.1273896887329073,0.1753525765179603,0.2276904706328871,0.1963664053725048,0.273365181638362,0.216694359310291
2018-04-20,0.1838649964704619,0.1167621559424383,0.1633820955100101,0.2100621621352306,0.1940085377801368,0.260625701788966,0.215302333044464
2018-04-23,0.1618586860700766,0.1139027850661552,0.1486675421080192,0.201987110282637,0.1801591785374121,0.2534172632651694,0.1366443423399318
2018-04-24,0.1610064896195906,0.1151935170391924,0.1504834150436941,0.1799068948450758,0.1815876650432973,0.2266698668938465,0.1376254759855386
2018-04-25,0.1626771021443862,0.106246382504691,0.1439835559952631,0.1726628656019525,0.1823385838703252,0.2104867845944558,0.1108998209170801
2018-04-26,0.156590453066392,0.1091556581279219,0.1438160693651875,0.1721206447345238,0.1639860853075163,0.2079462467391341,0.0969816058308106
2018-04-27,0.1499665872490552,0.109280073943003,0.1388262607703241,0.1688746271977246,0.1736285532977305,0.2026237352149134,0.0968595900090037
2018-04-30,0.1494321363018965,0.1089354527348871,0.1388262607703241,0.1690719888799574,0.1736285532977305,0.2049295482023021,0.0884702920293812
2018-05-01,0.1494501174675356,0.1084512987990207,0.1454523726483053,0.1512351480805832,0.1740799808409713,0.1800500318644663,0.0875431270636618
2018-05-02,0.1492451720133315,0.1098418552335989,0.1463195721328085,0.1458106285146503,0.1805538167139015,0.1775918555972646,0.0846462174147893
2018-05-03,0.1494623278209337,0.1110527483816783,0.1467369856718872,0.1470021957913293,0.1691005946979402,0.1801261800366071,0.0849691870281538
2018-05-04,0.1581225208665358,0.0860290081030891,0.1188144652955375,0.1456404042137605,0.1691737245094677,0.1810846143585867,0.0722195265816321
2018-05-07,0.1603153098155782,0.0850273238580389,0.117242628676389,0.1223429226794435,0.1712267741280616,0.1594864355671049,0.0697335056675135
2018-05-08,0.1602234857394643,0.0918599718793851,0.1172124360187839,0.1255040218816905,0.1664695986230862,0.1613878384966793,0.0719778886784897
2018-05-09,0.1507194240415046,0.0887485854743749,0.114081370935693,0.1171184146850468,0.1596760896327989,0.1501910215417721,0.0712325299545394
2018-05-10,0.1496688518775015,0.0876266774479009,0.1087285256333761,0.1147172679882475,0.1622824746593297,0.1491508190768559,0.0752574550502935
2018-05-11,0.1474047512784177,0.0885698272545346,0.1065095834549005,0.1121817449329779,0.1678461117023159,0.1464918817246091,0.074694096059806
2018-05-14,0.1467186789284782,0.088424947777469,0.1068695451327223,0.1146640042710986,0.1738668570608573,0.1486888106625822,0.0754309463129569
2018-05-15,0.1383321950044432,0.0778530044753375,0.10473601655778,0.1124434980354982,0.1638086005599458,0.148427912333655,0.0785761139332129
2018-05-16,0.129451623656052,0.0788225502626902,0.0967900296773142,0.1069471647082969,0.1620348004538781,0.1378295546164888,0.0793205380638407
2018-05-17,0.132903494542604,0.073215951193547,0.097984839649673,0.1073562563835567,0.1608212574998923,0.1385477479068544,0.06728377179541
2018-05-18,0.1318461287193094,0.077315155241957,0.0973681128919092,0.1079960009592774,0.1554118160662561,0.1363371050924267,0.0674941747885711
2018-05-21,0.1188746187724685,0.0769718851666274,0.0978449308751864,0.1039052401888897,0.1511510592744621,0.127945987743654,0.0677903700091011
2018-05-22,0.130754510318491,0.0909445270150029,0.1134684163238134,0.1041486694775169,0.1638018089763203,0.128215793463398,0.0802240963931206
2018-05-23,0.1150628116374717,0.0988533478338812,0.1189111255590675,0.0914109872072513,0.1585817525870306,0.1095254783347405,0.0861791317414395
2018-05-24,0.1153858558893711,0.0947291251637355,0.113027107583068,0.092368228739166,0.1557896991784538,0.1090767088518957,0.085455586782058
2018-05-25,0.1043034110340873,0.0941061959285557,0.1147135934433047,0.0867543008982994,0.1520656583713733,0.0981421000960218,0.0842232597727297
2018-05-28,0.105815448434918,0.1006741637920002,0.1262716467801246,0.0965767142986505,0.1539115434722908,0.1008207426715426,0.0833192772275061
2018-05-29,0.1381202546858569,0.1031685140546877,0.129672456076194,0.1000993484541032,0.1489775388424711,0.097952146719236,0.0977176558591243
2018-05-30,0.1512775383892997,0.1035172734537191,0.1389138135417933,0.1037150276712939,0.1571041148908765,0.0965494100141923,0.1022521895225197
2018-05-31,0.1530124481690068,0.1035274315016443,0.1328769417150173,0.1047809548712298,0.1569546504757379,0.1034676117719251,0.102232791707606
2018-06-01,0.1524742849207116,0.1019103561037669,0.129946668961972,0.104223796584107,0.1595649650394074,0.1029928450299434,0.1130710472820696
2018-06-04,0.1541515795604452,0.1025102242862797,0.1252523911263889,0.0970404920514079,0.1518834987283856,0.0908137194280953,0.1134728455907467
2018-06-05,0.1455804582043613,0.1028496305118149,0.1207737725976601,0.0997911894431372,0.1523599995395928,0.0902192962403853,0.1141401026543551
2018-06-06,0.1426951388975558,0.102995999589798,0.1205491071855694,0.0999068751231261,0.1484237265805238,0.0957155950096889,0.1175399848526163
2018-06-07,0.149283535605617,0.0946533483839422,0.1205816907084699,0.0960110814394676,0.1617993525486926,0.0917023713574223,0.1182383905112892
2018-06-08,0.1480376241296277,0.096378926880019,0.1204593202174882,0.0917496841444123,0.1594759551454225,0.0883175094504108,0.1185762764728221
2018-06-11,0.1521213863705547,0.0970153990328103,0.1204176331677182,0.091753188756987,0.1557681188042935,0.0891591686880382,0.1125706941106562
2018-06-12,0.153860002877138,0.0968411223107439,0.1211931134644238,0.0933083407634397,0.153415109182333,0.0896638262831723,0.112195464804384
2018-06-13,0.1515504674065151,0.100531264071477,0.1340806169659806,0.0894320580549721,0.1510393529159617,0.0853462381714773,0.1171800777358212
2018-06-14,0.1516498843271862,0.1163036906556412,0.1365430061496947,0.0891206176085893,0.1514395893491185,0.0854130761371971,0.1173850131794373
2018-06-15,0.1515129629702574,0.1132205632548814,0.1401495494653589,0.0895322331462168,0.1507314585776105,0.0844161503174549,0.1187977011060527
2018-06-18,0.1874330065332778,0.1135810542971671,0.1451687930759453,0.0903125671375247,0.1755994944184373,0.0835926641717098,0.1316303992379191
2018-06-19,0.1853148681725972,0.1074210976844455,0.145399102316577,0.087383059310056,0.1766761526867832,0.0846407413893332,0.1388665683402325
2018-06-20,0.1871765104798033,0.1098551524106904,0.1487728724037348,0.0896767610067107,0.180485408866745,0.0916582549032046,0.1407939578894169
2018-06-21,0.1870968445828323,0.1209710695818884,0.1441263112435235,0.089275657017452,0.1723945032447638,0.0915496518798241,0.1375076556415549
2018-06-22,0.1883457521529312,0.1396291376216289,0.1627635687950193,0.1011834693748571,0.1752211333682287,0.1195963135387576,0.1348546085372514
2018-06-25,0.1883598222983223,0.1402956778955867,0.1599244924526003,0.1011812360060643,0.1749241880937311,0.1200970105138636,0.1348308749339606
2018-06-26,0.1894059793743537,0.1462428516972521,0.1643411787075223,0.1053519095019373,0.1794456073113096,0.1321964302044293,0.1350615462935112
2018-06-27,0.190001636107744,0.1398564803814543,0.1629685199761329,0.0995667516775393,0.1803115459678034,0.1334131305824596,0.1338720087233155
2018-06-28,0.1958217766410886,0.1377173765992411,0.1640820189311706,0.0897797038132904,0.1867654698713928,0.1302144877476233,0.1226834787191299
2018-06-29,0.1958181611266643,0.1430197153149475,0.1588166564030569,0.087002751344579,0.1788975176766258,0.1320283311033193,0.1418824233070589
2018-07-02,0.1980651125578089,0.144302356743585,0.1584968779197508,0.0804218904645613,0.1829537944972514,0.1255568930471207,0.1418756736427912
2018-07-03,0.1958235103476772,0.1429715848520633,0.1575330767316092,0.07860501983346,0.1710367983752317,0.1229623791006145,0.1324319328311241
2018-07-04,0.1910255502034558,0.1422276253791089,0.1638102651112295,0.0844341007352442,0.169269058584583,0.1283482151047085,0.1331210652695239
2018-07-05,0.1934178534437918,0.1418505114112135,0.1635684139936913,0.084328556426199,0.1688735376027925,0.134526957510203,0.1391508273251309
2018-07-06,0.2184986735941376,0.1456092444459563,0.1644371304507288,0.0896039682708383,0.1741133139430336,0.135232630055941,0.1425807909542473
2018-07-09,0.2179693155353655,0.1452466695475052,0.1654792972502258,0.0897457575303192,0.1678193040099735,0.1352166881544415,0.1443424910277086
2018-07-10,0.2231328774578899,0.1493862313580867,0.1710736946373241,0.0930578488794483,0.1689385208002591,0.1367248574349345,0.1473858987599615
2018-07-11,0.2356273701978417,0.151611978397191,0.1729632100576963,0.0976180188982012,0.1714916031188542,0.1431444429086397,0.1533793194310515
2018-07-12,0.2346752276519234,0.1517186510409211,0.1729853249768474,0.0964926337171926,0.1699019507620303,0.1430202634161832,0.1665182934208788
2018-07-13,0.2347798792064528,0.1509487515370256,0.1614028030894429,0.096326882138614,0.169028490785048,0.1407600953106453,0.1632732930310177
2018-07-16,0.2345266608743504,0.14019198069603,0.1635292192186063,0.0970081111989629,0.1721556081980849,0.1419862275698668,0.1630725978326298
2018-07-17,0.2341999292089299,0.1419384996039729,0.1603172171840536,0.0967060872457695,0.1718021456321077,0.141995320816698,0.1616823477403363
2018-07-18,0.1993521565448805,0.1412880226875607,0.1561694990014458,0.0966650367591346,0.1478185422799633,0.1423025267961328,0.148612924470374
2018-07-19,0.2128821629996695,0.1410277777887921,0.1596248090333072,0.0967451953930696,0.1477290726132321,0.140382340820518,0.1434935514620504
2018-07-20,0.2118346682222497,0.1373998274822424,0.1516979903188732,0.0936282075427502,0.1425741381884565,0.1368314182478081,0.1490338047813737
2018-07-23,0.2182956150362055,0.1275395403797057,0.1553051366132303,0.0944865802542911,0.1522029217753373,0.1363563710042231,0.147927259811583
2018-07-24,0.2149445407692946,0.1019771386232781,0.1315020989682681,0.0821508580401228,0.1497221017951603,0.1165665284336564,0.1459190153620715
2018-07-25,0.2157987725786889,0.1014778412285143,0.1425224182561647,0.0839724798670883,0.1503362221891029,0.1237919153931036,0.1460380636796693
2018-07-26,0.2122579886938514,0.0959973598851908,0.1404166243933274,0.0811217656641895,0.1357962343833175,0.1224602337509326,0.1464034026719545
2018-07-27,0.2093137250562868,0.0959116266912978,0.1311688627161014,0.0837241054333465,0.1353348623480393,0.1313827647550702,0.1490720679952116
2018-07-30,0.1968669283810382,0.0975657989049022,0.1279342611211549,0.0844875703798352,0.1246711339240864,0.1323452224765695,0.1490325718833601
2018-07-31,0.1864898512815206,0.0987038166176221,0.1278202223508413,0.0847809033939397,0.1274862291224387,0.1309208055912631,0.1272953816155935
2018-08-01,0.1990532388206192,0.1031468873419211,0.1372060225030406,0.0824152909818187,0.1399382830784456,0.1319335681757659,0.1335823947665393
2018-08-02,0.1990546827676288,0.1091742994991009,0.1376132631319497,0.0826447579884215,0.1359556833423799,0.131801852781605,0.132622126430862
2018-08-03,0.2014665243143515,0.1084891616332684,0.1323962903371807,0.079587087173593,0.1374110996553075,0.1286243109645288,0.1286299788782075
2018-08-06,0.2215442668948388,0.1107855767723942,0.1327446548040383,0.0761995448225318,0.1466849496775477,0.1218878878925638,0.1257765529249959
2018-08-07,0.2088324614566034,0.1093639331789051,0.13234434060116,0.0719939937286294,0.1399106142857285,0.1188404217034917,0.1206168266513824
2018-08-08,0.2182113029715988,0.1106754740325471,0.1316565074597744,0.0720439152765692,0.1433677324898841,0.1188386009273742,0.1195498406189191
2018-08-09,0.2094637813279286,0.1062795641188132,0.1390364500134311,0.0720706280741753,0.1392244382912125,0.1196596372611545,0.121404441008821
2018-08-10,0.1959310581565465,0.1036524553262897,0.1384165714095189,0.0684255315487604,0.1468234529864392,0.1106276395085949,0.1339150021165257
2018-08-13,0.1958927859745434,0.1043784115926187,0.1375924818838535,0.0713514872752263,0.1477890601101317,0.1128301565428181,0.1417327765194094
2018-08-14,0.2068717916428181,0.1129562063723723,0.146674791651452,0.076498893431652,0.1553463217679263,0.1203966846207374,0.1433195980963437
2018-08-15,0.2071371402510872,0.1157611340649265,0.1453481872143207,0.0798201800212528,0.1524107929606858,0.1192195163649177,0.1421323817969214
2018-08-16,0.2109539778564221,0.1131601611662474,0.1411685815459043,0.0802045594395258,0.1537156373162324,0.1193324573848712,0.1418268759626517
2018-08-17,0.2150377102787333,0.114309464502619,0.1458092049279178,0.0787907133338965,0.1621148717950661,0.1187075732062575,0.1420135036442988
2018-08-20,0.207630196571132,0.1147097945311396,0.1436596370233039,0.0786280787698195,0.1610254559215239,0.119822219680279,0.1420308953855703
2018-08-21,0.2037523740917929,0.114555436047612,0.143674285239756,0.078700074427044,0.1626882763372587,0.120136028474525,0.1370192814164633
2018-08-22,0.1945246996886635,0.1115086119266964,0.1375072601102456,0.0779020419330307,0.1544806667400531,0.1202556073456894,0.136066380980298
2018-08-23,0.1950348939188409,0.1099555357862891,0.1353077324434765,0.0746851128695202,0.1502509186566228,0.1171832676741394,0.138327866629007
2018-08-24,0.2072632037314699,0.1098985205670983,0.1258521711492645,0.0773892111086556,0.1693912764952648,0.1150434577476701,0.1413539683882501
2018-08-27,0.2072133126355366,0.1100610449144245,0.1246234071162129,0.0727292708479567,0.1697637244360401,0.1007352268005551,0.1401854870527734
2018-08-28,0.2072836106999703,0.1122897308874102,0.1245953248931545,0.0697284700620548,0.1699375290540173,0.0877214500531195,0.1375945899773967
2018-08-29,0.2093220909290744,0.1108508838281239,0.1254087343368006,0.0718508993950123,0.1716177673120043,0.0890112789870575,0.1375965839754609
2018-08-30,0.2018076285796233,0.1094053940812894,0.1286371446963831,0.0714909632106975,0.1723965842489704,0.0886711949044452,0.1347327175148532
2018-08-31,0.1907736863934038,0.1108211650519607,0.1190870932972907,0.0705222856823924,0.1560528644275384,0.0815275515420592,0.1319750514354913
2018-09-03,0.1917658452058941,0.1047835232531593,0.1218658946390931,0.0700361800447774,0.1591236586895432,0.0826411786730269,0.1320046779249222
2018-09-04,0.1954885685019219,0.1087016362863208,0.1290111823453212,0.0704549694443293,0.182216888768401,0.0927969777316383,0.1332620957514934
2018-09-05,0.17067838306596,0.1065123550286742,0.1282492805095102,0.0714165077742293,0.1750634883784586,0.0981836543783169,0.1317858823096196
2018-09-06,0.1667114885654952,0.1009640225287026,0.1285529142847759,0.0719088938023089,0.1739483157913238,0.0986180196692889,0.134358121482266
2018-09-07,0.156878064608994,0.1013938093394467,0.1279895112445787,0.0718692981833549,0.1733089044483025,0.0990222927415423,0.1348166935083385
2018-09-10,0.1566520569796578,0.0985532592647101,0.1119155120898735,0.0675189962078705,0.172912745364156,0.0977985312775835,0.1339767468665663
2018-09-11,0.156641830013263,0.1020114988508612,0.1134659702232442,0.0653111454221185,0.1675545215103694,0.0977259908385352,0.1130594233116362
2018-09-12,0.163251431418245,0.1020906145454886,0.1139003940151583,0.0643378660402516,0.1912817457319274,0.098427566035285,0.0902978689462067
2018-09-13,0.1481086909333814,0.0922746894672935,0.1031051409658696,0.0566963298239546,0.1878061226990624,0.0868500597354852,0.0931963392016066
2018-09-14,0.1510662943408303,0.0867515586134203,0.1009136932672829,0.0564623744183359,0.1910043795349377,0.1011382221683269,0.0930496681787541
2018-09-17,0.1570718501323158,0.0866306677152742,0.102448091723105,0.0579690016142528,0.1914715735257278,0.1039432234969189,0.1017298835430858
2018-09-18,0.1573868019084978,0.0865552167634264,0.0979911960152837,0.0577234505914772,0.1896507638450623,0.104077875691007,0.1035845660839544
2018-09-19,0.1510531302975126,0.089018840101784,0.1016543737782508,0.0623223331002798,0.1887933937289899,0.1076863059268807,0.1038140562495063
2018-09-20,0.1704315619886652,0.1072898574098885,0.1057915363934702,0.0623140723848491,0.1968805810738563,0.1091140929417952,0.1047194239901688
2018-09-21,0.1702867539775568,0.1080029068973813,0.1080164375990106,0.0635801684703812,0.2040379423024523,0.1089047075442082,0.1051725741190909
2018-09-24,0.1719307388858507,0.1104532698015729,0.1079165298382598,0.0612412108461068,0.2035955960872235,0.1053848945681527,0.1032760533696543
2018-09-25,0.1628829371028654,0.1104910152953487,0.099895793929908,0.0572999724979963,0.1933898416163161,0.101057079122543,0.101125372522405
2018-09-26,0.1640045296562119,0.1100759843322698,0.1010674243995902,0.0579807611091346,0.1931964414417087,0.1033805469401132,0.1092953849129488
2018-09-27,0.1671424517798156,0.1085986261883611,0.112309102383313,0.0546941520432504,0.1932701586334694,0.097415244592706,0.1160756224264182
2018-09-28,0.1614182151465764,0.1067293974330448,0.1149285207552293,0.0536470031927664,0.1912388605852593,0.0971254591439219,0.1162984732791926
2018-10-01,0.1601362655000531,0.0998584055424184,0.1102990170189873,0.05370462477525,0.2051129479853735,0.0976596928503079,0.116013972028931
2018-10-02,0.1598324553498374,0.095602360037992,0.1102267763677566,0.0537042309488596,0.2043253187872884,0.0984951242457171,0.115695870260071
2018-10-03,0.1564778357325101,0.1023722586979889,0.10407727895769,0.0607795700063441,0.2080319591736305,0.1154909686616204,0.1186876336914162
2018-10-04,0.142859841642773,0.1069663325824399,0.099399429182522,0.0630023175312032,0.1895708062377247,0.1151364065738625,0.1213078046600052
2018-10-05,0.1956552855751883,0.1101630808547495,0.1074448479435173,0.0617125107717605,0.1923381733443043,0.1134683898074436,0.1194529877865557
2018-10-08,0.1953076531547413,0.1086963567313428,0.1077851199145239,0.0614117675504633,0.1922872690863418,0.1134321057928753,0.126154867673454
2018-10-09,0.1902085939505328,0.1166336144263073,0.1313846929326496,0.128701054362632,0.187540289435558,0.1775910583458206,0.1261574043442249
2018-10-10,0.2653144022170823,0.1328138580592487,0.139500423762012,0.1427943672735745,0.2217335794142066,0.1774202568159567,0.1848058715943807
2018-10-11,0.2675396388416999,0.1303690756793798,0.1373964911840839,0.1533809592143371,0.2349212594708829,0.1987862310292998,0.1852512808581741
2018-10-12,0.2679513952266086,0.1320398187333911,0.140794446012046,0.151721522155043,0.2196293078983906,0.19645253999223,0.1927815879012325
2018-10-15,0.2688386988962034,0.1326191259310712,0.1484760588577063,0.1716060831610414,0.2153634673339902,0.2241866939923894,0.1931901701529131
2018-10-16,0.2683456731570677,0.1325777844316493,0.1490394679112277,0.1710353899649135,0.2126780046452326,0.2199754557071808,0.1988778917607246
2018-10-17,0.2751807994128924,0.1327233192811027,0.1503822063362573,0.174959572294432,0.2108836857583961,0.2268245774558624,0.1934988381520047
2018-10-18,0.2882488506275259,0.1322339631691767,0.1482045378052737,0.1746655192735153,0.2060306819276234,0.2268102177946785,0.1889676962943031
2018-10-19,0.3233136220097533,0.1301336195409729,0.1426967864962729,0.1710720242955348,0.223553047233682,0.2232486021257711,0.1898812937817957
2018-10-22,0.3175304599849557,0.1167963103234075,0.1501705388424043,0.1710843860825958,0.2330608254957488,0.2231746170502767,0.2039637964375948
2018-10-23,0.3181423165950939,0.1177201536867162,0.1503459916724817,0.1961344526645153,0.229189361244519,0.2639076703520397,0.2051244503220457
2018-10-24,0.3182106778761198,0.117059577455165,0.1571071382479663,0.2106157626127098,0.2297055955859912,0.287864233995255,0.2342657971431319
2018-10-25,0.3153153492218501,0.1180456257822788,0.1570609476496598,0.2159364999537788,0.2236885907102331,0.2932680491196571,0.2320299532823198
2018-10-26,0.3215131872827313,0.1272431761373035,0.1644200585618219,0.214716400865436,0.2257923202783459,0.2928401593109163,0.2319314853238544
2018-10-29,0.3213039190772021,0.1280651150246718,0.1596578154645033,0.2248075046782409,0.2245189035480755,0.3012407379393716,0.2328679169037376
2018-10-30,0.3266228905309026,0.1390394221315234,0.1666038602654997,0.2289012324932252,0.2354384901320138,0.3129501127573117,0.2475795232579526
2018-10-31,0.3268322470961858,0.1390324720879567,0.1675113244135632,0.233561941557672,0.2364957454761505,0.3214566932777246,0.2475668245357198
2018-11-01,0.3423755424066039,0.1367985466141106,0.1691479899609035,0.2334580814146323,0.2799373281545366,0.3214440500565852,0.26798920604645
2018-11-02,0.342314307513212,0.1329004898643339,0.1691570647374334,0.2346154560595451,0.2827635604927204,0.3173940194534512,0.2709830224539504
2018-11-05,0.3421946993641118,0.1289308056539234,0.1668526648003996,0.2362450901523387,0.2841521325552571,0.3175814816529189,0.2754897971698524
2018-11-06,0.3192520341646072,0.1306023904572965,0.1655579243588768,0.2488418828560335,0.2802739123589893,0.3313959976593614,0.275257578985913
2018-11-07,0.319092831412372,0.1312459709073977,0.1652550436139335,0.2488848539018006,0.2804463544476229,0.3316769379913913,0.2820017956388336
2018-11-08,0.3216571805957903,0.1250754592043872,0.148253626519952,0.2234540578033939,0.2921636597646216,0.3047266677988366,0.2831826151821868
2018-11-09,0.2678600716541387,0.1080422128925112,0.1519081204526957,0.2224829602065201,0.2645345718426916,0.3167538088304976,0.2506187662703513
2018-11-12,0.267926974632788,0.1078430350252162,0.1588207864348841,0.2167746816873646,0.255506886212428,0.3057223475567712,0.2588841641639438
2018-11-13,0.2642227406210423,0.1072058158891372,0.1570425570450597,0.2173277405293285,0.2515406661100883,0.3057591032444612,0.251907498247845
2018-11-14,0.2651223685907991,0.1061697530335238,0.148685884612883,0.2070314222728325,0.2580263960046028,0.2943733457438149,0.2474740326834084
2018-11-15,0.2648689851138735,0.1067446672653744,0.1481499376086005,0.2073517655388916,0.2580739889615246,0.2943048025969105,0.2424402170011451
2018-11-16,0.2403433158212303,0.106122724851646,0.1466350595232528,0.2092476811798,0.2587665341001748,0.3035104500591735,0.2433415944691178
2018-11-19,0.2422119064310415,0.1082636610461284,0.1547040179003812,0.2169645033448005,0.2689729750518363,0.3073210366344843,0.2450471953901015
2018-11-20,0.2003452930751017,0.1199497190713162,0.1660877727029832,0.2174977897745285,0.2576942225143674,0.3096405888348472,0.2442740080101511
2018-11-21,0.1836233827294034,0.1203526476075417,0.1520874585058286,0.2171599001779151,0.233072160392642,0.309793411883379,0.2293364540966116
2018-11-22,0.203460163818361,0.120342873016477,0.151141590120451,0.1909406680042034,0.2329984531950283,0.2713313108587489,0.2288275704558473
2018-11-23,0.203475532245891,0.1255012040861749,0.155074838381625,0.1875846657692159,0.2353338359553123,0.2610894593319683,0.1888451589804308
2018-11-26,0.2034138682704991,0.1214761672639905,0.1520751542472832,0.1780018040087848,0.2309181905957028,0.2519017359043479,0.1887422431102968
2018-11-27,0.1912977173126961,0.1140427872519333,0.146501577850537,0.1913293418254664,0.2335595362683114,0.2642071691976569,0.1905238185800274
2018-11-28,0.1943282042563291,0.1152312256355252,0.1457773931774929,0.1852824629332106,0.2332722958104149,0.2596602855927052,0.1856440252607364
2018-11-29,0.1906760344575044,0.1088530242284988,0.1373893588877153,0.1837974849342942,0.2289774492588742,0.2520283608420114,0.1723758908259235
2018-11-30,0.2095613795614642,0.1168816999357384,0.1517214040676872,0.1840420987041752,0.2364022403295303,0.2502076509498188,0.1698976932554858
2018-12-03,0.189256303039606,0.1179571263010357,0.1555990553577114,0.215679920508922,0.1938430214952385,0.2809668461536536,0.1703071085294947
2018-12-04,0.189856693773576,0.1268774871941344,0.1601758911157785,0.2146505839103527,0.1878287984723735,0.2808424914611555,0.1626774975271443
2018-12-05,0.1980715010333744,0.1626520121390019,0.1975793148465895,0.2132686043635126,0.206887152763298,0.28022645479654,0.1699932119159809
2018-12-06,0.1970032756062419,0.1628037045653511,0.1937564312237039,0.2115030102893559,0.2072103010897469,0.2801541854495306,0.1729160526111322
2018-12-07,0.1986298426703412,0.1628610914799541,0.1981647592574641,0.2121192976143973,0.2106670670639631,0.2825748742919407,0.1728163799964399
2018-12-10,0.1935330717498314,0.170682666059032,0.2075796180464736,0.2110225167534367,0.1937719673599534,0.278901641896939,0.1705476227938072
2018-12-11,0.1890775710963013,0.1747136539760775,0.2080905222669767,0.2031025020309461,0.2009165114203515,0.2658187250612986,0.188180178589795
2018-12-12,0.1911598550837107,0.1746801240728982,0.2017442176845374,0.2031328177541807,0.2041971910371554,0.2660384698992139,0.1785027397900248
2018-12-13,0.1960389612609918,0.1750109758528882,0.2017795114478441,0.2112180127493452,0.2116992138821065,0.2751103831844368,0.1912682239583328
2018-12-14,0.1897065068598573,0.1776710321633517,0.2027285179624671,0.2161188589005143,0.2033817940143765,0.2761472494230069,0.1927429481437003
2018-12-17,0.1901606809603236,0.1801436400995202,0.2026842529250662,0.2155993456917708,0.206098345314795,0.2773443479688396,0.2013327125064782
2018-12-18,0.1883327466758548,0.1843917968086317,0.2021221912143571,0.2146868560333356,0.204477514207129,0.268220009616555,0.2000640843316266
2018-12-19,0.1764073315186065,0.184559958168533,0.2009691825892886,0.2127917297994625,0.1950881869515399,0.2677735565269351,0.2181496261255315
2018-12-20,0.1769155458006043,0.1758616734755754,0.1914683466905112,0.21971734961712,0.195086367227362,0.2801589201623441,0.2200710785861135
2018-12-21,0.1783409675637565,0.1721794664178592,0.190043051759842,0.2327363492661072,0.1952820969790132,0.2861338493638714,0.217848480328786
2018-12-24,0.1605114569932949,0.172273707640831,0.1886139131446396,0.2334138540615904,0.1950218035765718,0.2867124916151119,0.2715764770287614
2018-12-25,0.1605693723041091,0.1655294531163729,0.1793894537387451,0.2884813830100345,0.1847784306934924,0.3458613850372891,0.2723609451826806
2018-12-26,0.1613108545969741,0.1712422683837789,0.1930221578167266,0.2905371974164104,0.1857081309034026,0.3465561578348083,0.3077960365572113
2018-12-27,0.1570804320637413,0.1915122579123885,0.2053964868275214,0.275628396368503,0.1785464475641917,0.3275020087936872,0.3036763108099008
2018-12-28,0.1519153279408263,0.1900774533830029,0.2054067237092603,0.2790282630573273,0.1841489751681567,0.330103116869144,0.3026584985399729
2018-12-31,0.1518815948953694,0.1889598098070337,0.2061093045643104,0.276396842227923,0.2050678988872403,0.3288584535542656,0.3015699019244936
2019-01-02,0.1165765398447681,0.1834254402382501,0.196063102408441,0.2794362703828655,0.1802881451654576,0.3330912133941047,0.2974908086710773
2019-01-03,0.1395818520782737,0.1998558733764054,0.2316013634781737,0.2930369217786108,0.1995025784300342,0.3501800628709621,0.296564011369274
2019-01-04,0.1428815678837147,0.1945592147770149,0.229058402533215,0.2948213159626946,0.196805930496892,0.3538806820498401,0.3129301636838936
2019-01-07,0.1327757315763853,0.161576162860313,0.1967385354005965,0.2977233621186167,0.1787001491301472,0.3559804852961459,0.3107488755533432
2019-01-08,0.1357476588520291,0.1589820013994727,0.1985315728102648,0.2883290319831471,0.1943102940155294,0.3421517858697483,0.3120710397369655
2019-01-09,0.1337364033370286,0.1561432988760126,0.1903647482805546,0.2887758512521984,0.189040068747181,0.3414954138846888,0.3072718843336442
2019-01-10,0.1358103939847459,0.1518213648082571,0.1846465147949588,0.2887798442016411,0.1895417168946732,0.3414866699667293,0.3098942434364137
2019-01-11,0.136757968793373,0.1510624066901132,0.178787816091765,0.2883299439601501,0.189258793052963,0.3409554477182083,0.2991232686444461
2019-01-14,0.1384216313344184,0.1524074822212722,0.1792020398022731,0.291108552579004,0.196468865685349,0.346252613248995,0.298988547193671
2019-01-15,0.1287995009653599,0.1524029396619924,0.1786181447845791,0.283643241642196,0.1872219610665594,0.3369118353019255,0.292561294312871
2019-01-16,0.1292032833389072,0.1484633238383383,0.1759065713641469,0.2742518099755791,0.188592026705111,0.326650135467363,0.2911218958168116
2019-01-17,0.1354880583025056,0.156152974533498,0.1950291275356162,0.2769238209530023,0.1875347039604161,0.3277139465250716,0.2897377472374302
2019-01-18,0.1308258261916196,0.1537432396231497,0.1969460874408219,0.2699229364272342,0.187620456968109,0.3163668839889179,0.2893941948582008
2019-01-21,0.1364749430708354,0.1553148138370168,0.1898061445703366,0.2686085172962184,0.1860311821306777,0.3186465171868501,0.2722042024688539
2019-01-22,0.1329668800410206,0.1587968963331881,0.1902130041490119,0.2551426857012633,0.1859339704238683,0.2957364750597755,0.2691698543725901
2019-01-23,0.1329305084500666,0.1581028320429911,0.1904420160029876,0.2298519517962862,0.1847492079388391,0.279722269455614,0.2692275744315253
2019-01-24,0.1283697854855914,0.1582753930207223,0.1941431890992728,0.2292891492108126,0.1902987402925184,0.2797689286421708,0.1962612728109975
2019-01-25,0.1280797180976002,0.1618489613963912,0.1963784114021916,0.1765358314704037,0.1902428743595363,0.22230563596536,0.1979881153346182
2019-01-28,0.1254693998629284,0.1570075418409869,0.1728880738766995,0.1761096250346808,0.1877795546259618,0.2257799753927945,0.1540191264978209
2019-01-29,0.1289280444042412,0.1476588275913258,0.1675302236830194,0.180634683067548,0.1875699246474932,0.2343295706178058,0.1549127120596099
2019-01-30,0.1289926979336005,0.147672489124505,0.1676930811845253,0.1806697032888241,0.1862043595650187,0.2363270809984541,0.157970172141083
2019-01-31,0.125582082325991,0.1489083361668532,0.1678071459393342,0.1807274019867632,0.1498359202074863,0.2373971795802266,0.157896677053553
2019-02-01,0.1254765336929201,0.1461353472234425,0.1555854849535161,0.1499992200124458,0.1478566558211772,0.2039097954045202,0.1580569506169522
2019-02-04,0.1091859044789185,0.1442613579603202,0.124835474166947,0.1096630628953176,0.1355332634947306,0.1597079022812315,0.1323879788842663
2019-02-05,0.1076333586049404,0.1430207949556391,0.1258233970869519,0.1106291897910892,0.135353993071855,0.1590722214463548,0.1089765128295247
2019-02-06,0.1067912208253312,0.1488175700031533,0.1599599098197544,0.1158299480976919,0.1357401457198664,0.1650742493701262,0.1095699643040934
2019-02-07,0.1051416502765806,0.1485075152105415,0.1622217805483202,0.1157614584508169,0.1190026531371563,0.1636469290354973,0.1261308626235831
2019-02-08,0.111334171423317,0.149810789511021,0.1654022427009208,0.1155315126222938,0.1199920321256684,0.1635157737791742,0.11774239093252
2019-02-11,0.111009213010368,0.1488833859943788,0.1680485733305187,0.1209190591908569,0.1197060488213525,0.1680537897306975,0.1429309411000558
2019-02-12,0.1187855607931011,0.1455930823413191,0.1676993991089379,0.1177153532785426,0.1082370846076441,0.1625840421434325,0.1487025222490333
2019-02-13,0.1135108475470878,0.1450697190585541,0.1698009212611525,0.1157948793915596,0.0930095145375016,0.1553087924814137,0.1461768646616764
2019-02-14,0.1261885966383036,0.1435626469908023,0.1802111493813639,0.1193284818174345,0.118079476473059,0.1557249318803471,0.1507297917479187
2019-02-15,0.14894164050818,0.1427644949594801,0.1800542928483278,0.1183639273710631,0.1245366600742483,0.1552126422367686,0.1608998903284382
2019-02-18,0.1441773964228585,0.1319997209176663,0.157953209566686,0.1120641729064089,0.1214895583593698,0.1527321138455241,0.1561709545993334
2019-02-19,0.1438330495846729,0.1332341946718597,0.1582101088141344,0.1118792762864382,0.1244917527991862,0.1526862690055142,0.156924453959587
2019-02-20,0.1363103146195227,0.131775189765373,0.1571349499264088,0.0983630077586048,0.1202434054421411,0.1346660345697449,0.1553802167741404
2019-02-21,0.1461956379964532,0.1267019692241302,0.1568536728830336,0.099285456503489,0.1205585372537907,0.1361074045700627,0.1554829707670329
2019-02-22,0.2255304115232936,0.1252316929786108,0.1565783362412937,0.099307535570132,0.1206828242552181,0.1355133076120563,0.1554821465226763
2019-02-25,0.2295606891032107,0.1267987191177777,0.1508377135273729,0.0976519487669046,0.1148761400788261,0.1313856421960581,0.1542262403316615
2019-02-26,0.2281316460345993,0.1239362234774761,0.1499396349267785,0.0915794806009698,0.1150441041423395,0.1226257563228698,0.1523138396153607
2019-02-27,0.229607471787148,0.1202998044512331,0.1500025824543081,0.0924022870796909,0.1163902352345996,0.1181766184703836,0.1559655418493137
2019-02-28,0.2283628234511464,0.1101592855782504,0.1505449131033957,0.0818869318687745,0.1171364603257006,0.1000912630263441,0.156591719838456
2019-03-01,0.2284842945658158,0.1101484706557124,0.1505472258974413,0.080810622404197,0.1134805543865808,0.0931927135184182,0.1563471612107612
2019-03-04,0.22765989554798,0.1098260960650177,0.1505239780258077,0.0812730306588575,0.1133867864070413,0.0922499481338142,0.1578950887024658
2019-03-05,0.228002242966429,0.1098057464553698,0.1511786557577283,0.0831534795675668,0.1134241551739971,0.0932881159240832,0.1598606100161554
2019-03-06,0.2274858582787079,0.0883087121811437,0.1430088877140054,0.0871556036678086,0.1188964006835913,0.0991332114465698,0.1618174935578417
2019-03-07,0.2885892593232233,0.0917498832215423,0.1436071793958608,0.0871252846931897,0.137854220591615,0.0984946024358047,0.1775296867770485
2019-03-08,0.2912441466814791,0.0844232056122849,0.1067197906987239,0.0930129058695701,0.1413855527969689,0.1100984454322868,0.1766959316908491
2019-03-11,0.2906255902400412,0.0839811609229634,0.0980252452383266,0.0931539656284357,0.1484506276096412,0.1104681353282456,0.168823203284548
2019-03-12,0.2958865316904333,0.0795561471385366,0.0947618164240298,0.094972649136253,0.1482304609442962,0.1117791791728306,0.1739261182086406
2019-03-13,0.3020765886278202,0.0804120837671296,0.0906293932007825,0.0866310878983922,0.1482383757287015,0.1032113780097069,0.1523436343592897
2019-03-14,0.2991294645894395,0.0782737939146611,0.0931789827027569,0.0874142522211524,0.1445342858248034,0.1052994598857347,0.1479323506735304
2019-03-15,0.305676727711261,0.0846610280867951,0.0891039422827875,0.0867532625770804,0.1503082636562453,0.1054288285135209,0.1490728223152842
2019-03-18,0.2989977897272552,0.0835010409373041,0.0748520636005121,0.0801846967281555,0.131782241311059,0.1042856756255899,0.142750749030001
2019-03-19,0.2910558979312038,0.0847033085942197,0.0958166716365725,0.0812067556223992,0.1250701740838932,0.1041963092564406,0.1300497831296352
2019-03-20,0.2906409570620248,0.0863507007014027,0.0978569974758263,0.0879912856276702,0.1282809107399455,0.1125952693192705,0.130066241511789
2019-03-21,0.2908265712277546,0.1102073733290214,0.1103040934512409,0.1117065500516966,0.1244941384080802,0.1460184516357184,0.1286687115258671
2019-03-22,0.301894880868909,0.1071934880505185,0.1101590663949837,0.1109786033281218,0.1433879976777743,0.1451334863635275,0.1657339072355064
2019-03-25,0.3045484862037587,0.1074254191206736,0.1119654126618108,0.1115055279279472,0.1415950816283676,0.1439623794873102,0.1820785549197485
2019-03-26,0.2452883357372366,0.1074119824287401,0.110925101803345,0.11276288971746,0.1419223162718426,0.1456842690423635,0.1814282553485277
2019-03-27,0.2463819918569477,0.1076476156662609,0.1103506430139593,0.1132952533384114,0.1403710616275487,0.1459239047205635,0.1890714369427069
2019-03-28,0.267304710717278,0.1065527069629915,0.1133033560687578,0.1152532661644818,0.144011097066348,0.1478864921419913,0.190548380910625
2019-03-29,0.2775346376175781,0.1054583859485638,0.1217636013001955,0.120121999193478,0.1538125445453919,0.1523431274270195,0.1951712525739342
2019-04-01,0.2727654460504428,0.1089173757007351,0.1210083723389101,0.1185574991377867,0.1529056492554023,0.1506064113149028,0.1920159430528314
2019-04-02,0.2732408741767635,0.1088695187405107,0.1327290494123501,0.1173129853702785,0.1568269551162676,0.150688719785434,0.1917123529705804
2019-04-03,0.2734066238255987,0.1081202667941323,0.1327714382601017,0.1170196368982169,0.1571389678010367,0.1507438976752402,0.1911509042332317
2019-04-04,0.2697311392560819,0.1092841101158324,0.1319080185490063,0.1139399519521055,0.15716592255983,0.1459167888194122,0.1903449129552137
2019-04-05,0.2698688269855425,0.1065830991496861,0.1305876358584476,0.108260151557545,0.1531479268040969,0.137457344340226,0.188979443941111
2019-04-08,0.2133539257960382,0.1032371989146401,0.1340527448592937,0.1110221664343858,0.1331628191116078,0.1397013890868176,0.1738330226015205
2019-04-09,0.2067033468365918,0.1033915643927104,0.1329038489555552,0.1021831507115531,0.1317142102522662,0.1269545737508473,0.175007768416342
2019-04-10,0.2145926371296197,0.1036141228328022,0.1324900226004525,0.102224881236543,0.130323034188308,0.1276361995417197,0.1648699232824732
2019-04-11,0.2099358999934996,0.1036388299785227,0.1328433599782195,0.10201778385481,0.1289551439829951,0.1268456463689819,0.1621238736334317
2019-04-12,0.2047854978563425,0.1035682511006112,0.1328376503249347,0.1019534716615082,0.1300733884768084,0.1266518906510766,0.1672874920912488
2019-04-15,0.2152985232365233,0.1029192722068353,0.1319087880527695,0.1012696494169475,0.1330908515217149,0.1252104072394144,0.1660313838930757
2019-04-16,0.2019580465247208,0.0987059638955277,0.1313977648154517,0.1016195058887369,0.1263474151548984,0.125319436972694,0.1652715488837723
2019-04-17,0.2026383074941506,0.098714970819775,0.1279889420276169,0.1015416673320411,0.1281694075174936,0.1254010060580432,0.1685203359790142
2019-04-18,0.2028949851701248,0.0969444433613897,0.1124118202834407,0.100600083487916,0.1266120169311835,0.1254784201946544,0.1690192070986557
2019-04-19,0.2135702645158212,0.0930074715490096,0.1100012570704702,0.0947805745134682,0.1221194123814222,0.1173593757361582,0.168971797721132
2019-04-22,0.214789804834201,0.0606154758305652,0.0879091127133939,0.0672379480057146,0.1222073109999019,0.0798199387297777,0.1689776495172171
2019-04-23,0.2012025069234521,0.0644069496964663,0.08667027498508,0.0681014906945613,0.0981519641782538,0.0808574696873772,0.127120868282748
2019-04-24,0.2131621500787964,0.0683940700969806,0.0885649125979248,0.0660573889654137,0.1045460404108619,0.0793791256992507,0.1089624651405741
2019-04-25,0.2168184904178714,0.068570857125479,0.0878086882735622,0.0627419604026658,0.1035484614799524,0.0731099369816919,0.1089048571545106
2019-04-26,0.2138482785433512,0.0670247464023831,0.0877247392631271,0.0626191723880025,0.107305264310967,0.0731660285824866,0.0884554903251213
2019-04-29,0.1852652530344904,0.0661775344606484,0.0860941896655619,0.060430795235596,0.1070215270523865,0.0798096542988446,0.0865728112419496
2019-04-30,0.1617766320330274,0.0666066000288361,0.0784316882355002,0.057860220287466,0.0897972760355644,0.0743940690578951,0.0756081566552814
2019-05-01,0.1614312444670446,0.0593077379094488,0.0776872062992711,0.0586959375188336,0.0936433805953841,0.0748638325043449,0.0755629251777548
2019-05-02,0.1541365561763235,0.0595576024556614,0.0593852516567006,0.0657464849773693,0.0855004837194196,0.0885212383374513,0.0700708237641507
2019-05-03,0.2454579351524345,0.0591435478719106,0.0715540242260792,0.068306689654813,0.1316449818689273,0.0910325040182638,0.070149024711862
2019-05-06,0.2482120508182002,0.0770787120116995,0.0918117853157887,0.088952609218038,0.1333568267429709,0.1141782069399821,0.0883968898526802
2019-05-07,0.2486843815603867,0.0773424747569763,0.0933793156092509,0.0889822591559812,0.1372110724417393,0.1143526424977412,0.1017829856696929
2019-05-08,0.2504369423832791,0.0812546016504721,0.1060711924662949,0.0871610413103259,0.1558390511485858,0.1135897007956129,0.1058406484786419
2019-05-09,0.2784531358817694,0.0812460132593983,0.1075752867287806,0.0872841834473248,0.160410665095919,0.1109755315494882,0.1048884900242033
2019-05-10,0.2767564830943417,0.0823775097262082,0.119950010675208,0.1199536309931729,0.1586876452021887,0.1609692418043675,0.1069160750736003
2019-05-13,0.2765472109946442,0.091580912302225,0.1231405339911212,0.1211315350736642,0.1638536340687776,0.1657293778002631,0.1037358333988537
2019-05-14,0.2877669704430574,0.0963035948882059,0.1267659236172899,0.1234143696197457,0.1660543069568569,0.1712349665387765,0.09272814866022
2019-05-15,0.2735854853759831,0.0990718297485731,0.1377362301770489,0.127686835783599,0.1598455507293836,0.174490356229802,0.0922354581600818
2019-05-16,0.2810114278017164,0.0990207518222176,0.1388959782947976,0.1288586813256746,0.1622326147023662,0.1776270356048484,0.0985708327999587
2019-05-17,0.2810046146936715,0.1001105755415062,0.148291239270315,0.1302212957586779,0.1622839121117628,0.1834245174089838,0.0970728087522015
2019-05-20,0.2847238080720705,0.100724949058718,0.1514786371900813,0.134110369409871,0.1618723702888311,0.1881846691195791,0.0941968281812208
2019-05-21,0.2816242470443507,0.1008239777367718,0.1516903743476926,0.1341723111769671,0.1624555754409261,0.1880984270072996,0.0941083683466932
2019-05-22,0.2832076360625311,0.1049921550598605,0.1629994645083774,0.1347360003425486,0.1671742901312713,0.1866928108520012,0.094147355042735
2019-05-23,0.2830177168268166,0.106940885202797,0.1622904267593465,0.1351330992611057,0.1690128195425135,0.1871768890688387,0.0941682266094555
2019-05-24,0.2812682503033836,0.1061159556945509,0.1635102761945968,0.1351791738039391,0.1682351249231831,0.1866806116483963,0.0927632725918743
2019-05-27,0.2813321474171976,0.1061168396388403,0.1633128674559424,0.1351659261263135,0.1690944445457183,0.1854071785726274,0.0949688219959089
2019-05-28,0.2815745826178126,0.111476558026939,0.1705405322319098,0.1355729199115332,0.1625613936811665,0.1852033564372198,0.100508184703598
2019-05-29,0.2814256355979415,0.1132492343858115,0.1720126860448426,0.135981719853615,0.1623657736049056,0.1856069075039705,0.1000728582579711
2019-05-30,0.281261441932056,0.1149834597712648,0.1775345791056319,0.1398791012691172,0.1621550868032585,0.1900052198619424,0.1096137249349613
2019-05-31,0.2810796067695678,0.1154097552130835,0.1794083594393871,0.1398615950312804,0.1566184463904105,0.194659455775072,0.1105363307070995
2019-06-03,0.2817498201445196,0.1154729052270219,0.1869883788140179,0.1566993023972858,0.1529902105597846,0.2100103081320143,0.1104879322988747
2019-06-04,0.1976189055656613,0.1155940011327289,0.1846468600504087,0.1603164705694549,0.1306553334699333,0.2126877388503018,0.1324653041110348
2019-06-05,0.1991523871339987,0.1037117630353232,0.1771672872379568,0.1531612505106118,0.1287704247695199,0.2059562018523011,0.1256841886386374
2019-06-06,0.196222393049205,0.1089119149826649,0.1774380032061659,0.1576167578994567,0.1257791734448179,0.2152424487222888,0.1203413096302631
2019-06-07,0.1923776455041256,0.1053822486492178,0.1674524167240765,0.1580446493300827,0.1319499644925183,0.218445885579483,0.1251833211192706
2019-06-10,0.1833862173201095,0.1054411929525035,0.1685569248245046,0.1575746044577163,0.1312760568601023,0.2184029995934673,0.125611126916505
2019-06-11,0.1795674433512931,0.1045165036326274,0.1598410204683063,0.1319465659866456,0.1421594277076376,0.1825368526698711,0.123774091423856
2019-06-12,0.1778263942719315,0.0989190275119981,0.1573727209200832,0.1301492279558908,0.1344023489284097,0.1795952000105181,0.1231558036518805
2019-06-13,0.1683828026861021,0.0966637521967418,0.1560457887701285,0.1292101785045759,0.1333728391342981,0.1764679798138188,0.1223175799607982
2019-06-14,0.1670591295194322,0.0931849374455888,0.1435087825890998,0.1258524083324249,0.1346982955701626,0.174533288392661,0.120584467419398
2019-06-17,0.1435921915651334,0.100989179519836,0.1587817964052124,0.1278274781015828,0.1353581564028381,0.1769173945895842,0.1188795884948204
2019-06-18,0.1461744933116648,0.1011117317483518,0.1477893365676016,0.1250191509053332,0.1600291265021154,0.1684385030956958,0.1328636899673942
2019-06-19,0.1609785452082955,0.1011996400405471,0.1458001649623304,0.1257195819215139,0.1634635670714812,0.1668903370724586,0.1342536046168715
2019-06-20,0.159902639963249,0.1016606828153936,0.1458817717950895,0.1251970365112066,0.1640535800834608,0.1661465567893095,0.1384207136883192
2019-06-21,0.1503654057119439,0.0874459683777869,0.1322096673871009,0.1164743285800911,0.1523043949607775,0.155246515261192,0.1367214735292307
2019-06-24,0.1548876195938617,0.0854158444518199,0.1325613869193695,0.1227988759715818,0.1589693651010557,0.1660855372751717,0.1374872795330845
2019-06-25,0.1496730565197361,0.0855612414650153,0.1317559319061137,0.1230441465775785,0.1584083632537865,0.1661028708584558,0.1381764812086248
2019-06-26,0.150011906661326,0.0857980101433555,0.1309326194481331,0.1182218208459551,0.1638848311244627,0.1659768598321629,0.1436117986754226
2019-06-27,0.1520392912059258,0.0738925064066067,0.1202631904801052,0.114521368378152,0.1625354553481168,0.1623006101890411,0.1373740376180477
2019-06-28,0.1668449473963827,0.0782818381852262,0.1226325357201034,0.1158057063886444,0.1610664800925086,0.1644708916449797,0.1531962623269256
2019-07-01,0.1662981895257247,0.0734003380738168,0.1069080236479566,0.1008668727287007,0.159700883834905,0.1512477616587128,0.1391717614981299
2019-07-02,0.1701393542441133,0.0747064087971222,0.1074716836210716,0.0992310528975616,0.15982270015494,0.1337539652118873,0.1357830178885112
2019-07-03,0.1662643820533426,0.0753459767262866,0.0988935831940705,0.078946809469193,0.1583573541664684,0.1113945165241709,0.1354290342636786
2019-07-04,0.1660303736803953,0.0812420393413985,0.1018380118375757,0.0783908488375445,0.1588195512917149,0.1120911762375528,0.1244646091697075
2019-07-05,0.186481847710881,0.0807300071505535,0.1016746290671793,0.0811679267811267,0.1708483234870083,0.1180275615759223,0.1306712204203962
2019-07-08,0.1867636028557169,0.0761802500650307,0.1059210607785282,0.075557747961112,0.1739768559090311,0.1081323158376265,0.1300184068722649
2019-07-09,0.1861109788926083,0.0746013549668322,0.1081363700382952,0.0754885995726483,0.1580948002187299,0.1058929691796066,0.1249212147828851
2019-07-10,0.164672242941815,0.075210680669063,0.1053983165832112,0.0751791990039015,0.1583053772108935,0.1061009796781425,0.1254910635827595
2019-07-11,0.1641512530712983,0.0733635545836772,0.1045911289098927,0.0745073734494521,0.1440955720971702,0.104640450188211,0.1245235620824369
2019-07-12,0.1646124281436113,0.0738219062867473,0.1049511429945204,0.0744095336324183,0.1438771342391452,0.1040805163882485,0.1229030176628059
2019-07-15,0.1606423755406594,0.0742056953530233,0.1024657311792349,0.0756619971020731,0.140660965786663,0.1033520172089339,0.1256781581495643
2019-07-16,0.1608830211522453,0.0778129792804984,0.1062572725344012,0.0807684142836553,0.1409958093879855,0.1050546914104814,0.1263865639970219
2019-07-17,0.1652411448621956,0.0715216684141093,0.087400490321866,0.0758220897964799,0.1400481932193512,0.0963888433613463,0.1422696648691672
2019-07-18,0.1642314651067802,0.0688726434213217,0.0878059403378541,0.0794926096074715,0.1172337361497355,0.1003290294199074,0.1463896080486768
2019-07-19,0.1472930660788261,0.0684454008941143,0.0871663827292031,0.0738029667706664,0.1200490070782359,0.0995862367203128,0.1451834468663709
2019-07-22,0.147046328375835,0.069697802653426,0.1033596501293377,0.0765466347511147,0.1203377920111047,0.1001869677468525,0.1445947300932263
2019-07-23,0.1501625119209861,0.0750730998463133,0.1014192625973564,0.0770340315119339,0.1204461849226253,0.1017384626570079,0.1450270224640769
2019-07-24,0.1491262033599884,0.0754226465005056,0.1107884510350147,0.0710637373433487,0.1134476675608219,0.0924035492224289,0.1438752239504585
2019-07-25,0.1494208878612009,0.079479178909766,0.1116580364454316,0.0732685161356471,0.1162479952351756,0.0973372332628642,0.1436050492692079
2019-07-26,0.1471329797236992,0.0978775031963999,0.1115694115395651,0.0737058541195972,0.1107273214990518,0.0982938267732556,0.1388402190093932
2019-07-29,0.1467753210952883,0.1004472164700652,0.1296802972135519,0.0732982659635449,0.1107565371688111,0.0986781100034851,0.1387912672001031
2019-07-30,0.1248721488954438,0.1005660796507388,0.125026569117905,0.0800448615463386,0.1185667199472786,0.1031601963323348,0.1224291888750362
2019-07-31,0.1266129815131627,0.0968422852064096,0.1268402813671462,0.0853085843224327,0.1112462828007373,0.1067235758435124,0.1223987293050897
2019-08-01,0.1308437689735925,0.1233585326616389,0.1602709252582013,0.083598213644868,0.1329834708442117,0.1122532006475369,0.1406011029774833
2019-08-02,0.1391806820011834,0.1473136361600436,0.1678118147142976,0.1294101587634879,0.1588684249013856,0.1616328667491229,0.1501749714723543
2019-08-05,0.1445700648922736,0.1475347456358048,0.1683611975305995,0.1393862773739929,0.1585095451302394,0.1708099844354919,0.1501456491476353
2019-08-06,0.1206462544185989,0.148875320971374,0.1722657756050739,0.1391512933274086,0.15465720122594,0.1704749640511131,0.1479510981249973
2019-08-07,0.1272276574016158,0.1564567337005319,0.1838332571702163,0.1546646036209229,0.1567428780159024,0.1871086352205136,0.1488335036278379
2019-08-08,0.128132298766273,0.1567256214824859,0.1871576167976711,0.1548181128879445,0.1554525399215913,0.1874541226570342,0.1504628256013782
2019-08-09,0.1397406866091735,0.1568411030606155,0.1871909871468461,0.1588357274495809,0.1496910166842061,0.1909116198811298,0.1486252451678767
2019-08-12,0.1389114010045355,0.1577448707090498,0.189321360072894,0.1675526253778123,0.1585969559233679,0.2024788917282729,0.1509776509152777
2019-08-13,0.1390137580833996,0.1623562546631148,0.1989543985932127,0.1929552157671126,0.1574341018409179,0.2251990240425592,0.1565068658716827
2019-08-14,0.1398628632009792,0.1622363557876974,0.197739781931633,0.1937168764159772,0.1615774497523032,0.2252083439742374,0.159353035796432
2019-08-15,0.1407890577164852,0.1656133834453641,0.2053921461271844,0.2011293959855691,0.1684469515575472,0.2341213423860983,0.1596748013650163
2019-08-16,0.1563105017401901,0.1706621444858409,0.2110584948366305,0.2056672109749042,0.1904132705683082,0.2392734746667894,0.1497313784111547
2019-08-19,0.1535971499721344,0.1717132449103257,0.2107350980180071,0.2062722967666137,0.1837399369924812,0.2390850748531584,0.1327122009288135
2019-08-20,0.1474656332490818,0.1773789479957365,0.2165026445561714,0.2083227008582267,0.1814120271783205,0.2399601471733991,0.1327517269629898
2019-08-21,0.1466433119710661,0.177613249287854,0.2069026820987612,0.2065169981443736,0.1804633117565927,0.238875906193285,0.1269945406647898
2019-08-22,0.144875750290836,0.1769907438584073,0.2080541657911202,0.2218479149256134,0.1819397611769489,0.2552258866648637,0.1269460561794053
2019-08-23,0.1485262485605842,0.177177694563523,0.2066716468540133,0.2262969199032477,0.187578762847222,0.2597703116184723,0.1424426319704218
2019-08-26,0.1561432338481697,0.1734289992471814,0.2073664219608254,0.2239006724354525,0.1879701240470073,0.2555019563881796,0.1487700724559642
2019-08-27,0.1563213827691091,0.1587714581838952,0.2071930162335114,0.2259359039140866,0.1870576801259577,0.2564054091988358,0.1492960565961519
2019-08-28,0.1554751978423442,0.1648018025893332,0.2008278566382872,0.2312894422569396,0.1879047169547624,0.2629162903178977,0.1475147679253499
2019-08-29,0.1541496547528374,0.1649926128670123,0.2029108981614764,0.2288366811295463,0.1857694595521994,0.2603883596654366,0.1537189335267869
2019-08-30,0.1585270461259193,0.1703767474301723,0.2018919077283997,0.2269826860153083,0.185188068626962,0.2593198990704432,0.1536071630172175
2019-09-02,0.1501172978066921,0.1517563048150954,0.1711395349191714,0.2268456621028598,0.1704956909777162,0.2582142154347995,0.1375803368258626
2019-09-03,0.1393716111697607,0.1266474429612213,0.1609235834251456,0.2033854918201103,0.1949824906138455,0.2308267553211058,0.1245364956073648
2019-09-04,0.1261832118593663,0.1254859933374058,0.1591454992506393,0.2033806807884585,0.1932774269804107,0.233448444865844,0.1412318674398054
2019-09-05,0.124114415348235,0.1250441750007059,0.1586064381443536,0.2033753646128641,0.1942193034717405,0.2335768223155711,0.1410273582040167
2019-09-06,0.1236329649518926,0.1201479521470177,0.1500541858950592,0.1941225938897209,0.193866834581748,0.2217543798651884,0.1415208673193585
2019-09-09,0.119006616147072,0.1202644227310313,0.1412786844358522,0.1924214028527865,0.1918607808481065,0.2187765100800601,0.1413217328066564
2019-09-10,0.1157962702256849,0.1235772039143193,0.141778100083654,0.1874982446775845,0.198417621134132,0.216266192081372,0.1437689340519438
2019-09-11,0.1117593277095182,0.1232254396752597,0.1413721461529071,0.1816596022612764,0.1811402726327877,0.2072701310073681,0.1370399585519346
2019-09-12,0.1124173662361428,0.111508619069541,0.1112005930062433,0.1450974056612965,0.1822840057650314,0.174853560572966,0.1375092459749505
2019-09-13,0.1130453723634935,0.1056856603576981,0.1113352059442806,0.1463915273807,0.1859952823730919,0.1753916934312274,0.1273854987627821
2019-09-16,0.1333139513260279,0.1040115766254686,0.1070753012571038,0.1401159698340117,0.1913312129987275,0.1680966213464397,0.1273991595909125
2019-09-17,0.1163927352189069,0.0993297656990084,0.101073976054132,0.1353817729211453,0.1784136311784674,0.16296845821923,0.1278943313359963
2019-09-18,0.1164049599028528,0.0942771624220557,0.0973573918092857,0.1315005673720149,0.1823941096055764,0.1606316628645488,0.1276156817952368
2019-09-19,0.1162536847612624,0.0883800449638315,0.0910129907135838,0.1311227094626012,0.1824377272202188,0.1611992869022409,0.1260945434137333
2019-09-20,0.1228904699129619,0.0796417868599235,0.0977349713789667,0.1310721272809816,0.1822344568119218,0.1605954562691634,0.1262195643150735
2019-09-23,0.1224045814878076,0.0797128655993267,0.0867196608762947,0.0954852631263432,0.1816174614056414,0.129963791736619,0.1263873935768533
