Analysis,Horizon,Index,Loss,Model_A,Model_B,Part_A,Family_A,Part_B,Family_B,N,Start,End,Mean_Loss_A,Mean_Loss_B,Mean_Diff,Direction,DM_Stat,Ref_Dist,HAC_Kernel,HAC_Lag,HAC_Lag_Rule,LongRun_Var,P_Raw,Correction,Test_Family,Family_Size,P_Adj,Alpha,Significant,Status
benchmark,1day,^GSPC,QLIKE,GARCH,Persistence,1,Econometric,1,Benchmark,787,2022-12-21,2025-12-29,-1.0619697513731352,-1.0756059504968531,0.013636199123717873,B_lower,6.045089459776443,t(T-1),Bartlett,21,auto_floor_h-1,0.004004570434677026,2.305859097858248e-09,holm,benchmark|QLIKE|auto_floor_h-1,252,5.557120425838378e-07,0.05,True,tested
benchmark,1day,^GSPC,QLIKE,EGARCH,Persistence,1,Econometric,1,Benchmark,787,2022-12-21,2025-12-29,-1.0616031198101008,-1.0756059504968531,0.014002830686752442,B_lower,5.243866527511068,t(T-1),Bartlett,21,auto_floor_h-1,0.005611812467241581,2.0230929994731666e-07,holm,benchmark|QLIKE|auto_floor_h-1,252,4.673344828783015e-05,0.05,True,tested
benchmark,1day,^GSPC,QLIKE,GJRGARCH,Persistence,1,Econometric,1,Benchmark,787,2022-12-21,2025-12-29,-1.0566628145007584,-1.0756059504968531,0.01894313599609485,B_lower,6.012256555910928,t(T-1),Bartlett,20,auto_floor_h-1,0.007812741903477229,2.7999026591509385e-09,holm,benchmark|QLIKE|auto_floor_h-1,252,6.719766381962252e-07,0.05,True,tested
benchmark,1day,^GSPC,QLIKE,LinearRegression,Persistence,1,Machine Learning,1,Benchmark,787,2022-12-21,2025-12-29,-1.0755152348697343,-1.0756059504968531,9.071562711878511e-05,B_lower,2.16310684908207,t(T-1),Bartlett,28,auto_floor_h-1,1.3841495054950619e-06,0.030833768358804265,holm,benchmark|QLIKE|auto_floor_h-1,252,1.0,0.05,False,tested
benchmark,1day,^GSPC,QLIKE,RandomForest,Persistence,1,Machine Learning,1,Benchmark,787,2022-12-21,2025-12-29,-1.074797769064517,-1.0756059504968531,0.0008081814323360936,B_lower,4.085862014162335,t(T-1),Bartlett,8,auto_floor_h-1,3.0791091039217855e-05,4.842062747109162e-05,holm,benchmark|QLIKE|auto_floor_h-1,252,0.009490442984333958,0.05,True,tested
benchmark,1day,^GSPC,QLIKE,XGBoost,Persistence,1,Machine Learning,1,Benchmark,787,2022-12-21,2025-12-29,-1.0738749137751105,-1.0756059504968531,0.001731036721742625,B_lower,5.662501313382976,t(T-1),Bartlett,8,auto_floor_h-1,7.354796535259161e-05,2.0919753681091813e-08,holm,benchmark|QLIKE|auto_floor_h-1,252,4.95798162241876e-06,0.05,True,tested
benchmark,1day,^GSPC,QLIKE,LSTM,Persistence,2,Deep Learning,1,Benchmark,787,2022-12-21,2025-12-29,-1.0734883359449896,-1.0756059504968531,0.002117614551863494,B_lower,4.481145984700579,t(T-1),Bartlett,15,auto_floor_h-1,0.00017574799251218393,8.52720330594026e-06,holm,benchmark|QLIKE|auto_floor_h-1,252,0.0017736582876355742,0.05,True,tested
benchmark,1day,^GSPC,QLIKE,GRU,Persistence,2,Deep Learning,1,Benchmark,787,2022-12-21,2025-12-29,-1.0716790114467967,-1.0756059504968531,0.003926939050056308,B_lower,7.6702044932583,t(T-1),Bartlett,14,auto_floor_h-1,0.00020628572141514042,5.080390708039623e-14,holm,benchmark|QLIKE|auto_floor_h-1,252,1.265017286301866e-11,0.05,True,tested
benchmark,1day,^GSPC,QLIKE,Transformer,Persistence,2,Deep Learning,1,Benchmark,787,2022-12-21,2025-12-29,-1.0125941218967809,-1.0756059504968531,0.06301182860007212,B_lower,4.8338450269875715,t(T-1),Bartlett,25,auto_floor_h-1,0.13373141896098228,1.6108772330444298e-06,holm,benchmark|QLIKE|auto_floor_h-1,252,0.000356003868502819,0.05,True,tested
benchmark,1day,^GSPC,QLIKE,GARCHLSTM,Persistence,3,Hybrid,1,Benchmark,787,2022-12-21,2025-12-29,-1.0748772690568391,-1.0756059504968531,0.0007286814400141016,B_lower,3.3136697226348586,t(T-1),Bartlett,11,auto_floor_h-1,3.805675102160953e-05,0.0009629468349118128,holm,benchmark|QLIKE|auto_floor_h-1,252,0.16081212143027274,0.05,False,tested
benchmark,1day,^GSPC,QLIKE,GARCHGRU,Persistence,3,Hybrid,1,Benchmark,787,2022-12-21,2025-12-29,-1.0684905432592864,-1.0756059504968531,0.007115407237566801,B_lower,4.587769339980731,t(T-1),Bartlett,21,auto_floor_h-1,0.001893089319980117,5.212507986677194e-06,holm,benchmark|QLIKE|auto_floor_h-1,252,0.001099839185188888,0.05,True,tested
benchmark,1day,^GSPC,QLIKE,GARCHTransformer,Persistence,3,Hybrid,1,Benchmark,787,2022-12-21,2025-12-29,-1.0111344424337492,-1.0756059504968531,0.06447150806310378,B_lower,4.835055608127041,t(T-1),Bartlett,24,auto_floor_h-1,0.13992890762197158,1.601386931202166e-06,holm,benchmark|QLIKE|auto_floor_h-1,252,0.00035550789872688086,0.05,True,tested
benchmark,1day,^GSPC,QLIKE,GARCH,Persistence,1,Econometric,1,Benchmark,787,2022-12-21,2025-12-29,-1.0619697513731352,-1.0756059504968531,0.013636199123717873,B_lower,6.045089459776443,t(T-1),Bartlett,21,fixed_21,0.004004570434677026,2.305859097858248e-09,holm,benchmark|QLIKE|fixed_21,252,5.603237607795542e-07,0.05,True,tested
benchmark,1day,^GSPC,QLIKE,EGARCH,Persistence,1,Econometric,1,Benchmark,787,2022-12-21,2025-12-29,-1.0616031198101008,-1.0756059504968531,0.014002830686752442,B_lower,5.243866527511068,t(T-1),Bartlett,21,fixed_21,0.005611812467241581,2.0230929994731666e-07,holm,benchmark|QLIKE|fixed_21,252,4.693575758777747e-05,0.05,True,tested
benchmark,1day,^GSPC,QLIKE,GJRGARCH,Persistence,1,Econometric,1,Benchmark,787,2022-12-21,2025-12-29,-1.0566628145007584,-1.0756059504968531,0.01894313599609485,B_lower,5.986716724752426,t(T-1),Bartlett,21,fixed_21,0.007879543703898598,3.2542535259962963e-09,holm,benchmark|QLIKE|fixed_21,252,7.842750997651074e-07,0.05,True,tested
benchmark,1day,^GSPC,QLIKE,LinearRegression,Persistence,1,Machine Learning,1,Benchmark,787,2022-12-21,2025-12-29,-1.0755152348697343,-1.0756059504968531,9.071562711878511e-05,B_lower,2.1975704229843633,t(T-1),Bartlett,21,fixed_21,1.341075857186377e-06,0.02827075454310473,holm,benchmark|QLIKE|fixed_21,252,1.0,0.05,False,tested
benchmark,1day,^GSPC,QLIKE,RandomForest,Persistence,1,Machine Learning,1,Benchmark,787,2022-12-21,2025-12-29,-1.074797769064517,-1.0756059504968531,0.0008081814323360936,B_lower,4.124214630839322,t(T-1),Bartlett,21,fixed_21,3.0221078024253468e-05,4.116209989865244e-05,holm,benchmark|QLIKE|fixed_21,252,0.008026609480237226,0.05,True,tested
benchmark,1day,^GSPC,QLIKE,XGBoost,Persistence,1,Machine Learning,1,Benchmark,787,2022-12-21,2025-12-29,-1.0738749137751105,-1.0756059504968531,0.001731036721742625,B_lower,5.635445553860614,t(T-1),Bartlett,21,fixed_21,7.425586778472473e-05,2.433485408781452e-08,holm,benchmark|QLIKE|fixed_21,252,5.7673604188120406e-06,0.05,True,tested
benchmark,1day,^GSPC,QLIKE,LSTM,Persistence,2,Deep Learning,1,Benchmark,787,2022-12-21,2025-12-29,-1.0734883359449896,-1.0756059504968531,0.002117614551863494,B_lower,4.302046364698626,t(T-1),Bartlett,21,fixed_21,0.00019068581375052907,1.9055288488523776e-05,holm,benchmark|QLIKE|fixed_21,252,0.003830112986193279,0.05,True,tested
benchmark,1day,^GSPC,QLIKE,GRU,Persistence,2,Deep Learning,1,Benchmark,787,2022-12-21,2025-12-29,-1.0716790114467967,-1.0756059504968531,0.003926939050056308,B_lower,7.444304279295483,t(T-1),Bartlett,21,fixed_21,0.0002189953135873695,2.5631270562089566e-13,holm,benchmark|QLIKE|fixed_21,252,6.382186369960302e-11,0.05,True,tested
benchmark,1day,^GSPC,QLIKE,Transformer,Persistence,2,Deep Learning,1,Benchmark,787,2022-12-21,2025-12-29,-1.0125941218967809,-1.0756059504968531,0.06301182860007212,B_lower,5.0133449934931305,t(T-1),Bartlett,21,fixed_21,0.12432650211888463,6.613950423285838e-07,holm,benchmark|QLIKE|fixed_21,252,0.00015013667460858851,0.05,True,tested
benchmark,1day,^GSPC,QLIKE,GARCHLSTM,Persistence,3,Hybrid,1,Benchmark,787,2022-12-21,2025-12-29,-1.0748772690568391,-1.0756059504968531,0.0007286814400141016,B_lower,3.123313181585144,t(T-1),Bartlett,21,fixed_21,4.283700312398585e-05,0.0018538579539412988,holm,benchmark|QLIKE|fixed_21,252,0.291675290485604,0.05,False,tested
benchmark,1day,^GSPC,QLIKE,GARCHGRU,Persistence,3,Hybrid,1,Benchmark,787,2022-12-21,2025-12-29,-1.0684905432592864,-1.0756059504968531,0.007115407237566801,B_lower,4.587769339980731,t(T-1),Bartlett,21,fixed_21,0.001893089319980117,5.212507986677194e-06,holm,benchmark|QLIKE|fixed_21,252,0.001099839185188888,0.05,True,tested
benchmark,1day,^GSPC,QLIKE,GARCHTransformer,Persistence,3,Hybrid,1,Benchmark,787,2022-12-21,2025-12-29,-1.0111344424337492,-1.0756059504968531,0.06447150806310378,B_lower,4.949708726683281,t(T-1),Bartlett,21,fixed_21,0.13352146980639132,9.097521358375015e-07,holm,benchmark|QLIKE|fixed_21,252,0.00020378447842760034,0.05,True,tested
benchmark,1day,^GSPC,SquaredError,GARCH,Persistence,1,Econometric,1,Benchmark,787,2022-12-21,2025-12-29,0.0008000606970399063,0.00011955479728427842,0.000680505899755628,B_lower,2.4858458453971664,t(T-1),Bartlett,21,auto_floor_h-1,5.8978012790791894e-05,0.013131157367649977,holm,benchmark|SquaredError|auto_floor_h-1,252,1.0,0.05,False,tested
benchmark,1day,^GSPC,SquaredError,EGARCH,Persistence,1,Econometric,1,Benchmark,787,2022-12-21,2025-12-29,0.001032778631349167,0.00011955479728427842,0.0009132238340648883,B_lower,1.8218046180074172,t(T-1),Bartlett,23,auto_floor_h-1,0.0001977541518183989,0.068864565963227,holm,benchmark|SquaredError|auto_floor_h-1,252,1.0,0.05,False,tested
benchmark,1day,^GSPC,SquaredError,GJRGARCH,Persistence,1,Econometric,1,Benchmark,787,2022-12-21,2025-12-29,0.0014667190781065462,0.00011955479728427842,0.0013471642808222679,B_lower,2.428016655402024,t(T-1),Bartlett,21,auto_floor_h-1,0.00024227718994181472,0.015405130049826537,holm,benchmark|SquaredError|auto_floor_h-1,252,1.0,0.05,False,tested
benchmark,1day,^GSPC,SquaredError,LinearRegression,Persistence,1,Machine Learning,1,Benchmark,787,2022-12-21,2025-12-29,0.00011669015811427044,0.00011955479728427842,-2.864639170008001e-06,A_lower,-0.5138982664804228,t(T-1),Bartlett,13,auto_floor_h-1,2.4454583977933097e-08,0.607467556996091,holm,benchmark|SquaredError|auto_floor_h-1,252,1.0,0.05,False,tested
benchmark,1day,^GSPC,SquaredError,RandomForest,Persistence,1,Machine Learning,1,Benchmark,787,2022-12-21,2025-12-29,0.0001639047342755886,0.00011955479728427842,4.434993699131018e-05,B_lower,3.651246781036999,t(T-1),Bartlett,9,auto_floor_h-1,1.161123386704275e-07,0.00027825003182022556,holm,benchmark|SquaredError|auto_floor_h-1,252,0.06511050744593277,0.05,False,tested
benchmark,1day,^GSPC,SquaredError,XGBoost,Persistence,1,Machine Learning,1,Benchmark,787,2022-12-21,2025-12-29,0.00019697957559683337,0.00011955479728427842,7.74247783125549e-05,B_lower,3.951063287320078,t(T-1),Bartlett,16,auto_floor_h-1,3.0220851795784076e-07,8.480286961858776e-05,holm,benchmark|SquaredError|auto_floor_h-1,252,0.020183082969223887,0.05,True,tested
benchmark,1day,^GSPC,SquaredError,LSTM,Persistence,2,Deep Learning,1,Benchmark,787,2022-12-21,2025-12-29,0.00017674052160763953,0.00011955479728427842,5.718572432336108e-05,B_lower,2.9170897447165727,t(T-1),Bartlett,11,auto_floor_h-1,3.0244778208072866e-07,0.0036338084171325387,holm,benchmark|SquaredError|auto_floor_h-1,252,0.7703673844320982,0.05,False,tested
benchmark,1day,^GSPC,SquaredError,GRU,Persistence,2,Deep Learning,1,Benchmark,787,2022-12-21,2025-12-29,0.00032250946516426676,0.00011955479728427842,0.00020295466787998836,B_lower,3.098972291864912,t(T-1),Bartlett,17,auto_floor_h-1,3.375494733356497e-06,0.0020111093068278327,holm,benchmark|SquaredError|auto_floor_h-1,252,0.4404329381952954,0.05,False,tested
benchmark,1day,^GSPC,SquaredError,Transformer,Persistence,2,Deep Learning,1,Benchmark,787,2022-12-21,2025-12-29,0.0029620614067195445,0.00011955479728427842,0.002842506609435266,B_lower,2.1299174339578437,t(T-1),Bartlett,25,auto_floor_h-1,0.001401690603492202,0.03348847022490285,holm,benchmark|SquaredError|auto_floor_h-1,252,1.0,0.05,False,tested
benchmark,1day,^GSPC,SquaredError,GARCHLSTM,Persistence,3,Hybrid,1,Benchmark,787,2022-12-21,2025-12-29,0.00013094823825156847,0.00011955479728427842,1.1393440967290022e-05,B_lower,0.9049725178232637,t(T-1),Bartlett,35,auto_floor_h-1,1.2474230472564935e-07,0.36575724876819454,holm,benchmark|SquaredError|auto_floor_h-1,252,1.0,0.05,False,tested
benchmark,1day,^GSPC,SquaredError,GARCHGRU,Persistence,3,Hybrid,1,Benchmark,787,2022-12-21,2025-12-29,0.000520502011892534,0.00011955479728427842,0.00040094721460825556,B_lower,2.182152751248974,t(T-1),Bartlett,23,auto_floor_h-1,2.6569222013803747e-05,0.029393681848842116,holm,benchmark|SquaredError|auto_floor_h-1,252,1.0,0.05,False,tested
benchmark,1day,^GSPC,SquaredError,GARCHTransformer,Persistence,3,Hybrid,1,Benchmark,787,2022-12-21,2025-12-29,0.002975756067744016,0.00011955479728427842,0.0028562012704597376,B_lower,2.0940580112661515,t(T-1),Bartlett,25,auto_floor_h-1,0.0014641141266512549,0.03657457584014968,holm,benchmark|SquaredError|auto_floor_h-1,252,1.0,0.05,False,tested
benchmark,1day,^GSPC,SquaredError,GARCH,Persistence,1,Econometric,1,Benchmark,787,2022-12-21,2025-12-29,0.0008000606970399063,0.00011955479728427842,0.000680505899755628,B_lower,2.4858458453971664,t(T-1),Bartlett,21,fixed_21,5.8978012790791894e-05,0.013131157367649977,holm,benchmark|SquaredError|fixed_21,252,1.0,0.05,False,tested
benchmark,1day,^GSPC,SquaredError,EGARCH,Persistence,1,Econometric,1,Benchmark,787,2022-12-21,2025-12-29,0.001032778631349167,0.00011955479728427842,0.0009132238340648883,B_lower,1.835809464443046,t(T-1),Bartlett,21,fixed_21,0.00019474844488510072,0.06676344652925245,holm,benchmark|SquaredError|fixed_21,252,1.0,0.05,False,tested
benchmark,1day,^GSPC,SquaredError,GJRGARCH,Persistence,1,Econometric,1,Benchmark,787,2022-12-21,2025-12-29,0.0014667190781065462,0.00011955479728427842,0.0013471642808222679,B_lower,2.428016655402024,t(T-1),Bartlett,21,fixed_21,0.00024227718994181472,0.015405130049826537,holm,benchmark|SquaredError|fixed_21,252,1.0,0.05,False,tested
benchmark,1day,^GSPC,SquaredError,LinearRegression,Persistence,1,Machine Learning,1,Benchmark,787,2022-12-21,2025-12-29,0.00011669015811427044,0.00011955479728427842,-2.864639170008001e-06,A_lower,-0.5323559549312811,t(T-1),Bartlett,21,fixed_21,2.278821726895448e-08,0.5946299353708503,holm,benchmark|SquaredError|fixed_21,252,1.0,0.05,False,tested
benchmark,1day,^GSPC,SquaredError,RandomForest,Persistence,1,Machine Learning,1,Benchmark,787,2022-12-21,2025-12-29,0.0001639047342755886,0.00011955479728427842,4.434993699131018e-05,B_lower,3.2052724431201223,t(T-1),Bartlett,21,fixed_21,1.5067140814957028e-07,0.0014038561853428877,holm,benchmark|SquaredError|fixed_21,252,0.3116560731461211,0.05,False,tested
benchmark,1day,^GSPC,SquaredError,XGBoost,Persistence,1,Machine Learning,1,Benchmark,787,2022-12-21,2025-12-29,0.00019697957559683337,0.00011955479728427842,7.74247783125549e-05,B_lower,3.850962185079129,t(T-1),Bartlett,21,fixed_21,3.181238028270255e-07,0.00012722781597282473,holm,benchmark|SquaredError|fixed_21,252,0.02989853675361381,0.05,True,tested
benchmark,1day,^GSPC,SquaredError,LSTM,Persistence,2,Deep Learning,1,Benchmark,787,2022-12-21,2025-12-29,0.00017674052160763953,0.00011955479728427842,5.718572432336108e-05,B_lower,2.971870637117126,t(T-1),Bartlett,21,fixed_21,2.9140042638509213e-07,0.003050219757078347,holm,benchmark|SquaredError|fixed_21,252,0.6496968082576879,0.05,False,tested
benchmark,1day,^GSPC,SquaredError,GRU,Persistence,2,Deep Learning,1,Benchmark,787,2022-12-21,2025-12-29,0.00032250946516426676,0.00011955479728427842,0.00020295466787998836,B_lower,3.0319105492725464,t(T-1),Bartlett,21,fixed_21,3.526468857161636e-06,0.0025099355990867243,holm,benchmark|SquaredError|fixed_21,252,0.537126218204559,0.05,False,tested
benchmark,1day,^GSPC,SquaredError,Transformer,Persistence,2,Deep Learning,1,Benchmark,787,2022-12-21,2025-12-29,0.0029620614067195445,0.00011955479728427842,0.002842506609435266,B_lower,2.2147433496856204,t(T-1),Bartlett,21,fixed_21,0.0012963757131240938,0.02706377036344419,holm,benchmark|SquaredError|fixed_21,252,1.0,0.05,False,tested
benchmark,1day,^GSPC,SquaredError,GARCHLSTM,Persistence,3,Hybrid,1,Benchmark,787,2022-12-21,2025-12-29,0.00013094823825156847,0.00011955479728427842,1.1393440967290022e-05,B_lower,0.8819758820184462,t(T-1),Bartlett,21,fixed_21,1.313321719516831e-07,0.37805948486421564,holm,benchmark|SquaredError|fixed_21,252,1.0,0.05,False,tested
benchmark,1day,^GSPC,SquaredError,GARCHGRU,Persistence,3,Hybrid,1,Benchmark,787,2022-12-21,2025-12-29,0.000520502011892534,0.00011955479728427842,0.00040094721460825556,B_lower,2.1994246665072374,t(T-1),Bartlett,21,fixed_21,2.6153568321007434e-05,0.028138230715479964,holm,benchmark|SquaredError|fixed_21,252,1.0,0.05,False,tested
benchmark,1day,^GSPC,SquaredError,GARCHTransformer,Persistence,3,Hybrid,1,Benchmark,787,2022-12-21,2025-12-29,0.002975756067744016,0.00011955479728427842,0.0028562012704597376,B_lower,2.168772065530614,t(T-1),Bartlett,21,fixed_21,0.0013649744645672125,0.0303992031859506,holm,benchmark|SquaredError|fixed_21,252,1.0,0.05,False,tested
benchmark,1day,^IXIC,QLIKE,GARCH,Persistence,1,Econometric,1,Benchmark,787,2022-12-21,2025-12-29,-0.7451416739895358,-0.7525226310381478,0.007380957048611852,B_lower,5.425950113367737,t(T-1),Bartlett,20,auto_floor_h-1,0.0014562921064559592,7.682030925267347e-08,holm,benchmark|QLIKE|auto_floor_h-1,252,1.797595236512559e-05,0.05,True,tested
benchmark,1day,^IXIC,QLIKE,EGARCH,Persistence,1,Econometric,1,Benchmark,787,2022-12-21,2025-12-29,-0.7427591213401395,-0.7525226310381478,0.009763509698008278,B_lower,3.8040814672498677,t(T-1),Bartlett,22,auto_floor_h-1,0.005184263151934557,0.00015337373501128534,holm,benchmark|QLIKE|auto_floor_h-1,252,0.028067393507065216,0.05,True,tested
benchmark,1day,^IXIC,QLIKE,GJRGARCH,Persistence,1,Econometric,1,Benchmark,787,2022-12-21,2025-12-29,-0.7319366587329217,-0.7525226310381478,0.020585972305226064,B_lower,6.568498431202113,t(T-1),Bartlett,20,auto_floor_h-1,0.007730103337028024,9.239863799186704e-11,holm,benchmark|QLIKE|auto_floor_h-1,252,2.2637666308007424e-08,0.05,True,tested
benchmark,1day,^IXIC,QLIKE,LinearRegression,Persistence,1,Machine Learning,1,Benchmark,787,2022-12-21,2025-12-29,-0.7524645398068696,-0.7525226310381478,5.809123127828061e-05,B_lower,1.7428320957560823,t(T-1),Bartlett,18,auto_floor_h-1,8.743489589469235e-07,0.08175401571724529,holm,benchmark|QLIKE|auto_floor_h-1,252,1.0,0.05,False,tested
benchmark,1day,^IXIC,QLIKE,RandomForest,Persistence,1,Machine Learning,1,Benchmark,787,2022-12-21,2025-12-29,-0.7519856933178066,-0.7525226310381478,0.0005369377203412157,B_lower,3.6471431232973126,t(T-1),Bartlett,17,auto_floor_h-1,1.7057561610552798e-05,0.0002826543931414086,holm,benchmark|QLIKE|auto_floor_h-1,252,0.05059513637231214,0.05,False,tested
benchmark,1day,^IXIC,QLIKE,XGBoost,Persistence,1,Machine Learning,1,Benchmark,787,2022-12-21,2025-12-29,-0.7505081862697728,-0.7525226310381478,0.0020144447683750548,B_lower,4.074850822525689,t(T-1),Bartlett,21,auto_floor_h-1,0.00019233664359912412,5.0719552206958016e-05,holm,benchmark|QLIKE|auto_floor_h-1,252,0.009890312680356813,0.05,True,tested
benchmark,1day,^IXIC,QLIKE,LSTM,Persistence,2,Deep Learning,1,Benchmark,787,2022-12-21,2025-12-29,-0.7485684197944338,-0.7525226310381478,0.003954211243713968,B_lower,4.4569662898945515,t(T-1),Bartlett,22,auto_floor_h-1,0.0006194635642948688,9.520813563393466e-06,holm,benchmark|QLIKE|auto_floor_h-1,252,0.0019517667804956605,0.05,True,tested
benchmark,1day,^IXIC,QLIKE,GRU,Persistence,2,Deep Learning,1,Benchmark,787,2022-12-21,2025-12-29,-0.7503035306989608,-0.7525226310381478,0.0022191003391870893,B_lower,3.206680636974567,t(T-1),Bartlett,22,auto_floor_h-1,0.0003768922378666372,0.001397092098925109,holm,benchmark|QLIKE|auto_floor_h-1,252,0.22772601212479276,0.05,False,tested
benchmark,1day,^IXIC,QLIKE,Transformer,Persistence,2,Deep Learning,1,Benchmark,787,2022-12-21,2025-12-29,-0.681439717016551,-0.7525226310381478,0.07108291402159674,B_lower,4.416798651604636,t(T-1),Bartlett,25,auto_floor_h-1,0.20384026525172866,1.1420744529067148e-05,holm,benchmark|QLIKE|auto_floor_h-1,252,0.002318411139400631,0.05,True,tested
benchmark,1day,^IXIC,QLIKE,GARCHLSTM,Persistence,3,Hybrid,1,Benchmark,787,2022-12-21,2025-12-29,-0.7513197149238815,-0.7525226310381478,0.0012029161142663133,B_lower,4.550241421881647,t(T-1),Bartlett,12,auto_floor_h-1,5.500175391112191e-05,6.205569006247533e-06,holm,benchmark|QLIKE|auto_floor_h-1,252,0.0012969639223057343,0.05,True,tested
benchmark,1day,^IXIC,QLIKE,GARCHGRU,Persistence,3,Hybrid,1,Benchmark,787,2022-12-21,2025-12-29,-0.7503522807078232,-0.7525226310381478,0.002170350330324512,B_lower,6.293257974530412,t(T-1),Bartlett,10,auto_floor_h-1,9.360161591371833e-05,5.161772510120609e-10,holm,benchmark|QLIKE|auto_floor_h-1,252,1.254310719959308e-07,0.05,True,tested
benchmark,1day,^IXIC,QLIKE,GARCHTransformer,Persistence,3,Hybrid,1,Benchmark,787,2022-12-21,2025-12-29,-0.7022611164266779,-0.7525226310381478,0.05026151461146993,B_lower,5.23255211521483,t(T-1),Bartlett,24,auto_floor_h-1,0.07261373079937306,2.1465209877077435e-07,holm,benchmark|QLIKE|auto_floor_h-1,252,4.93699827172781e-05,0.05,True,tested
benchmark,1day,^IXIC,QLIKE,GARCH,Persistence,1,Econometric,1,Benchmark,787,2022-12-21,2025-12-29,-0.7451416739895358,-0.7525226310381478,0.007380957048611852,B_lower,5.418667384858388,t(T-1),Bartlett,21,fixed_21,0.0014602092714748605,7.989796422515844e-08,holm,benchmark|QLIKE|fixed_21,252,1.8696123628687073e-05,0.05,True,tested
benchmark,1day,^IXIC,QLIKE,EGARCH,Persistence,1,Econometric,1,Benchmark,787,2022-12-21,2025-12-29,-0.7427591213401395,-0.7525226310381478,0.009763509698008278,B_lower,3.815489823106987,t(T-1),Bartlett,21,fixed_21,0.005153307494258397,0.00014658086265288125,holm,benchmark|QLIKE|fixed_21,252,0.02711745959078303,0.05,True,tested
benchmark,1day,^IXIC,QLIKE,GJRGARCH,Persistence,1,Econometric,1,Benchmark,787,2022-12-21,2025-12-29,-0.7319366587329217,-0.7525226310381478,0.020585972305226064,B_lower,6.534611272741932,t(T-1),Bartlett,21,fixed_21,0.007810484690568604,1.1458508330886953e-10,holm,benchmark|QLIKE|fixed_21,252,2.7958760327364164e-08,0.05,True,tested
benchmark,1day,^IXIC,QLIKE,LinearRegression,Persistence,1,Machine Learning,1,Benchmark,787,2022-12-21,2025-12-29,-0.7524645398068696,-0.7525226310381478,5.809123127828061e-05,B_lower,1.74101605527745,t(T-1),Bartlett,21,fixed_21,8.761739636454968e-07,0.08207204688141692,holm,benchmark|QLIKE|fixed_21,252,1.0,0.05,False,tested
benchmark,1day,^IXIC,QLIKE,RandomForest,Persistence,1,Machine Learning,1,Benchmark,787,2022-12-21,2025-12-29,-0.7519856933178066,-0.7525226310381478,0.0005369377203412157,B_lower,3.5301724474919256,t(T-1),Bartlett,21,fixed_21,1.820667833969006e-05,0.0004394531012948651,holm,benchmark|QLIKE|fixed_21,252,0.07690429272660139,0.05,False,tested
benchmark,1day,^IXIC,QLIKE,XGBoost,Persistence,1,Machine Learning,1,Benchmark,787,2022-12-21,2025-12-29,-0.7505081862697728,-0.7525226310381478,0.0020144447683750548,B_lower,4.074850822525689,t(T-1),Bartlett,21,fixed_21,0.00019233664359912412,5.0719552206958016e-05,holm,benchmark|QLIKE|fixed_21,252,0.009788873575942898,0.05,True,tested
benchmark,1day,^IXIC,QLIKE,LSTM,Persistence,2,Deep Learning,1,Benchmark,787,2022-12-21,2025-12-29,-0.7485684197944338,-0.7525226310381478,0.003954211243713968,B_lower,4.491560795069209,t(T-1),Bartlett,21,fixed_21,0.000609957956696219,8.13054293673223e-06,holm,benchmark|QLIKE|fixed_21,252,0.001699283473777036,0.05,True,tested
benchmark,1day,^IXIC,QLIKE,GRU,Persistence,2,Deep Learning,1,Benchmark,787,2022-12-21,2025-12-29,-0.7503035306989608,-0.7525226310381478,0.0022191003391870893,B_lower,3.2297672570793923,t(T-1),Bartlett,21,fixed_21,0.0003715233868482804,0.0012904055145005876,holm,benchmark|QLIKE|fixed_21,252,0.21162650437809638,0.05,False,tested
benchmark,1day,^IXIC,QLIKE,Transformer,Persistence,2,Deep Learning,1,Benchmark,787,2022-12-21,2025-12-29,-0.681439717016551,-0.7525226310381478,0.07108291402159674,B_lower,4.591778683322607,t(T-1),Bartlett,21,fixed_21,0.18860069280958353,5.1159172827532285e-06,holm,benchmark|QLIKE|fixed_21,252,0.0010845744639436845,0.05,True,tested
benchmark,1day,^IXIC,QLIKE,GARCHLSTM,Persistence,3,Hybrid,1,Benchmark,787,2022-12-21,2025-12-29,-0.7513197149238815,-0.7525226310381478,0.0012029161142663133,B_lower,4.407434032987259,t(T-1),Bartlett,21,fixed_21,5.8623774369002654e-05,1.1913180913873298e-05,holm,benchmark|QLIKE|fixed_21,252,0.002430288906430153,0.05,True,tested
benchmark,1day,^IXIC,QLIKE,GARCHGRU,Persistence,3,Hybrid,1,Benchmark,787,2022-12-21,2025-12-29,-0.7503522807078232,-0.7525226310381478,0.002170350330324512,B_lower,5.904229272021996,t(T-1),Bartlett,21,fixed_21,0.00010634277494812434,5.2691457997230004e-09,holm,benchmark|QLIKE|fixed_21,252,1.2645949919335202e-06,0.05,True,tested
benchmark,1day,^IXIC,QLIKE,GARCHTransformer,Persistence,3,Hybrid,1,Benchmark,787,2022-12-21,2025-12-29,-0.7022611164266779,-0.7525226310381478,0.05026151461146993,B_lower,5.363855709718765,t(T-1),Bartlett,21,fixed_21,0.06910217270584784,1.0722390082130876e-07,holm,benchmark|QLIKE|fixed_21,252,2.498316889136494e-05,0.05,True,tested
benchmark,1day,^IXIC,SquaredError,GARCH,Persistence,1,Econometric,1,Benchmark,787,2022-12-21,2025-12-29,0.0010411044170440347,0.0001893099286995912,0.0008517944883444437,B_lower,2.028759386183098,t(T-1),Bartlett,21,auto_floor_h-1,0.00013873412495644355,0.042819438330040614,holm,benchmark|SquaredError|auto_floor_h-1,252,1.0,0.05,False,tested
benchmark,1day,^IXIC,SquaredError,EGARCH,Persistence,1,Econometric,1,Benchmark,787,2022-12-21,2025-12-29,0.0014386370799795547,0.0001893099286995912,0.0012493271512799633,B_lower,1.6393558699628346,t(T-1),Bartlett,23,auto_floor_h-1,0.0004570677815157884,0.10153931938488435,holm,benchmark|SquaredError|auto_floor_h-1,252,1.0,0.05,False,tested
benchmark,1day,^IXIC,SquaredError,GJRGARCH,Persistence,1,Econometric,1,Benchmark,787,2022-12-21,2025-12-29,0.002392046658290616,0.0001893099286995912,0.002202736729591025,B_lower,2.7523256451703353,t(T-1),Bartlett,22,auto_floor_h-1,0.0005040809509247599,0.006053745877746228,holm,benchmark|SquaredError|auto_floor_h-1,252,1.0,0.05,False,tested
benchmark,1day,^IXIC,SquaredError,LinearRegression,Persistence,1,Machine Learning,1,Benchmark,787,2022-12-21,2025-12-29,0.00018653117048177335,0.0001893099286995912,-2.778758217817834e-06,A_lower,-0.31832761529348524,t(T-1),Bartlett,9,auto_floor_h-1,5.996911239759628e-08,0.7503210002099647,holm,benchmark|SquaredError|auto_floor_h-1,252,1.0,0.05,False,tested
benchmark,1day,^IXIC,SquaredError,RandomForest,Persistence,1,Machine Learning,1,Benchmark,787,2022-12-21,2025-12-29,0.0002740739352502604,0.0001893099286995912,8.476400655066918e-05,B_lower,1.504171815319199,t(T-1),Bartlett,21,auto_floor_h-1,2.499210239856226e-06,0.1329388295491486,holm,benchmark|SquaredError|auto_floor_h-1,252,1.0,0.05,False,tested
benchmark,1day,^IXIC,SquaredError,XGBoost,Persistence,1,Machine Learning,1,Benchmark,787,2022-12-21,2025-12-29,0.00043615899164473293,0.0001893099286995912,0.00024684906294514177,B_lower,2.447743550249433,t(T-1),Bartlett,20,auto_floor_h-1,8.003977672655118e-06,0.01459313809852613,holm,benchmark|SquaredError|auto_floor_h-1,252,1.0,0.05,False,tested
benchmark,1day,^IXIC,SquaredError,LSTM,Persistence,2,Deep Learning,1,Benchmark,787,2022-12-21,2025-12-29,0.000496590569327038,0.0001893099286995912,0.00030728064062744676,B_lower,3.1858830995408907,t(T-1),Bartlett,19,auto_floor_h-1,7.321253748333419e-06,0.0015001188955892754,holm,benchmark|SquaredError|auto_floor_h-1,252,0.33302639482081914,0.05,False,tested
benchmark,1day,^IXIC,SquaredError,GRU,Persistence,2,Deep Learning,1,Benchmark,787,2022-12-21,2025-12-29,0.0004085139829543365,0.0001893099286995912,0.0002192040542547454,B_lower,2.600210212118529,t(T-1),Bartlett,19,auto_floor_h-1,5.593130825417137e-06,0.009491619790881771,holm,benchmark|SquaredError|auto_floor_h-1,252,1.0,0.05,False,tested
benchmark,1day,^IXIC,SquaredError,Transformer,Persistence,2,Deep Learning,1,Benchmark,787,2022-12-21,2025-12-29,0.005410386802292245,0.0001893099286995912,0.005221076873592654,B_lower,2.2310917178906746,t(T-1),Bartlett,25,auto_floor_h-1,0.004309829203531915,0.02595640754430133,holm,benchmark|SquaredError|auto_floor_h-1,252,1.0,0.05,False,tested
benchmark,1day,^IXIC,SquaredError,GARCHLSTM,Persistence,3,Hybrid,1,Benchmark,787,2022-12-21,2025-12-29,0.000276082010923077,0.0001893099286995912,8.677208222348577e-05,B_lower,3.50255501891207,t(T-1),Bartlett,19,auto_floor_h-1,4.830196941257333e-07,0.00048684056034998044,holm,benchmark|SquaredError|auto_floor_h-1,252,0.11148648832014552,0.05,False,tested
benchmark,1day,^IXIC,SquaredError,GARCHGRU,Persistence,3,Hybrid,1,Benchmark,787,2022-12-21,2025-12-29,0.0003858221366988333,0.0001893099286995912,0.0001965122079992422,B_lower,2.639013282574492,t(T-1),Bartlett,8,auto_floor_h-1,4.3638584092623245e-06,0.00847943071671643,holm,benchmark|SquaredError|auto_floor_h-1,252,1.0,0.05,False,tested
benchmark,1day,^IXIC,SquaredError,GARCHTransformer,Persistence,3,Hybrid,1,Benchmark,787,2022-12-21,2025-12-29,0.004116591390348294,0.0001893099286995912,0.003927281461648702,B_lower,2.417315948251242,t(T-1),Bartlett,25,auto_floor_h-1,0.0020772652348598724,0.015862048827461128,holm,benchmark|SquaredError|auto_floor_h-1,252,1.0,0.05,False,tested
benchmark,1day,^IXIC,SquaredError,GARCH,Persistence,1,Econometric,1,Benchmark,787,2022-12-21,2025-12-29,0.0010411044170440347,0.0001893099286995912,0.0008517944883444437,B_lower,2.028759386183098,t(T-1),Bartlett,21,fixed_21,0.00013873412495644355,0.042819438330040614,holm,benchmark|SquaredError|fixed_21,252,1.0,0.05,False,tested
benchmark,1day,^IXIC,SquaredError,EGARCH,Persistence,1,Econometric,1,Benchmark,787,2022-12-21,2025-12-29,0.0014386370799795547,0.0001893099286995912,0.0012493271512799633,B_lower,1.6563865873395383,t(T-1),Bartlett,21,fixed_21,0.0004477170969324496,0.09804266837923757,holm,benchmark|SquaredError|fixed_21,252,1.0,0.05,False,tested
benchmark,1day,^IXIC,SquaredError,GJRGARCH,Persistence,1,Econometric,1,Benchmark,787,2022-12-21,2025-12-29,0.002392046658290616,0.0001893099286995912,0.002202736729591025,B_lower,2.781447866232031,t(T-1),Bartlett,21,fixed_21,0.0004935805879520112,0.005541285807937911,holm,benchmark|SquaredError|fixed_21,252,1.0,0.05,False,tested
benchmark,1day,^IXIC,SquaredError,LinearRegression,Persistence,1,Machine Learning,1,Benchmark,787,2022-12-21,2025-12-29,0.00018653117048177335,0.0001893099286995912,-2.778758217817834e-06,A_lower,-0.3321768874680839,t(T-1),Bartlett,21,fixed_21,5.5072834539378245e-08,0.7398442570323024,holm,benchmark|SquaredError|fixed_21,252,1.0,0.05,False,tested
benchmark,1day,^IXIC,SquaredError,RandomForest,Persistence,1,Machine Learning,1,Benchmark,787,2022-12-21,2025-12-29,0.0002740739352502604,0.0001893099286995912,8.476400655066918e-05,B_lower,1.504171815319199,t(T-1),Bartlett,21,fixed_21,2.499210239856226e-06,0.1329388295491486,holm,benchmark|SquaredError|fixed_21,252,1.0,0.05,False,tested
benchmark,1day,^IXIC,SquaredError,XGBoost,Persistence,1,Machine Learning,1,Benchmark,787,2022-12-21,2025-12-29,0.00043615899164473293,0.0001893099286995912,0.00024684906294514177,B_lower,2.422253594548393,t(T-1),Bartlett,21,fixed_21,8.173319576348174e-06,0.01564974880708518,holm,benchmark|SquaredError|fixed_21,252,1.0,0.05,False,tested
benchmark,1day,^IXIC,SquaredError,LSTM,Persistence,2,Deep Learning,1,Benchmark,787,2022-12-21,2025-12-29,0.000496590569327038,0.0001893099286995912,0.00030728064062744676,B_lower,3.167392879231569,t(T-1),Bartlett,21,fixed_21,7.4069814921444265e-06,0.0015975587677735826,holm,benchmark|SquaredError|fixed_21,252,0.348267811374641,0.05,False,tested
benchmark,1day,^IXIC,SquaredError,GRU,Persistence,2,Deep Learning,1,Benchmark,787,2022-12-21,2025-12-29,0.0004085139829543365,0.0001893099286995912,0.0002192040542547454,B_lower,2.5826461819880713,t(T-1),Bartlett,21,fixed_21,5.669464909950423e-06,0.009984285346114731,holm,benchmark|SquaredError|fixed_21,252,1.0,0.05,False,tested
benchmark,1day,^IXIC,SquaredError,Transformer,Persistence,2,Deep Learning,1,Benchmark,787,2022-12-21,2025-12-29,0.005410386802292245,0.0001893099286995912,0.005221076873592654,B_lower,2.319689009995445,t(T-1),Bartlett,21,fixed_21,0.003986900322115119,0.02061306910432411,holm,benchmark|SquaredError|fixed_21,252,1.0,0.05,False,tested
benchmark,1day,^IXIC,SquaredError,GARCHLSTM,Persistence,3,Hybrid,1,Benchmark,787,2022-12-21,2025-12-29,0.000276082010923077,0.0001893099286995912,8.677208222348577e-05,B_lower,3.69074058781295,t(T-1),Bartlett,21,fixed_21,4.3501850226201673e-07,0.00023903380713623826,holm,benchmark|SquaredError|fixed_21,252,0.055933910869879755,0.05,False,tested
benchmark,1day,^IXIC,SquaredError,GARCHGRU,Persistence,3,Hybrid,1,Benchmark,787,2022-12-21,2025-12-29,0.0003858221366988333,0.0001893099286995912,0.0001965122079992422,B_lower,2.456989752343614,t(T-1),Bartlett,21,fixed_21,5.034392976849287e-06,0.014225734843433724,holm,benchmark|SquaredError|fixed_21,252,1.0,0.05,False,tested
benchmark,1day,^IXIC,SquaredError,GARCHTransformer,Persistence,3,Hybrid,1,Benchmark,787,2022-12-21,2025-12-29,0.004116591390348294,0.0001893099286995912,0.003927281461648702,B_lower,2.500617998701633,t(T-1),Bartlett,21,fixed_21,0.0019411722841995121,0.012600232148528663,holm,benchmark|SquaredError|fixed_21,252,1.0,0.05,False,tested
benchmark,1day,^FTSE,QLIKE,GARCH,Persistence,1,Econometric,1,Benchmark,787,2022-12-21,2025-12-29,-1.3227667605883267,-1.3478297122117193,0.025062951623392924,B_lower,7.1740254232282785,t(T-1),Bartlett,22,auto_floor_h-1,0.009605353249446377,1.6849754768413076e-12,holm,benchmark|QLIKE|auto_floor_h-1,252,4.1618894277980297e-10,0.05,True,tested
benchmark,1day,^FTSE,QLIKE,EGARCH,Persistence,1,Econometric,1,Benchmark,787,2022-12-21,2025-12-29,-1.3311253195292125,-1.3478297122117193,0.016704392682506987,B_lower,5.177250442339786,t(T-1),Bartlett,20,auto_floor_h-1,0.008192902112994421,2.8625145137906295e-07,holm,benchmark|QLIKE|auto_floor_h-1,252,6.555158236580541e-05,0.05,True,tested
benchmark,1day,^FTSE,QLIKE,GJRGARCH,Persistence,1,Econometric,1,Benchmark,787,2022-12-21,2025-12-29,-1.3247724315422282,-1.3478297122117193,0.02305728066949147,B_lower,8.124982463163878,t(T-1),Bartlett,18,auto_floor_h-1,0.0063379095954618925,1.7313598419531847e-15,holm,benchmark|QLIKE|auto_floor_h-1,252,4.345713203302494e-13,0.05,True,tested
benchmark,1day,^FTSE,QLIKE,LinearRegression,Persistence,1,Machine Learning,1,Benchmark,787,2022-12-21,2025-12-29,-1.3478782165295833,-1.3478297122117193,-4.850431786370441e-05,A_lower,-0.34006184990886823,t(T-1),Bartlett,14,auto_floor_h-1,1.601104613525193e-05,0.7339008067487645,holm,benchmark|QLIKE|auto_floor_h-1,252,1.0,0.05,False,tested
benchmark,1day,^FTSE,QLIKE,RandomForest,Persistence,1,Machine Learning,1,Benchmark,787,2022-12-21,2025-12-29,-1.3472740550381102,-1.3478297122117193,0.0005556571736094067,B_lower,2.6201909683302342,t(T-1),Bartlett,4,auto_floor_h-1,3.539343328714572e-05,0.008957670157250026,holm,benchmark|QLIKE|auto_floor_h-1,252,1.0,0.05,False,tested
benchmark,1day,^FTSE,QLIKE,XGBoost,Persistence,1,Machine Learning,1,Benchmark,787,2022-12-21,2025-12-29,-1.3453193915708215,-1.3478297122117193,0.0025103206408980806,B_lower,5.574690872138042,t(T-1),Bartlett,14,auto_floor_h-1,0.0001595848084624209,3.4095958508312885e-08,holm,benchmark|QLIKE|auto_floor_h-1,252,8.012550249453527e-06,0.05,True,tested
benchmark,1day,^FTSE,QLIKE,LSTM,Persistence,2,Deep Learning,1,Benchmark,787,2022-12-21,2025-12-29,-1.3449193016863175,-1.3478297122117193,0.0029104105254024507,B_lower,3.7782120030891435,t(T-1),Bartlett,22,auto_floor_h-1,0.00046699323598391374,0.00016989301243932795,holm,benchmark|QLIKE|auto_floor_h-1,252,0.030920528263957688,0.05,True,tested
benchmark,1day,^FTSE,QLIKE,GRU,Persistence,2,Deep Learning,1,Benchmark,787,2022-12-21,2025-12-29,-1.3295803230669516,-1.3478297122117193,0.018249389144767966,B_lower,4.784338566187096,t(T-1),Bartlett,21,auto_floor_h-1,0.011450582659478407,2.0489226193040962e-06,holm,benchmark|QLIKE|auto_floor_h-1,252,0.0004507629762469012,0.05,True,tested
benchmark,1day,^FTSE,QLIKE,Transformer,Persistence,2,Deep Learning,1,Benchmark,787,2022-12-21,2025-12-29,-1.3075956382638765,-1.3478297122117193,0.040234073947843174,B_lower,3.371875105644973,t(T-1),Bartlett,24,auto_floor_h-1,0.11205204628640161,0.0007830749663320266,holm,benchmark|QLIKE|auto_floor_h-1,252,0.13233966931011248,0.05,False,tested
benchmark,1day,^FTSE,QLIKE,GARCHLSTM,Persistence,3,Hybrid,1,Benchmark,787,2022-12-21,2025-12-29,-1.3444785403976531,-1.3478297122117193,0.0033511718140664397,B_lower,4.337637434666485,t(T-1),Bartlett,20,auto_floor_h-1,0.0004697444146886015,1.627814409306529e-05,holm,benchmark|QLIKE|auto_floor_h-1,252,0.003271906962706124,0.05,True,tested
benchmark,1day,^FTSE,QLIKE,GARCHGRU,Persistence,3,Hybrid,1,Benchmark,787,2022-12-21,2025-12-29,-1.3409152452445925,-1.3478297122117193,0.006914466967127084,B_lower,4.943986194080456,t(T-1),Bartlett,22,auto_floor_h-1,0.0015393509571725878,9.360495915152876e-07,holm,benchmark|QLIKE|auto_floor_h-1,252,0.00021061115809093973,0.05,True,tested
benchmark,1day,^FTSE,QLIKE,GARCHTransformer,Persistence,3,Hybrid,1,Benchmark,787,2022-12-21,2025-12-29,-1.3121121075859894,-1.3478297122117193,0.035717604625730294,B_lower,4.624153793170783,t(T-1),Bartlett,23,auto_floor_h-1,0.046954243092749225,4.396459438562946e-06,holm,benchmark|QLIKE|auto_floor_h-1,252,0.0009364458604139076,0.05,True,tested
benchmark,1day,^FTSE,QLIKE,GARCH,Persistence,1,Econometric,1,Benchmark,787,2022-12-21,2025-12-29,-1.3227667605883267,-1.3478297122117193,0.025062951623392924,B_lower,7.278555322754003,t(T-1),Bartlett,21,fixed_21,0.009331442608621184,8.190495125420715e-13,holm,benchmark|QLIKE|fixed_21,252,2.0148618008534957e-10,0.05,True,tested
benchmark,1day,^FTSE,QLIKE,EGARCH,Persistence,1,Econometric,1,Benchmark,787,2022-12-21,2025-12-29,-1.3311253195292125,-1.3478297122117193,0.016704392682506987,B_lower,5.128459833649365,t(T-1),Bartlett,21,fixed_21,0.008349533218912401,3.681975292735168e-07,holm,benchmark|QLIKE|fixed_21,252,8.431723420363535e-05,0.05,True,tested
benchmark,1day,^FTSE,QLIKE,GJRGARCH,Persistence,1,Econometric,1,Benchmark,787,2022-12-21,2025-12-29,-1.3247724315422282,-1.3478297122117193,0.02305728066949147,B_lower,7.912772323964537,t(T-1),Bartlett,21,fixed_21,0.006682416872189988,8.547072825731622e-15,holm,benchmark|QLIKE|fixed_21,252,2.1453152792586373e-12,0.05,True,tested
benchmark,1day,^FTSE,QLIKE,LinearRegression,Persistence,1,Machine Learning,1,Benchmark,787,2022-12-21,2025-12-29,-1.3478782165295833,-1.3478297122117193,-4.850431786370441e-05,A_lower,-0.3371164934114003,t(T-1),Bartlett,21,fixed_21,1.629204245751907e-05,0.7361190821914334,holm,benchmark|QLIKE|fixed_21,252,1.0,0.05,False,tested
benchmark,1day,^FTSE,QLIKE,RandomForest,Persistence,1,Machine Learning,1,Benchmark,787,2022-12-21,2025-12-29,-1.3472740550381102,-1.3478297122117193,0.0005556571736094067,B_lower,2.5144961407395576,t(T-1),Bartlett,21,fixed_21,3.843143815147187e-05,0.012118876505568924,holm,benchmark|QLIKE|fixed_21,252,1.0,0.05,False,tested
benchmark,1day,^FTSE,QLIKE,XGBoost,Persistence,1,Machine Learning,1,Benchmark,787,2022-12-21,2025-12-29,-1.3453193915708215,-1.3478297122117193,0.0025103206408980806,B_lower,5.203954242225358,t(T-1),Bartlett,21,fixed_21,0.00018313282212525212,2.491877036436034e-07,holm,benchmark|QLIKE|fixed_21,252,5.7562359541672377e-05,0.05,True,tested
benchmark,1day,^FTSE,QLIKE,LSTM,Persistence,2,Deep Learning,1,Benchmark,787,2022-12-21,2025-12-29,-1.3449193016863175,-1.3478297122117193,0.0029104105254024507,B_lower,3.8121217628670516,t(T-1),Bartlett,21,fixed_21,0.0004587221478457402,0.00014855619186548953,holm,benchmark|QLIKE|fixed_21,252,0.027334339303250074,0.05,True,tested
benchmark,1day,^FTSE,QLIKE,GRU,Persistence,2,Deep Learning,1,Benchmark,787,2022-12-21,2025-12-29,-1.3295803230669516,-1.3478297122117193,0.018249389144767966,B_lower,4.784338566187096,t(T-1),Bartlett,21,fixed_21,0.011450582659478407,2.0489226193040962e-06,holm,benchmark|QLIKE|fixed_21,252,0.0004507629762469012,0.05,True,tested
benchmark,1day,^FTSE,QLIKE,Transformer,Persistence,2,Deep Learning,1,Benchmark,787,2022-12-21,2025-12-29,-1.3075956382638765,-1.3478297122117193,0.040234073947843174,B_lower,3.5097290259917373,t(T-1),Bartlett,21,fixed_21,0.10342262991238527,0.0004740918674518617,holm,benchmark|QLIKE|fixed_21,252,0.08249198493662394,0.05,False,tested
benchmark,1day,^FTSE,QLIKE,GARCHLSTM,Persistence,3,Hybrid,1,Benchmark,787,2022-12-21,2025-12-29,-1.3444785403976531,-1.3478297122117193,0.0033511718140664397,B_lower,4.299197194892407,t(T-1),Bartlett,21,fixed_21,0.0004781821827972389,1.929615853359601e-05,holm,benchmark|QLIKE|fixed_21,252,0.003859231706719202,0.05,True,tested
benchmark,1day,^FTSE,QLIKE,GARCHGRU,Persistence,3,Hybrid,1,Benchmark,787,2022-12-21,2025-12-29,-1.3409152452445925,-1.3478297122117193,0.006914466967127084,B_lower,5.009496978816986,t(T-1),Bartlett,21,fixed_21,0.0014993530474006716,6.743375445305542e-07,holm,benchmark|QLIKE|fixed_21,252,0.0001517259475193747,0.05,True,tested
benchmark,1day,^FTSE,QLIKE,GARCHTransformer,Persistence,3,Hybrid,1,Benchmark,787,2022-12-21,2025-12-29,-1.3121121075859894,-1.3478297122117193,0.035717604625730294,B_lower,4.740313146437467,t(T-1),Bartlett,21,fixed_21,0.04468125047243761,2.533004804592624e-06,holm,benchmark|QLIKE|fixed_21,252,0.0005547280522057846,0.05,True,tested
benchmark,1day,^FTSE,SquaredError,GARCH,Persistence,1,Econometric,1,Benchmark,787,2022-12-21,2025-12-29,0.000736438190762245,6.678285799731043e-05,0.0006696553327649345,B_lower,4.54216702038587,t(T-1),Bartlett,19,auto_floor_h-1,1.7106107478025583e-05,6.441778178178043e-06,holm,benchmark|SquaredError|auto_floor_h-1,252,0.0015782356536536205,0.05,True,tested
benchmark,1day,^FTSE,SquaredError,EGARCH,Persistence,1,Econometric,1,Benchmark,787,2022-12-21,2025-12-29,0.0005930747561502052,6.678285799731043e-05,0.000526291898152895,B_lower,2.3375414682297677,t(T-1),Bartlett,21,auto_floor_h-1,3.989417176237557e-05,0.019661138125560775,holm,benchmark|SquaredError|auto_floor_h-1,252,1.0,0.05,False,tested
benchmark,1day,^FTSE,SquaredError,GJRGARCH,Persistence,1,Econometric,1,Benchmark,787,2022-12-21,2025-12-29,0.0010581683426915099,6.678285799731043e-05,0.0009913854846941995,B_lower,3.4624314284207105,t(T-1),Bartlett,16,auto_floor_h-1,6.45204639786565e-05,0.0005642499274104464,holm,benchmark|SquaredError|auto_floor_h-1,252,0.12752048359476087,0.05,False,tested
benchmark,1day,^FTSE,SquaredError,LinearRegression,Persistence,1,Machine Learning,1,Benchmark,787,2022-12-21,2025-12-29,5.870171885667554e-05,6.678285799731043e-05,-8.081139140634904e-06,A_lower,-1.2943783659195671,t(T-1),Bartlett,16,auto_floor_h-1,3.0675906838908207e-08,0.19591490746693985,holm,benchmark|SquaredError|auto_floor_h-1,252,1.0,0.05,False,tested
benchmark,1day,^FTSE,SquaredError,RandomForest,Persistence,1,Machine Learning,1,Benchmark,787,2022-12-21,2025-12-29,7.51861599101607e-05,6.678285799731043e-05,8.403301912850257e-06,B_lower,1.694489497418104,t(T-1),Bartlett,17,auto_floor_h-1,1.9355166150756466e-08,0.09056843277406097,holm,benchmark|SquaredError|auto_floor_h-1,252,1.0,0.05,False,tested
benchmark,1day,^FTSE,SquaredError,XGBoost,Persistence,1,Machine Learning,1,Benchmark,787,2022-12-21,2025-12-29,0.00012770087445164755,6.678285799731043e-05,6.09180164543371e-05,B_lower,5.443139519707492,t(T-1),Bartlett,10,auto_floor_h-1,9.857511838793442e-08,7.000534475968763e-08,holm,benchmark|SquaredError|auto_floor_h-1,252,1.736132550040253e-05,0.05,True,tested
benchmark,1day,^FTSE,SquaredError,LSTM,Persistence,2,Deep Learning,1,Benchmark,787,2022-12-21,2025-12-29,0.00012367380078766023,6.678285799731043e-05,5.6890942790349796e-05,B_lower,3.6734060392404144,t(T-1),Bartlett,16,auto_floor_h-1,1.887657173699979e-07,0.00025555951420879337,holm,benchmark|SquaredError|auto_floor_h-1,252,0.06005648583906644,0.05,False,tested
benchmark,1day,^FTSE,SquaredError,GRU,Persistence,2,Deep Learning,1,Benchmark,787,2022-12-21,2025-12-29,0.0006462081652096309,6.678285799731043e-05,0.0005794253072123204,B_lower,3.5166056593446453,t(T-1),Bartlett,19,auto_floor_h-1,2.136595505048784e-05,0.0004621651045379934,holm,benchmark|SquaredError|auto_floor_h-1,252,0.10676013914827648,0.05,False,tested
benchmark,1day,^FTSE,SquaredError,Transformer,Persistence,2,Deep Learning,1,Benchmark,787,2022-12-21,2025-12-29,0.001616322059373185,6.678285799731043e-05,0.001549539201375875,B_lower,2.257800894499772,t(T-1),Bartlett,24,auto_floor_h-1,0.0003706880506040126,0.024231643867498254,holm,benchmark|SquaredError|auto_floor_h-1,252,1.0,0.05,False,tested
benchmark,1day,^FTSE,SquaredError,GARCHLSTM,Persistence,3,Hybrid,1,Benchmark,787,2022-12-21,2025-12-29,0.00014116861589467115,6.678285799731043e-05,7.43857578973607e-05,B_lower,4.301927833179093,t(T-1),Bartlett,13,auto_floor_h-1,2.3530333127360158e-07,1.9065251735040326e-05,holm,benchmark|SquaredError|auto_floor_h-1,252,0.004651921423349839,0.05,True,tested
benchmark,1day,^FTSE,SquaredError,GARCHGRU,Persistence,3,Hybrid,1,Benchmark,787,2022-12-21,2025-12-29,0.00020384594715339076,6.678285799731043e-05,0.00013706308915608032,B_lower,6.672820422791349,t(T-1),Bartlett,8,auto_floor_h-1,3.32044957392832e-07,4.7353407851130986e-11,holm,benchmark|SquaredError|auto_floor_h-1,252,1.1838351962782747e-08,0.05,True,tested
benchmark,1day,^FTSE,SquaredError,GARCHTransformer,Persistence,3,Hybrid,1,Benchmark,787,2022-12-21,2025-12-29,0.0013215022795641722,6.678285799731043e-05,0.0012547194215668618,B_lower,2.8013462110992973,t(T-1),Bartlett,24,auto_floor_h-1,0.0001578826481782443,0.005214045093736408,holm,benchmark|SquaredError|auto_floor_h-1,252,1.0,0.05,False,tested
benchmark,1day,^FTSE,SquaredError,GARCH,Persistence,1,Econometric,1,Benchmark,787,2022-12-21,2025-12-29,0.000736438190762245,6.678285799731043e-05,0.0006696553327649345,B_lower,4.435815939542161,t(T-1),Bartlett,21,fixed_21,1.793619683738536e-05,1.047996566667152e-05,holm,benchmark|SquaredError|fixed_21,252,0.0025675915883345223,0.05,True,tested
benchmark,1day,^FTSE,SquaredError,EGARCH,Persistence,1,Econometric,1,Benchmark,787,2022-12-21,2025-12-29,0.0005930747561502052,6.678285799731043e-05,0.000526291898152895,B_lower,2.3375414682297677,t(T-1),Bartlett,21,fixed_21,3.989417176237557e-05,0.019661138125560775,holm,benchmark|SquaredError|fixed_21,252,1.0,0.05,False,tested
benchmark,1day,^FTSE,SquaredError,GJRGARCH,Persistence,1,Econometric,1,Benchmark,787,2022-12-21,2025-12-29,0.0010581683426915099,6.678285799731043e-05,0.0009913854846941995,B_lower,3.2153848569251817,t(T-1),Bartlett,21,fixed_21,7.481590264519193e-05,0.0013559463039544467,holm,benchmark|SquaredError|fixed_21,252,0.3050879183897505,0.05,False,tested
benchmark,1day,^FTSE,SquaredError,LinearRegression,Persistence,1,Machine Learning,1,Benchmark,787,2022-12-21,2025-12-29,5.870171885667554e-05,6.678285799731043e-05,-8.081139140634904e-06,A_lower,-1.2772493186787135,t(T-1),Bartlett,21,fixed_21,3.1504206245809135e-08,0.2018913963250862,holm,benchmark|SquaredError|fixed_21,252,1.0,0.05,False,tested
benchmark,1day,^FTSE,SquaredError,RandomForest,Persistence,1,Machine Learning,1,Benchmark,787,2022-12-21,2025-12-29,7.51861599101607e-05,6.678285799731043e-05,8.403301912850257e-06,B_lower,1.82846584141727,t(T-1),Bartlett,21,fixed_21,1.6622676908126296e-08,0.06785850404943215,holm,benchmark|SquaredError|fixed_21,252,1.0,0.05,False,tested
benchmark,1day,^FTSE,SquaredError,XGBoost,Persistence,1,Machine Learning,1,Benchmark,787,2022-12-21,2025-12-29,0.00012770087445164755,6.678285799731043e-05,6.09180164543371e-05,B_lower,4.74857320717855,t(T-1),Bartlett,21,fixed_21,1.295209331167973e-07,2.434505376171791e-06,holm,benchmark|SquaredError|fixed_21,252,0.0006013228279144324,0.05,True,tested
benchmark,1day,^FTSE,SquaredError,LSTM,Persistence,2,Deep Learning,1,Benchmark,787,2022-12-21,2025-12-29,0.00012367380078766023,6.678285799731043e-05,5.6890942790349796e-05,B_lower,3.5398136811587464,t(T-1),Bartlett,21,fixed_21,2.03282590893432e-07,0.00042395200446387,holm,benchmark|SquaredError|fixed_21,252,0.09793291303115396,0.05,False,tested
benchmark,1day,^FTSE,SquaredError,GRU,Persistence,2,Deep Learning,1,Benchmark,787,2022-12-21,2025-12-29,0.0006462081652096309,6.678285799731043e-05,0.0005794253072123204,B_lower,3.4772002775219746,t(T-1),Bartlett,21,fixed_21,2.1852958476647422e-05,0.0005345099846175952,holm,benchmark|SquaredError|fixed_21,252,0.1224027864774293,0.05,False,tested
benchmark,1day,^FTSE,SquaredError,Transformer,Persistence,2,Deep Learning,1,Benchmark,787,2022-12-21,2025-12-29,0.001616322059373185,6.678285799731043e-05,0.001549539201375875,B_lower,2.3548857310843494,t(T-1),Bartlett,21,fixed_21,0.00034075339508549574,0.018773372152557925,holm,benchmark|SquaredError|fixed_21,252,1.0,0.05,False,tested
benchmark,1day,^FTSE,SquaredError,GARCHLSTM,Persistence,3,Hybrid,1,Benchmark,787,2022-12-21,2025-12-29,0.00014116861589467115,6.678285799731043e-05,7.43857578973607e-05,B_lower,3.897127353892949,t(T-1),Bartlett,21,fixed_21,2.8672470879704185e-07,0.00010563740697392918,holm,benchmark|SquaredError|fixed_21,252,0.02493042804584729,0.05,True,tested
benchmark,1day,^FTSE,SquaredError,GARCHGRU,Persistence,3,Hybrid,1,Benchmark,787,2022-12-21,2025-12-29,0.00020384594715339076,6.678285799731043e-05,0.00013706308915608032,B_lower,5.283399189542471,t(T-1),Bartlett,21,fixed_21,5.2964992302968e-07,1.6435123399692703e-07,holm,benchmark|SquaredError|fixed_21,252,4.07591060312379e-05,0.05,True,tested
benchmark,1day,^FTSE,SquaredError,GARCHTransformer,Persistence,3,Hybrid,1,Benchmark,787,2022-12-21,2025-12-29,0.0013215022795641722,6.678285799731043e-05,0.0012547194215668618,B_lower,2.9154593225289878,t(T-1),Bartlett,21,fixed_21,0.00014576524953261518,0.0036526415351901638,holm,benchmark|SquaredError|fixed_21,252,0.7707073639251245,0.05,False,tested
benchmark,1day,^GDAXI,QLIKE,GARCH,Persistence,1,Econometric,1,Benchmark,787,2022-12-21,2025-12-29,-1.0457480157145056,-1.0646739608934706,0.01892594517896479,B_lower,6.424855398538193,t(T-1),Bartlett,23,auto_floor_h-1,0.006829095289074582,2.285594895971895e-10,holm,benchmark|QLIKE|auto_floor_h-1,252,5.576851546171424e-08,0.05,True,tested
benchmark,1day,^GDAXI,QLIKE,EGARCH,Persistence,1,Econometric,1,Benchmark,787,2022-12-21,2025-12-29,-1.047339099168573,-1.0646739608934706,0.01733486172489746,B_lower,8.265759929116568,t(T-1),Bartlett,22,auto_floor_h-1,0.0034613851086235624,5.889962900824087e-16,holm,benchmark|QLIKE|auto_floor_h-1,252,1.48427065100767e-13,0.05,True,tested
benchmark,1day,^GDAXI,QLIKE,GJRGARCH,Persistence,1,Econometric,1,Benchmark,787,2022-12-21,2025-12-29,-1.044313280216683,-1.0646739608934706,0.020360680676787573,B_lower,7.849047923557026,t(T-1),Bartlett,19,auto_floor_h-1,0.005295724167888118,1.3711978297302515e-14,holm,benchmark|QLIKE|auto_floor_h-1,252,3.427994574325629e-12,0.05,True,tested
benchmark,1day,^GDAXI,QLIKE,LinearRegression,Persistence,1,Machine Learning,1,Benchmark,787,2022-12-21,2025-12-29,-1.0646041308855414,-1.0646739608934706,6.983000792907271e-05,B_lower,0.7399207848386657,t(T-1),Bartlett,11,auto_floor_h-1,7.009522931599026e-06,0.4595690020674931,holm,benchmark|QLIKE|auto_floor_h-1,252,1.0,0.05,False,tested
benchmark,1day,^GDAXI,QLIKE,RandomForest,Persistence,1,Machine Learning,1,Benchmark,787,2022-12-21,2025-12-29,-1.063842158572471,-1.0646739608934706,0.0008318023209992966,B_lower,4.412489012604536,t(T-1),Bartlett,19,auto_floor_h-1,2.7967117955392475e-05,1.1644898033739168e-05,holm,benchmark|QLIKE|auto_floor_h-1,252,0.002352269402815312,0.05,True,tested
benchmark,1day,^GDAXI,QLIKE,XGBoost,Persistence,1,Machine Learning,1,Benchmark,787,2022-12-21,2025-12-29,-1.06228350397659,-1.0646739608934706,0.002390456916880234,B_lower,2.6460023557962145,t(T-1),Bartlett,22,auto_floor_h-1,0.0006423269159437229,0.008307760145181819,holm,benchmark|QLIKE|auto_floor_h-1,252,1.0,0.05,False,tested
benchmark,1day,^GDAXI,QLIKE,LSTM,Persistence,2,Deep Learning,1,Benchmark,787,2022-12-21,2025-12-29,-1.0635831737370285,-1.0646739608934706,0.0010907871564419587,B_lower,5.015371760176961,t(T-1),Bartlett,11,auto_floor_h-1,3.722618258941694e-05,6.546749349672185e-07,holm,benchmark|QLIKE|auto_floor_h-1,252,0.0001486112102375586,0.05,True,tested
benchmark,1day,^GDAXI,QLIKE,GRU,Persistence,2,Deep Learning,1,Benchmark,787,2022-12-21,2025-12-29,-1.0617619462820014,-1.0646739608934706,0.0029120146114689958,B_lower,6.170631569815159,t(T-1),Bartlett,17,auto_floor_h-1,0.00017526798689111104,1.0884564707461601e-09,holm,benchmark|QLIKE|auto_floor_h-1,252,2.6340646592057075e-07,0.05,True,tested
benchmark,1day,^GDAXI,QLIKE,Transformer,Persistence,2,Deep Learning,1,Benchmark,787,2022-12-21,2025-12-29,-1.020348054242792,-1.0646739608934706,0.044325906650678364,B_lower,5.663590848742923,t(T-1),Bartlett,24,auto_floor_h-1,0.048206571450512395,2.0792477210372218e-08,holm,benchmark|QLIKE|auto_floor_h-1,252,4.948609576068588e-06,0.05,True,tested
benchmark,1day,^GDAXI,QLIKE,GARCHLSTM,Persistence,3,Hybrid,1,Benchmark,787,2022-12-21,2025-12-29,-1.061587480613038,-1.0646739608934706,0.0030864802804321384,B_lower,4.473878835840616,t(T-1),Bartlett,20,auto_floor_h-1,0.0003745702745729193,8.814886392997335e-06,holm,benchmark|QLIKE|auto_floor_h-1,252,0.0018246814833504485,0.05,True,tested
benchmark,1day,^GDAXI,QLIKE,GARCHGRU,Persistence,3,Hybrid,1,Benchmark,787,2022-12-21,2025-12-29,-1.0571996928697927,-1.0646739608934706,0.007474268023677697,B_lower,4.471468550316596,t(T-1),Bartlett,23,auto_floor_h-1,0.0021989315274749278,8.912337190421726e-06,holm,benchmark|QLIKE|auto_floor_h-1,252,0.0018359414612268757,0.05,True,tested
benchmark,1day,^GDAXI,QLIKE,GARCHTransformer,Persistence,3,Hybrid,1,Benchmark,787,2022-12-21,2025-12-29,-1.0293448143561224,-1.0646739608934706,0.03532914653734814,B_lower,5.835598948263118,t(T-1),Bartlett,23,auto_floor_h-1,0.028844973870613133,7.833495250679112e-09,holm,benchmark|QLIKE|auto_floor_h-1,252,1.8722053649123077e-06,0.05,True,tested
benchmark,1day,^GDAXI,QLIKE,GARCH,Persistence,1,Econometric,1,Benchmark,787,2022-12-21,2025-12-29,-1.0457480157145056,-1.0646739608934706,0.01892594517896479,B_lower,6.571029371006485,t(T-1),Bartlett,21,fixed_21,0.006528645255115031,9.092190635345397e-11,holm,benchmark|QLIKE|fixed_21,252,2.2275867056596225e-08,0.05,True,tested
benchmark,1day,^GDAXI,QLIKE,EGARCH,Persistence,1,Econometric,1,Benchmark,787,2022-12-21,2025-12-29,-1.047339099168573,-1.0646739608934706,0.01733486172489746,B_lower,8.315970395882882,t(T-1),Bartlett,21,fixed_21,0.003419712742680112,3.9949656003468356e-16,holm,benchmark|QLIKE|fixed_21,252,1.0067313312874026e-13,0.05,True,tested
benchmark,1day,^GDAXI,QLIKE,GJRGARCH,Persistence,1,Econometric,1,Benchmark,787,2022-12-21,2025-12-29,-1.044313280216683,-1.0646739608934706,0.020360680676787573,B_lower,7.813078594404255,t(T-1),Bartlett,21,fixed_21,0.005344596609482049,1.7880010920574092e-14,holm,benchmark|QLIKE|fixed_21,252,4.470002730143523e-12,0.05,True,tested
benchmark,1day,^GDAXI,QLIKE,LinearRegression,Persistence,1,Machine Learning,1,Benchmark,787,2022-12-21,2025-12-29,-1.0646041308855414,-1.0646739608934706,6.983000792907271e-05,B_lower,0.7198997548964365,t(T-1),Bartlett,21,fixed_21,7.404826099300083e-06,0.47180072676257395,holm,benchmark|QLIKE|fixed_21,252,1.0,0.05,False,tested
benchmark,1day,^GDAXI,QLIKE,RandomForest,Persistence,1,Machine Learning,1,Benchmark,787,2022-12-21,2025-12-29,-1.063842158572471,-1.0646739608934706,0.0008318023209992966,B_lower,4.39774339480477,t(T-1),Bartlett,21,fixed_21,2.8154979670103255e-05,1.244410670064285e-05,holm,benchmark|QLIKE|fixed_21,252,0.0025261536602304985,0.05,True,tested
benchmark,1day,^GDAXI,QLIKE,XGBoost,Persistence,1,Machine Learning,1,Benchmark,787,2022-12-21,2025-12-29,-1.06228350397659,-1.0646739608934706,0.002390456916880234,B_lower,2.667920641683321,t(T-1),Bartlett,21,fixed_21,0.000631816203593582,0.007789410161941679,holm,benchmark|QLIKE|fixed_21,252,1.0,0.05,False,tested
benchmark,1day,^GDAXI,QLIKE,LSTM,Persistence,2,Deep Learning,1,Benchmark,787,2022-12-21,2025-12-29,-1.0635831737370285,-1.0646739608934706,0.0010907871564419587,B_lower,4.799564843603802,t(T-1),Bartlett,21,fixed_21,4.064910956915541e-05,1.903252745112387e-06,holm,benchmark|QLIKE|fixed_21,252,0.0004206188566698375,0.05,True,tested
benchmark,1day,^GDAXI,QLIKE,GRU,Persistence,2,Deep Learning,1,Benchmark,787,2022-12-21,2025-12-29,-1.0617619462820014,-1.0646739608934706,0.0029120146114689958,B_lower,6.041669350067521,t(T-1),Bartlett,21,fixed_21,0.00018283019610850003,2.353063247403782e-09,holm,benchmark|QLIKE|fixed_21,252,5.694413058717152e-07,0.05,True,tested
benchmark,1day,^GDAXI,QLIKE,Transformer,Persistence,2,Deep Learning,1,Benchmark,787,2022-12-21,2025-12-29,-1.020348054242792,-1.0646739608934706,0.044325906650678364,B_lower,5.848098218272969,t(T-1),Bartlett,21,fixed_21,0.04521272379744473,7.28988522021077e-09,holm,benchmark|QLIKE|fixed_21,252,1.7422825676303742e-06,0.05,True,tested
benchmark,1day,^GDAXI,QLIKE,GARCHLSTM,Persistence,3,Hybrid,1,Benchmark,787,2022-12-21,2025-12-29,-1.061587480613038,-1.0646739608934706,0.0030864802804321384,B_lower,4.43854637129721,t(T-1),Bartlett,21,fixed_21,0.00038055744494177706,1.0351137170368585e-05,holm,benchmark|QLIKE|fixed_21,252,0.0021323342570959284,0.05,True,tested
benchmark,1day,^GDAXI,QLIKE,GARCHGRU,Persistence,3,Hybrid,1,Benchmark,787,2022-12-21,2025-12-29,-1.0571996928697927,-1.0646739608934706,0.007474268023677697,B_lower,4.557829715350455,t(T-1),Bartlett,21,fixed_21,0.002116390854237968,5.991166162070338e-06,holm,benchmark|QLIKE|fixed_21,252,0.001258144894034771,0.05,True,tested
benchmark,1day,^GDAXI,QLIKE,GARCHTransformer,Persistence,3,Hybrid,1,Benchmark,787,2022-12-21,2025-12-29,-1.0293448143561224,-1.0646739608934706,0.03532914653734814,B_lower,5.842592943088589,t(T-1),Bartlett,21,fixed_21,0.02877595627841993,7.524630099073089e-09,holm,benchmark|QLIKE|fixed_21,252,1.7908619635793952e-06,0.05,True,tested
benchmark,1day,^GDAXI,SquaredError,GARCH,Persistence,1,Econometric,1,Benchmark,787,2022-12-21,2025-12-29,0.0008088075322141161,6.732597910040566e-05,0.0007414815531137105,B_lower,5.536230100038926,t(T-1),Bartlett,20,auto_floor_h-1,1.4117154567380204e-05,4.214204849045488e-08,holm,benchmark|SquaredError|auto_floor_h-1,252,1.0493370074123263e-05,0.05,True,tested
benchmark,1day,^GDAXI,SquaredError,EGARCH,Persistence,1,Econometric,1,Benchmark,787,2022-12-21,2025-12-29,0.0007793331605220629,6.732597910040566e-05,0.0007120071814216572,B_lower,4.661296406388941,t(T-1),Bartlett,21,auto_floor_h-1,1.8362425222936236e-05,3.690579862007974e-06,holm,benchmark|SquaredError|auto_floor_h-1,252,0.0009078826460539616,0.05,True,tested
benchmark,1day,^GDAXI,SquaredError,GJRGARCH,Persistence,1,Econometric,1,Benchmark,787,2022-12-21,2025-12-29,0.001335346540111544,6.732597910040566e-05,0.0012680205610111383,B_lower,3.600326667117801,t(T-1),Bartlett,19,auto_floor_h-1,9.762105780820648e-05,0.0003377564595534988,holm,benchmark|SquaredError|auto_floor_h-1,252,0.07835949861641173,0.05,False,tested
benchmark,1day,^GDAXI,SquaredError,LinearRegression,Persistence,1,Machine Learning,1,Benchmark,787,2022-12-21,2025-12-29,6.319710959518823e-05,6.732597910040566e-05,-4.128869505217454e-06,A_lower,-0.8951765176050617,t(T-1),Bartlett,14,auto_floor_h-1,1.674247595941258e-08,0.3709667829615166,holm,benchmark|SquaredError|auto_floor_h-1,252,1.0,0.05,False,tested
benchmark,1day,^GDAXI,SquaredError,RandomForest,Persistence,1,Machine Learning,1,Benchmark,787,2022-12-21,2025-12-29,0.00014294870925863942,6.732597910040566e-05,7.562273015823376e-05,B_lower,1.6472584771243228,t(T-1),Bartlett,24,auto_floor_h-1,1.6586545129289339e-06,0.09990462187584509,holm,benchmark|SquaredError|auto_floor_h-1,252,1.0,0.05,False,tested
benchmark,1day,^GDAXI,SquaredError,XGBoost,Persistence,1,Machine Learning,1,Benchmark,787,2022-12-21,2025-12-29,0.0005020194844041411,6.732597910040566e-05,0.0004346935053037354,B_lower,1.354299670662518,t(T-1),Bartlett,24,auto_floor_h-1,8.107957987333286e-05,0.1760299941128532,holm,benchmark|SquaredError|auto_floor_h-1,252,1.0,0.05,False,tested
benchmark,1day,^GDAXI,SquaredError,LSTM,Persistence,2,Deep Learning,1,Benchmark,787,2022-12-21,2025-12-29,0.0001038009687394407,6.732597910040566e-05,3.6474989639035024e-05,B_lower,3.332260484465052,t(T-1),Bartlett,11,auto_floor_h-1,9.429468208089638e-08,0.0009017038282829325,holm,benchmark|SquaredError|auto_floor_h-1,252,0.2019816575353769,0.05,False,tested
benchmark,1day,^GDAXI,SquaredError,GRU,Persistence,2,Deep Learning,1,Benchmark,787,2022-12-21,2025-12-29,0.00018175628136095037,6.732597910040566e-05,0.0001144303022605447,B_lower,4.126092537889358,t(T-1),Bartlett,18,auto_floor_h-1,6.053114580157916e-07,4.083469373168691e-05,holm,benchmark|SquaredError|auto_floor_h-1,252,0.009759491801873172,0.05,True,tested
benchmark,1day,^GDAXI,SquaredError,Transformer,Persistence,2,Deep Learning,1,Benchmark,787,2022-12-21,2025-12-29,0.0020087174630951158,6.732597910040566e-05,0.0019413914839947095,B_lower,3.357899684307215,t(T-1),Bartlett,25,auto_floor_h-1,0.0002630664944426252,0.0008231611338845232,holm,benchmark|SquaredError|auto_floor_h-1,252,0.18521125512401773,0.05,False,tested
benchmark,1day,^GDAXI,SquaredError,GARCHLSTM,Persistence,3,Hybrid,1,Benchmark,787,2022-12-21,2025-12-29,0.00020935061555434048,6.732597910040566e-05,0.0001420246364539348,B_lower,2.9545541001756126,t(T-1),Bartlett,21,auto_floor_h-1,1.8185205435825204e-06,0.003224711325603527,holm,benchmark|SquaredError|auto_floor_h-1,252,0.6868635123535513,0.05,False,tested
benchmark,1day,^GDAXI,SquaredError,GARCHGRU,Persistence,3,Hybrid,1,Benchmark,787,2022-12-21,2025-12-29,0.00028615863994561175,6.732597910040566e-05,0.00021883266084520613,B_lower,5.369700145084306,t(T-1),Bartlett,20,auto_floor_h-1,1.3070702972053744e-06,1.039257357032746e-07,holm,benchmark|SquaredError|auto_floor_h-1,252,2.5669656718708827e-05,0.05,True,tested
benchmark,1day,^GDAXI,SquaredError,GARCHTransformer,Persistence,3,Hybrid,1,Benchmark,787,2022-12-21,2025-12-29,0.0015224450017709689,6.732597910040566e-05,0.0014551190226705626,B_lower,4.279005735683481,t(T-1),Bartlett,23,auto_floor_h-1,9.100935398686106e-05,2.1088310367294513e-05,holm,benchmark|SquaredError|auto_floor_h-1,252,0.005124459419252566,0.05,True,tested
benchmark,1day,^GDAXI,SquaredError,GARCH,Persistence,1,Econometric,1,Benchmark,787,2022-12-21,2025-12-29,0.0008088075322141161,6.732597910040566e-05,0.0007414815531137105,B_lower,5.471383889476684,t(T-1),Bartlett,21,fixed_21,1.4453767338268371e-05,6.006185318729004e-08,holm,benchmark|SquaredError|fixed_21,252,1.501546329682251e-05,0.05,True,tested
benchmark,1day,^GDAXI,SquaredError,EGARCH,Persistence,1,Econometric,1,Benchmark,787,2022-12-21,2025-12-29,0.0007793331605220629,6.732597910040566e-05,0.0007120071814216572,B_lower,4.661296406388941,t(T-1),Bartlett,21,fixed_21,1.8362425222936236e-05,3.690579862007974e-06,holm,benchmark|SquaredError|fixed_21,252,0.0009078826460539616,0.05,True,tested
benchmark,1day,^GDAXI,SquaredError,GJRGARCH,Persistence,1,Econometric,1,Benchmark,787,2022-12-21,2025-12-29,0.001335346540111544,6.732597910040566e-05,0.0012680205610111383,B_lower,3.4896061468044284,t(T-1),Bartlett,21,fixed_21,0.00010391410401499,0.0005106660321759135,holm,benchmark|SquaredError|fixed_21,252,0.11745318740046011,0.05,False,tested
benchmark,1day,^GDAXI,SquaredError,LinearRegression,Persistence,1,Machine Learning,1,Benchmark,787,2022-12-21,2025-12-29,6.319710959518823e-05,6.732597910040566e-05,-4.128869505217454e-06,A_lower,-0.881173219079279,t(T-1),Bartlett,21,fixed_21,1.727883539902532e-08,0.37849343795788826,holm,benchmark|SquaredError|fixed_21,252,1.0,0.05,False,tested
benchmark,1day,^GDAXI,SquaredError,RandomForest,Persistence,1,Machine Learning,1,Benchmark,787,2022-12-21,2025-12-29,0.00014294870925863942,6.732597910040566e-05,7.562273015823376e-05,B_lower,1.6835286740777429,t(T-1),Bartlett,21,fixed_21,1.5879557696864993e-06,0.09266987143503234,holm,benchmark|SquaredError|fixed_21,252,1.0,0.05,False,tested
benchmark,1day,^GDAXI,SquaredError,XGBoost,Persistence,1,Machine Learning,1,Benchmark,787,2022-12-21,2025-12-29,0.0005020194844041411,6.732597910040566e-05,0.0004346935053037354,B_lower,1.388371016981377,t(T-1),Bartlett,21,fixed_21,7.714893894773577e-05,0.1654174375548953,holm,benchmark|SquaredError|fixed_21,252,1.0,0.05,False,tested
benchmark,1day,^GDAXI,SquaredError,LSTM,Persistence,2,Deep Learning,1,Benchmark,787,2022-12-21,2025-12-29,0.0001038009687394407,6.732597910040566e-05,3.6474989639035024e-05,B_lower,3.2091027992263164,t(T-1),Bartlett,21,fixed_21,1.016711715808508e-07,0.0013855279333080382,holm,benchmark|SquaredError|fixed_21,252,0.31000073988745036,0.05,False,tested
benchmark,1day,^GDAXI,SquaredError,GRU,Persistence,2,Deep Learning,1,Benchmark,787,2022-12-21,2025-12-29,0.00018175628136095037,6.732597910040566e-05,0.0001144303022605447,B_lower,3.9509285314251916,t(T-1),Bartlett,21,fixed_21,6.601740893012646e-07,8.484970270289011e-05,holm,benchmark|SquaredError|fixed_21,252,0.020363928648693626,0.05,True,tested
benchmark,1day,^GDAXI,SquaredError,Transformer,Persistence,2,Deep Learning,1,Benchmark,787,2022-12-21,2025-12-29,0.0020087174630951158,6.732597910040566e-05,0.0019413914839947095,B_lower,3.5514416343601094,t(T-1),Bartlett,21,fixed_21,0.00023517524730959827,0.00040593730966264615,holm,benchmark|SquaredError|fixed_21,252,0.09417745584173391,0.05,False,tested
benchmark,1day,^GDAXI,SquaredError,GARCHLSTM,Persistence,3,Hybrid,1,Benchmark,787,2022-12-21,2025-12-29,0.00020935061555434048,6.732597910040566e-05,0.0001420246364539348,B_lower,2.9545541001756126,t(T-1),Bartlett,21,fixed_21,1.8185205435825204e-06,0.003224711325603527,holm,benchmark|SquaredError|fixed_21,252,0.6836388010279477,0.05,False,tested
benchmark,1day,^GDAXI,SquaredError,GARCHGRU,Persistence,3,Hybrid,1,Benchmark,787,2022-12-21,2025-12-29,0.00028615863994561175,6.732597910040566e-05,0.00021883266084520613,B_lower,5.359386482952829,t(T-1),Bartlett,21,fixed_21,1.3121058185867815e-06,1.0981425760416917e-07,holm,benchmark|SquaredError|fixed_21,252,2.7343750143438125e-05,0.05,True,tested
benchmark,1day,^GDAXI,SquaredError,GARCHTransformer,Persistence,3,Hybrid,1,Benchmark,787,2022-12-21,2025-12-29,0.0015224450017709689,6.732597910040566e-05,0.0014551190226705626,B_lower,4.325383248584347,t(T-1),Bartlett,21,fixed_21,8.906818057498786e-05,1.718755954927802e-05,holm,benchmark|SquaredError|fixed_21,252,0.0041937645300238365,0.05,True,tested
benchmark,1day,^N225,QLIKE,GARCH,Persistence,1,Econometric,1,Benchmark,787,2022-12-21,2025-12-29,-0.7214466482597207,-0.7352554482527706,0.013808799993049861,B_lower,4.639904158033704,t(T-1),Bartlett,21,auto_floor_h-1,0.006970574790666924,4.08259429945606e-06,holm,benchmark|QLIKE|auto_floor_h-1,252,0.0008736751800835968,0.05,True,tested
benchmark,1day,^N225,QLIKE,EGARCH,Persistence,1,Econometric,1,Benchmark,787,2022-12-21,2025-12-29,-0.7143326848067686,-0.7352554482527706,0.020922763446002062,B_lower,3.5712874295539985,t(T-1),Bartlett,22,auto_floor_h-1,0.02701240247727561,0.00037683596837702446,holm,benchmark|QLIKE|auto_floor_h-1,252,0.06632313043435631,0.05,False,tested
benchmark,1day,^N225,QLIKE,GJRGARCH,Persistence,1,Econometric,1,Benchmark,787,2022-12-21,2025-12-29,-0.7218994697592033,-0.7352554482527706,0.013355978493567268,B_lower,4.664224992376984,t(T-1),Bartlett,21,auto_floor_h-1,0.006453081811305892,3.639812896875222e-06,holm,benchmark|QLIKE|auto_floor_h-1,252,0.0007861995857250479,0.05,True,tested
benchmark,1day,^N225,QLIKE,LinearRegression,Persistence,1,Machine Learning,1,Benchmark,787,2022-12-21,2025-12-29,-0.7354771118190033,-0.7352554482527706,-0.00022166356623277278,A_lower,-1.080231658643043,t(T-1),Bartlett,7,auto_floor_h-1,3.313824941376396e-05,0.2803703782706924,holm,benchmark|QLIKE|auto_floor_h-1,252,1.0,0.05,False,tested
benchmark,1day,^N225,QLIKE,RandomForest,Persistence,1,Machine Learning,1,Benchmark,787,2022-12-21,2025-12-29,-0.7346021323869729,-0.7352554482527706,0.0006533158657975905,B_lower,2.8562953492806087,t(T-1),Bartlett,18,auto_floor_h-1,4.117322799998899e-05,0.004399220725845839,holm,benchmark|QLIKE|auto_floor_h-1,252,0.6686815503285675,0.05,False,tested
benchmark,1day,^N225,QLIKE,XGBoost,Persistence,1,Machine Learning,1,Benchmark,787,2022-12-21,2025-12-29,-0.7333252397060585,-0.7352554482527706,0.0019302085467121023,B_lower,2.2137294847426654,t(T-1),Bartlett,20,auto_floor_h-1,0.0005983208014651415,0.027133770632865144,holm,benchmark|QLIKE|auto_floor_h-1,252,1.0,0.05,False,tested
benchmark,1day,^N225,QLIKE,LSTM,Persistence,2,Deep Learning,1,Benchmark,787,2022-12-21,2025-12-29,-0.7342565958926367,-0.7352554482527706,0.0009988523601339248,B_lower,3.242705293745987,t(T-1),Bartlett,11,auto_floor_h-1,7.467278885073382e-05,0.0012339624526397574,holm,benchmark|QLIKE|auto_floor_h-1,252,0.2023698422329202,0.05,False,tested
benchmark,1day,^N225,QLIKE,GRU,Persistence,2,Deep Learning,1,Benchmark,787,2022-12-21,2025-12-29,-0.7220491000924059,-0.7352554482527706,0.013206348160364624,B_lower,4.021423701589646,t(T-1),Bartlett,15,auto_floor_h-1,0.008487514920095415,6.342395298460028e-05,holm,benchmark|QLIKE|auto_floor_h-1,252,0.012240822926027855,0.05,True,tested
benchmark,1day,^N225,QLIKE,Transformer,Persistence,2,Deep Learning,1,Benchmark,787,2022-12-21,2025-12-29,-0.671344968419749,-0.7352554482527706,0.06391047983302166,B_lower,2.5838667330076963,t(T-1),Bartlett,24,auto_floor_h-1,0.4814804611308956,0.00994932554294134,holm,benchmark|QLIKE|auto_floor_h-1,252,1.0,0.05,False,tested
benchmark,1day,^N225,QLIKE,GARCHLSTM,Persistence,3,Hybrid,1,Benchmark,787,2022-12-21,2025-12-29,-0.7341957643845757,-0.7352554482527706,0.0010596838681948989,B_lower,2.4974020757591506,t(T-1),Bartlett,6,auto_floor_h-1,0.0001416936675923257,0.012714166155606622,holm,benchmark|QLIKE|auto_floor_h-1,252,1.0,0.05,False,tested
benchmark,1day,^N225,QLIKE,GARCHGRU,Persistence,3,Hybrid,1,Benchmark,787,2022-12-21,2025-12-29,-0.7341755327566338,-0.7352554482527706,0.0010799154961367657,B_lower,4.5581515109701565,t(T-1),Bartlett,8,auto_floor_h-1,4.4175021020473146e-05,5.982232840237181e-06,holm,benchmark|QLIKE|auto_floor_h-1,252,0.0012562688964498079,0.05,True,tested
benchmark,1day,^N225,QLIKE,GARCHTransformer,Persistence,3,Hybrid,1,Benchmark,787,2022-12-21,2025-12-29,-0.6844994752161601,-0.7352554482527706,0.05075597303661047,B_lower,3.101893505652677,t(T-1),Bartlett,24,auto_floor_h-1,0.2107149169556568,0.0019916099558680137,holm,benchmark|QLIKE|auto_floor_h-1,252,0.3117196512215838,0.05,False,tested
benchmark,1day,^N225,QLIKE,GARCH,Persistence,1,Econometric,1,Benchmark,787,2022-12-21,2025-12-29,-0.7214466482597207,-0.7352554482527706,0.013808799993049861,B_lower,4.639904158033704,t(T-1),Bartlett,21,fixed_21,0.006970574790666924,4.08259429945606e-06,holm,benchmark|QLIKE|fixed_21,252,0.0008695925857841407,0.05,True,tested
benchmark,1day,^N225,QLIKE,EGARCH,Persistence,1,Econometric,1,Benchmark,787,2022-12-21,2025-12-29,-0.7143326848067686,-0.7352554482527706,0.020922763446002062,B_lower,3.577857381352645,t(T-1),Bartlett,21,fixed_21,0.02691328883423499,0.0003676406030185606,holm,benchmark|QLIKE|fixed_21,252,0.06470474613126667,0.05,False,tested
benchmark,1day,^N225,QLIKE,GJRGARCH,Persistence,1,Econometric,1,Benchmark,787,2022-12-21,2025-12-29,-0.7218994697592033,-0.7352554482527706,0.013355978493567268,B_lower,4.664224992376984,t(T-1),Bartlett,21,fixed_21,0.006453081811305892,3.639812896875222e-06,holm,benchmark|QLIKE|fixed_21,252,0.0007825597728281727,0.05,True,tested
benchmark,1day,^N225,QLIKE,LinearRegression,Persistence,1,Machine Learning,1,Benchmark,787,2022-12-21,2025-12-29,-0.7354771118190033,-0.7352554482527706,-0.00022166356623277278,A_lower,-1.0617322404809324,t(T-1),Bartlett,21,fixed_21,3.430309878055822e-05,0.2886833716699754,holm,benchmark|QLIKE|fixed_21,252,1.0,0.05,False,tested
benchmark,1day,^N225,QLIKE,RandomForest,Persistence,1,Machine Learning,1,Benchmark,787,2022-12-21,2025-12-29,-0.7346021323869729,-0.7352554482527706,0.0006533158657975905,B_lower,2.8574854954752062,t(T-1),Bartlett,21,fixed_21,4.1138937743068186e-05,0.004382928495927256,holm,benchmark|QLIKE|fixed_21,252,0.666205131380943,0.05,False,tested
benchmark,1day,^N225,QLIKE,XGBoost,Persistence,1,Machine Learning,1,Benchmark,787,2022-12-21,2025-12-29,-0.7333252397060585,-0.7352554482527706,0.0019302085467121023,B_lower,2.2119477016462024,t(T-1),Bartlett,21,fixed_21,0.0005992851165496807,0.027257169658369575,holm,benchmark|QLIKE|fixed_21,252,1.0,0.05,False,tested
benchmark,1day,^N225,QLIKE,LSTM,Persistence,2,Deep Learning,1,Benchmark,787,2022-12-21,2025-12-29,-0.7342565958926367,-0.7352554482527706,0.0009988523601339248,B_lower,3.1245713086674507,t(T-1),Bartlett,21,fixed_21,8.042599666260172e-05,0.0018460461423139493,holm,benchmark|QLIKE|fixed_21,252,0.291675290485604,0.05,False,tested
benchmark,1day,^N225,QLIKE,GRU,Persistence,2,Deep Learning,1,Benchmark,787,2022-12-21,2025-12-29,-0.7220491000924059,-0.7352554482527706,0.013206348160364624,B_lower,4.01045860248211,t(T-1),Bartlett,21,fixed_21,0.008533990238358168,6.638045042687421e-05,holm,benchmark|QLIKE|fixed_21,252,0.012678666031532974,0.05,True,tested
benchmark,1day,^N225,QLIKE,Transformer,Persistence,2,Deep Learning,1,Benchmark,787,2022-12-21,2025-12-29,-0.671344968419749,-0.7352554482527706,0.06391047983302166,B_lower,2.6587523357807856,t(T-1),Bartlett,21,fixed_21,0.4547399606348124,0.008002593990758755,holm,benchmark|QLIKE|fixed_21,252,1.0,0.05,False,tested
benchmark,1day,^N225,QLIKE,GARCHLSTM,Persistence,3,Hybrid,1,Benchmark,787,2022-12-21,2025-12-29,-0.7341957643845757,-0.7352554482527706,0.0010596838681948989,B_lower,2.4669399868776525,t(T-1),Bartlett,21,fixed_21,0.00014521457538745343,0.01383951303108008,holm,benchmark|QLIKE|fixed_21,252,1.0,0.05,False,tested
benchmark,1day,^N225,QLIKE,GARCHGRU,Persistence,3,Hybrid,1,Benchmark,787,2022-12-21,2025-12-29,-0.7341755327566338,-0.7352554482527706,0.0010799154961367657,B_lower,4.684857324071179,t(T-1),Bartlett,21,fixed_21,4.181783457567856e-05,3.3006952914046844e-06,holm,benchmark|QLIKE|fixed_21,252,0.0007162508782348166,0.05,True,tested
benchmark,1day,^N225,QLIKE,GARCHTransformer,Persistence,3,Hybrid,1,Benchmark,787,2022-12-21,2025-12-29,-0.6844994752161601,-0.7352554482527706,0.05075597303661047,B_lower,3.1844677447070664,t(T-1),Bartlett,21,fixed_21,0.19992879100191702,0.0015073790568996658,holm,benchmark|QLIKE|fixed_21,252,0.24570278627464553,0.05,False,tested
benchmark,1day,^N225,SquaredError,GARCH,Persistence,1,Econometric,1,Benchmark,787,2022-12-21,2025-12-29,0.002448713707383687,0.00032884444806064686,0.00211986925932304,B_lower,2.2629763317219185,t(T-1),Bartlett,21,auto_floor_h-1,0.0006906100007776585,0.023909201744599748,holm,benchmark|SquaredError|auto_floor_h-1,252,1.0,0.05,False,tested
benchmark,1day,^N225,SquaredError,EGARCH,Persistence,1,Econometric,1,Benchmark,787,2022-12-21,2025-12-29,0.0035209914852892934,0.00032884444806064686,0.0031921470372286466,B_lower,1.9236265599916478,t(T-1),Bartlett,23,auto_floor_h-1,0.0021671999301229763,0.05476228524074835,holm,benchmark|SquaredError|auto_floor_h-1,252,1.0,0.05,False,tested
benchmark,1day,^N225,SquaredError,GJRGARCH,Persistence,1,Econometric,1,Benchmark,787,2022-12-21,2025-12-29,0.0026402022408916048,0.00032884444806064686,0.0023113577928309576,B_lower,2.4046934423912987,t(T-1),Bartlett,20,auto_floor_h-1,0.0007270924770062487,0.01641634420850116,holm,benchmark|SquaredError|auto_floor_h-1,252,1.0,0.05,False,tested
benchmark,1day,^N225,SquaredError,LinearRegression,Persistence,1,Machine Learning,1,Benchmark,787,2022-12-21,2025-12-29,0.0002492141569639997,0.00032884444806064686,-7.963029109664715e-05,A_lower,-1.8454152104668917,t(T-1),Bartlett,9,auto_floor_h-1,1.4653560012512272e-06,0.06535311616821347,holm,benchmark|SquaredError|auto_floor_h-1,252,1.0,0.05,False,tested
benchmark,1day,^N225,SquaredError,RandomForest,Persistence,1,Machine Learning,1,Benchmark,787,2022-12-21,2025-12-29,0.0005367938954393423,0.00032884444806064686,0.00020794944737869553,B_lower,1.326163789314981,t(T-1),Bartlett,23,auto_floor_h-1,1.9350667149687307e-05,0.18517067940384557,holm,benchmark|SquaredError|auto_floor_h-1,252,1.0,0.05,False,tested
benchmark,1day,^N225,SquaredError,XGBoost,Persistence,1,Machine Learning,1,Benchmark,787,2022-12-21,2025-12-29,0.0009678572351740851,0.00032884444806064686,0.0006390127871134383,B_lower,1.272666817466011,t(T-1),Bartlett,22,auto_floor_h-1,0.0001984103797597029,0.20351262346081536,holm,benchmark|SquaredError|auto_floor_h-1,252,1.0,0.05,False,tested
benchmark,1day,^N225,SquaredError,LSTM,Persistence,2,Deep Learning,1,Benchmark,787,2022-12-21,2025-12-29,0.0004281457372339491,0.00032884444806064686,9.930128917330233e-05,B_lower,1.3853912092484009,t(T-1),Bartlett,9,auto_floor_h-1,4.0433343066046685e-06,0.16632588597447318,holm,benchmark|SquaredError|auto_floor_h-1,252,1.0,0.05,False,tested
benchmark,1day,^N225,SquaredError,GRU,Persistence,2,Deep Learning,1,Benchmark,787,2022-12-21,2025-12-29,0.0017791702637553108,0.00032884444806064686,0.001450325815694664,B_lower,2.736883349116483,t(T-1),Bartlett,18,auto_floor_h-1,0.00022100052861013158,0.006342494899238772,holm,benchmark|SquaredError|auto_floor_h-1,252,1.0,0.05,False,tested
benchmark,1day,^N225,SquaredError,Transformer,Persistence,2,Deep Learning,1,Benchmark,787,2022-12-21,2025-12-29,0.00824866287580084,0.00032884444806064686,0.007919818427740194,B_lower,2.1080695420148796,t(T-1),Bartlett,24,auto_floor_h-1,0.011107985783166786,0.03534097262441701,holm,benchmark|SquaredError|auto_floor_h-1,252,1.0,0.05,False,tested
benchmark,1day,^N225,SquaredError,GARCHLSTM,Persistence,3,Hybrid,1,Benchmark,787,2022-12-21,2025-12-29,0.000456603038036291,0.00032884444806064686,0.0001277585899756442,B_lower,1.4274055224194506,t(T-1),Bartlett,3,auto_floor_h-1,6.3046387520305835e-06,0.15386019192068673,holm,benchmark|SquaredError|auto_floor_h-1,252,1.0,0.05,False,tested
benchmark,1day,^N225,SquaredError,GARCHGRU,Persistence,3,Hybrid,1,Benchmark,787,2022-12-21,2025-12-29,0.0004522548439954968,0.00032884444806064686,0.00012341039593485,B_lower,1.9538029964448043,t(T-1),Bartlett,7,auto_floor_h-1,3.1399062480923486e-06,0.05107886238871966,holm,benchmark|SquaredError|auto_floor_h-1,252,1.0,0.05,False,tested
benchmark,1day,^N225,SquaredError,GARCHTransformer,Persistence,3,Hybrid,1,Benchmark,787,2022-12-21,2025-12-29,0.00749115572639166,0.00032884444806064686,0.007162311278331013,B_lower,2.0888643178176207,t(T-1),Bartlett,24,auto_floor_h-1,0.009252533226038433,0.03704108528051714,holm,benchmark|SquaredError|auto_floor_h-1,252,1.0,0.05,False,tested
benchmark,1day,^N225,SquaredError,GARCH,Persistence,1,Econometric,1,Benchmark,787,2022-12-21,2025-12-29,0.002448713707383687,0.00032884444806064686,0.00211986925932304,B_lower,2.2629763317219185,t(T-1),Bartlett,21,fixed_21,0.0006906100007776585,0.023909201744599748,holm,benchmark|SquaredError|fixed_21,252,1.0,0.05,False,tested
benchmark,1day,^N225,SquaredError,EGARCH,Persistence,1,Econometric,1,Benchmark,787,2022-12-21,2025-12-29,0.0035209914852892934,0.00032884444806064686,0.0031921470372286466,B_lower,1.9353498772683813,t(T-1),Bartlett,21,fixed_21,0.0021410239685124583,0.05330575742671402,holm,benchmark|SquaredError|fixed_21,252,1.0,0.05,False,tested
benchmark,1day,^N225,SquaredError,GJRGARCH,Persistence,1,Econometric,1,Benchmark,787,2022-12-21,2025-12-29,0.0026402022408916048,0.00032884444806064686,0.0023113577928309576,B_lower,2.3770810814145498,t(T-1),Bartlett,21,fixed_21,0.0007440825128887348,0.01768867625603001,holm,benchmark|SquaredError|fixed_21,252,1.0,0.05,False,tested
benchmark,1day,^N225,SquaredError,LinearRegression,Persistence,1,Machine Learning,1,Benchmark,787,2022-12-21,2025-12-29,0.0002492141569639997,0.00032884444806064686,-7.963029109664715e-05,A_lower,-1.8587798186397033,t(T-1),Bartlett,21,fixed_21,1.4443599644519763e-06,0.06343193456513768,holm,benchmark|SquaredError|fixed_21,252,1.0,0.05,False,tested
benchmark,1day,^N225,SquaredError,RandomForest,Persistence,1,Machine Learning,1,Benchmark,787,2022-12-21,2025-12-29,0.0005367938954393423,0.00032884444806064686,0.00020794944737869553,B_lower,1.3369092005137733,t(T-1),Bartlett,21,fixed_21,1.904085515507059e-05,0.1816390825301434,holm,benchmark|SquaredError|fixed_21,252,1.0,0.05,False,tested
benchmark,1day,^N225,SquaredError,XGBoost,Persistence,1,Machine Learning,1,Benchmark,787,2022-12-21,2025-12-29,0.0009678572351740851,0.00032884444806064686,0.0006390127871134383,B_lower,1.2791139505827764,t(T-1),Bartlett,21,fixed_21,0.00019641531997448695,0.20123442192361413,holm,benchmark|SquaredError|fixed_21,252,1.0,0.05,False,tested
benchmark,1day,^N225,SquaredError,LSTM,Persistence,2,Deep Learning,1,Benchmark,787,2022-12-21,2025-12-29,0.0004281457372339491,0.00032884444806064686,9.930128917330233e-05,B_lower,1.353724806166633,t(T-1),Bartlett,21,fixed_21,4.234710556078114e-06,0.1762133177125547,holm,benchmark|SquaredError|fixed_21,252,1.0,0.05,False,tested
benchmark,1day,^N225,SquaredError,GRU,Persistence,2,Deep Learning,1,Benchmark,787,2022-12-21,2025-12-29,0.0017791702637553108,0.00032884444806064686,0.001450325815694664,B_lower,2.6765290335060854,t(T-1),Bartlett,21,fixed_21,0.0002310797929826872,0.007593900812049247,holm,benchmark|SquaredError|fixed_21,252,1.0,0.05,False,tested
benchmark,1day,^N225,SquaredError,Transformer,Persistence,2,Deep Learning,1,Benchmark,787,2022-12-21,2025-12-29,0.00824866287580084,0.00032884444806064686,0.007919818427740194,B_lower,2.1598690781761767,t(T-1),Bartlett,21,fixed_21,0.010581575339024072,0.03108452164431276,holm,benchmark|SquaredError|fixed_21,252,1.0,0.05,False,tested
benchmark,1day,^N225,SquaredError,GARCHLSTM,Persistence,3,Hybrid,1,Benchmark,787,2022-12-21,2025-12-29,0.000456603038036291,0.00032884444806064686,0.0001277585899756442,B_lower,1.4264680893850086,t(T-1),Bartlett,21,fixed_21,6.312927922574017e-06,0.15413034383149884,holm,benchmark|SquaredError|fixed_21,252,1.0,0.05,False,tested
benchmark,1day,^N225,SquaredError,GARCHGRU,Persistence,3,Hybrid,1,Benchmark,787,2022-12-21,2025-12-29,0.0004522548439954968,0.00032884444806064686,0.00012341039593485,B_lower,1.937366378740704,t(T-1),Bartlett,21,fixed_21,3.1934101866885074e-06,0.053058520549292346,holm,benchmark|SquaredError|fixed_21,252,1.0,0.05,False,tested
benchmark,1day,^N225,SquaredError,GARCHTransformer,Persistence,3,Hybrid,1,Benchmark,787,2022-12-21,2025-12-29,0.00749115572639166,0.00032884444806064686,0.007162311278331013,B_lower,2.1428698158839534,t(T-1),Bartlett,21,fixed_21,0.008792037685705793,0.032430013988936544,holm,benchmark|SquaredError|fixed_21,252,1.0,0.05,False,tested
benchmark,1day,^HSI,QLIKE,GARCH,Persistence,1,Econometric,1,Benchmark,787,2022-12-21,2025-12-29,-0.5419592550269298,-0.5494551422353892,0.007495887208459477,B_lower,3.9840449676115974,t(T-1),Bartlett,18,auto_floor_h-1,0.0027859438250826605,7.40479486723604e-05,holm,benchmark|QLIKE|auto_floor_h-1,252,0.014143158196420836,0.05,True,tested
benchmark,1day,^HSI,QLIKE,EGARCH,Persistence,1,Econometric,1,Benchmark,787,2022-12-21,2025-12-29,-0.5379013224043446,-0.5494551422353892,0.011553819831044535,B_lower,3.1100159183123215,t(T-1),Bartlett,23,auto_floor_h-1,0.010861772202330332,0.0019383022925370844,holm,benchmark|QLIKE|auto_floor_h-1,252,0.3081900645133964,0.05,False,tested
benchmark,1day,^HSI,QLIKE,GJRGARCH,Persistence,1,Econometric,1,Benchmark,787,2022-12-21,2025-12-29,-0.5408981286061324,-0.5494551422353892,0.008557013629256828,B_lower,5.390348202384854,t(T-1),Bartlett,18,auto_floor_h-1,0.0019832868805563122,9.304295922963408e-08,holm,benchmark|QLIKE|auto_floor_h-1,252,2.1585966541275107e-05,0.05,True,tested
benchmark,1day,^HSI,QLIKE,LinearRegression,Persistence,1,Machine Learning,1,Benchmark,787,2022-12-21,2025-12-29,-0.5489207039638594,-0.5494551422353892,0.0005344382715298443,B_lower,1.0670461982197388,t(T-1),Bartlett,4,auto_floor_h-1,0.00019742556439807552,0.2862786044449701,holm,benchmark|QLIKE|auto_floor_h-1,252,1.0,0.05,False,tested
benchmark,1day,^HSI,QLIKE,RandomForest,Persistence,1,Machine Learning,1,Benchmark,787,2022-12-21,2025-12-29,-0.5489002640681758,-0.5494551422353892,0.0005548781672133701,B_lower,3.3932659376752836,t(T-1),Bartlett,13,auto_floor_h-1,2.1044286762034505e-05,0.0007252208574016782,holm,benchmark|QLIKE|auto_floor_h-1,252,0.12328754575828531,0.05,False,tested
benchmark,1day,^HSI,QLIKE,XGBoost,Persistence,1,Machine Learning,1,Benchmark,787,2022-12-21,2025-12-29,-0.5482778473762692,-0.5494551422353892,0.0011772948591200583,B_lower,3.1843820389723745,t(T-1),Bartlett,17,auto_floor_h-1,0.00010757092327965567,0.0015078197301252548,holm,benchmark|QLIKE|auto_floor_h-1,252,0.24275897655016604,0.05,False,tested
benchmark,1day,^HSI,QLIKE,LSTM,Persistence,2,Deep Learning,1,Benchmark,787,2022-12-21,2025-12-29,-0.5471761811593933,-0.5494551422353892,0.0022789610759960037,B_lower,4.690662123566202,t(T-1),Bartlett,10,auto_floor_h-1,0.00018577199517158587,3.210896378720573e-06,holm,benchmark|QLIKE|auto_floor_h-1,252,0.0006999754105610848,0.05,True,tested
benchmark,1day,^HSI,QLIKE,GRU,Persistence,2,Deep Learning,1,Benchmark,787,2022-12-21,2025-12-29,-0.5456690288621531,-0.5494551422353892,0.003786113373236179,B_lower,4.321940224200203,t(T-1),Bartlett,19,auto_floor_h-1,0.0006039548171337012,1.7451679644435897e-05,holm,benchmark|QLIKE|auto_floor_h-1,252,0.0034903359288871796,0.05,True,tested
benchmark,1day,^HSI,QLIKE,Transformer,Persistence,2,Deep Learning,1,Benchmark,787,2022-12-21,2025-12-29,-0.48448488125540035,-0.5494551422353892,0.06497026097998879,B_lower,3.280666006800921,t(T-1),Bartlett,24,auto_floor_h-1,0.30865969143795235,0.0010812706642854347,holm,benchmark|QLIKE|auto_floor_h-1,252,0.17949093027138216,0.05,False,tested
benchmark,1day,^HSI,QLIKE,GARCHLSTM,Persistence,3,Hybrid,1,Benchmark,787,2022-12-21,2025-12-29,-0.548604795077392,-0.5494551422353892,0.0008503471579971463,B_lower,2.042799515446353,t(T-1),Bartlett,6,auto_floor_h-1,0.00013636903558859206,0.041405397556546396,holm,benchmark|QLIKE|auto_floor_h-1,252,1.0,0.05,False,tested
benchmark,1day,^HSI,QLIKE,GARCHGRU,Persistence,3,Hybrid,1,Benchmark,787,2022-12-21,2025-12-29,-0.5442203941913694,-0.5494551422353892,0.0052347480440199014,B_lower,5.658175462195352,t(T-1),Bartlett,17,auto_floor_h-1,0.0006736176795879584,2.1432606256517725e-08,holm,benchmark|QLIKE|auto_floor_h-1,252,5.058095076538183e-06,0.05,True,tested
benchmark,1day,^HSI,QLIKE,GARCHTransformer,Persistence,3,Hybrid,1,Benchmark,787,2022-12-21,2025-12-29,-0.4785031143363046,-0.5494551422353892,0.07095202789908452,B_lower,3.8103966445953605,t(T-1),Bartlett,25,auto_floor_h-1,0.272875148801176,0.00014957765283592228,holm,benchmark|QLIKE|auto_floor_h-1,252,0.0275222881218097,0.05,True,tested
benchmark,1day,^HSI,QLIKE,GARCH,Persistence,1,Econometric,1,Benchmark,787,2022-12-21,2025-12-29,-0.5419592550269298,-0.5494551422353892,0.007495887208459477,B_lower,3.8402460576243516,t(T-1),Bartlett,21,fixed_21,0.0029984907573008253,0.0001328040074880288,holm,benchmark|QLIKE|fixed_21,252,0.024701545392773354,0.05,True,tested
benchmark,1day,^HSI,QLIKE,EGARCH,Persistence,1,Econometric,1,Benchmark,787,2022-12-21,2025-12-29,-0.5379013224043446,-0.5494551422353892,0.011553819831044535,B_lower,3.1556237308410755,t(T-1),Bartlett,21,fixed_21,0.010550073552939618,0.0016625857023888676,holm,benchmark|QLIKE|fixed_21,252,0.26933888378699655,0.05,False,tested
benchmark,1day,^HSI,QLIKE,GJRGARCH,Persistence,1,Econometric,1,Benchmark,787,2022-12-21,2025-12-29,-0.5408981286061324,-0.5494551422353892,0.008557013629256828,B_lower,5.159541116467053,t(T-1),Bartlett,21,fixed_21,0.0021646965470028157,3.137155943947027e-07,holm,benchmark|QLIKE|fixed_21,252,7.215458671078162e-05,0.05,True,tested
benchmark,1day,^HSI,QLIKE,LinearRegression,Persistence,1,Machine Learning,1,Benchmark,787,2022-12-21,2025-12-29,-0.5489207039638594,-0.5494551422353892,0.0005344382715298443,B_lower,1.0829959243576148,t(T-1),Bartlett,21,fixed_21,0.00019165325046357942,0.2791423464889253,holm,benchmark|QLIKE|fixed_21,252,1.0,0.05,False,tested
benchmark,1day,^HSI,QLIKE,RandomForest,Persistence,1,Machine Learning,1,Benchmark,787,2022-12-21,2025-12-29,-0.5489002640681758,-0.5494551422353892,0.0005548781672133701,B_lower,3.287941177299027,t(T-1),Bartlett,21,fixed_21,2.2414132135754486e-05,0.0010540856325779227,holm,benchmark|QLIKE|fixed_21,252,0.1760323006405131,0.05,False,tested
benchmark,1day,^HSI,QLIKE,XGBoost,Persistence,1,Machine Learning,1,Benchmark,787,2022-12-21,2025-12-29,-0.5482778473762692,-0.5494551422353892,0.0011772948591200583,B_lower,3.142953629637505,t(T-1),Bartlett,21,fixed_21,0.00011042547609167242,0.0017353115221666895,holm,benchmark|QLIKE|fixed_21,252,0.279385155068837,0.05,False,tested
benchmark,1day,^HSI,QLIKE,LSTM,Persistence,2,Deep Learning,1,Benchmark,787,2022-12-21,2025-12-29,-0.5471761811593933,-0.5494551422353892,0.0022789610759960037,B_lower,4.440045613151514,t(T-1),Bartlett,21,fixed_21,0.00020733550754350224,1.0281045102186062e-05,holm,benchmark|QLIKE|fixed_21,252,0.002128176336152515,0.05,True,tested
benchmark,1day,^HSI,QLIKE,GRU,Persistence,2,Deep Learning,1,Benchmark,787,2022-12-21,2025-12-29,-0.5456690288621531,-0.5494551422353892,0.003786113373236179,B_lower,4.237065169439352,t(T-1),Bartlett,21,fixed_21,0.000628393485014171,2.5331199849405737e-05,holm,benchmark|QLIKE|fixed_21,252,0.005040908770031742,0.05,True,tested
benchmark,1day,^HSI,QLIKE,Transformer,Persistence,2,Deep Learning,1,Benchmark,787,2022-12-21,2025-12-29,-0.48448488125540035,-0.5494551422353892,0.06497026097998879,B_lower,3.3592288157079913,t(T-1),Bartlett,21,fixed_21,0.2943911708457785,0.0008192682212794036,holm,benchmark|QLIKE|fixed_21,252,0.1384563293962192,0.05,False,tested
benchmark,1day,^HSI,QLIKE,GARCHLSTM,Persistence,3,Hybrid,1,Benchmark,787,2022-12-21,2025-12-29,-0.548604795077392,-0.5494551422353892,0.0008503471579971463,B_lower,2.039863024718773,t(T-1),Bartlett,21,fixed_21,0.0001367619390684559,0.041697821696047924,holm,benchmark|QLIKE|fixed_21,252,1.0,0.05,False,tested
benchmark,1day,^HSI,QLIKE,GARCHGRU,Persistence,3,Hybrid,1,Benchmark,787,2022-12-21,2025-12-29,-0.5442203941913694,-0.5494551422353892,0.0052347480440199014,B_lower,5.5016794848641055,t(T-1),Bartlett,21,fixed_21,0.0007124850029802379,5.092158365654103e-08,holm,benchmark|QLIKE|fixed_21,252,1.1966572159287141e-05,0.05,True,tested
benchmark,1day,^HSI,QLIKE,GARCHTransformer,Persistence,3,Hybrid,1,Benchmark,787,2022-12-21,2025-12-29,-0.4785031143363046,-0.5494551422353892,0.07095202789908452,B_lower,3.9480461223657053,t(T-1),Bartlett,21,fixed_21,0.2541791496722169,8.585733862068492e-05,holm,benchmark|QLIKE|fixed_21,252,0.016141179660688766,0.05,True,tested
benchmark,1day,^HSI,SquaredError,GARCH,Persistence,1,Econometric,1,Benchmark,787,2022-12-21,2025-12-29,0.0017529574096923708,0.00043742317603289815,0.001315534233659473,B_lower,2.684398974732586,t(T-1),Bartlett,17,auto_floor_h-1,0.00018901005649575575,0.00741903151797622,holm,benchmark|SquaredError|auto_floor_h-1,252,1.0,0.05,False,tested
benchmark,1day,^HSI,SquaredError,EGARCH,Persistence,1,Econometric,1,Benchmark,787,2022-12-21,2025-12-29,0.002412890900025766,0.00043742317603289815,0.0019754677239928672,B_lower,2.1109693745782305,t(T-1),Bartlett,23,auto_floor_h-1,0.000689208688458894,0.035090157509949156,holm,benchmark|SquaredError|auto_floor_h-1,252,1.0,0.05,False,tested
benchmark,1day,^HSI,SquaredError,GJRGARCH,Persistence,1,Econometric,1,Benchmark,787,2022-12-21,2025-12-29,0.0021021926696366882,0.00043742317603289815,0.0016647694936037898,B_lower,2.7315176599450317,t(T-1),Bartlett,15,auto_floor_h-1,0.0002923310354856285,0.0064456963864103,holm,benchmark|SquaredError|auto_floor_h-1,252,1.0,0.05,False,tested
benchmark,1day,^HSI,SquaredError,LinearRegression,Persistence,1,Machine Learning,1,Benchmark,787,2022-12-21,2025-12-29,0.00043427413351976215,0.00043742317603289815,-3.1490425131360193e-06,A_lower,-0.21796684703019073,t(T-1),Bartlett,54,auto_floor_h-1,1.6426721567653052e-07,0.8275115167293589,holm,benchmark|SquaredError|auto_floor_h-1,252,1.0,0.05,False,tested
benchmark,1day,^HSI,SquaredError,RandomForest,Persistence,1,Machine Learning,1,Benchmark,787,2022-12-21,2025-12-29,0.0004866534834865996,0.00043742317603289815,4.923030745370142e-05,B_lower,1.7992750817139285,t(T-1),Bartlett,8,auto_floor_h-1,5.891755251667328e-07,0.07235863127842554,holm,benchmark|SquaredError|auto_floor_h-1,252,1.0,0.05,False,tested
benchmark,1day,^HSI,SquaredError,XGBoost,Persistence,1,Machine Learning,1,Benchmark,787,2022-12-21,2025-12-29,0.0006101811924855943,0.00043742317603289815,0.00017275801645269613,B_lower,2.007738107681477,t(T-1),Bartlett,17,auto_floor_h-1,5.826892770098765e-06,0.04501292581551043,holm,benchmark|SquaredError|auto_floor_h-1,252,1.0,0.05,False,tested
benchmark,1day,^HSI,SquaredError,LSTM,Persistence,2,Deep Learning,1,Benchmark,787,2022-12-21,2025-12-29,0.0006384105087459185,0.00043742317603289815,0.00020098733271302035,B_lower,3.948807295439909,t(T-1),Bartlett,19,auto_floor_h-1,2.038826290227729e-06,8.559015161964238e-05,holm,benchmark|SquaredError|auto_floor_h-1,252,0.020284865933855242,0.05,True,tested
benchmark,1day,^HSI,SquaredError,GRU,Persistence,2,Deep Learning,1,Benchmark,787,2022-12-21,2025-12-29,0.0012704665262120685,0.00043742317603289815,0.0008330433501791704,B_lower,1.9889547896293496,t(T-1),Bartlett,23,auto_floor_h-1,0.00013805753455233387,0.047052478395610386,holm,benchmark|SquaredError|auto_floor_h-1,252,1.0,0.05,False,tested
benchmark,1day,^HSI,SquaredError,Transformer,Persistence,2,Deep Learning,1,Benchmark,787,2022-12-21,2025-12-29,0.00757372414839531,0.00043742317603289815,0.007136300972362412,B_lower,2.5411079492705437,t(T-1),Bartlett,24,auto_floor_h-1,0.006206901006433767,0.011241325900992161,holm,benchmark|SquaredError|auto_floor_h-1,252,1.0,0.05,False,tested
benchmark,1day,^HSI,SquaredError,GARCHLSTM,Persistence,3,Hybrid,1,Benchmark,787,2022-12-21,2025-12-29,0.0005406322839764092,0.00043742317603289815,0.00010320910794351106,B_lower,2.1754538140177013,t(T-1),Bartlett,30,auto_floor_h-1,1.7713771829219267e-06,0.02989344695931083,holm,benchmark|SquaredError|auto_floor_h-1,252,1.0,0.05,False,tested
benchmark,1day,^HSI,SquaredError,GARCHGRU,Persistence,3,Hybrid,1,Benchmark,787,2022-12-21,2025-12-29,0.0010560916646553007,0.00043742317603289815,0.0006186684886224026,B_lower,3.62331085269883,t(T-1),Bartlett,15,auto_floor_h-1,2.294454949814452e-05,0.00030955430390048645,holm,benchmark|SquaredError|auto_floor_h-1,252,0.07212615280881335,0.05,False,tested
benchmark,1day,^HSI,SquaredError,GARCHTransformer,Persistence,3,Hybrid,1,Benchmark,787,2022-12-21,2025-12-29,0.008064272518166058,0.00043742317603289815,0.007626849342133159,B_lower,2.802987016506991,t(T-1),Bartlett,25,auto_floor_h-1,0.005826703182785609,0.005187857760408272,holm,benchmark|SquaredError|auto_floor_h-1,252,1.0,0.05,False,tested
benchmark,1day,^HSI,SquaredError,GARCH,Persistence,1,Econometric,1,Benchmark,787,2022-12-21,2025-12-29,0.0017529574096923708,0.00043742317603289815,0.001315534233659473,B_lower,2.532330890498268,t(T-1),Bartlett,21,fixed_21,0.00021239199046037277,0.0115242996521499,holm,benchmark|SquaredError|fixed_21,252,1.0,0.05,False,tested
benchmark,1day,^HSI,SquaredError,EGARCH,Persistence,1,Econometric,1,Benchmark,787,2022-12-21,2025-12-29,0.002412890900025766,0.00043742317603289815,0.0019754677239928672,B_lower,2.1384702624808147,t(T-1),Bartlett,21,fixed_21,0.0006715961200341543,0.032786275233557205,holm,benchmark|SquaredError|fixed_21,252,1.0,0.05,False,tested
benchmark,1day,^HSI,SquaredError,GJRGARCH,Persistence,1,Econometric,1,Benchmark,787,2022-12-21,2025-12-29,0.0021021926696366882,0.00043742317603289815,0.0016647694936037898,B_lower,2.47678709984314,t(T-1),Bartlett,21,fixed_21,0.0003555540224376124,0.013466455960446063,holm,benchmark|SquaredError|fixed_21,252,1.0,0.05,False,tested
benchmark,1day,^HSI,SquaredError,LinearRegression,Persistence,1,Machine Learning,1,Benchmark,787,2022-12-21,2025-12-29,0.00043427413351976215,0.00043742317603289815,-3.1490425131360193e-06,A_lower,-0.23483897568441048,t(T-1),Bartlett,21,fixed_21,1.4151139921192025e-07,0.8143948790554902,holm,benchmark|SquaredError|fixed_21,252,1.0,0.05,False,tested
benchmark,1day,^HSI,SquaredError,RandomForest,Persistence,1,Machine Learning,1,Benchmark,787,2022-12-21,2025-12-29,0.0004866534834865996,0.00043742317603289815,4.923030745370142e-05,B_lower,1.8275655032671274,t(T-1),Bartlett,21,fixed_21,5.710760209090529e-07,0.06799377243934943,holm,benchmark|SquaredError|fixed_21,252,1.0,0.05,False,tested
benchmark,1day,^HSI,SquaredError,XGBoost,Persistence,1,Machine Learning,1,Benchmark,787,2022-12-21,2025-12-29,0.0006101811924855943,0.00043742317603289815,0.00017275801645269613,B_lower,1.9962242973511426,t(T-1),Bartlett,21,fixed_21,5.894303249122352e-06,0.04625407635811515,holm,benchmark|SquaredError|fixed_21,252,1.0,0.05,False,tested
benchmark,1day,^HSI,SquaredError,LSTM,Persistence,2,Deep Learning,1,Benchmark,787,2022-12-21,2025-12-29,0.0006384105087459185,0.00043742317603289815,0.00020098733271302035,B_lower,3.949712650608204,t(T-1),Bartlett,21,fixed_21,2.0378917157269136e-06,8.527337876725222e-05,holm,benchmark|SquaredError|fixed_21,252,0.02038033752537328,0.05,True,tested
benchmark,1day,^HSI,SquaredError,GRU,Persistence,2,Deep Learning,1,Benchmark,787,2022-12-21,2025-12-29,0.0012704665262120685,0.00043742317603289815,0.0008330433501791704,B_lower,2.0252237625385043,t(T-1),Bartlett,21,fixed_21,0.00013315697097588278,0.043181905404616236,holm,benchmark|SquaredError|fixed_21,252,1.0,0.05,False,tested
benchmark,1day,^HSI,SquaredError,Transformer,Persistence,2,Deep Learning,1,Benchmark,787,2022-12-21,2025-12-29,0.00757372414839531,0.00043742317603289815,0.007136300972362412,B_lower,2.6026295214774056,t(T-1),Bartlett,21,fixed_21,0.005916928824970513,0.009425489048158223,holm,benchmark|SquaredError|fixed_21,252,1.0,0.05,False,tested
benchmark,1day,^HSI,SquaredError,GARCHLSTM,Persistence,3,Hybrid,1,Benchmark,787,2022-12-21,2025-12-29,0.0005406322839764092,0.00043742317603289815,0.00010320910794351106,B_lower,2.2072008135405357,t(T-1),Bartlett,21,fixed_21,1.7207868794831316e-06,0.027588290572109448,holm,benchmark|SquaredError|fixed_21,252,1.0,0.05,False,tested
benchmark,1day,^HSI,SquaredError,GARCHGRU,Persistence,3,Hybrid,1,Benchmark,787,2022-12-21,2025-12-29,0.0010560916646553007,0.00043742317603289815,0.0006186684886224026,B_lower,3.374273394608169,t(T-1),Bartlett,21,fixed_21,2.645636596162614e-05,0.0007763811522165369,holm,benchmark|SquaredError|fixed_21,252,0.1762385215531539,0.05,False,tested
benchmark,1day,^HSI,SquaredError,GARCHTransformer,Persistence,3,Hybrid,1,Benchmark,787,2022-12-21,2025-12-29,0.008064272518166058,0.00043742317603289815,0.007626849342133159,B_lower,2.906567075614739,t(T-1),Bartlett,21,fixed_21,0.0054188155457533405,0.0037569305699111455,holm,benchmark|SquaredError|fixed_21,252,0.7889554196813405,0.05,False,tested
benchmark,1day,000001.SS,QLIKE,GARCH,Persistence,1,Econometric,1,Benchmark,787,2022-12-21,2025-12-29,-1.054625962780085,-1.0976094948159556,0.042983532035870686,B_lower,7.115665481125093,t(T-1),Bartlett,24,auto_floor_h-1,0.028717583012516888,2.5109765481315088e-12,holm,benchmark|QLIKE|auto_floor_h-1,252,6.177002308403511e-10,0.05,True,tested
benchmark,1day,000001.SS,QLIKE,EGARCH,Persistence,1,Econometric,1,Benchmark,787,2022-12-21,2025-12-29,-1.0694200254251498,-1.0976094948159556,0.028189469390805702,B_lower,5.408303798624603,t(T-1),Bartlett,24,auto_floor_h-1,0.02138091941623138,8.448466488137034e-08,holm,benchmark|QLIKE|auto_floor_h-1,252,1.968492691735929e-05,0.05,True,tested
benchmark,1day,000001.SS,QLIKE,GJRGARCH,Persistence,1,Econometric,1,Benchmark,787,2022-12-21,2025-12-29,-1.0442715931969446,-1.0976094948159556,0.0533379016190109,B_lower,7.185566543447847,t(T-1),Bartlett,24,auto_floor_h-1,0.04336352245979183,1.5566507991143304e-12,holm,benchmark|QLIKE|auto_floor_h-1,252,3.860493981803539e-10,0.05,True,tested
benchmark,1day,000001.SS,QLIKE,LinearRegression,Persistence,1,Machine Learning,1,Benchmark,787,2022-12-21,2025-12-29,-1.0970148681279444,-1.0976094948159556,0.0005946266880110367,B_lower,0.628522028589322,t(T-1),Bartlett,6,auto_floor_h-1,0.0007044051457264307,0.5298446142336849,holm,benchmark|QLIKE|auto_floor_h-1,252,1.0,0.05,False,tested
benchmark,1day,000001.SS,QLIKE,RandomForest,Persistence,1,Machine Learning,1,Benchmark,787,2022-12-21,2025-12-29,-1.0968523943823825,-1.0976094948159556,0.0007571004335729835,B_lower,1.3407125774999693,t(T-1),Bartlett,3,auto_floor_h-1,0.00025096338005027927,0.18040113534001506,holm,benchmark|QLIKE|auto_floor_h-1,252,1.0,0.05,False,tested
benchmark,1day,000001.SS,QLIKE,XGBoost,Persistence,1,Machine Learning,1,Benchmark,787,2022-12-21,2025-12-29,-1.0957473892329495,-1.0976094948159556,0.001862105583006164,B_lower,2.5464609727418916,t(T-1),Bartlett,10,auto_floor_h-1,0.0004208325151648533,0.011071794181765812,holm,benchmark|QLIKE|auto_floor_h-1,252,1.0,0.05,False,tested
benchmark,1day,000001.SS,QLIKE,LSTM,Persistence,2,Deep Learning,1,Benchmark,787,2022-12-21,2025-12-29,-1.0941563309897386,-1.0976094948159556,0.0034531638262167517,B_lower,3.2458106996540983,t(T-1),Bartlett,17,auto_floor_h-1,0.0008907641354174242,0.0012207592156973808,holm,benchmark|QLIKE|auto_floor_h-1,252,0.20142527059006785,0.05,False,tested
benchmark,1day,000001.SS,QLIKE,GRU,Persistence,2,Deep Learning,1,Benchmark,787,2022-12-21,2025-12-29,-1.0896238160966627,-1.0976094948159556,0.007985678719293038,B_lower,4.041586480288449,t(T-1),Bartlett,19,auto_floor_h-1,0.003072519496909536,5.831056121374739e-05,holm,benchmark|QLIKE|auto_floor_h-1,252,0.011312248875466994,0.05,True,tested
benchmark,1day,000001.SS,QLIKE,Transformer,Persistence,2,Deep Learning,1,Benchmark,787,2022-12-21,2025-12-29,-1.0452956625199312,-1.0976094948159556,0.05231383229602444,B_lower,4.098710858008633,t(T-1),Bartlett,23,auto_floor_h-1,0.12820744325978262,4.586316689204647e-05,holm,benchmark|QLIKE|auto_floor_h-1,252,0.009035043877733155,0.05,True,tested
benchmark,1day,000001.SS,QLIKE,GARCHLSTM,Persistence,3,Hybrid,1,Benchmark,787,2022-12-21,2025-12-29,-1.0938680152145779,-1.0976094948159556,0.003741479601377696,B_lower,3.451436872333648,t(T-1),Bartlett,16,auto_floor_h-1,0.0009248293993240797,0.000587384463413696,holm,benchmark|QLIKE|auto_floor_h-1,252,0.10103012770715572,0.05,False,tested
benchmark,1day,000001.SS,QLIKE,GARCHGRU,Persistence,3,Hybrid,1,Benchmark,787,2022-12-21,2025-12-29,-1.094193093735386,-1.0976094948159556,0.0034164010805694946,B_lower,3.085644160394649,t(T-1),Bartlett,16,auto_floor_h-1,0.0009647632476521138,0.00210232285925573,holm,benchmark|QLIKE|auto_floor_h-1,252,0.3258600431846382,0.05,False,tested
benchmark,1day,000001.SS,QLIKE,GARCHTransformer,Persistence,3,Hybrid,1,Benchmark,787,2022-12-21,2025-12-29,-1.0400982652998576,-1.0976094948159556,0.05751122951609804,B_lower,4.995520644295388,t(T-1),Bartlett,23,auto_floor_h-1,0.1043082167900159,7.234343436405624e-07,holm,benchmark|QLIKE|auto_floor_h-1,252,0.0001634961616627671,0.05,True,tested
benchmark,1day,000001.SS,QLIKE,GARCH,Persistence,1,Econometric,1,Benchmark,787,2022-12-21,2025-12-29,-1.054625962780085,-1.0976094948159556,0.042983532035870686,B_lower,7.350413712327222,t(T-1),Bartlett,21,fixed_21,0.026912581855561092,4.96296438269303e-13,holm,benchmark|QLIKE|fixed_21,252,1.2258522025251784e-10,0.05,True,tested
benchmark,1day,000001.SS,QLIKE,EGARCH,Persistence,1,Econometric,1,Benchmark,787,2022-12-21,2025-12-29,-1.0694200254251498,-1.0976094948159556,0.028189469390805702,B_lower,5.573873713536533,t(T-1),Bartlett,21,fixed_21,0.020129560155382274,3.4250239024053796e-08,holm,benchmark|QLIKE|fixed_21,252,8.083056409676696e-06,0.05,True,tested
benchmark,1day,000001.SS,QLIKE,GJRGARCH,Persistence,1,Econometric,1,Benchmark,787,2022-12-21,2025-12-29,-1.0442715931969446,-1.0976094948159556,0.0533379016190109,B_lower,7.412509953690135,t(T-1),Bartlett,21,fixed_21,0.04074891084694508,3.2084010198563e-13,holm,benchmark|QLIKE|fixed_21,252,7.956834529243624e-11,0.05,True,tested
benchmark,1day,000001.SS,QLIKE,LinearRegression,Persistence,1,Machine Learning,1,Benchmark,787,2022-12-21,2025-12-29,-1.0970148681279444,-1.0976094948159556,0.0005946266880110367,B_lower,0.6440874288079335,t(T-1),Bartlett,21,fixed_21,0.0006707703873244863,0.5197066432840094,holm,benchmark|QLIKE|fixed_21,252,1.0,0.05,False,tested
benchmark,1day,000001.SS,QLIKE,RandomForest,Persistence,1,Machine Learning,1,Benchmark,787,2022-12-21,2025-12-29,-1.0968523943823825,-1.0976094948159556,0.0007571004335729835,B_lower,1.3059426284653477,t(T-1),Bartlett,21,fixed_21,0.0002645047804430681,0.19195413643622158,holm,benchmark|QLIKE|fixed_21,252,1.0,0.05,False,tested
benchmark,1day,000001.SS,QLIKE,XGBoost,Persistence,1,Machine Learning,1,Benchmark,787,2022-12-21,2025-12-29,-1.0957473892329495,-1.0976094948159556,0.001862105583006164,B_lower,2.4733018779501372,t(T-1),Bartlett,21,fixed_21,0.0004460967736856745,0.013597462844943703,holm,benchmark|QLIKE|fixed_21,252,1.0,0.05,False,tested
benchmark,1day,000001.SS,QLIKE,LSTM,Persistence,2,Deep Learning,1,Benchmark,787,2022-12-21,2025-12-29,-1.0941563309897386,-1.0976094948159556,0.0034531638262167517,B_lower,3.1423305629582012,t(T-1),Bartlett,21,fixed_21,0.0009503976614012652,0.0017389624000855128,holm,benchmark|QLIKE|fixed_21,252,0.279385155068837,0.05,False,tested
benchmark,1day,000001.SS,QLIKE,GRU,Persistence,2,Deep Learning,1,Benchmark,787,2022-12-21,2025-12-29,-1.0896238160966627,-1.0976094948159556,0.007985678719293038,B_lower,3.9653221924320996,t(T-1),Bartlett,21,fixed_21,0.0031918423915689997,7.99832951361506e-05,holm,benchmark|QLIKE|fixed_21,252,0.015116842780732463,0.05,True,tested
benchmark,1day,000001.SS,QLIKE,Transformer,Persistence,2,Deep Learning,1,Benchmark,787,2022-12-21,2025-12-29,-1.0452956625199312,-1.0976094948159556,0.05231383229602444,B_lower,4.217587395478014,t(T-1),Bartlett,21,fixed_21,0.12108201025036552,2.7567563689149644e-05,holm,benchmark|QLIKE|fixed_21,252,0.00545837761045163,0.05,True,tested
benchmark,1day,000001.SS,QLIKE,GARCHLSTM,Persistence,3,Hybrid,1,Benchmark,787,2022-12-21,2025-12-29,-1.0938680152145779,-1.0976094948159556,0.003741479601377696,B_lower,3.311125274688101,t(T-1),Bartlett,21,fixed_21,0.0010048709034570216,0.0009716230012141049,holm,benchmark|QLIKE|fixed_21,252,0.16323266420396962,0.05,False,tested
benchmark,1day,000001.SS,QLIKE,GARCHGRU,Persistence,3,Hybrid,1,Benchmark,787,2022-12-21,2025-12-29,-1.094193093735386,-1.0976094948159556,0.0034164010805694946,B_lower,2.965358041589799,t(T-1),Bartlett,21,fixed_21,0.0010446195684876269,0.003114806297789494,holm,benchmark|QLIKE|fixed_21,252,0.47968016985958206,0.05,False,tested
benchmark,1day,000001.SS,QLIKE,GARCHTransformer,Persistence,3,Hybrid,1,Benchmark,787,2022-12-21,2025-12-29,-1.0400982652998576,-1.0976094948159556,0.05751122951609804,B_lower,5.113432189346125,t(T-1),Bartlett,21,fixed_21,0.0995531565929777,3.977170061971405e-07,holm,benchmark|QLIKE|fixed_21,252,9.067947741294803e-05,0.05,True,tested
benchmark,1day,000001.SS,SquaredError,GARCH,Persistence,1,Econometric,1,Benchmark,787,2022-12-21,2025-12-29,0.0018688171393053958,0.0001958246828380334,0.001672992456467363,B_lower,8.830625989624368,t(T-1),Bartlett,20,auto_floor_h-1,2.824748037149231e-05,6.700114954889705e-18,holm,benchmark|SquaredError|auto_floor_h-1,252,1.681728853677316e-15,0.05,True,tested
benchmark,1day,000001.SS,SquaredError,EGARCH,Persistence,1,Econometric,1,Benchmark,787,2022-12-21,2025-12-29,0.0016253402581826195,0.0001958246828380334,0.0014295155753445861,B_lower,3.1199579999945515,t(T-1),Bartlett,24,auto_floor_h-1,0.000165217109610709,0.0018748395577841287,holm,benchmark|SquaredError|auto_floor_h-1,252,0.4124647027125083,0.05,False,tested
benchmark,1day,000001.SS,SquaredError,GJRGARCH,Persistence,1,Econometric,1,Benchmark,787,2022-12-21,2025-12-29,0.0022049968740886013,0.0001958246828380334,0.002009172191250568,B_lower,10.123437041521017,t(T-1),Bartlett,22,auto_floor_h-1,3.099938491955627e-05,1.0016734065098735e-22,holm,benchmark|SquaredError|auto_floor_h-1,252,2.524216984404881e-20,0.05,True,tested
benchmark,1day,000001.SS,SquaredError,LinearRegression,Persistence,1,Machine Learning,1,Benchmark,787,2022-12-21,2025-12-29,0.0001864631648031721,0.0001958246828380334,-9.361518034861319e-06,A_lower,-1.0903249742463048,t(T-1),Bartlett,18,auto_floor_h-1,5.8017013509646056e-08,0.27590415863669426,holm,benchmark|SquaredError|auto_floor_h-1,252,1.0,0.05,False,tested
benchmark,1day,000001.SS,SquaredError,RandomForest,Persistence,1,Machine Learning,1,Benchmark,787,2022-12-21,2025-12-29,0.0002130489179934418,0.0001958246828380334,1.7224235155408387e-05,B_lower,1.1652692508326425,t(T-1),Bartlett,9,auto_floor_h-1,1.7194994914206794e-07,0.24426352889591935,holm,benchmark|SquaredError|auto_floor_h-1,252,1.0,0.05,False,tested
benchmark,1day,000001.SS,SquaredError,XGBoost,Persistence,1,Machine Learning,1,Benchmark,787,2022-12-21,2025-12-29,0.0002537093435981359,0.0001958246828380334,5.7884660760102514e-05,B_lower,3.7268292650282806,t(T-1),Bartlett,8,auto_floor_h-1,1.898552988949707e-07,0.00020779800847448552,holm,benchmark|SquaredError|auto_floor_h-1,252,0.04904032999997859,0.05,True,tested
benchmark,1day,000001.SS,SquaredError,LSTM,Persistence,2,Deep Learning,1,Benchmark,787,2022-12-21,2025-12-29,0.0002756476183941867,0.0001958246828380334,7.98229355561533e-05,B_lower,4.1311880463048425,t(T-1),Bartlett,6,auto_floor_h-1,2.9381921564378705e-07,3.9958738072047306e-05,holm,benchmark|SquaredError|auto_floor_h-1,252,0.009590097137291354,0.05,True,tested
benchmark,1day,000001.SS,SquaredError,GRU,Persistence,2,Deep Learning,1,Benchmark,787,2022-12-21,2025-12-29,0.00045785330229942424,0.0001958246828380334,0.0002620286194613909,B_lower,4.2615030734747785,t(T-1),Bartlett,19,auto_floor_h-1,2.975408352185649e-06,2.276926338374344e-05,holm,benchmark|SquaredError|auto_floor_h-1,252,0.005510161738865912,0.05,True,tested
benchmark,1day,000001.SS,SquaredError,Transformer,Persistence,2,Deep Learning,1,Benchmark,787,2022-12-21,2025-12-29,0.003743263777491269,0.0001958246828380334,0.0035474390946532357,B_lower,3.078963535854424,t(T-1),Bartlett,24,auto_floor_h-1,0.0010447094830912061,0.0021494593163412456,holm,benchmark|SquaredError|auto_floor_h-1,252,0.4664326716460503,0.05,False,tested
benchmark,1day,000001.SS,SquaredError,GARCHLSTM,Persistence,3,Hybrid,1,Benchmark,787,2022-12-21,2025-12-29,0.00031592658464545223,0.0001958246828380334,0.00012010190180741888,B_lower,2.8701438370814536,t(T-1),Bartlett,16,auto_floor_h-1,1.3780569873344829e-06,0.004213004924508188,holm,benchmark|SquaredError|auto_floor_h-1,252,0.8889440390712277,0.05,False,tested
benchmark,1day,000001.SS,SquaredError,GARCHGRU,Persistence,3,Hybrid,1,Benchmark,787,2022-12-21,2025-12-29,0.0002778840355084871,0.0001958246828380334,8.205935267045372e-05,B_lower,3.0654435698682736,t(T-1),Bartlett,13,auto_floor_h-1,5.639547436839476e-07,0.0022478356804417035,holm,benchmark|SquaredError|auto_floor_h-1,252,0.48553250697540795,0.05,False,tested
benchmark,1day,000001.SS,SquaredError,GARCHTransformer,Persistence,3,Hybrid,1,Benchmark,787,2022-12-21,2025-12-29,0.0035909602588444106,0.0001958246828380334,0.003395135576006377,B_lower,3.189175833503277,t(T-1),Bartlett,24,auto_floor_h-1,0.0008919326175499135,0.0014833533032218215,holm,benchmark|SquaredError|auto_floor_h-1,252,0.3307877866184662,0.05,False,tested
benchmark,1day,000001.SS,SquaredError,GARCH,Persistence,1,Econometric,1,Benchmark,787,2022-12-21,2025-12-29,0.0018688171393053958,0.0001958246828380334,0.001672992456467363,B_lower,8.733066995017538,t(T-1),Bartlett,21,fixed_21,2.88821230656214e-05,1.4763615209911395e-17,holm,benchmark|SquaredError|fixed_21,252,3.70566741768776e-15,0.05,True,tested
benchmark,1day,000001.SS,SquaredError,EGARCH,Persistence,1,Econometric,1,Benchmark,787,2022-12-21,2025-12-29,0.0016253402581826195,0.0001958246828380334,0.0014295155753445861,B_lower,3.2094385661253253,t(T-1),Bartlett,21,fixed_21,0.00015613288389937108,0.0013839318744975463,holm,benchmark|SquaredError|fixed_21,252,0.31000073988745036,0.05,False,tested
benchmark,1day,000001.SS,SquaredError,GJRGARCH,Persistence,1,Econometric,1,Benchmark,787,2022-12-21,2025-12-29,0.0022049968740886013,0.0001958246828380334,0.002009172191250568,B_lower,10.175253775055431,t(T-1),Bartlett,21,fixed_21,3.0684464632653024e-05,6.264310730666532e-23,holm,benchmark|SquaredError|fixed_21,252,1.578606304127966e-20,0.05,True,tested
benchmark,1day,000001.SS,SquaredError,LinearRegression,Persistence,1,Machine Learning,1,Benchmark,787,2022-12-21,2025-12-29,0.0001864631648031721,0.0001958246828380334,-9.361518034861319e-06,A_lower,-1.1228023967007796,t(T-1),Bartlett,21,fixed_21,5.4709233097269136e-08,0.26186427379178534,holm,benchmark|SquaredError|fixed_21,252,1.0,0.05,False,tested
benchmark,1day,000001.SS,SquaredError,RandomForest,Persistence,1,Machine Learning,1,Benchmark,787,2022-12-21,2025-12-29,0.0002130489179934418,0.0001958246828380334,1.7224235155408387e-05,B_lower,1.2902375881534067,t(T-1),Bartlett,21,fixed_21,1.402539963355457e-07,0.1973476197596328,holm,benchmark|SquaredError|fixed_21,252,1.0,0.05,False,tested
benchmark,1day,000001.SS,SquaredError,XGBoost,Persistence,1,Machine Learning,1,Benchmark,787,2022-12-21,2025-12-29,0.0002537093435981359,0.0001958246828380334,5.7884660760102514e-05,B_lower,4.091932666069455,t(T-1),Bartlett,21,fixed_21,1.574870180320241e-07,4.719587637016704e-05,holm,benchmark|SquaredError|fixed_21,252,0.011421402081580424,0.05,True,tested
benchmark,1day,000001.SS,SquaredError,LSTM,Persistence,2,Deep Learning,1,Benchmark,787,2022-12-21,2025-12-29,0.0002756476183941867,0.0001958246828380334,7.98229355561533e-05,B_lower,4.083302375621245,t(T-1),Bartlett,21,fixed_21,3.007509723995873e-07,4.894602952537034e-05,holm,benchmark|SquaredError|fixed_21,252,0.011795993115614252,0.05,True,tested
benchmark,1day,000001.SS,SquaredError,GRU,Persistence,2,Deep Learning,1,Benchmark,787,2022-12-21,2025-12-29,0.00045785330229942424,0.0001958246828380334,0.0002620286194613909,B_lower,4.167364651051332,t(T-1),Bartlett,21,fixed_21,3.1113522522546613e-06,3.423426566600729e-05,holm,benchmark|SquaredError|fixed_21,252,0.008318926556839771,0.05,True,tested
benchmark,1day,000001.SS,SquaredError,Transformer,Persistence,2,Deep Learning,1,Benchmark,787,2022-12-21,2025-12-29,0.003743263777491269,0.0001958246828380334,0.0035474390946532357,B_lower,3.204012492224613,t(T-1),Bartlett,21,fixed_21,0.0009647531976369079,0.001409933835830635,holm,benchmark|SquaredError|fixed_21,252,0.3116560731461211,0.05,False,tested
benchmark,1day,000001.SS,SquaredError,GARCHLSTM,Persistence,3,Hybrid,1,Benchmark,787,2022-12-21,2025-12-29,0.00031592658464545223,0.0001958246828380334,0.00012010190180741888,B_lower,2.7766078657071627,t(T-1),Bartlett,21,fixed_21,1.4724664292799162e-06,0.005623639882424619,holm,benchmark|SquaredError|fixed_21,252,1.0,0.05,False,tested
benchmark,1day,000001.SS,SquaredError,GARCHGRU,Persistence,3,Hybrid,1,Benchmark,787,2022-12-21,2025-12-29,0.0002778840355084871,0.0001958246828380334,8.205935267045372e-05,B_lower,3.1539787785755364,t(T-1),Bartlett,21,fixed_21,5.327376271511035e-07,0.0016718662877411386,holm,benchmark|SquaredError|fixed_21,252,0.36279498443982705,0.05,False,tested
benchmark,1day,000001.SS,SquaredError,GARCHTransformer,Persistence,3,Hybrid,1,Benchmark,787,2022-12-21,2025-12-29,0.0035909602588444106,0.0001958246828380334,0.003395135576006377,B_lower,3.2970752691109015,t(T-1),Bartlett,21,fixed_21,0.0008345094357263573,0.0010208514979579313,holm,benchmark|SquaredError|fixed_21,252,0.23071243853849246,0.05,False,tested
benchmark,5day,^GSPC,QLIKE,GARCH,Persistence,1,Econometric,1,Benchmark,787,2022-12-15,2025-12-23,-1.054860463505864,-1.063178935474712,0.008318471968848053,B_lower,2.5777734942657955,t(T-1),Bartlett,13,auto_floor_h-1,0.008195441220317562,0.010124946904163063,holm,benchmark|QLIKE|auto_floor_h-1,252,1.0,0.05,False,tested
benchmark,5day,^GSPC,QLIKE,EGARCH,Persistence,1,Econometric,1,Benchmark,787,2022-12-15,2025-12-23,-1.0536379038265753,-1.063178935474712,0.009541031648136794,B_lower,3.1086864275944617,t(T-1),Bartlett,12,auto_floor_h-1,0.00741329992555685,0.00194693696666902,holm,benchmark|QLIKE|auto_floor_h-1,252,0.3081900645133964,0.05,False,tested
benchmark,5day,^GSPC,QLIKE,GJRGARCH,Persistence,1,Econometric,1,Benchmark,787,2022-12-15,2025-12-23,-1.0595266447374667,-1.063178935474712,0.003652290737245504,B_lower,1.5471273993085664,t(T-1),Bartlett,12,auto_floor_h-1,0.004385844817355716,0.1222350464734328,holm,benchmark|QLIKE|auto_floor_h-1,252,1.0,0.05,False,tested
benchmark,5day,^GSPC,QLIKE,LinearRegression,Persistence,1,Machine Learning,1,Benchmark,787,2022-12-15,2025-12-23,-1.0631185897687652,-1.063178935474712,6.034570594698725e-05,B_lower,0.10029177797704436,t(T-1),Bartlett,37,auto_floor_h-1,0.0002849291061149383,0.9201382597999087,holm,benchmark|QLIKE|auto_floor_h-1,252,1.0,0.05,False,tested
benchmark,5day,^GSPC,QLIKE,RandomForest,Persistence,1,Machine Learning,1,Benchmark,787,2022-12-15,2025-12-23,-1.0590327930950514,-1.063178935474712,0.004146142379660649,B_lower,1.780548700868591,t(T-1),Bartlett,20,auto_floor_h-1,0.004267322271147659,0.07537238273235843,holm,benchmark|QLIKE|auto_floor_h-1,252,1.0,0.05,False,tested
benchmark,5day,^GSPC,QLIKE,XGBoost,Persistence,1,Machine Learning,1,Benchmark,787,2022-12-15,2025-12-23,-1.0542660359667826,-1.063178935474712,0.00891289950792956,B_lower,4.1817791698591265,t(T-1),Bartlett,19,auto_floor_h-1,0.0035751194946137656,3.2178350257561584e-05,holm,benchmark|QLIKE|auto_floor_h-1,252,0.0064034917012547555,0.05,True,tested
benchmark,5day,^GSPC,QLIKE,LSTM,Persistence,2,Deep Learning,1,Benchmark,787,2022-12-15,2025-12-23,-1.0482991160948005,-1.063178935474712,0.014879819379911468,B_lower,3.6204959059203103,t(T-1),Bartlett,20,auto_floor_h-1,0.013293334406059811,0.00031288559022551044,holm,benchmark|QLIKE|auto_floor_h-1,252,0.055693635060140856,0.05,False,tested
benchmark,5day,^GSPC,QLIKE,GRU,Persistence,2,Deep Learning,1,Benchmark,787,2022-12-15,2025-12-23,-1.0579327362506363,-1.063178935474712,0.00524619922407571,B_lower,2.4353010841259777,t(T-1),Bartlett,16,auto_floor_h-1,0.003652237117813543,0.015100764032249624,holm,benchmark|QLIKE|auto_floor_h-1,252,1.0,0.05,False,tested
benchmark,5day,^GSPC,QLIKE,Transformer,Persistence,2,Deep Learning,1,Benchmark,787,2022-12-15,2025-12-23,-1.0211188642704343,-1.063178935474712,0.04206007120427788,B_lower,3.994681258233024,t(T-1),Bartlett,24,auto_floor_h-1,0.08724699455257715,7.086456537467319e-05,holm,benchmark|QLIKE|auto_floor_h-1,252,0.013605996551937252,0.05,True,tested
benchmark,5day,^GSPC,QLIKE,GARCHLSTM,Persistence,3,Hybrid,1,Benchmark,787,2022-12-15,2025-12-23,-1.0591556951157939,-1.063178935474712,0.0040232403589181755,B_lower,1.617562896912734,t(T-1),Bartlett,19,auto_floor_h-1,0.004868602721286382,0.10615804343273254,holm,benchmark|QLIKE|auto_floor_h-1,252,1.0,0.05,False,tested
benchmark,5day,^GSPC,QLIKE,GARCHGRU,Persistence,3,Hybrid,1,Benchmark,787,2022-12-15,2025-12-23,-1.0648700808023874,-1.063178935474712,-0.0016911453276752483,A_lower,-0.8010650472984225,t(T-1),Bartlett,16,auto_floor_h-1,0.0035075270351814947,0.4233360700236492,holm,benchmark|QLIKE|auto_floor_h-1,252,1.0,0.05,False,tested
benchmark,5day,^GSPC,QLIKE,GARCHTransformer,Persistence,3,Hybrid,1,Benchmark,787,2022-12-15,2025-12-23,-1.0087148882396395,-1.063178935474712,0.05446404723507254,B_lower,2.956905743270775,t(T-1),Bartlett,24,auto_floor_h-1,0.267005121735694,0.0032004917078706538,holm,benchmark|QLIKE|auto_floor_h-1,252,0.49287572301208066,0.05,False,tested
benchmark,5day,^GSPC,QLIKE,GARCH,Persistence,1,Econometric,1,Benchmark,787,2022-12-15,2025-12-23,-1.054860463505864,-1.063178935474712,0.008318471968848053,B_lower,2.4777843248759424,t(T-1),Bartlett,21,fixed_21,0.008870229265489778,0.013429177216613047,holm,benchmark|QLIKE|fixed_21,252,1.0,0.05,False,tested
benchmark,5day,^GSPC,QLIKE,EGARCH,Persistence,1,Econometric,1,Benchmark,787,2022-12-15,2025-12-23,-1.0536379038265753,-1.063178935474712,0.009541031648136794,B_lower,3.066961997153222,t(T-1),Bartlett,21,fixed_21,0.007616380209879909,0.0022365845507979665,holm,benchmark|QLIKE|fixed_21,252,0.3489071899244828,0.05,False,tested
benchmark,5day,^GSPC,QLIKE,GJRGARCH,Persistence,1,Econometric,1,Benchmark,787,2022-12-15,2025-12-23,-1.0595266447374667,-1.063178935474712,0.003652290737245504,B_lower,1.6823201849579812,t(T-1),Bartlett,21,fixed_21,0.003709267075011071,0.09290394756546115,holm,benchmark|QLIKE|fixed_21,252,1.0,0.05,False,tested
benchmark,5day,^GSPC,QLIKE,LinearRegression,Persistence,1,Machine Learning,1,Benchmark,787,2022-12-15,2025-12-23,-1.0631185897687652,-1.063178935474712,6.034570594698725e-05,B_lower,0.09906349602815909,t(T-1),Bartlett,21,fixed_21,0.0002920385448085248,0.9211131141709382,holm,benchmark|QLIKE|fixed_21,252,1.0,0.05,False,tested
benchmark,5day,^GSPC,QLIKE,RandomForest,Persistence,1,Machine Learning,1,Benchmark,787,2022-12-15,2025-12-23,-1.0590327930950514,-1.063178935474712,0.004146142379660649,B_lower,1.7729286700491222,t(T-1),Bartlett,21,fixed_21,0.004304082922523417,0.07662775617259227,holm,benchmark|QLIKE|fixed_21,252,1.0,0.05,False,tested
benchmark,5day,^GSPC,QLIKE,XGBoost,Persistence,1,Machine Learning,1,Benchmark,787,2022-12-15,2025-12-23,-1.0542660359667826,-1.063178935474712,0.00891289950792956,B_lower,4.163273109960541,t(T-1),Bartlett,21,fixed_21,0.0036069734805946087,3.4840237843215885e-05,holm,benchmark|QLIKE|fixed_21,252,0.0068286866172703135,0.05,True,tested
benchmark,5day,^GSPC,QLIKE,LSTM,Persistence,2,Deep Learning,1,Benchmark,787,2022-12-15,2025-12-23,-1.0482991160948005,-1.063178935474712,0.014879819379911468,B_lower,3.5965287044828926,t(T-1),Bartlett,21,fixed_21,0.013471097819306652,0.0003426423805995616,holm,benchmark|QLIKE|fixed_21,252,0.06099034374672197,0.05,False,tested
benchmark,5day,^GSPC,QLIKE,GRU,Persistence,2,Deep Learning,1,Benchmark,787,2022-12-15,2025-12-23,-1.0579327362506363,-1.063178935474712,0.00524619922407571,B_lower,2.3865021099451624,t(T-1),Bartlett,21,fixed_21,0.003803125392796881,0.01724516067829194,holm,benchmark|QLIKE|fixed_21,252,1.0,0.05,False,tested
benchmark,5day,^GSPC,QLIKE,Transformer,Persistence,2,Deep Learning,1,Benchmark,787,2022-12-15,2025-12-23,-1.0211188642704343,-1.063178935474712,0.04206007120427788,B_lower,4.104676983226705,t(T-1),Bartlett,21,fixed_21,0.08263361784610318,4.471978268537744e-05,holm,benchmark|QLIKE|fixed_21,252,0.008675637840963223,0.05,True,tested
benchmark,5day,^GSPC,QLIKE,GARCHLSTM,Persistence,3,Hybrid,1,Benchmark,787,2022-12-15,2025-12-23,-1.0591556951157939,-1.063178935474712,0.0040232403589181755,B_lower,1.5936185465056023,t(T-1),Bartlett,21,fixed_21,0.005016004760439563,0.11142352071460913,holm,benchmark|QLIKE|fixed_21,252,1.0,0.05,False,tested
benchmark,5day,^GSPC,QLIKE,GARCHGRU,Persistence,3,Hybrid,1,Benchmark,787,2022-12-15,2025-12-23,-1.0648700808023874,-1.063178935474712,-0.0016911453276752483,A_lower,-0.8051489952588312,t(T-1),Bartlett,21,fixed_21,0.003472034899388745,0.42097719182080845,holm,benchmark|QLIKE|fixed_21,252,1.0,0.05,False,tested
benchmark,5day,^GSPC,QLIKE,GARCHTransformer,Persistence,3,Hybrid,1,Benchmark,787,2022-12-15,2025-12-23,-1.0087148882396395,-1.063178935474712,0.05446404723507254,B_lower,3.042137053789064,t(T-1),Bartlett,21,fixed_21,0.25225338454066465,0.0024271774151328972,holm,benchmark|QLIKE|fixed_21,252,0.3762124993455991,0.05,False,tested
benchmark,5day,^GSPC,SquaredError,GARCH,Persistence,1,Econometric,1,Benchmark,787,2022-12-15,2025-12-23,0.0009758901665665917,0.0008627657622502816,0.00011312440431631007,B_lower,0.46748004895786455,t(T-1),Bartlett,7,auto_floor_h-1,4.6085168670284374e-05,0.6402860380049311,holm,benchmark|SquaredError|auto_floor_h-1,252,1.0,0.05,False,tested
benchmark,5day,^GSPC,SquaredError,EGARCH,Persistence,1,Econometric,1,Benchmark,787,2022-12-15,2025-12-23,0.0012545996967653272,0.0008627657622502816,0.00039183393451504566,B_lower,1.2944178330779736,t(T-1),Bartlett,10,auto_floor_h-1,7.211570398600332e-05,0.19590128863991785,holm,benchmark|SquaredError|auto_floor_h-1,252,1.0,0.05,False,tested
benchmark,5day,^GSPC,SquaredError,GJRGARCH,Persistence,1,Econometric,1,Benchmark,787,2022-12-15,2025-12-23,0.0009845852028013693,0.0008627657622502816,0.00012181944055108774,B_lower,0.4836585373851702,t(T-1),Bartlett,11,auto_floor_h-1,4.992639602934138e-05,0.6287629351230452,holm,benchmark|SquaredError|auto_floor_h-1,252,1.0,0.05,False,tested
benchmark,5day,^GSPC,SquaredError,LinearRegression,Persistence,1,Machine Learning,1,Benchmark,787,2022-12-15,2025-12-23,0.0007258682103134288,0.0008627657622502816,-0.00013689755193685283,A_lower,-1.1326837901312965,t(T-1),Bartlett,12,auto_floor_h-1,1.1496052158537739e-05,0.25769246992454403,holm,benchmark|SquaredError|auto_floor_h-1,252,1.0,0.05,False,tested
benchmark,5day,^GSPC,SquaredError,RandomForest,Persistence,1,Machine Learning,1,Benchmark,787,2022-12-15,2025-12-23,0.0011139275140330676,0.0008627657622502816,0.0002511617517827858,B_lower,1.1099060985171658,t(T-1),Bartlett,18,auto_floor_h-1,4.030039138943344e-05,0.267378936753518,holm,benchmark|SquaredError|auto_floor_h-1,252,1.0,0.05,False,tested
benchmark,5day,^GSPC,SquaredError,XGBoost,Persistence,1,Machine Learning,1,Benchmark,787,2022-12-15,2025-12-23,0.0012624922036879953,0.0008627657622502816,0.00039972644143771363,B_lower,1.730681608855193,t(T-1),Bartlett,16,auto_floor_h-1,4.1982290516157814e-05,0.08390103683687981,holm,benchmark|SquaredError|auto_floor_h-1,252,1.0,0.05,False,tested
benchmark,5day,^GSPC,SquaredError,LSTM,Persistence,2,Deep Learning,1,Benchmark,787,2022-12-15,2025-12-23,0.0019362519099746587,0.0008627657622502816,0.001073486147724377,B_lower,2.3446948809070296,t(T-1),Bartlett,22,auto_floor_h-1,0.00016496619264993168,0.01929063434404358,holm,benchmark|SquaredError|auto_floor_h-1,252,1.0,0.05,False,tested
benchmark,5day,^GSPC,SquaredError,GRU,Persistence,2,Deep Learning,1,Benchmark,787,2022-12-15,2025-12-23,0.0008594316291687953,0.0008627657622502816,-3.334133081486269e-06,A_lower,-0.01529203449150709,t(T-1),Bartlett,13,auto_floor_h-1,3.7411925068272185e-05,0.9878030779456494,holm,benchmark|SquaredError|auto_floor_h-1,252,1.0,0.05,False,tested
benchmark,5day,^GSPC,SquaredError,Transformer,Persistence,2,Deep Learning,1,Benchmark,787,2022-12-15,2025-12-23,0.0029283550101828425,0.0008627657622502816,0.0020655892479325613,B_lower,1.8830725376022917,t(T-1),Bartlett,23,auto_floor_h-1,0.0009469532991273411,0.06005958418895901,holm,benchmark|SquaredError|auto_floor_h-1,252,1.0,0.05,False,tested
benchmark,5day,^GSPC,SquaredError,GARCHLSTM,Persistence,3,Hybrid,1,Benchmark,787,2022-12-15,2025-12-23,0.001057074105135403,0.0008627657622502816,0.00019430834288512152,B_lower,0.8937549064606339,t(T-1),Bartlett,19,auto_floor_h-1,3.719809938558251e-05,0.37172661468653656,holm,benchmark|SquaredError|auto_floor_h-1,252,1.0,0.05,False,tested
benchmark,5day,^GSPC,SquaredError,GARCHGRU,Persistence,3,Hybrid,1,Benchmark,787,2022-12-15,2025-12-23,0.0006120354645590638,0.0008627657622502816,-0.0002507302976912178,A_lower,-1.0289606278646308,t(T-1),Bartlett,15,auto_floor_h-1,4.672946947854937e-05,0.30381470633829366,holm,benchmark|SquaredError|auto_floor_h-1,252,1.0,0.05,False,tested
benchmark,5day,^GSPC,SquaredError,GARCHTransformer,Persistence,3,Hybrid,1,Benchmark,787,2022-12-15,2025-12-23,0.004139755541820496,0.0008627657622502816,0.003276989779570215,B_lower,1.8551043290411144,t(T-1),Bartlett,24,auto_floor_h-1,0.002455773046129309,0.06395557161704,holm,benchmark|SquaredError|auto_floor_h-1,252,1.0,0.05,False,tested
benchmark,5day,^GSPC,SquaredError,GARCH,Persistence,1,Econometric,1,Benchmark,787,2022-12-15,2025-12-23,0.0009758901665665917,0.0008627657622502816,0.00011312440431631007,B_lower,0.5762489223669844,t(T-1),Bartlett,21,fixed_21,3.0329628485397118e-05,0.5646119075852939,holm,benchmark|SquaredError|fixed_21,252,1.0,0.05,False,tested
benchmark,5day,^GSPC,SquaredError,EGARCH,Persistence,1,Econometric,1,Benchmark,787,2022-12-15,2025-12-23,0.0012545996967653272,0.0008627657622502816,0.00039183393451504566,B_lower,1.6755757184448086,t(T-1),Bartlett,21,fixed_21,4.303786373369527e-05,0.09421905014231496,holm,benchmark|SquaredError|fixed_21,252,1.0,0.05,False,tested
benchmark,5day,^GSPC,SquaredError,GJRGARCH,Persistence,1,Econometric,1,Benchmark,787,2022-12-15,2025-12-23,0.0009845852028013693,0.0008627657622502816,0.00012181944055108774,B_lower,0.6802761455412021,t(T-1),Bartlett,21,fixed_21,2.523698380982218e-05,0.4965299473096691,holm,benchmark|SquaredError|fixed_21,252,1.0,0.05,False,tested
benchmark,5day,^GSPC,SquaredError,LinearRegression,Persistence,1,Machine Learning,1,Benchmark,787,2022-12-15,2025-12-23,0.0007258682103134288,0.0008627657622502816,-0.00013689755193685283,A_lower,-1.1276611233608858,t(T-1),Bartlett,21,fixed_21,1.1598688364503107e-05,0.2598071710575223,holm,benchmark|SquaredError|fixed_21,252,1.0,0.05,False,tested
benchmark,5day,^GSPC,SquaredError,RandomForest,Persistence,1,Machine Learning,1,Benchmark,787,2022-12-15,2025-12-23,0.0011139275140330676,0.0008627657622502816,0.0002511617517827858,B_lower,1.1610119455719727,t(T-1),Bartlett,21,fixed_21,3.683056345086738e-05,0.24598951895559726,holm,benchmark|SquaredError|fixed_21,252,1.0,0.05,False,tested
benchmark,5day,^GSPC,SquaredError,XGBoost,Persistence,1,Machine Learning,1,Benchmark,787,2022-12-15,2025-12-23,0.0012624922036879953,0.0008627657622502816,0.00039972644143771363,B_lower,1.8393751739614037,t(T-1),Bartlett,21,fixed_21,3.716720010634269e-05,0.06623702076797337,holm,benchmark|SquaredError|fixed_21,252,1.0,0.05,False,tested
benchmark,5day,^GSPC,SquaredError,LSTM,Persistence,2,Deep Learning,1,Benchmark,787,2022-12-15,2025-12-23,0.0019362519099746587,0.0008627657622502816,0.001073486147724377,B_lower,2.3704502653388935,t(T-1),Bartlett,21,fixed_21,0.0001614008903571323,0.01800681243276466,holm,benchmark|SquaredError|fixed_21,252,1.0,0.05,False,tested
benchmark,5day,^GSPC,SquaredError,GRU,Persistence,2,Deep Learning,1,Benchmark,787,2022-12-15,2025-12-23,0.0008594316291687953,0.0008627657622502816,-3.334133081486269e-06,A_lower,-0.015664163346224766,t(T-1),Bartlett,21,fixed_21,3.565547176152579e-05,0.9875062921014828,holm,benchmark|SquaredError|fixed_21,252,1.0,0.05,False,tested
benchmark,5day,^GSPC,SquaredError,Transformer,Persistence,2,Deep Learning,1,Benchmark,787,2022-12-15,2025-12-23,0.0029283550101828425,0.0008627657622502816,0.0020655892479325613,B_lower,1.8977809406150552,t(T-1),Bartlett,21,fixed_21,0.0009323318045229762,0.05809111200060274,holm,benchmark|SquaredError|fixed_21,252,1.0,0.05,False,tested
benchmark,5day,^GSPC,SquaredError,GARCHLSTM,Persistence,3,Hybrid,1,Benchmark,787,2022-12-15,2025-12-23,0.001057074105135403,0.0008627657622502816,0.00019430834288512152,B_lower,0.8838160313943991,t(T-1),Bartlett,21,fixed_21,3.803941930841824e-05,0.37706578276696706,holm,benchmark|SquaredError|fixed_21,252,1.0,0.05,False,tested
benchmark,5day,^GSPC,SquaredError,GARCHGRU,Persistence,3,Hybrid,1,Benchmark,787,2022-12-15,2025-12-23,0.0006120354645590638,0.0008627657622502816,-0.0002507302976912178,A_lower,-1.0309710414639706,t(T-1),Bartlett,21,fixed_21,4.654740042070256e-05,0.30287152857192745,holm,benchmark|SquaredError|fixed_21,252,1.0,0.05,False,tested
benchmark,5day,^GSPC,SquaredError,GARCHTransformer,Persistence,3,Hybrid,1,Benchmark,787,2022-12-15,2025-12-23,0.004139755541820496,0.0008627657622502816,0.003276989779570215,B_lower,1.890123957235913,t(T-1),Bartlett,21,fixed_21,0.0023656164554267667,0.05910906170803421,holm,benchmark|SquaredError|fixed_21,252,1.0,0.05,False,tested
benchmark,5day,^IXIC,QLIKE,GARCH,Persistence,1,Econometric,1,Benchmark,787,2022-12-15,2025-12-23,-0.7422775192244462,-0.7422091029471576,-6.841627728855466e-05,A_lower,-0.03361539011171928,t(T-1),Bartlett,7,auto_floor_h-1,0.0032599977457779426,0.9731923840412569,holm,benchmark|QLIKE|auto_floor_h-1,252,1.0,0.05,False,tested
benchmark,5day,^IXIC,QLIKE,EGARCH,Persistence,1,Econometric,1,Benchmark,787,2022-12-15,2025-12-23,-0.739219259647016,-0.7422091029471576,0.0029898433001414866,B_lower,1.2004308064713431,t(T-1),Bartlett,10,auto_floor_h-1,0.004881994913176759,0.23033373273943533,holm,benchmark|QLIKE|auto_floor_h-1,252,1.0,0.05,False,tested
benchmark,5day,^IXIC,QLIKE,GJRGARCH,Persistence,1,Econometric,1,Benchmark,787,2022-12-15,2025-12-23,-0.7388466310092596,-0.7422091029471576,0.0033624719378979586,B_lower,1.8468448925550986,t(T-1),Bartlett,12,auto_floor_h-1,0.0026087425632550254,0.06514532768481024,holm,benchmark|QLIKE|auto_floor_h-1,252,1.0,0.05,False,tested
benchmark,5day,^IXIC,QLIKE,LinearRegression,Persistence,1,Machine Learning,1,Benchmark,787,2022-12-15,2025-12-23,-0.74186134263401,-0.7422091029471576,0.00034776031314746506,B_lower,0.5891439643165435,t(T-1),Bartlett,9,auto_floor_h-1,0.0002742154392213498,0.555933986061951,holm,benchmark|QLIKE|auto_floor_h-1,252,1.0,0.05,False,tested
benchmark,5day,^IXIC,QLIKE,RandomForest,Persistence,1,Machine Learning,1,Benchmark,787,2022-12-15,2025-12-23,-0.7393817257405405,-0.7422091029471576,0.00282737720661691,B_lower,2.068501142710264,t(T-1),Bartlett,19,auto_floor_h-1,0.0014703837929507509,0.03891942894523312,holm,benchmark|QLIKE|auto_floor_h-1,252,1.0,0.05,False,tested
benchmark,5day,^IXIC,QLIKE,XGBoost,Persistence,1,Machine Learning,1,Benchmark,787,2022-12-15,2025-12-23,-0.7308717299091971,-0.7422091029471576,0.011337373037960403,B_lower,4.648185145154235,t(T-1),Bartlett,16,auto_floor_h-1,0.004682014655571566,3.926321495795787e-06,holm,benchmark|QLIKE|auto_floor_h-1,252,0.0008441591215960942,0.05,True,tested
benchmark,5day,^IXIC,QLIKE,LSTM,Persistence,2,Deep Learning,1,Benchmark,787,2022-12-15,2025-12-23,-0.7324840357872967,-0.7422091029471576,0.00972506715986091,B_lower,3.496857547029097,t(T-1),Bartlett,18,auto_floor_h-1,0.006087010760052762,0.0004971928092979604,holm,benchmark|QLIKE|auto_floor_h-1,252,0.08700874162714307,0.05,False,tested
benchmark,5day,^IXIC,QLIKE,GRU,Persistence,2,Deep Learning,1,Benchmark,787,2022-12-15,2025-12-23,-0.7360018265396286,-0.7422091029471576,0.006207276407528819,B_lower,2.625743530151128,t(T-1),Bartlett,19,auto_floor_h-1,0.004398172854963872,0.00881414007974832,holm,benchmark|QLIKE|auto_floor_h-1,252,1.0,0.05,False,tested
benchmark,5day,^IXIC,QLIKE,Transformer,Persistence,2,Deep Learning,1,Benchmark,787,2022-12-15,2025-12-23,-0.6840495326956599,-0.7422091029471576,0.058159570251497664,B_lower,3.896233458800521,t(T-1),Bartlett,25,auto_floor_h-1,0.17535863931248225,0.00010602039748370664,holm,benchmark|QLIKE|auto_floor_h-1,252,0.020037855124420554,0.05,True,tested
benchmark,5day,^IXIC,QLIKE,GARCHLSTM,Persistence,3,Hybrid,1,Benchmark,787,2022-12-15,2025-12-23,-0.7383188640229604,-0.7422091029471576,0.003890238924197123,B_lower,1.7718554528407693,t(T-1),Bartlett,17,auto_floor_h-1,0.003793767426133055,0.07680592936920563,holm,benchmark|QLIKE|auto_floor_h-1,252,1.0,0.05,False,tested
benchmark,5day,^IXIC,QLIKE,GARCHGRU,Persistence,3,Hybrid,1,Benchmark,787,2022-12-15,2025-12-23,-0.7437614339536474,-0.7422091029471576,-0.001552331006489802,A_lower,-0.9450975893471538,t(T-1),Bartlett,16,auto_floor_h-1,0.00212319599347306,0.34489948635902434,holm,benchmark|QLIKE|auto_floor_h-1,252,1.0,0.05,False,tested
benchmark,5day,^IXIC,QLIKE,GARCHTransformer,Persistence,3,Hybrid,1,Benchmark,787,2022-12-15,2025-12-23,-0.7046397043702458,-0.7422091029471576,0.037569398576911654,B_lower,3.8728133057848364,t(T-1),Bartlett,24,auto_floor_h-1,0.07406108913827687,0.0001165352937743674,holm,benchmark|QLIKE|auto_floor_h-1,252,0.021692999782281192,0.05,True,tested
benchmark,5day,^IXIC,QLIKE,GARCH,Persistence,1,Econometric,1,Benchmark,787,2022-12-15,2025-12-23,-0.7422775192244462,-0.7422091029471576,-6.841627728855466e-05,A_lower,-0.038103335329776375,t(T-1),Bartlett,21,fixed_21,0.002537275497723196,0.9696149673708898,holm,benchmark|QLIKE|fixed_21,252,1.0,0.05,False,tested
benchmark,5day,^IXIC,QLIKE,EGARCH,Persistence,1,Econometric,1,Benchmark,787,2022-12-15,2025-12-23,-0.739219259647016,-0.7422091029471576,0.0029898433001414866,B_lower,1.2414982677259403,t(T-1),Bartlett,21,fixed_21,0.0045643543272033005,0.21479209553118847,holm,benchmark|QLIKE|fixed_21,252,1.0,0.05,False,tested
benchmark,5day,^IXIC,QLIKE,GJRGARCH,Persistence,1,Econometric,1,Benchmark,787,2022-12-15,2025-12-23,-0.7388466310092596,-0.7422091029471576,0.0033624719378979586,B_lower,2.089672921011831,t(T-1),Bartlett,21,fixed_21,0.002037677450877849,0.036968122737737655,holm,benchmark|QLIKE|fixed_21,252,1.0,0.05,False,tested
benchmark,5day,^IXIC,QLIKE,LinearRegression,Persistence,1,Machine Learning,1,Benchmark,787,2022-12-15,2025-12-23,-0.74186134263401,-0.7422091029471576,0.00034776031314746506,B_lower,0.562078883745236,t(T-1),Bartlett,21,fixed_21,0.00030125913788052114,0.5742225231251922,holm,benchmark|QLIKE|fixed_21,252,1.0,0.05,False,tested
benchmark,5day,^IXIC,QLIKE,RandomForest,Persistence,1,Machine Learning,1,Benchmark,787,2022-12-15,2025-12-23,-0.7393817257405405,-0.7422091029471576,0.00282737720661691,B_lower,2.0780634260288617,t(T-1),Bartlett,21,fixed_21,0.0014568828796275807,0.03802752021446161,holm,benchmark|QLIKE|fixed_21,252,1.0,0.05,False,tested
benchmark,5day,^IXIC,QLIKE,XGBoost,Persistence,1,Machine Learning,1,Benchmark,787,2022-12-15,2025-12-23,-0.7308717299091971,-0.7422091029471576,0.011337373037960403,B_lower,4.678523610725707,t(T-1),Bartlett,21,fixed_21,0.0046214893285392595,3.401428485947801e-06,holm,benchmark|QLIKE|fixed_21,252,0.000734708552964725,0.05,True,tested
benchmark,5day,^IXIC,QLIKE,LSTM,Persistence,2,Deep Learning,1,Benchmark,787,2022-12-15,2025-12-23,-0.7324840357872967,-0.7422091029471576,0.00972506715986091,B_lower,3.497905530751383,t(T-1),Bartlett,21,fixed_21,0.006083363930519949,0.0004952733305182076,holm,benchmark|QLIKE|fixed_21,252,0.08568228617964992,0.05,False,tested
benchmark,5day,^IXIC,QLIKE,GRU,Persistence,2,Deep Learning,1,Benchmark,787,2022-12-15,2025-12-23,-0.7360018265396286,-0.7422091029471576,0.006207276407528819,B_lower,2.593185367798095,t(T-1),Bartlett,21,fixed_21,0.004509306723835983,0.009685996641565999,holm,benchmark|QLIKE|fixed_21,252,1.0,0.05,False,tested
benchmark,5day,^IXIC,QLIKE,Transformer,Persistence,2,Deep Learning,1,Benchmark,787,2022-12-15,2025-12-23,-0.6840495326956599,-0.7422091029471576,0.058159570251497664,B_lower,4.056662528296918,t(T-1),Bartlett,21,fixed_21,0.16176305826860476,5.4745450529081623e-05,holm,benchmark|QLIKE|fixed_21,252,0.010511126501583671,0.05,True,tested
benchmark,5day,^IXIC,QLIKE,GARCHLSTM,Persistence,3,Hybrid,1,Benchmark,787,2022-12-15,2025-12-23,-0.7383188640229604,-0.7422091029471576,0.003890238924197123,B_lower,1.7512929337900152,t(T-1),Bartlett,21,fixed_21,0.0038833782283494694,0.08028550492265378,holm,benchmark|QLIKE|fixed_21,252,1.0,0.05,False,tested
benchmark,5day,^IXIC,QLIKE,GARCHGRU,Persistence,3,Hybrid,1,Benchmark,787,2022-12-15,2025-12-23,-0.7437614339536474,-0.7422091029471576,-0.001552331006489802,A_lower,-0.9213115407210725,t(T-1),Bartlett,21,fixed_21,0.002234242836381687,0.35717048684441094,holm,benchmark|QLIKE|fixed_21,252,1.0,0.05,False,tested
benchmark,5day,^IXIC,QLIKE,GARCHTransformer,Persistence,3,Hybrid,1,Benchmark,787,2022-12-15,2025-12-23,-0.7046397043702458,-0.7422091029471576,0.037569398576911654,B_lower,3.9436877866524385,t(T-1),Bartlett,21,fixed_21,0.07142301299013919,8.740247014935677e-05,holm,benchmark|QLIKE|fixed_21,252,0.016344261917929717,0.05,True,tested
benchmark,5day,^IXIC,SquaredError,GARCH,Persistence,1,Econometric,1,Benchmark,787,2022-12-15,2025-12-23,0.0010961470355062978,0.0012245723469953376,-0.0001284253114890397,A_lower,-0.4266785802182593,t(T-1),Bartlett,11,auto_floor_h-1,7.129750055978669e-05,0.6697302916559241,holm,benchmark|SquaredError|auto_floor_h-1,252,1.0,0.05,False,tested
benchmark,5day,^IXIC,SquaredError,EGARCH,Persistence,1,Econometric,1,Benchmark,787,2022-12-15,2025-12-23,0.0016318642361761854,0.0012245723469953376,0.00040729188918084777,B_lower,0.863800253595693,t(T-1),Bartlett,14,auto_floor_h-1,0.00017496839224453347,0.3879611428724743,holm,benchmark|SquaredError|auto_floor_h-1,252,1.0,0.05,False,tested
benchmark,5day,^IXIC,SquaredError,GJRGARCH,Persistence,1,Econometric,1,Benchmark,787,2022-12-15,2025-12-23,0.0014946221366360407,0.0012245723469953376,0.0002700497896407031,B_lower,0.6974977260657192,t(T-1),Bartlett,10,auto_floor_h-1,0.0001179714253898175,0.4856976237667906,holm,benchmark|SquaredError|auto_floor_h-1,252,1.0,0.05,False,tested
benchmark,5day,^IXIC,SquaredError,LinearRegression,Persistence,1,Machine Learning,1,Benchmark,787,2022-12-15,2025-12-23,0.0010732405088660832,0.0012245723469953376,-0.00015133183812925439,A_lower,-0.8520028422323501,t(T-1),Bartlett,14,auto_floor_h-1,2.4828658758992353e-05,0.39447203101739436,holm,benchmark|SquaredError|auto_floor_h-1,252,1.0,0.05,False,tested
benchmark,5day,^IXIC,SquaredError,RandomForest,Persistence,1,Machine Learning,1,Benchmark,787,2022-12-15,2025-12-23,0.0016391160282887625,0.0012245723469953376,0.00041454368129342485,B_lower,0.9848511231706739,t(T-1),Bartlett,19,auto_floor_h-1,0.0001394357582892754,0.325000261770306,holm,benchmark|SquaredError|auto_floor_h-1,252,1.0,0.05,False,tested
benchmark,5day,^IXIC,SquaredError,XGBoost,Persistence,1,Machine Learning,1,Benchmark,787,2022-12-15,2025-12-23,0.0021149273255992615,0.0012245723469953376,0.0008903549786039238,B_lower,1.7509389427004363,t(T-1),Bartlett,19,auto_floor_h-1,0.0002034975155320806,0.08034651230917698,holm,benchmark|SquaredError|auto_floor_h-1,252,1.0,0.05,False,tested
benchmark,5day,^IXIC,SquaredError,LSTM,Persistence,2,Deep Learning,1,Benchmark,787,2022-12-15,2025-12-23,0.002034349841944291,0.0012245723469953376,0.0008097774949489538,B_lower,1.6508166247478642,t(T-1),Bartlett,19,auto_floor_h-1,0.0001893688188491712,0.09917549762366341,holm,benchmark|SquaredError|auto_floor_h-1,252,1.0,0.05,False,tested
benchmark,5day,^IXIC,SquaredError,GRU,Persistence,2,Deep Learning,1,Benchmark,787,2022-12-15,2025-12-23,0.00134838992612627,0.0012245723469953376,0.0001238175791309323,B_lower,0.4242160574464873,t(T-1),Bartlett,17,auto_floor_h-1,6.704480661959295e-05,0.6715243302822383,holm,benchmark|SquaredError|auto_floor_h-1,252,1.0,0.05,False,tested
benchmark,5day,^IXIC,SquaredError,Transformer,Persistence,2,Deep Learning,1,Benchmark,787,2022-12-15,2025-12-23,0.005462927479624759,0.0012245723469953376,0.004238355132629423,B_lower,2.2346282651019638,t(T-1),Bartlett,24,auto_floor_h-1,0.002831123690891086,0.025722089757520793,holm,benchmark|SquaredError|auto_floor_h-1,252,1.0,0.05,False,tested
benchmark,5day,^IXIC,SquaredError,GARCHLSTM,Persistence,3,Hybrid,1,Benchmark,787,2022-12-15,2025-12-23,0.0013803731090909523,0.0012245723469953376,0.0001558007620956148,B_lower,0.5228225557292794,t(T-1),Bartlett,17,auto_floor_h-1,6.988842546324176e-05,0.6012450794509172,holm,benchmark|SquaredError|auto_floor_h-1,252,1.0,0.05,False,tested
benchmark,5day,^IXIC,SquaredError,GARCHGRU,Persistence,3,Hybrid,1,Benchmark,787,2022-12-15,2025-12-23,0.0008892704887154251,0.0012245723469953376,-0.00033530185827991245,A_lower,-1.016044961490494,t(T-1),Bartlett,12,auto_floor_h-1,8.570788928977832e-05,0.3099206256631451,holm,benchmark|SquaredError|auto_floor_h-1,252,1.0,0.05,False,tested
benchmark,5day,^IXIC,SquaredError,GARCHTransformer,Persistence,3,Hybrid,1,Benchmark,787,2022-12-15,2025-12-23,0.004087383496260144,0.0012245723469953376,0.002862811149264806,B_lower,2.5892218163192937,t(T-1),Bartlett,22,auto_floor_h-1,0.0009621031064059955,0.009797229623334904,holm,benchmark|SquaredError|auto_floor_h-1,252,1.0,0.05,False,tested
benchmark,5day,^IXIC,SquaredError,GARCH,Persistence,1,Econometric,1,Benchmark,787,2022-12-15,2025-12-23,0.0010961470355062978,0.0012245723469953376,-0.0001284253114890397,A_lower,-0.5096230671647404,t(T-1),Bartlett,21,fixed_21,4.997788037716345e-05,0.6104586129627075,holm,benchmark|SquaredError|fixed_21,252,1.0,0.05,False,tested
benchmark,5day,^IXIC,SquaredError,EGARCH,Persistence,1,Econometric,1,Benchmark,787,2022-12-15,2025-12-23,0.0016318642361761854,0.0012245723469953376,0.00040729188918084777,B_lower,0.9168929648669955,t(T-1),Bartlett,21,fixed_21,0.0001552919611577037,0.35947996858983766,holm,benchmark|SquaredError|fixed_21,252,1.0,0.05,False,tested
benchmark,5day,^IXIC,SquaredError,GJRGARCH,Persistence,1,Econometric,1,Benchmark,787,2022-12-15,2025-12-23,0.0014946221366360407,0.0012245723469953376,0.0002700497896407031,B_lower,1.1526896176599206,t(T-1),Bartlett,21,fixed_21,4.319541551942956e-05,0.24938824315972188,holm,benchmark|SquaredError|fixed_21,252,1.0,0.05,False,tested
benchmark,5day,^IXIC,SquaredError,LinearRegression,Persistence,1,Machine Learning,1,Benchmark,787,2022-12-15,2025-12-23,0.0010732405088660832,0.0012245723469953376,-0.00015133183812925439,A_lower,-0.8439915746447215,t(T-1),Bartlett,21,fixed_21,2.5302248944365562e-05,0.3989309053467415,holm,benchmark|SquaredError|fixed_21,252,1.0,0.05,False,tested
benchmark,5day,^IXIC,SquaredError,RandomForest,Persistence,1,Machine Learning,1,Benchmark,787,2022-12-15,2025-12-23,0.0016391160282887625,0.0012245723469953376,0.00041454368129342485,B_lower,1.0083769883836184,t(T-1),Bartlett,21,fixed_21,0.00013300546297884542,0.3135838352421898,holm,benchmark|SquaredError|fixed_21,252,1.0,0.05,False,tested
benchmark,5day,^IXIC,SquaredError,XGBoost,Persistence,1,Machine Learning,1,Benchmark,787,2022-12-15,2025-12-23,0.0021149273255992615,0.0012245723469953376,0.0008903549786039238,B_lower,1.7700644608047342,t(T-1),Bartlett,21,fixed_21,0.00019912369861277754,0.07710401936049786,holm,benchmark|SquaredError|fixed_21,252,1.0,0.05,False,tested
benchmark,5day,^IXIC,SquaredError,LSTM,Persistence,2,Deep Learning,1,Benchmark,787,2022-12-15,2025-12-23,0.002034349841944291,0.0012245723469953376,0.0008097774949489538,B_lower,1.6745703397440954,t(T-1),Bartlett,21,fixed_21,0.00018403454371193964,0.09441636324718382,holm,benchmark|SquaredError|fixed_21,252,1.0,0.05,False,tested
benchmark,5day,^IXIC,SquaredError,GRU,Persistence,2,Deep Learning,1,Benchmark,787,2022-12-15,2025-12-23,0.00134838992612627,0.0012245723469953376,0.0001238175791309323,B_lower,0.41822260324020677,t(T-1),Bartlett,21,fixed_21,6.898018382157745e-05,0.6758986086137426,holm,benchmark|SquaredError|fixed_21,252,1.0,0.05,False,tested
benchmark,5day,^IXIC,SquaredError,Transformer,Persistence,2,Deep Learning,1,Benchmark,787,2022-12-15,2025-12-23,0.005462927479624759,0.0012245723469953376,0.004238355132629423,B_lower,2.276871663715867,t(T-1),Bartlett,21,fixed_21,0.0027270450659839744,0.023061867696762654,holm,benchmark|SquaredError|fixed_21,252,1.0,0.05,False,tested
benchmark,5day,^IXIC,SquaredError,GARCHLSTM,Persistence,3,Hybrid,1,Benchmark,787,2022-12-15,2025-12-23,0.0013803731090909523,0.0012245723469953376,0.0001558007620956148,B_lower,0.5147516835724469,t(T-1),Bartlett,21,fixed_21,7.20971896579749e-05,0.6068712665512646,holm,benchmark|SquaredError|fixed_21,252,1.0,0.05,False,tested
benchmark,5day,^IXIC,SquaredError,GARCHGRU,Persistence,3,Hybrid,1,Benchmark,787,2022-12-15,2025-12-23,0.0008892704887154251,0.0012245723469953376,-0.00033530185827991245,A_lower,-1.012790665960455,t(T-1),Bartlett,21,fixed_21,8.625956679010792e-05,0.3114718228425931,holm,benchmark|SquaredError|fixed_21,252,1.0,0.05,False,tested
benchmark,5day,^IXIC,SquaredError,GARCHTransformer,Persistence,3,Hybrid,1,Benchmark,787,2022-12-15,2025-12-23,0.004087383496260144,0.0012245723469953376,0.002862811149264806,B_lower,2.593695996878832,t(T-1),Bartlett,21,fixed_21,0.000958786672840021,0.009671748683404882,holm,benchmark|SquaredError|fixed_21,252,1.0,0.05,False,tested
benchmark,5day,^FTSE,QLIKE,GARCH,Persistence,1,Econometric,1,Benchmark,787,2022-12-15,2025-12-23,-1.307628669534774,-1.3315752849577038,0.02394661542292945,B_lower,4.590221489794531,t(T-1),Bartlett,18,auto_floor_h-1,0.02141882920858123,5.153226528007519e-06,holm,benchmark|QLIKE|auto_floor_h-1,252,0.001092484023937594,0.05,True,tested
benchmark,5day,^FTSE,QLIKE,EGARCH,Persistence,1,Econometric,1,Benchmark,787,2022-12-15,2025-12-23,-1.319290546906761,-1.3315752849577038,0.012284738050942745,B_lower,3.596323137783891,t(T-1),Bartlett,10,auto_floor_h-1,0.009183095881317362,0.0003429087143438049,holm,benchmark|QLIKE|auto_floor_h-1,252,0.06069484243885347,0.05,False,tested
benchmark,5day,^FTSE,QLIKE,GJRGARCH,Persistence,1,Econometric,1,Benchmark,787,2022-12-15,2025-12-23,-1.3146331847252595,-1.3315752849577038,0.01694210023244434,B_lower,3.873944944496542,t(T-1),Bartlett,13,auto_floor_h-1,0.015052281692094351,0.00011600534642931118,holm,benchmark|QLIKE|auto_floor_h-1,252,0.021692999782281192,0.05,True,tested
benchmark,5day,^FTSE,QLIKE,LinearRegression,Persistence,1,Machine Learning,1,Benchmark,787,2022-12-15,2025-12-23,-1.3239629454055821,-1.3315752849577038,0.007612339552121584,B_lower,0.9301943344489975,t(T-1),Bartlett,4,auto_floor_h-1,0.05270643672332237,0.35255606977319004,holm,benchmark|QLIKE|auto_floor_h-1,252,1.0,0.05,False,tested
benchmark,5day,^FTSE,QLIKE,RandomForest,Persistence,1,Machine Learning,1,Benchmark,787,2022-12-15,2025-12-23,-1.3323366507455294,-1.3315752849577038,-0.0007613657878259843,A_lower,-0.596287929204223,t(T-1),Bartlett,14,auto_floor_h-1,0.0012830672270932872,0.5511545773038538,holm,benchmark|QLIKE|auto_floor_h-1,252,1.0,0.05,False,tested
benchmark,5day,^FTSE,QLIKE,XGBoost,Persistence,1,Machine Learning,1,Benchmark,787,2022-12-15,2025-12-23,-1.3271675333170203,-1.3315752849577038,0.004407751640683426,B_lower,2.0475366343421957,t(T-1),Bartlett,18,auto_floor_h-1,0.0036470826229502923,0.04093732985767244,holm,benchmark|QLIKE|auto_floor_h-1,252,1.0,0.05,False,tested
benchmark,5day,^FTSE,QLIKE,LSTM,Persistence,2,Deep Learning,1,Benchmark,787,2022-12-15,2025-12-23,-1.3234996805346544,-1.3315752849577038,0.00807560442304945,B_lower,2.372856160629854,t(T-1),Bartlett,9,auto_floor_h-1,0.009115531191820419,0.017890805567792045,holm,benchmark|QLIKE|auto_floor_h-1,252,1.0,0.05,False,tested
benchmark,5day,^FTSE,QLIKE,GRU,Persistence,2,Deep Learning,1,Benchmark,787,2022-12-15,2025-12-23,-1.331796241287569,-1.3315752849577038,-0.00022095632986523462,A_lower,-0.08850352860533768,t(T-1),Bartlett,7,auto_floor_h-1,0.004905309959835672,0.9294990241958457,holm,benchmark|QLIKE|auto_floor_h-1,252,1.0,0.05,False,tested
benchmark,5day,^FTSE,QLIKE,Transformer,Persistence,2,Deep Learning,1,Benchmark,787,2022-12-15,2025-12-23,-1.3083027483578757,-1.3315752849577038,0.023272536599827993,B_lower,3.6913239900052344,t(T-1),Bartlett,19,auto_floor_h-1,0.03128224016448976,0.00023849549831414881,holm,benchmark|QLIKE|auto_floor_h-1,252,0.042929189696546785,0.05,True,tested
benchmark,5day,^FTSE,QLIKE,GARCHLSTM,Persistence,3,Hybrid,1,Benchmark,787,2022-12-15,2025-12-23,-1.327663418091195,-1.3315752849577038,0.003911866866508473,B_lower,1.4161966167866453,t(T-1),Bartlett,8,auto_floor_h-1,0.0060047614521665325,0.1571141061980436,holm,benchmark|QLIKE|auto_floor_h-1,252,1.0,0.05,False,tested
benchmark,5day,^FTSE,QLIKE,GARCHGRU,Persistence,3,Hybrid,1,Benchmark,787,2022-12-15,2025-12-23,-1.3322738223755495,-1.3315752849577038,-0.000698537417846001,A_lower,-0.258215649314829,t(T-1),Bartlett,17,auto_floor_h-1,0.005759555433067894,0.7963080769992303,holm,benchmark|QLIKE|auto_floor_h-1,252,1.0,0.05,False,tested
benchmark,5day,^FTSE,QLIKE,GARCHTransformer,Persistence,3,Hybrid,1,Benchmark,787,2022-12-15,2025-12-23,-1.2968607405876762,-1.3315752849577038,0.034714544370027446,B_lower,3.4037123110135243,t(T-1),Bartlett,22,auto_floor_h-1,0.08186381513659272,0.0006984367861014022,holm,benchmark|QLIKE|auto_floor_h-1,252,0.11943269042333977,0.05,False,tested
benchmark,5day,^FTSE,QLIKE,GARCH,Persistence,1,Econometric,1,Benchmark,787,2022-12-15,2025-12-23,-1.307628669534774,-1.3315752849577038,0.02394661542292945,B_lower,4.443608774591273,t(T-1),Bartlett,21,fixed_21,0.02285553439530026,1.0116278943715197e-05,holm,benchmark|QLIKE|fixed_21,252,0.002104186020292761,0.05,True,tested
benchmark,5day,^FTSE,QLIKE,EGARCH,Persistence,1,Econometric,1,Benchmark,787,2022-12-15,2025-12-23,-1.319290546906761,-1.3315752849577038,0.012284738050942745,B_lower,3.579597991803427,t(T-1),Bartlett,21,fixed_21,0.009269109690496503,0.0003652398864663512,holm,benchmark|QLIKE|fixed_21,252,0.06464745990454415,0.05,False,tested
benchmark,5day,^FTSE,QLIKE,GJRGARCH,Persistence,1,Econometric,1,Benchmark,787,2022-12-15,2025-12-23,-1.3146331847252595,-1.3315752849577038,0.01694210023244434,B_lower,3.756878154904989,t(T-1),Bartlett,21,fixed_21,0.016004975212437954,0.0001847632132285259,holm,benchmark|QLIKE|fixed_21,252,0.03344214159436319,0.05,True,tested
benchmark,5day,^FTSE,QLIKE,LinearRegression,Persistence,1,Machine Learning,1,Benchmark,787,2022-12-15,2025-12-23,-1.3239629454055821,-1.3315752849577038,0.007612339552121584,B_lower,0.9351266859578713,t(T-1),Bartlett,21,fixed_21,0.05215189994044843,0.3500102163131087,holm,benchmark|QLIKE|fixed_21,252,1.0,0.05,False,tested
benchmark,5day,^FTSE,QLIKE,RandomForest,Persistence,1,Machine Learning,1,Benchmark,787,2022-12-15,2025-12-23,-1.3323366507455294,-1.3315752849577038,-0.0007613657878259843,A_lower,-0.6039715587290869,t(T-1),Bartlett,21,fixed_21,0.00125062893347855,0.5460368248216835,holm,benchmark|QLIKE|fixed_21,252,1.0,0.05,False,tested
benchmark,5day,^FTSE,QLIKE,XGBoost,Persistence,1,Machine Learning,1,Benchmark,787,2022-12-15,2025-12-23,-1.3271675333170203,-1.3315752849577038,0.004407751640683426,B_lower,2.047998273838064,t(T-1),Bartlett,21,fixed_21,0.0036454386297394394,0.040891957103347386,holm,benchmark|QLIKE|fixed_21,252,1.0,0.05,False,tested
benchmark,5day,^FTSE,QLIKE,LSTM,Persistence,2,Deep Learning,1,Benchmark,787,2022-12-15,2025-12-23,-1.3234996805346544,-1.3315752849577038,0.00807560442304945,B_lower,2.296737901174845,t(T-1),Bartlett,21,fixed_21,0.009729755619030828,0.02189585798183055,holm,benchmark|QLIKE|fixed_21,252,1.0,0.05,False,tested
benchmark,5day,^FTSE,QLIKE,GRU,Persistence,2,Deep Learning,1,Benchmark,787,2022-12-15,2025-12-23,-1.331796241287569,-1.3315752849577038,-0.00022095632986523462,A_lower,-0.09503416757656512,t(T-1),Bartlett,21,fixed_21,0.0042542996645359215,0.9243119099952549,holm,benchmark|QLIKE|fixed_21,252,1.0,0.05,False,tested
benchmark,5day,^FTSE,QLIKE,Transformer,Persistence,2,Deep Learning,1,Benchmark,787,2022-12-15,2025-12-23,-1.3083027483578757,-1.3315752849577038,0.023272536599827993,B_lower,3.6232090426218635,t(T-1),Bartlett,21,fixed_21,0.03246948446617084,0.0003096742066071976,holm,benchmark|QLIKE|fixed_21,252,0.05543168298268837,0.05,False,tested
benchmark,5day,^FTSE,QLIKE,GARCHLSTM,Persistence,3,Hybrid,1,Benchmark,787,2022-12-15,2025-12-23,-1.327663418091195,-1.3315752849577038,0.003911866866508473,B_lower,1.3402329348327615,t(T-1),Bartlett,21,fixed_21,0.006704745416588416,0.18055690556651377,holm,benchmark|QLIKE|fixed_21,252,1.0,0.05,False,tested
benchmark,5day,^FTSE,QLIKE,GARCHGRU,Persistence,3,Hybrid,1,Benchmark,787,2022-12-15,2025-12-23,-1.3322738223755495,-1.3315752849577038,-0.000698537417846001,A_lower,-0.252398515944827,t(T-1),Bartlett,21,fixed_21,0.006028100542802523,0.8007990343159702,holm,benchmark|QLIKE|fixed_21,252,1.0,0.05,False,tested
benchmark,5day,^FTSE,QLIKE,GARCHTransformer,Persistence,3,Hybrid,1,Benchmark,787,2022-12-15,2025-12-23,-1.2968607405876762,-1.3315752849577038,0.034714544370027446,B_lower,3.438607512629211,t(T-1),Bartlett,21,fixed_21,0.08021072761707215,0.0006154973297621397,holm,benchmark|QLIKE|fixed_21,252,0.10463454605956375,0.05,False,tested
benchmark,5day,^FTSE,SquaredError,GARCH,Persistence,1,Econometric,1,Benchmark,787,2022-12-15,2025-12-23,0.0010614764646748602,0.0006606734938262484,0.00040080297084861164,B_lower,2.2774013327391955,t(T-1),Bartlett,8,auto_floor_h-1,2.4375720156775765e-05,0.02303009222716388,holm,benchmark|SquaredError|auto_floor_h-1,252,1.0,0.05,False,tested
benchmark,5day,^FTSE,SquaredError,EGARCH,Persistence,1,Econometric,1,Benchmark,787,2022-12-15,2025-12-23,0.0008208633517545932,0.0006606734938262484,0.00016018985792834475,B_lower,1.1150864369043838,t(T-1),Bartlett,16,auto_floor_h-1,1.624155839641968e-05,0.2651542029657006,holm,benchmark|SquaredError|auto_floor_h-1,252,1.0,0.05,False,tested
benchmark,5day,^FTSE,SquaredError,GJRGARCH,Persistence,1,Econometric,1,Benchmark,787,2022-12-15,2025-12-23,0.001105155754905095,0.0006606734938262484,0.00044448226107884664,B_lower,2.2600242428011095,t(T-1),Bartlett,11,auto_floor_h-1,3.0440894046491723e-05,0.0240926640866689,holm,benchmark|SquaredError|auto_floor_h-1,252,1.0,0.05,False,tested
benchmark,5day,^FTSE,SquaredError,LinearRegression,Persistence,1,Machine Learning,1,Benchmark,787,2022-12-15,2025-12-23,0.0005357151575470247,0.0006606734938262484,-0.00012495833627922383,A_lower,-1.5226875332517595,t(T-1),Bartlett,16,auto_floor_h-1,5.300094546031972e-06,0.12823910072093891,holm,benchmark|SquaredError|auto_floor_h-1,252,1.0,0.05,False,tested
benchmark,5day,^FTSE,SquaredError,RandomForest,Persistence,1,Machine Learning,1,Benchmark,787,2022-12-15,2025-12-23,0.0005879401803889274,0.0006606734938262484,-7.2733313437321e-05,A_lower,-1.0935406441379762,t(T-1),Bartlett,13,auto_floor_h-1,3.4815418438107646e-06,0.2744915168604171,holm,benchmark|SquaredError|auto_floor_h-1,252,1.0,0.05,False,tested
benchmark,5day,^FTSE,SquaredError,XGBoost,Persistence,1,Machine Learning,1,Benchmark,787,2022-12-15,2025-12-23,0.0007137872269319627,0.0006606734938262484,5.31137331057142e-05,B_lower,0.5628118462715997,t(T-1),Bartlett,12,auto_floor_h-1,7.0090946733671075e-06,0.5737235045232115,holm,benchmark|SquaredError|auto_floor_h-1,252,1.0,0.05,False,tested
benchmark,5day,^FTSE,SquaredError,LSTM,Persistence,2,Deep Learning,1,Benchmark,787,2022-12-15,2025-12-23,0.0008539842261709469,0.0006606734938262484,0.00019331073234469832,B_lower,2.127998367197533,t(T-1),Bartlett,35,auto_floor_h-1,6.49447551555673e-06,0.03364778606655908,holm,benchmark|SquaredError|auto_floor_h-1,252,1.0,0.05,False,tested
benchmark,5day,^FTSE,SquaredError,GRU,Persistence,2,Deep Learning,1,Benchmark,787,2022-12-15,2025-12-23,0.0005790390269882829,0.0006606734938262484,-8.163446683796568e-05,A_lower,-0.5944858210798154,t(T-1),Bartlett,6,auto_floor_h-1,1.48401691817851e-05,0.5523583004743605,holm,benchmark|SquaredError|auto_floor_h-1,252,1.0,0.05,False,tested
benchmark,5day,^FTSE,SquaredError,Transformer,Persistence,2,Deep Learning,1,Benchmark,787,2022-12-15,2025-12-23,0.0015070854088357981,0.0006606734938262484,0.0008464119150095495,B_lower,2.3394946698109096,t(T-1),Bartlett,18,auto_floor_h-1,0.00010301350138739183,0.019559361080073605,holm,benchmark|SquaredError|auto_floor_h-1,252,1.0,0.05,False,tested
benchmark,5day,^FTSE,SquaredError,GARCHLSTM,Persistence,3,Hybrid,1,Benchmark,787,2022-12-15,2025-12-23,0.0006713959772269927,0.0006606734938262484,1.0722483400744121e-05,B_lower,0.13169301372689823,t(T-1),Bartlett,37,auto_floor_h-1,5.217230503102516e-06,0.8952608133165645,holm,benchmark|SquaredError|auto_floor_h-1,252,1.0,0.05,False,tested
benchmark,5day,^FTSE,SquaredError,GARCHGRU,Persistence,3,Hybrid,1,Benchmark,787,2022-12-15,2025-12-23,0.0004930947946292516,0.0006606734938262484,-0.00016757869919699678,A_lower,-1.150530917207219,t(T-1),Bartlett,13,auto_floor_h-1,1.669612836725609e-05,0.25027517228950724,holm,benchmark|SquaredError|auto_floor_h-1,252,1.0,0.05,False,tested
benchmark,5day,^FTSE,SquaredError,GARCHTransformer,Persistence,3,Hybrid,1,Benchmark,787,2022-12-15,2025-12-23,0.0019679585705090616,0.0006606734938262484,0.0013072850766828134,B_lower,2.5881082924005194,t(T-1),Bartlett,20,auto_floor_h-1,0.00020079387032597958,0.00982868406074467,holm,benchmark|SquaredError|auto_floor_h-1,252,1.0,0.05,False,tested
benchmark,5day,^FTSE,SquaredError,GARCH,Persistence,1,Econometric,1,Benchmark,787,2022-12-15,2025-12-23,0.0010614764646748602,0.0006606734938262484,0.00040080297084861164,B_lower,2.625236332465747,t(T-1),Bartlett,21,fixed_21,1.8344242548993025e-05,0.008827164843182975,holm,benchmark|SquaredError|fixed_21,252,1.0,0.05,False,tested
benchmark,5day,^FTSE,SquaredError,EGARCH,Persistence,1,Econometric,1,Benchmark,787,2022-12-15,2025-12-23,0.0008208633517545932,0.0006606734938262484,0.00016018985792834475,B_lower,1.2329580435376961,t(T-1),Bartlett,21,fixed_21,1.3284590397501565e-05,0.2179600440171033,holm,benchmark|SquaredError|fixed_21,252,1.0,0.05,False,tested
benchmark,5day,^FTSE,SquaredError,GJRGARCH,Persistence,1,Econometric,1,Benchmark,787,2022-12-15,2025-12-23,0.001105155754905095,0.0006606734938262484,0.00044448226107884664,B_lower,2.726564668219676,t(T-1),Bartlett,21,fixed_21,2.0914717057498597e-05,0.006542301111164015,holm,benchmark|SquaredError|fixed_21,252,1.0,0.05,False,tested
benchmark,5day,^FTSE,SquaredError,LinearRegression,Persistence,1,Machine Learning,1,Benchmark,787,2022-12-15,2025-12-23,0.0005357151575470247,0.0006606734938262484,-0.00012495833627922383,A_lower,-1.500251351869979,t(T-1),Bartlett,21,fixed_21,5.45980519439523e-06,0.13395086601932432,holm,benchmark|SquaredError|fixed_21,252,1.0,0.05,False,tested
benchmark,5day,^FTSE,SquaredError,RandomForest,Persistence,1,Machine Learning,1,Benchmark,787,2022-12-15,2025-12-23,0.0005879401803889274,0.0006606734938262484,-7.2733313437321e-05,A_lower,-1.1149252540153416,t(T-1),Bartlett,21,fixed_21,3.349268557676678e-06,0.2652232309574642,holm,benchmark|SquaredError|fixed_21,252,1.0,0.05,False,tested
benchmark,5day,^FTSE,SquaredError,XGBoost,Persistence,1,Machine Learning,1,Benchmark,787,2022-12-15,2025-12-23,0.0007137872269319627,0.0006606734938262484,5.31137331057142e-05,B_lower,0.606683465036427,t(T-1),Bartlett,21,fixed_21,6.03203800475868e-06,0.544236186608992,holm,benchmark|SquaredError|fixed_21,252,1.0,0.05,False,tested
benchmark,5day,^FTSE,SquaredError,LSTM,Persistence,2,Deep Learning,1,Benchmark,787,2022-12-15,2025-12-23,0.0008539842261709469,0.0006606734938262484,0.00019331073234469832,B_lower,2.1265662201264437,t(T-1),Bartlett,21,fixed_21,6.503225937639096e-06,0.033767101913623594,holm,benchmark|SquaredError|fixed_21,252,1.0,0.05,False,tested
benchmark,5day,^FTSE,SquaredError,GRU,Persistence,2,Deep Learning,1,Benchmark,787,2022-12-15,2025-12-23,0.0005790390269882829,0.0006606734938262484,-8.163446683796568e-05,A_lower,-0.6545546155510045,t(T-1),Bartlett,21,fixed_21,1.2241371399609245e-05,0.5129460359444799,holm,benchmark|SquaredError|fixed_21,252,1.0,0.05,False,tested
benchmark,5day,^FTSE,SquaredError,Transformer,Persistence,2,Deep Learning,1,Benchmark,787,2022-12-15,2025-12-23,0.0015070854088357981,0.0006606734938262484,0.0008464119150095495,B_lower,2.334920090269585,t(T-1),Bartlett,21,fixed_21,0.00010341754526743375,0.019798460534672553,holm,benchmark|SquaredError|fixed_21,252,1.0,0.05,False,tested
benchmark,5day,^FTSE,SquaredError,GARCHLSTM,Persistence,3,Hybrid,1,Benchmark,787,2022-12-15,2025-12-23,0.0006713959772269927,0.0006606734938262484,1.0722483400744121e-05,B_lower,0.12537983785340082,t(T-1),Bartlett,21,fixed_21,5.7558582478490346e-06,0.9002549101152528,holm,benchmark|SquaredError|fixed_21,252,1.0,0.05,False,tested
benchmark,5day,^FTSE,SquaredError,GARCHGRU,Persistence,3,Hybrid,1,Benchmark,787,2022-12-15,2025-12-23,0.0004930947946292516,0.0006606734938262484,-0.00016757869919699678,A_lower,-1.1596213198785321,t(T-1),Bartlett,21,fixed_21,1.6435388695664252e-05,0.24655515593293076,holm,benchmark|SquaredError|fixed_21,252,1.0,0.05,False,tested
benchmark,5day,^FTSE,SquaredError,GARCHTransformer,Persistence,3,Hybrid,1,Benchmark,787,2022-12-15,2025-12-23,0.0019679585705090616,0.0006606734938262484,0.0013072850766828134,B_lower,2.571669030397832,t(T-1),Bartlett,21,fixed_21,0.00020336920442235018,0.010303659751883257,holm,benchmark|SquaredError|fixed_21,252,1.0,0.05,False,tested
benchmark,5day,^GDAXI,QLIKE,GARCH,Persistence,1,Econometric,1,Benchmark,787,2022-12-15,2025-12-23,-1.0364898936763545,-1.0538737954363189,0.017383901759964623,B_lower,3.941983600833097,t(T-1),Bartlett,22,auto_floor_h-1,0.015305221669217993,8.801377226298224e-05,holm,benchmark|QLIKE|auto_floor_h-1,252,0.016722616729966625,0.05,True,tested
benchmark,5day,^GDAXI,QLIKE,EGARCH,Persistence,1,Econometric,1,Benchmark,787,2022-12-15,2025-12-23,-1.0375154530911002,-1.0538737954363189,0.016358342345218605,B_lower,4.889446035514567,t(T-1),Bartlett,20,auto_floor_h-1,0.008809149968409907,1.2263755077643052e-06,holm,benchmark|QLIKE|auto_floor_h-1,252,0.00027470811373920433,0.05,True,tested
benchmark,5day,^GDAXI,QLIKE,GJRGARCH,Persistence,1,Econometric,1,Benchmark,787,2022-12-15,2025-12-23,-1.0409115659205102,-1.0538737954363189,0.012962229515808863,B_lower,4.7466021534479665,t(T-1),Bartlett,15,auto_floor_h-1,0.0058690590969434075,2.4576695261821756e-06,holm,benchmark|QLIKE|auto_floor_h-1,252,0.0005382296262338964,0.05,True,tested
benchmark,5day,^GDAXI,QLIKE,LinearRegression,Persistence,1,Machine Learning,1,Benchmark,787,2022-12-15,2025-12-23,-1.0545487789214032,-1.0538737954363189,-0.0006749834850842035,A_lower,-0.7904913996280679,t(T-1),Bartlett,11,auto_floor_h-1,0.0005738081704387311,0.4294792777304983,holm,benchmark|QLIKE|auto_floor_h-1,252,1.0,0.05,False,tested
benchmark,5day,^GDAXI,QLIKE,RandomForest,Persistence,1,Machine Learning,1,Benchmark,787,2022-12-15,2025-12-23,-1.05010221303637,-1.0538737954363189,0.003771582399948972,B_lower,2.173617687464933,t(T-1),Bartlett,17,auto_floor_h-1,0.0023694940058016584,0.030031700077973466,holm,benchmark|QLIKE|auto_floor_h-1,252,1.0,0.05,False,tested
benchmark,5day,^GDAXI,QLIKE,XGBoost,Persistence,1,Machine Learning,1,Benchmark,787,2022-12-15,2025-12-23,-1.043515594929174,-1.0538737954363189,0.010358200507145168,B_lower,3.475545810483781,t(T-1),Bartlett,20,auto_floor_h-1,0.006990324310944818,0.0005377672735064073,holm,benchmark|QLIKE|auto_floor_h-1,252,0.09357150559011487,0.05,False,tested
benchmark,5day,^GDAXI,QLIKE,LSTM,Persistence,2,Deep Learning,1,Benchmark,787,2022-12-15,2025-12-23,-1.0451042163462847,-1.0538737954363189,0.008769579090034302,B_lower,3.8181601023249008,t(T-1),Bartlett,19,auto_floor_h-1,0.004151680845874907,0.000145032412050524,holm,benchmark|QLIKE|auto_floor_h-1,252,0.02683099622934694,0.05,True,tested
benchmark,5day,^GDAXI,QLIKE,GRU,Persistence,2,Deep Learning,1,Benchmark,787,2022-12-15,2025-12-23,-1.0473310707006653,-1.0538737954363189,0.006542724735653627,B_lower,2.035655657186497,t(T-1),Bartlett,19,auto_floor_h-1,0.00812986619143017,0.04211985505680825,holm,benchmark|QLIKE|auto_floor_h-1,252,1.0,0.05,False,tested
benchmark,5day,^GDAXI,QLIKE,Transformer,Persistence,2,Deep Learning,1,Benchmark,787,2022-12-15,2025-12-23,-1.0209581994629802,-1.0538737954363189,0.032915595973338915,B_lower,4.130928236471204,t(T-1),Bartlett,23,auto_floor_h-1,0.04996695421330368,4.000296564128766e-05,holm,benchmark|QLIKE|auto_floor_h-1,252,0.007920587196974957,0.05,True,tested
benchmark,5day,^GDAXI,QLIKE,GARCHLSTM,Persistence,3,Hybrid,1,Benchmark,787,2022-12-15,2025-12-23,-1.054036099076127,-1.0538737954363189,-0.00016230363980802037,A_lower,-0.13447441879497965,t(T-1),Bartlett,13,auto_floor_h-1,0.0011464415016267427,0.8930618639626561,holm,benchmark|QLIKE|auto_floor_h-1,252,1.0,0.05,False,tested
benchmark,5day,^GDAXI,QLIKE,GARCHGRU,Persistence,3,Hybrid,1,Benchmark,787,2022-12-15,2025-12-23,-1.0502990878684602,-1.0538737954363189,0.00357470756785878,B_lower,1.3429990628230293,t(T-1),Bartlett,20,auto_floor_h-1,0.005575763603477314,0.17965994394343607,holm,benchmark|QLIKE|auto_floor_h-1,252,1.0,0.05,False,tested
benchmark,5day,^GDAXI,QLIKE,GARCHTransformer,Persistence,3,Hybrid,1,Benchmark,787,2022-12-15,2025-12-23,-1.0239634195340275,-1.0538737954363189,0.029910375902291318,B_lower,4.8637090407741335,t(T-1),Bartlett,22,auto_floor_h-1,0.02976345212944337,1.3918550455850118e-06,holm,benchmark|QLIKE|auto_floor_h-1,252,0.0003103836751654576,0.05,True,tested
benchmark,5day,^GDAXI,QLIKE,GARCH,Persistence,1,Econometric,1,Benchmark,787,2022-12-15,2025-12-23,-1.0364898936763545,-1.0538737954363189,0.017383901759964623,B_lower,3.989775879568532,t(T-1),Bartlett,21,fixed_21,0.014940744862366614,7.231625638105133e-05,holm,benchmark|QLIKE|fixed_21,252,0.013740088712399753,0.05,True,tested
benchmark,5day,^GDAXI,QLIKE,EGARCH,Persistence,1,Econometric,1,Benchmark,787,2022-12-15,2025-12-23,-1.0375154530911002,-1.0538737954363189,0.016358342345218605,B_lower,4.848542087456229,t(T-1),Bartlett,21,fixed_21,0.008958410894764741,1.4992363109976062e-06,holm,benchmark|QLIKE|fixed_21,252,0.00033283046104146856,0.05,True,tested
benchmark,5day,^GDAXI,QLIKE,GJRGARCH,Persistence,1,Econometric,1,Benchmark,787,2022-12-15,2025-12-23,-1.0409115659205102,-1.0538737954363189,0.012962229515808863,B_lower,4.658775054196296,t(T-1),Bartlett,21,fixed_21,0.006092431623671225,3.7348316530599074e-06,holm,benchmark|QLIKE|fixed_21,252,0.0007992539737548201,0.05,True,tested
benchmark,5day,^GDAXI,QLIKE,LinearRegression,Persistence,1,Machine Learning,1,Benchmark,787,2022-12-15,2025-12-23,-1.0545487789214032,-1.0538737954363189,-0.0006749834850842035,A_lower,-0.7782517998613753,t(T-1),Bartlett,21,fixed_21,0.0005919987079917354,0.43665479229668464,holm,benchmark|QLIKE|fixed_21,252,1.0,0.05,False,tested
benchmark,5day,^GDAXI,QLIKE,RandomForest,Persistence,1,Machine Learning,1,Benchmark,787,2022-12-15,2025-12-23,-1.05010221303637,-1.0538737954363189,0.003771582399948972,B_lower,2.178864861621281,t(T-1),Bartlett,21,fixed_21,0.002358095247589784,0.029638063251060127,holm,benchmark|QLIKE|fixed_21,252,1.0,0.05,False,tested
benchmark,5day,^GDAXI,QLIKE,XGBoost,Persistence,1,Machine Learning,1,Benchmark,787,2022-12-15,2025-12-23,-1.043515594929174,-1.0538737954363189,0.010358200507145168,B_lower,3.4696647979645965,t(T-1),Bartlett,21,fixed_21,0.007014041313971129,0.000549496325989461,holm,benchmark|QLIKE|fixed_21,252,0.0945133680701873,0.05,False,tested
benchmark,5day,^GDAXI,QLIKE,LSTM,Persistence,2,Deep Learning,1,Benchmark,787,2022-12-15,2025-12-23,-1.0451042163462847,-1.0538737954363189,0.008769579090034302,B_lower,3.798478091287129,t(T-1),Bartlett,21,fixed_21,0.004194816611013482,0.00015681785132296854,holm,benchmark|QLIKE|fixed_21,252,0.028697666792103244,0.05,True,tested
benchmark,5day,^GDAXI,QLIKE,GRU,Persistence,2,Deep Learning,1,Benchmark,787,2022-12-15,2025-12-23,-1.0473310707006653,-1.0538737954363189,0.006542724735653627,B_lower,1.9860708954291915,t(T-1),Bartlett,21,fixed_21,0.008540878353166737,0.04737241561325961,holm,benchmark|QLIKE|fixed_21,252,1.0,0.05,False,tested
benchmark,5day,^GDAXI,QLIKE,Transformer,Persistence,2,Deep Learning,1,Benchmark,787,2022-12-15,2025-12-23,-1.0209581994629802,-1.0538737954363189,0.032915595973338915,B_lower,4.209835585750891,t(T-1),Bartlett,21,fixed_21,0.048111390436419925,2.850890217247629e-05,holm,benchmark|QLIKE|fixed_21,252,0.005616253727977829,0.05,True,tested
benchmark,5day,^GDAXI,QLIKE,GARCHLSTM,Persistence,3,Hybrid,1,Benchmark,787,2022-12-15,2025-12-23,-1.054036099076127,-1.0538737954363189,-0.00016230363980802037,A_lower,-0.13136895232403747,t(T-1),Bartlett,21,fixed_21,0.0012012842368525271,0.8955170656099077,holm,benchmark|QLIKE|fixed_21,252,1.0,0.05,False,tested
benchmark,5day,^GDAXI,QLIKE,GARCHGRU,Persistence,3,Hybrid,1,Benchmark,787,2022-12-15,2025-12-23,-1.0502990878684602,-1.0538737954363189,0.00357470756785878,B_lower,1.3287761776544469,t(T-1),Bartlett,21,fixed_21,0.005695765555412496,0.18430744250624873,holm,benchmark|QLIKE|fixed_21,252,1.0,0.05,False,tested
benchmark,5day,^GDAXI,QLIKE,GARCHTransformer,Persistence,3,Hybrid,1,Benchmark,787,2022-12-15,2025-12-23,-1.0239634195340275,-1.0538737954363189,0.029910375902291318,B_lower,4.885588405912362,t(T-1),Bartlett,21,fixed_21,0.029497466859853244,1.249910484665373e-06,holm,benchmark|QLIKE|fixed_21,252,0.0002787300380803782,0.05,True,tested
benchmark,5day,^GDAXI,SquaredError,GARCH,Persistence,1,Econometric,1,Benchmark,787,2022-12-15,2025-12-23,0.0011029543785309728,0.0006135078548581197,0.0004894465236728531,B_lower,3.142003543266764,t(T-1),Bartlett,9,auto_floor_h-1,1.9097296369456934e-05,0.001740881412218731,holm,benchmark|SquaredError|auto_floor_h-1,252,0.38473479210033956,0.05,False,tested
benchmark,5day,^GDAXI,SquaredError,EGARCH,Persistence,1,Econometric,1,Benchmark,787,2022-12-15,2025-12-23,0.0011273271855139887,0.0006135078548581197,0.0005138193306558689,B_lower,3.4849552254443426,t(T-1),Bartlett,4,auto_floor_h-1,1.7108077348647584e-05,0.0005194862006495705,holm,benchmark|SquaredError|auto_floor_h-1,252,0.11844285374810208,0.05,False,tested
benchmark,5day,^GDAXI,SquaredError,GJRGARCH,Persistence,1,Econometric,1,Benchmark,787,2022-12-15,2025-12-23,0.0012297092952925886,0.0006135078548581197,0.0006162014404344691,B_lower,3.086609299756456,t(T-1),Bartlett,9,auto_floor_h-1,3.1365833303563395e-05,0.0020955922013829635,holm,benchmark|SquaredError|auto_floor_h-1,252,0.4568390999014861,0.05,False,tested
benchmark,5day,^GDAXI,SquaredError,LinearRegression,Persistence,1,Machine Learning,1,Benchmark,787,2022-12-15,2025-12-23,0.0005158208332231762,0.0006135078548581197,-9.768702163494361e-05,A_lower,-1.5731902199067271,t(T-1),Bartlett,16,auto_floor_h-1,3.034491979765402e-06,0.11607719593535584,holm,benchmark|SquaredError|auto_floor_h-1,252,1.0,0.05,False,tested
benchmark,5day,^GDAXI,SquaredError,RandomForest,Persistence,1,Machine Learning,1,Benchmark,787,2022-12-15,2025-12-23,0.0007673136004213095,0.0006135078548581197,0.00015380574556318966,B_lower,1.6099747494920904,t(T-1),Bartlett,11,auto_floor_h-1,7.182600666381018e-06,0.10780487881787992,holm,benchmark|SquaredError|auto_floor_h-1,252,1.0,0.05,False,tested
benchmark,5day,^GDAXI,SquaredError,XGBoost,Persistence,1,Machine Learning,1,Benchmark,787,2022-12-15,2025-12-23,0.0011138705874115357,0.0006135078548581197,0.0005003627325534161,B_lower,2.704974205803342,t(T-1),Bartlett,15,auto_floor_h-1,2.6928885972872442e-05,0.006978824573707953,holm,benchmark|SquaredError|auto_floor_h-1,252,1.0,0.05,False,tested
benchmark,5day,^GDAXI,SquaredError,LSTM,Persistence,2,Deep Learning,1,Benchmark,787,2022-12-15,2025-12-23,0.0009353499389928665,0.0006135078548581197,0.0003218420841347469,B_lower,2.9919781312233305,t(T-1),Bartlett,4,auto_floor_h-1,9.106333815219955e-06,0.0028584553133459223,holm,benchmark|SquaredError|auto_floor_h-1,252,0.6117094370560274,0.05,False,tested
benchmark,5day,^GDAXI,SquaredError,GRU,Persistence,2,Deep Learning,1,Benchmark,787,2022-12-15,2025-12-23,0.0007032652237388948,0.0006135078548581197,8.975736888077505e-05,B_lower,0.5933967364086966,t(T-1),Bartlett,12,auto_floor_h-1,1.8006307071898965e-05,0.5530863838095994,holm,benchmark|SquaredError|auto_floor_h-1,252,1.0,0.05,False,tested
benchmark,5day,^GDAXI,SquaredError,Transformer,Persistence,2,Deep Learning,1,Benchmark,787,2022-12-15,2025-12-23,0.001967541359453866,0.0006135078548581197,0.0013540335045957468,B_lower,3.5073012328550432,t(T-1),Bartlett,22,auto_floor_h-1,0.00011729713867827249,0.0004783708734929383,holm,benchmark|SquaredError|auto_floor_h-1,252,0.11002530090337581,0.05,False,tested
benchmark,5day,^GDAXI,SquaredError,GARCHLSTM,Persistence,3,Hybrid,1,Benchmark,787,2022-12-15,2025-12-23,0.0006316435828448451,0.0006135078548581197,1.8135727986725286e-05,B_lower,0.2711041654331832,t(T-1),Bartlett,17,auto_floor_h-1,3.5218620277822177e-06,0.7863820985926788,holm,benchmark|SquaredError|auto_floor_h-1,252,1.0,0.05,False,tested
benchmark,5day,^GDAXI,SquaredError,GARCHGRU,Persistence,3,Hybrid,1,Benchmark,787,2022-12-15,2025-12-23,0.0005775441483878829,0.0006135078548581197,-3.596370647023694e-05,A_lower,-0.2521368683897727,t(T-1),Bartlett,13,auto_floor_h-1,1.601145916749028e-05,0.8010011884163417,holm,benchmark|SquaredError|auto_floor_h-1,252,1.0,0.05,False,tested
benchmark,5day,^GDAXI,SquaredError,GARCHTransformer,Persistence,3,Hybrid,1,Benchmark,787,2022-12-15,2025-12-23,0.0018541057246761498,0.0006135078548581197,0.0012405978698180303,B_lower,3.4669310127704165,t(T-1),Bartlett,20,auto_floor_h-1,0.00010077351215856704,0.0005550294726798057,holm,benchmark|SquaredError|auto_floor_h-1,252,0.1259916902983159,0.05,False,tested
benchmark,5day,^GDAXI,SquaredError,GARCH,Persistence,1,Econometric,1,Benchmark,787,2022-12-15,2025-12-23,0.0011029543785309728,0.0006135078548581197,0.0004894465236728531,B_lower,3.169265182572057,t(T-1),Bartlett,21,fixed_21,1.877016411353244e-05,0.0015874328591321848,holm,benchmark|SquaredError|fixed_21,252,0.34764779614994845,0.05,False,tested
benchmark,5day,^GDAXI,SquaredError,EGARCH,Persistence,1,Econometric,1,Benchmark,787,2022-12-15,2025-12-23,0.0011273271855139887,0.0006135078548581197,0.0005138193306558689,B_lower,3.9147771760598524,t(T-1),Bartlett,21,fixed_21,1.3557559378247054e-05,9.833798359996954e-05,holm,benchmark|SquaredError|fixed_21,252,0.023404440096792753,0.05,True,tested
benchmark,5day,^GDAXI,SquaredError,GJRGARCH,Persistence,1,Econometric,1,Benchmark,787,2022-12-15,2025-12-23,0.0012297092952925886,0.0006135078548581197,0.0006162014404344691,B_lower,3.1733071149411556,t(T-1),Bartlett,21,fixed_21,2.9675356146326612e-05,0.001565774562066178,holm,benchmark|SquaredError|fixed_21,252,0.34447040365455917,0.05,False,tested
benchmark,5day,^GDAXI,SquaredError,LinearRegression,Persistence,1,Machine Learning,1,Benchmark,787,2022-12-15,2025-12-23,0.0005158208332231762,0.0006135078548581197,-9.768702163494361e-05,A_lower,-1.5465456811347573,t(T-1),Bartlett,21,fixed_21,3.1399516785276302e-06,0.12237535202279949,holm,benchmark|SquaredError|fixed_21,252,1.0,0.05,False,tested
benchmark,5day,^GDAXI,SquaredError,RandomForest,Persistence,1,Machine Learning,1,Benchmark,787,2022-12-15,2025-12-23,0.0007673136004213095,0.0006135078548581197,0.00015380574556318966,B_lower,1.6946473840166885,t(T-1),Bartlett,21,fixed_21,6.482778151773354e-06,0.09053844530715102,holm,benchmark|SquaredError|fixed_21,252,1.0,0.05,False,tested
benchmark,5day,^GDAXI,SquaredError,XGBoost,Persistence,1,Machine Learning,1,Benchmark,787,2022-12-15,2025-12-23,0.0011138705874115357,0.0006135078548581197,0.0005003627325534161,B_lower,2.843152325598101,t(T-1),Bartlett,21,fixed_21,2.4374986685462925e-05,0.004582831440574787,holm,benchmark|SquaredError|fixed_21,252,0.9532289396395556,0.05,False,tested
benchmark,5day,^GDAXI,SquaredError,LSTM,Persistence,2,Deep Learning,1,Benchmark,787,2022-12-15,2025-12-23,0.0009353499389928665,0.0006135078548581197,0.0003218420841347469,B_lower,3.13714789613087,t(T-1),Bartlett,21,fixed_21,8.283052413423277e-06,0.0017696057475472696,holm,benchmark|SquaredError|fixed_21,252,0.38223484147021025,0.05,False,tested
benchmark,5day,^GDAXI,SquaredError,GRU,Persistence,2,Deep Learning,1,Benchmark,787,2022-12-15,2025-12-23,0.0007032652237388948,0.0006135078548581197,8.975736888077505e-05,B_lower,0.59537484991612,t(T-1),Bartlett,21,fixed_21,1.7886855104591618e-05,0.5517643096273267,holm,benchmark|SquaredError|fixed_21,252,1.0,0.05,False,tested
benchmark,5day,^GDAXI,SquaredError,Transformer,Persistence,2,Deep Learning,1,Benchmark,787,2022-12-15,2025-12-23,0.001967541359453866,0.0006135078548581197,0.0013540335045957468,B_lower,3.5526999649270747,t(T-1),Bartlett,21,fixed_21,0.00011431849294515415,0.0004040313887446217,holm,benchmark|SquaredError|fixed_21,252,0.09413931357749686,0.05,False,tested
benchmark,5day,^GDAXI,SquaredError,GARCHLSTM,Persistence,3,Hybrid,1,Benchmark,787,2022-12-15,2025-12-23,0.0006316435828448451,0.0006135078548581197,1.8135727986725286e-05,B_lower,0.2585144943257651,t(T-1),Bartlett,21,fixed_21,3.873244589527815e-06,0.796077542998736,holm,benchmark|SquaredError|fixed_21,252,1.0,0.05,False,tested
benchmark,5day,^GDAXI,SquaredError,GARCHGRU,Persistence,3,Hybrid,1,Benchmark,787,2022-12-15,2025-12-23,0.0005775441483878829,0.0006135078548581197,-3.596370647023694e-05,A_lower,-0.2519172395105888,t(T-1),Bartlett,21,fixed_21,1.6039389862241137e-05,0.8011708883616113,holm,benchmark|SquaredError|fixed_21,252,1.0,0.05,False,tested
benchmark,5day,^GDAXI,SquaredError,GARCHTransformer,Persistence,3,Hybrid,1,Benchmark,787,2022-12-15,2025-12-23,0.0018541057246761498,0.0006135078548581197,0.0012405978698180303,B_lower,3.43872548491129,t(T-1),Bartlett,21,fixed_21,0.00010243344525423385,0.0006152331985268489,holm,benchmark|SquaredError|fixed_21,252,0.14027316926412156,0.05,False,tested
benchmark,5day,^N225,QLIKE,GARCH,Persistence,1,Econometric,1,Benchmark,787,2022-12-15,2025-12-23,-0.7157929407301556,-0.7182402049674036,0.0024472642372480448,B_lower,0.820955862788795,t(T-1),Bartlett,4,auto_floor_h-1,0.006993536445657078,0.4119203269606393,holm,benchmark|QLIKE|auto_floor_h-1,252,1.0,0.05,False,tested
benchmark,5day,^N225,QLIKE,EGARCH,Persistence,1,Econometric,1,Benchmark,787,2022-12-15,2025-12-23,-0.7071393222947058,-0.7182402049674036,0.011100882672697763,B_lower,3.102817955328232,t(T-1),Bartlett,4,auto_floor_h-1,0.010073425190798338,0.001985475485487795,holm,benchmark|QLIKE|auto_floor_h-1,252,0.3117196512215838,0.05,False,tested
benchmark,5day,^N225,QLIKE,GJRGARCH,Persistence,1,Econometric,1,Benchmark,787,2022-12-15,2025-12-23,-0.7187239901583689,-0.7182402049674036,-0.00048378519096514694,A_lower,-0.13966581490418173,t(T-1),Bartlett,4,auto_floor_h-1,0.009442774820357474,0.888959816660154,holm,benchmark|QLIKE|auto_floor_h-1,252,1.0,0.05,False,tested
benchmark,5day,^N225,QLIKE,LinearRegression,Persistence,1,Machine Learning,1,Benchmark,787,2022-12-15,2025-12-23,-0.716460460438894,-0.7182402049674036,0.0017797445285095855,B_lower,1.876336347592668,t(T-1),Bartlett,63,auto_floor_h-1,0.0007080577521893068,0.06097944009672885,holm,benchmark|QLIKE|auto_floor_h-1,252,1.0,0.05,False,tested
benchmark,5day,^N225,QLIKE,RandomForest,Persistence,1,Machine Learning,1,Benchmark,787,2022-12-15,2025-12-23,-0.7106102926862323,-0.7182402049674036,0.007629912281171294,B_lower,3.334982411448895,t(T-1),Bartlett,17,auto_floor_h-1,0.004119331347545845,0.0008930468321877901,holm,benchmark|QLIKE|auto_floor_h-1,252,0.15003186780754874,0.05,False,tested
benchmark,5day,^N225,QLIKE,XGBoost,Persistence,1,Machine Learning,1,Benchmark,787,2022-12-15,2025-12-23,-0.7089684548314908,-0.7182402049674036,0.00927175013591276,B_lower,4.686485053824865,t(T-1),Bartlett,11,auto_floor_h-1,0.0030803757684876227,3.2752741124301414e-06,holm,benchmark|QLIKE|auto_floor_h-1,252,0.0007107344823973407,0.05,True,tested
benchmark,5day,^N225,QLIKE,LSTM,Persistence,2,Deep Learning,1,Benchmark,787,2022-12-15,2025-12-23,-0.7076010744383137,-0.7182402049674036,0.010639130529089935,B_lower,2.642653962181404,t(T-1),Bartlett,19,auto_floor_h-1,0.012755762042315065,0.008389613171145355,holm,benchmark|QLIKE|auto_floor_h-1,252,1.0,0.05,False,tested
benchmark,5day,^N225,QLIKE,GRU,Persistence,2,Deep Learning,1,Benchmark,787,2022-12-15,2025-12-23,-0.712499816866115,-0.7182402049674036,0.005740388101288633,B_lower,1.7346941304330525,t(T-1),Bartlett,16,auto_floor_h-1,0.008618097943657454,0.08318701267178741,holm,benchmark|QLIKE|auto_floor_h-1,252,1.0,0.05,False,tested
benchmark,5day,^N225,QLIKE,Transformer,Persistence,2,Deep Learning,1,Benchmark,787,2022-12-15,2025-12-23,-0.674525642544424,-0.7182402049674036,0.04371456242297954,B_lower,2.677328345803465,t(T-1),Bartlett,23,auto_floor_h-1,0.20980881520228284,0.007575972782480888,holm,benchmark|QLIKE|auto_floor_h-1,252,1.0,0.05,False,tested
benchmark,5day,^N225,QLIKE,GARCHLSTM,Persistence,3,Hybrid,1,Benchmark,787,2022-12-15,2025-12-23,-0.7160399319326979,-0.7182402049674036,0.0022002730347057352,B_lower,0.932367740359823,t(T-1),Bartlett,9,auto_floor_h-1,0.004382817708379308,0.35143281387948605,holm,benchmark|QLIKE|auto_floor_h-1,252,1.0,0.05,False,tested
benchmark,5day,^N225,QLIKE,GARCHGRU,Persistence,3,Hybrid,1,Benchmark,787,2022-12-15,2025-12-23,-0.7212881650264418,-0.7182402049674036,-0.0030479600590381075,A_lower,-1.3016696844960272,t(T-1),Bartlett,8,auto_floor_h-1,0.004315108248678903,0.1934106949974637,holm,benchmark|QLIKE|auto_floor_h-1,252,1.0,0.05,False,tested
benchmark,5day,^N225,QLIKE,GARCHTransformer,Persistence,3,Hybrid,1,Benchmark,787,2022-12-15,2025-12-23,-0.6442441804605445,-0.7182402049674036,0.0739960245068591,B_lower,2.4183165677788727,t(T-1),Bartlett,24,auto_floor_h-1,0.736826445955844,0.015818822115590644,holm,benchmark|QLIKE|auto_floor_h-1,252,1.0,0.05,False,tested
benchmark,5day,^N225,QLIKE,GARCH,Persistence,1,Econometric,1,Benchmark,787,2022-12-15,2025-12-23,-0.7157929407301556,-0.7182402049674036,0.0024472642372480448,B_lower,0.8621188049220081,t(T-1),Bartlett,21,fixed_21,0.0063416493292313735,0.38888508991926835,holm,benchmark|QLIKE|fixed_21,252,1.0,0.05,False,tested
benchmark,5day,^N225,QLIKE,EGARCH,Persistence,1,Econometric,1,Benchmark,787,2022-12-15,2025-12-23,-0.7071393222947058,-0.7182402049674036,0.011100882672697763,B_lower,3.68660030114798,t(T-1),Bartlett,21,fixed_21,0.007135717513205537,0.00024288701708956903,holm,benchmark|QLIKE|fixed_21,252,0.04371966307612243,0.05,True,tested
benchmark,5day,^N225,QLIKE,GJRGARCH,Persistence,1,Econometric,1,Benchmark,787,2022-12-15,2025-12-23,-0.7187239901583689,-0.7182402049674036,-0.00048378519096514694,A_lower,-0.1544005631758191,t(T-1),Bartlett,21,fixed_21,0.007726487609104098,0.8773335457663555,holm,benchmark|QLIKE|fixed_21,252,1.0,0.05,False,tested
benchmark,5day,^N225,QLIKE,LinearRegression,Persistence,1,Machine Learning,1,Benchmark,787,2022-12-15,2025-12-23,-0.716460460438894,-0.7182402049674036,0.0017797445285095855,B_lower,1.5643434184423635,t(T-1),Bartlett,21,fixed_21,0.001018652057186661,0.11813944252745821,holm,benchmark|QLIKE|fixed_21,252,1.0,0.05,False,tested
benchmark,5day,^N225,QLIKE,RandomForest,Persistence,1,Machine Learning,1,Benchmark,787,2022-12-15,2025-12-23,-0.7106102926862323,-0.7182402049674036,0.007629912281171294,B_lower,3.2617611024241127,t(T-1),Bartlett,21,fixed_21,0.0043063519775633115,0.001154979449727362,holm,benchmark|QLIKE|fixed_21,252,0.19172658865474207,0.05,False,tested
benchmark,5day,^N225,QLIKE,XGBoost,Persistence,1,Machine Learning,1,Benchmark,787,2022-12-15,2025-12-23,-0.7089684548314908,-0.7182402049674036,0.00927175013591276,B_lower,4.699763213036149,t(T-1),Bartlett,21,fixed_21,0.0030629944926341512,3.07481314295632e-06,holm,benchmark|QLIKE|fixed_21,252,0.0006703092651644777,0.05,True,tested
benchmark,5day,^N225,QLIKE,LSTM,Persistence,2,Deep Learning,1,Benchmark,787,2022-12-15,2025-12-23,-0.7076010744383137,-0.7182402049674036,0.010639130529089935,B_lower,2.6924935425860483,t(T-1),Bartlett,21,fixed_21,0.012287899930618127,0.00724295439611649,holm,benchmark|QLIKE|fixed_21,252,1.0,0.05,False,tested
benchmark,5day,^N225,QLIKE,GRU,Persistence,2,Deep Learning,1,Benchmark,787,2022-12-15,2025-12-23,-0.712499816866115,-0.7182402049674036,0.005740388101288633,B_lower,1.7251093399393291,t(T-1),Bartlett,21,fixed_21,0.008714129115145866,0.08490085334032672,holm,benchmark|QLIKE|fixed_21,252,1.0,0.05,False,tested
benchmark,5day,^N225,QLIKE,Transformer,Persistence,2,Deep Learning,1,Benchmark,787,2022-12-15,2025-12-23,-0.674525642544424,-0.7182402049674036,0.04371456242297954,B_lower,2.700800341343068,t(T-1),Bartlett,21,fixed_21,0.20617786765317253,0.007066175910084942,holm,benchmark|QLIKE|fixed_21,252,1.0,0.05,False,tested
benchmark,5day,^N225,QLIKE,GARCHLSTM,Persistence,3,Hybrid,1,Benchmark,787,2022-12-15,2025-12-23,-0.7160399319326979,-0.7182402049674036,0.0022002730347057352,B_lower,0.9672172256579099,t(T-1),Bartlett,21,fixed_21,0.00407267580008918,0.33373296063787866,holm,benchmark|QLIKE|fixed_21,252,1.0,0.05,False,tested
benchmark,5day,^N225,QLIKE,GARCHGRU,Persistence,3,Hybrid,1,Benchmark,787,2022-12-15,2025-12-23,-0.7212881650264418,-0.7182402049674036,-0.0030479600590381075,A_lower,-1.4486663160001563,t(T-1),Bartlett,21,fixed_21,0.00348382676495999,0.14782959619942376,holm,benchmark|QLIKE|fixed_21,252,1.0,0.05,False,tested
benchmark,5day,^N225,QLIKE,GARCHTransformer,Persistence,3,Hybrid,1,Benchmark,787,2022-12-15,2025-12-23,-0.6442441804605445,-0.7182402049674036,0.0739960245068591,B_lower,2.4711141660118088,t(T-1),Bartlett,21,fixed_21,0.7056768764300612,0.013680272432257027,holm,benchmark|QLIKE|fixed_21,252,1.0,0.05,False,tested
benchmark,5day,^N225,SquaredError,GARCH,Persistence,1,Econometric,1,Benchmark,787,2022-12-15,2025-12-23,0.00268945669205645,0.0033190129897714567,-0.0006295562977150065,A_lower,-0.8982149631685967,t(T-1),Bartlett,16,auto_floor_h-1,0.0003866191009565331,0.36934601643103326,holm,benchmark|SquaredError|auto_floor_h-1,252,1.0,0.05,False,tested
benchmark,5day,^N225,SquaredError,EGARCH,Persistence,1,Econometric,1,Benchmark,787,2022-12-15,2025-12-23,0.003985372325174985,0.0033190129897714567,0.0006663593354035275,B_lower,0.6224295962215232,t(T-1),Bartlett,6,auto_floor_h-1,0.0009020097567368876,0.533839947153004,holm,benchmark|SquaredError|auto_floor_h-1,252,1.0,0.05,False,tested
benchmark,5day,^N225,SquaredError,GJRGARCH,Persistence,1,Econometric,1,Benchmark,787,2022-12-15,2025-12-23,0.002734747491895614,0.0033190129897714567,-0.0005842654978758425,A_lower,-0.8629329259809255,t(T-1),Bartlett,20,auto_floor_h-1,0.00036077890330183,0.38843756728517836,holm,benchmark|SquaredError|auto_floor_h-1,252,1.0,0.05,False,tested
benchmark,5day,^N225,SquaredError,LinearRegression,Persistence,1,Machine Learning,1,Benchmark,787,2022-12-15,2025-12-23,0.0027772012853255596,0.0033190129897714567,-0.000541811704445898,A_lower,-1.360840205375103,t(T-1),Bartlett,10,auto_floor_h-1,0.00012475479128026717,0.17395424814237,holm,benchmark|SquaredError|auto_floor_h-1,252,1.0,0.05,False,tested
benchmark,5day,^N225,SquaredError,RandomForest,Persistence,1,Machine Learning,1,Benchmark,787,2022-12-15,2025-12-23,0.0037358193645693825,0.0033190129897714567,0.0004168063747979255,B_lower,0.629920401349984,t(T-1),Bartlett,11,auto_floor_h-1,0.0003445657365852359,0.5289297337513325,holm,benchmark|SquaredError|auto_floor_h-1,252,1.0,0.05,False,tested
benchmark,5day,^N225,SquaredError,XGBoost,Persistence,1,Machine Learning,1,Benchmark,787,2022-12-15,2025-12-23,0.003921707022617917,0.0033190129897714567,0.00060269403284646,B_lower,0.8593913252913089,t(T-1),Bartlett,9,auto_floor_h-1,0.00038706739034858993,0.39038667644070396,holm,benchmark|SquaredError|auto_floor_h-1,252,1.0,0.05,False,tested
benchmark,5day,^N225,SquaredError,LSTM,Persistence,2,Deep Learning,1,Benchmark,787,2022-12-15,2025-12-23,0.003690091604015511,0.0033190129897714567,0.000371078614244055,B_lower,0.4649923600892641,t(T-1),Bartlett,4,auto_floor_h-1,0.0005012044863144582,0.6420657172705803,holm,benchmark|SquaredError|auto_floor_h-1,252,1.0,0.05,False,tested
benchmark,5day,^N225,SquaredError,GRU,Persistence,2,Deep Learning,1,Benchmark,787,2022-12-15,2025-12-23,0.003227500304394505,0.0033190129897714567,-9.15126853769524e-05,A_lower,-0.11787994815557858,t(T-1),Bartlett,7,auto_floor_h-1,0.0004743047338942,0.906192897942831,holm,benchmark|SquaredError|auto_floor_h-1,252,1.0,0.05,False,tested
benchmark,5day,^N225,SquaredError,Transformer,Persistence,2,Deep Learning,1,Benchmark,787,2022-12-15,2025-12-23,0.008001275754847182,0.0033190129897714567,0.004682262765075723,B_lower,1.9137978537523197,t(T-1),Bartlett,21,auto_floor_h-1,0.004710794622295159,0.05600891201209575,holm,benchmark|SquaredError|auto_floor_h-1,252,1.0,0.05,False,tested
benchmark,5day,^N225,SquaredError,GARCHLSTM,Persistence,3,Hybrid,1,Benchmark,787,2022-12-15,2025-12-23,0.0027792769100814193,0.0033190129897714567,-0.0005397360796900372,A_lower,-0.706692594677413,t(T-1),Bartlett,4,auto_floor_h-1,0.000459067504624836,0.4799669716042195,holm,benchmark|SquaredError|auto_floor_h-1,252,1.0,0.05,False,tested
benchmark,5day,^N225,SquaredError,GARCHGRU,Persistence,3,Hybrid,1,Benchmark,787,2022-12-15,2025-12-23,0.002197379482957137,0.0033190129897714567,-0.0011216335068143198,A_lower,-1.4109500165025077,t(T-1),Bartlett,4,auto_floor_h-1,0.0004973400384825395,0.15865501994529949,holm,benchmark|SquaredError|auto_floor_h-1,252,1.0,0.05,False,tested
benchmark,5day,^N225,SquaredError,GARCHTransformer,Persistence,3,Hybrid,1,Benchmark,787,2022-12-15,2025-12-23,0.011013022238207592,0.0033190129897714567,0.007694009248436134,B_lower,1.9161729880766565,t(T-1),Bartlett,23,auto_floor_h-1,0.012688512532147842,0.05570551183401364,holm,benchmark|SquaredError|auto_floor_h-1,252,1.0,0.05,False,tested
benchmark,5day,^N225,SquaredError,GARCH,Persistence,1,Econometric,1,Benchmark,787,2022-12-15,2025-12-23,0.00268945669205645,0.0033190129897714567,-0.0006295562977150065,A_lower,-0.9808200953950915,t(T-1),Bartlett,21,fixed_21,0.00032423893728116747,0.32698326296837804,holm,benchmark|SquaredError|fixed_21,252,1.0,0.05,False,tested
benchmark,5day,^N225,SquaredError,EGARCH,Persistence,1,Econometric,1,Benchmark,787,2022-12-15,2025-12-23,0.003985372325174985,0.0033190129897714567,0.0006663593354035275,B_lower,0.9247829633093126,t(T-1),Bartlett,21,fixed_21,0.000408612891519609,0.35536264117732236,holm,benchmark|SquaredError|fixed_21,252,1.0,0.05,False,tested
benchmark,5day,^N225,SquaredError,GJRGARCH,Persistence,1,Econometric,1,Benchmark,787,2022-12-15,2025-12-23,0.002734747491895614,0.0033190129897714567,-0.0005842654978758425,A_lower,-0.8870303459525528,t(T-1),Bartlett,21,fixed_21,0.0003414430358939164,0.375333890845509,holm,benchmark|SquaredError|fixed_21,252,1.0,0.05,False,tested
benchmark,5day,^N225,SquaredError,LinearRegression,Persistence,1,Machine Learning,1,Benchmark,787,2022-12-15,2025-12-23,0.0027772012853255596,0.0033190129897714567,-0.000541811704445898,A_lower,-1.4306493170618884,t(T-1),Bartlett,21,fixed_21,0.00011287691044274041,0.15292816917997623,holm,benchmark|SquaredError|fixed_21,252,1.0,0.05,False,tested
benchmark,5day,^N225,SquaredError,RandomForest,Persistence,1,Machine Learning,1,Benchmark,787,2022-12-15,2025-12-23,0.0037358193645693825,0.0033190129897714567,0.0004168063747979255,B_lower,0.7646018460320625,t(T-1),Bartlett,21,fixed_21,0.00023386905086580136,0.4447381559806975,holm,benchmark|SquaredError|fixed_21,252,1.0,0.05,False,tested
benchmark,5day,^N225,SquaredError,XGBoost,Persistence,1,Machine Learning,1,Benchmark,787,2022-12-15,2025-12-23,0.003921707022617917,0.0033190129897714567,0.00060269403284646,B_lower,1.1213839011605784,t(T-1),Bartlett,21,fixed_21,0.00022733163824706527,0.26246696175230144,holm,benchmark|SquaredError|fixed_21,252,1.0,0.05,False,tested
benchmark,5day,^N225,SquaredError,LSTM,Persistence,2,Deep Learning,1,Benchmark,787,2022-12-15,2025-12-23,0.003690091604015511,0.0033190129897714567,0.000371078614244055,B_lower,0.5291706736641743,t(T-1),Bartlett,21,fixed_21,0.0003870036391616403,0.5968364674501903,holm,benchmark|SquaredError|fixed_21,252,1.0,0.05,False,tested
benchmark,5day,^N225,SquaredError,GRU,Persistence,2,Deep Learning,1,Benchmark,787,2022-12-15,2025-12-23,0.003227500304394505,0.0033190129897714567,-9.15126853769524e-05,A_lower,-0.13964142514780783,t(T-1),Bartlett,21,fixed_21,0.0003379938410763337,0.8889790816596598,holm,benchmark|SquaredError|fixed_21,252,1.0,0.05,False,tested
benchmark,5day,^N225,SquaredError,Transformer,Persistence,2,Deep Learning,1,Benchmark,787,2022-12-15,2025-12-23,0.008001275754847182,0.0033190129897714567,0.004682262765075723,B_lower,1.9137978537523197,t(T-1),Bartlett,21,fixed_21,0.004710794622295159,0.05600891201209575,holm,benchmark|SquaredError|fixed_21,252,1.0,0.05,False,tested
benchmark,5day,^N225,SquaredError,GARCHLSTM,Persistence,3,Hybrid,1,Benchmark,787,2022-12-15,2025-12-23,0.0027792769100814193,0.0033190129897714567,-0.0005397360796900372,A_lower,-0.7518012165885145,t(T-1),Bartlett,21,fixed_21,0.0004056314169466733,0.45239566513745966,holm,benchmark|SquaredError|fixed_21,252,1.0,0.05,False,tested
benchmark,5day,^N225,SquaredError,GARCHGRU,Persistence,3,Hybrid,1,Benchmark,787,2022-12-15,2025-12-23,0.002197379482957137,0.0033190129897714567,-0.0011216335068143198,A_lower,-1.5021839763338012,t(T-1),Bartlett,21,fixed_21,0.0004387634385728688,0.13345123067783343,holm,benchmark|SquaredError|fixed_21,252,1.0,0.05,False,tested
benchmark,5day,^N225,SquaredError,GARCHTransformer,Persistence,3,Hybrid,1,Benchmark,787,2022-12-15,2025-12-23,0.011013022238207592,0.0033190129897714567,0.007694009248436134,B_lower,1.9290050547904125,t(T-1),Bartlett,21,fixed_21,0.01252026176846784,0.05408997343322544,holm,benchmark|SquaredError|fixed_21,252,1.0,0.05,False,tested
benchmark,5day,^HSI,QLIKE,GARCH,Persistence,1,Econometric,1,Benchmark,787,2022-12-15,2025-12-23,-0.5402539440420786,-0.5387576276753532,-0.0014963163667254336,A_lower,-0.6499859167985195,t(T-1),Bartlett,4,auto_floor_h-1,0.004170745511526596,0.5158912374564337,holm,benchmark|QLIKE|auto_floor_h-1,252,1.0,0.05,False,tested
benchmark,5day,^HSI,QLIKE,EGARCH,Persistence,1,Econometric,1,Benchmark,787,2022-12-15,2025-12-23,-0.5342736610918051,-0.5387576276753532,0.004483966583548087,B_lower,1.7197491331318644,t(T-1),Bartlett,5,auto_floor_h-1,0.005350190781328408,0.08587170949949278,holm,benchmark|QLIKE|auto_floor_h-1,252,1.0,0.05,False,tested
benchmark,5day,^HSI,QLIKE,GJRGARCH,Persistence,1,Econometric,1,Benchmark,787,2022-12-15,2025-12-23,-0.538569722278378,-0.5387576276753532,0.00018790539697532247,B_lower,0.0948625538260023,t(T-1),Bartlett,4,auto_floor_h-1,0.0030879027610051695,0.924448178002874,holm,benchmark|QLIKE|auto_floor_h-1,252,1.0,0.05,False,tested
benchmark,5day,^HSI,QLIKE,LinearRegression,Persistence,1,Machine Learning,1,Benchmark,787,2022-12-15,2025-12-23,-0.5266036581762045,-0.5387576276753532,0.012153969499148704,B_lower,1.3100787461938792,t(T-1),Bartlett,7,auto_floor_h-1,0.06773548029359154,0.19055193252706,holm,benchmark|QLIKE|auto_floor_h-1,252,1.0,0.05,False,tested
benchmark,5day,^HSI,QLIKE,RandomForest,Persistence,1,Machine Learning,1,Benchmark,787,2022-12-15,2025-12-23,-0.5348663728112264,-0.5387576276753532,0.0038912548641267843,B_lower,2.4956358114920567,t(T-1),Bartlett,20,auto_floor_h-1,0.0019133378705074428,0.012777129403899481,holm,benchmark|QLIKE|auto_floor_h-1,252,1.0,0.05,False,tested
benchmark,5day,^HSI,QLIKE,XGBoost,Persistence,1,Machine Learning,1,Benchmark,787,2022-12-15,2025-12-23,-0.5332917347996117,-0.5387576276753532,0.0054658928757416025,B_lower,2.4805927907151037,t(T-1),Bartlett,15,auto_floor_h-1,0.0038210789379360785,0.013324680374033476,holm,benchmark|QLIKE|auto_floor_h-1,252,1.0,0.05,False,tested
benchmark,5day,^HSI,QLIKE,LSTM,Persistence,2,Deep Learning,1,Benchmark,787,2022-12-15,2025-12-23,-0.523041680118746,-0.5387576276753532,0.01571594755660728,B_lower,2.669374284199048,t(T-1),Bartlett,23,auto_floor_h-1,0.027279532889504417,0.007756081948059876,holm,benchmark|QLIKE|auto_floor_h-1,252,1.0,0.05,False,tested
benchmark,5day,^HSI,QLIKE,GRU,Persistence,2,Deep Learning,1,Benchmark,787,2022-12-15,2025-12-23,-0.5233515927173197,-0.5387576276753532,0.015406034958033553,B_lower,2.9154386221893605,t(T-1),Bartlett,23,auto_floor_h-1,0.021976001940510262,0.003652881216870021,holm,benchmark|QLIKE|auto_floor_h-1,252,0.5588908261811132,0.05,False,tested
benchmark,5day,^HSI,QLIKE,Transformer,Persistence,2,Deep Learning,1,Benchmark,787,2022-12-15,2025-12-23,-0.4849607651570743,-0.5387576276753532,0.05379686251827885,B_lower,3.7447569833125534,t(T-1),Bartlett,24,auto_floor_h-1,0.16242068942927712,0.00019374952833797065,holm,benchmark|QLIKE|auto_floor_h-1,252,0.035068664629172686,0.05,True,tested
benchmark,5day,^HSI,QLIKE,GARCHLSTM,Persistence,3,Hybrid,1,Benchmark,787,2022-12-15,2025-12-23,-0.5387701230072035,-0.5387576276753532,-1.2495331850332036e-05,A_lower,-0.007200659480747482,t(T-1),Bartlett,9,auto_floor_h-1,0.0023698768264923636,0.9942565817609627,holm,benchmark|QLIKE|auto_floor_h-1,252,1.0,0.05,False,tested
benchmark,5day,^HSI,QLIKE,GARCHGRU,Persistence,3,Hybrid,1,Benchmark,787,2022-12-15,2025-12-23,-0.539239375226537,-0.5387576276753532,-0.00048174755118379244,A_lower,-0.24247883921068591,t(T-1),Bartlett,13,auto_floor_h-1,0.003106462212683804,0.8084724078877727,holm,benchmark|QLIKE|auto_floor_h-1,252,1.0,0.05,False,tested
benchmark,5day,^HSI,QLIKE,GARCHTransformer,Persistence,3,Hybrid,1,Benchmark,787,2022-12-15,2025-12-23,-0.45447218276132784,-0.5387576276753532,0.08428544491402537,B_lower,3.1897025955376406,t(T-1),Bartlett,24,auto_floor_h-1,0.5495149548331248,0.0014806872982674197,holm,benchmark|QLIKE|auto_floor_h-1,252,0.239871342319322,0.05,False,tested
benchmark,5day,^HSI,QLIKE,GARCH,Persistence,1,Econometric,1,Benchmark,787,2022-12-15,2025-12-23,-0.5402539440420786,-0.5387576276753532,-0.0014963163667254336,A_lower,-0.6850903731620861,t(T-1),Bartlett,21,fixed_21,0.0037542730436990754,0.49348887512513384,holm,benchmark|QLIKE|fixed_21,252,1.0,0.05,False,tested
benchmark,5day,^HSI,QLIKE,EGARCH,Persistence,1,Econometric,1,Benchmark,787,2022-12-15,2025-12-23,-0.5342736610918051,-0.5387576276753532,0.004483966583548087,B_lower,2.186907631385589,t(T-1),Bartlett,21,fixed_21,0.0033085567398894442,0.029043335380080224,holm,benchmark|QLIKE|fixed_21,252,1.0,0.05,False,tested
benchmark,5day,^HSI,QLIKE,GJRGARCH,Persistence,1,Econometric,1,Benchmark,787,2022-12-15,2025-12-23,-0.538569722278378,-0.5387576276753532,0.00018790539697532247,B_lower,0.10121658026847137,t(T-1),Bartlett,21,fixed_21,0.002712376170725297,0.9194043483399993,holm,benchmark|QLIKE|fixed_21,252,1.0,0.05,False,tested
benchmark,5day,^HSI,QLIKE,LinearRegression,Persistence,1,Machine Learning,1,Benchmark,787,2022-12-15,2025-12-23,-0.5266036581762045,-0.5387576276753532,0.012153969499148704,B_lower,1.2890742344185198,t(T-1),Bartlett,21,fixed_21,0.06996086342602928,0.19775152019949888,holm,benchmark|QLIKE|fixed_21,252,1.0,0.05,False,tested
benchmark,5day,^HSI,QLIKE,RandomForest,Persistence,1,Machine Learning,1,Benchmark,787,2022-12-15,2025-12-23,-0.5348663728112264,-0.5387576276753532,0.0038912548641267843,B_lower,2.4884127212860214,t(T-1),Bartlett,21,fixed_21,0.0019244616441556881,0.013037502324202947,holm,benchmark|QLIKE|fixed_21,252,1.0,0.05,False,tested
benchmark,5day,^HSI,QLIKE,XGBoost,Persistence,1,Machine Learning,1,Benchmark,787,2022-12-15,2025-12-23,-0.5332917347996117,-0.5387576276753532,0.0054658928757416025,B_lower,2.464987521707716,t(T-1),Bartlett,21,fixed_21,0.00386961282529099,0.013914558832449719,holm,benchmark|QLIKE|fixed_21,252,1.0,0.05,False,tested
benchmark,5day,^HSI,QLIKE,LSTM,Persistence,2,Deep Learning,1,Benchmark,787,2022-12-15,2025-12-23,-0.523041680118746,-0.5387576276753532,0.01571594755660728,B_lower,2.699377603309522,t(T-1),Bartlett,21,fixed_21,0.02667648433044622,0.007096175232043189,holm,benchmark|QLIKE|fixed_21,252,1.0,0.05,False,tested
benchmark,5day,^HSI,QLIKE,GRU,Persistence,2,Deep Learning,1,Benchmark,787,2022-12-15,2025-12-23,-0.5233515927173197,-0.5387576276753532,0.015406034958033553,B_lower,2.9360421446217972,t(T-1),Bartlett,21,fixed_21,0.02166865324724848,0.003421287906565969,holm,benchmark|QLIKE|fixed_21,252,0.5234570497045933,0.05,False,tested
benchmark,5day,^HSI,QLIKE,Transformer,Persistence,2,Deep Learning,1,Benchmark,787,2022-12-15,2025-12-23,-0.4849607651570743,-0.5387576276753532,0.05379686251827885,B_lower,3.7912071141027885,t(T-1),Bartlett,21,fixed_21,0.15846509196093045,0.00016139574525774725,holm,benchmark|QLIKE|fixed_21,252,0.02937402563691,0.05,True,tested
benchmark,5day,^HSI,QLIKE,GARCHLSTM,Persistence,3,Hybrid,1,Benchmark,787,2022-12-15,2025-12-23,-0.5387701230072035,-0.5387576276753532,-1.2495331850332036e-05,A_lower,-0.0071613325409218,t(T-1),Bartlett,21,fixed_21,0.002395976971922705,0.9942879493304666,holm,benchmark|QLIKE|fixed_21,252,1.0,0.05,False,tested
benchmark,5day,^HSI,QLIKE,GARCHGRU,Persistence,3,Hybrid,1,Benchmark,787,2022-12-15,2025-12-23,-0.539239375226537,-0.5387576276753532,-0.00048174755118379244,A_lower,-0.24445089588378716,t(T-1),Bartlett,21,fixed_21,0.0030565429115686554,0.8069454258477333,holm,benchmark|QLIKE|fixed_21,252,1.0,0.05,False,tested
benchmark,5day,^HSI,QLIKE,GARCHTransformer,Persistence,3,Hybrid,1,Benchmark,787,2022-12-15,2025-12-23,-0.45447218276132784,-0.5387576276753532,0.08428544491402537,B_lower,3.249751138838378,t(T-1),Bartlett,21,fixed_21,0.5293948235314505,0.0012041938599994194,holm,benchmark|QLIKE|fixed_21,252,0.1986919868999042,0.05,False,tested
benchmark,5day,^HSI,SquaredError,GARCH,Persistence,1,Econometric,1,Benchmark,787,2022-12-15,2025-12-23,0.0017298793191198865,0.0022863163942360536,-0.0005564370751161672,A_lower,-0.8838022088003316,t(T-1),Bartlett,9,auto_floor_h-1,0.00031195840079143214,0.37707324110865637,holm,benchmark|SquaredError|auto_floor_h-1,252,1.0,0.05,False,tested
benchmark,5day,^HSI,SquaredError,EGARCH,Persistence,1,Econometric,1,Benchmark,787,2022-12-15,2025-12-23,0.0027461280403630476,0.0022863163942360536,0.0004598116461269938,B_lower,0.6319643341998017,t(T-1),Bartlett,4,auto_floor_h-1,0.00041662903066358556,0.5275939484281305,holm,benchmark|SquaredError|auto_floor_h-1,252,1.0,0.05,False,tested
benchmark,5day,^HSI,SquaredError,GJRGARCH,Persistence,1,Econometric,1,Benchmark,787,2022-12-15,2025-12-23,0.002222672737872534,0.0022863163942360536,-6.364365636351927e-05,A_lower,-0.08858674484486063,t(T-1),Bartlett,10,auto_floor_h-1,0.0004062070806240799,0.9294329083788001,holm,benchmark|SquaredError|auto_floor_h-1,252,1.0,0.05,False,tested
benchmark,5day,^HSI,SquaredError,LinearRegression,Persistence,1,Machine Learning,1,Benchmark,787,2022-12-15,2025-12-23,0.0023329910736828332,0.0022863163942360536,4.667467944677951e-05,B_lower,0.25611870433019424,t(T-1),Bartlett,4,auto_floor_h-1,2.613694524609485e-05,0.797926195039149,holm,benchmark|SquaredError|auto_floor_h-1,252,1.0,0.05,False,tested
benchmark,5day,^HSI,SquaredError,RandomForest,Persistence,1,Machine Learning,1,Benchmark,787,2022-12-15,2025-12-23,0.002687744704039719,0.0022863163942360536,0.00040142830980366575,B_lower,2.2696708382552626,t(T-1),Bartlett,18,auto_floor_h-1,2.461869175656233e-05,0.023497653085248177,holm,benchmark|SquaredError|auto_floor_h-1,252,1.0,0.05,False,tested
benchmark,5day,^HSI,SquaredError,XGBoost,Persistence,1,Machine Learning,1,Benchmark,787,2022-12-15,2025-12-23,0.0027991639243713047,0.0022863163942360536,0.000512847530135251,B_lower,1.1744672526524813,t(T-1),Bartlett,18,auto_floor_h-1,0.0001500615558811018,0.24056362255364613,holm,benchmark|SquaredError|auto_floor_h-1,252,1.0,0.05,False,tested
benchmark,5day,^HSI,SquaredError,LSTM,Persistence,2,Deep Learning,1,Benchmark,787,2022-12-15,2025-12-23,0.003869095694565995,0.0022863163942360536,0.0015827793003299411,B_lower,1.9297983511756662,t(T-1),Bartlett,18,auto_floor_h-1,0.000529409334116534,0.05399139786812051,holm,benchmark|SquaredError|auto_floor_h-1,252,1.0,0.05,False,tested
benchmark,5day,^HSI,SquaredError,GRU,Persistence,2,Deep Learning,1,Benchmark,787,2022-12-15,2025-12-23,0.003229730774600688,0.0022863163942360536,0.0009434143803646338,B_lower,1.3353227250257538,t(T-1),Bartlett,18,auto_floor_h-1,0.00039283234182506193,0.18215732109379526,holm,benchmark|SquaredError|auto_floor_h-1,252,1.0,0.05,False,tested
benchmark,5day,^HSI,SquaredError,Transformer,Persistence,2,Deep Learning,1,Benchmark,787,2022-12-15,2025-12-23,0.00738920715837586,0.0022863163942360536,0.0051028907641398075,B_lower,2.6000244198657825,t(T-1),Bartlett,22,auto_floor_h-1,0.003031464045785891,0.009496715440167168,holm,benchmark|SquaredError|auto_floor_h-1,252,1.0,0.05,False,tested
benchmark,5day,^HSI,SquaredError,GARCHLSTM,Persistence,3,Hybrid,1,Benchmark,787,2022-12-15,2025-12-23,0.001949332482508951,0.0022863163942360536,-0.0003369839117271027,A_lower,-0.6397437746802934,t(T-1),Bartlett,7,auto_floor_h-1,0.00021836394412081442,0.5225256093965978,holm,benchmark|SquaredError|auto_floor_h-1,252,1.0,0.05,False,tested
benchmark,5day,^HSI,SquaredError,GARCHGRU,Persistence,3,Hybrid,1,Benchmark,787,2022-12-15,2025-12-23,0.0017701648792631645,0.0022863163942360536,-0.0005161515149728894,A_lower,-0.9539627020273747,t(T-1),Bartlett,9,auto_floor_h-1,0.00023039144843380128,0.34039580423274696,holm,benchmark|SquaredError|auto_floor_h-1,252,1.0,0.05,False,tested
benchmark,5day,^HSI,SquaredError,GARCHTransformer,Persistence,3,Hybrid,1,Benchmark,787,2022-12-15,2025-12-23,0.009421946457694199,0.0022863163942360536,0.007135630063458143,B_lower,2.599203901890906,t(T-1),Bartlett,23,auto_floor_h-1,0.005931420104990412,0.009519248703022691,holm,benchmark|SquaredError|auto_floor_h-1,252,1.0,0.05,False,tested
benchmark,5day,^HSI,SquaredError,GARCH,Persistence,1,Econometric,1,Benchmark,787,2022-12-15,2025-12-23,0.0017298793191198865,0.0022863163942360536,-0.0005564370751161672,A_lower,-0.9845270589619746,t(T-1),Bartlett,21,fixed_21,0.00025139204844676767,0.3251593896750617,holm,benchmark|SquaredError|fixed_21,252,1.0,0.05,False,tested
benchmark,5day,^HSI,SquaredError,EGARCH,Persistence,1,Econometric,1,Benchmark,787,2022-12-15,2025-12-23,0.0027461280403630476,0.0022863163942360536,0.0004598116461269938,B_lower,0.8027295233130232,t(T-1),Bartlett,21,fixed_21,0.0002582237561231535,0.4223737383976626,holm,benchmark|SquaredError|fixed_21,252,1.0,0.05,False,tested
benchmark,5day,^HSI,SquaredError,GJRGARCH,Persistence,1,Econometric,1,Benchmark,787,2022-12-15,2025-12-23,0.002222672737872534,0.0022863163942360536,-6.364365636351927e-05,A_lower,-0.09485548841397165,t(T-1),Bartlett,21,fixed_21,0.00035429094073572526,0.9244537882630771,holm,benchmark|SquaredError|fixed_21,252,1.0,0.05,False,tested
benchmark,5day,^HSI,SquaredError,LinearRegression,Persistence,1,Machine Learning,1,Benchmark,787,2022-12-15,2025-12-23,0.0023329910736828332,0.0022863163942360536,4.667467944677951e-05,B_lower,0.2593336312192883,t(T-1),Bartlett,21,fixed_21,2.5492929095587682e-05,0.7954457386818522,holm,benchmark|SquaredError|fixed_21,252,1.0,0.05,False,tested
benchmark,5day,^HSI,SquaredError,RandomForest,Persistence,1,Machine Learning,1,Benchmark,787,2022-12-15,2025-12-23,0.002687744704039719,0.0022863163942360536,0.00040142830980366575,B_lower,2.279998048580372,t(T-1),Bartlett,21,fixed_21,2.4396176992007186e-05,0.022874862799091452,holm,benchmark|SquaredError|fixed_21,252,1.0,0.05,False,tested
benchmark,5day,^HSI,SquaredError,XGBoost,Persistence,1,Machine Learning,1,Benchmark,787,2022-12-15,2025-12-23,0.0027991639243713047,0.0022863163942360536,0.000512847530135251,B_lower,1.1926062027358761,t(T-1),Bartlett,21,fixed_21,0.00014553154548836432,0.233383538042801,holm,benchmark|SquaredError|fixed_21,252,1.0,0.05,False,tested
benchmark,5day,^HSI,SquaredError,LSTM,Persistence,2,Deep Learning,1,Benchmark,787,2022-12-15,2025-12-23,0.003869095694565995,0.0022863163942360536,0.0015827793003299411,B_lower,1.9428943250491728,t(T-1),Bartlett,21,fixed_21,0.0005222964772588941,0.05238567468674415,holm,benchmark|SquaredError|fixed_21,252,1.0,0.05,False,tested
benchmark,5day,^HSI,SquaredError,GRU,Persistence,2,Deep Learning,1,Benchmark,787,2022-12-15,2025-12-23,0.003229730774600688,0.0022863163942360536,0.0009434143803646338,B_lower,1.344343818197755,t(T-1),Bartlett,21,fixed_21,0.00038757790167877863,0.17922508592524772,holm,benchmark|SquaredError|fixed_21,252,1.0,0.05,False,tested
benchmark,5day,^HSI,SquaredError,Transformer,Persistence,2,Deep Learning,1,Benchmark,787,2022-12-15,2025-12-23,0.00738920715837586,0.0022863163942360536,0.0051028907641398075,B_lower,2.604133132121386,t(T-1),Bartlett,21,fixed_21,0.003021905711412755,0.009384596299781726,holm,benchmark|SquaredError|fixed_21,252,1.0,0.05,False,tested
benchmark,5day,^HSI,SquaredError,GARCHLSTM,Persistence,3,Hybrid,1,Benchmark,787,2022-12-15,2025-12-23,0.001949332482508951,0.0022863163942360536,-0.0003369839117271027,A_lower,-0.7140122018418983,t(T-1),Bartlett,21,fixed_21,0.00017529995307840918,0.475431604923326,holm,benchmark|SquaredError|fixed_21,252,1.0,0.05,False,tested
benchmark,5day,^HSI,SquaredError,GARCHGRU,Persistence,3,Hybrid,1,Benchmark,787,2022-12-15,2025-12-23,0.0017701648792631645,0.0022863163942360536,-0.0005161515149728894,A_lower,-1.0068154090108274,t(T-1),Bartlett,21,fixed_21,0.0002068375751922496,0.3143333310186239,holm,benchmark|SquaredError|fixed_21,252,1.0,0.05,False,tested
benchmark,5day,^HSI,SquaredError,GARCHTransformer,Persistence,3,Hybrid,1,Benchmark,787,2022-12-15,2025-12-23,0.009421946457694199,0.0022863163942360536,0.007135630063458143,B_lower,2.6226642324787157,t(T-1),Bartlett,21,fixed_21,0.005825778904888327,0.0088934815740116,holm,benchmark|SquaredError|fixed_21,252,1.0,0.05,False,tested
benchmark,5day,000001.SS,QLIKE,GARCH,Persistence,1,Econometric,1,Benchmark,787,2022-12-15,2025-12-23,-1.0370171380213211,-1.0759475026065475,0.03893036458522669,B_lower,4.456644615847112,t(T-1),Bartlett,19,auto_floor_h-1,0.060053132599071926,9.534750807414003e-06,holm,benchmark|QLIKE|auto_floor_h-1,252,0.0019517667804956605,0.05,True,tested
benchmark,5day,000001.SS,QLIKE,EGARCH,Persistence,1,Econometric,1,Benchmark,787,2022-12-15,2025-12-23,-1.057733392154627,-1.0759475026065475,0.018214110451920628,B_lower,3.892687630214056,t(T-1),Bartlett,5,auto_floor_h-1,0.017230249014012197,0.00010755258274694723,holm,benchmark|QLIKE|auto_floor_h-1,252,0.02021988555642608,0.05,True,tested
benchmark,5day,000001.SS,QLIKE,GJRGARCH,Persistence,1,Econometric,1,Benchmark,787,2022-12-15,2025-12-23,-1.062922338678395,-1.0759475026065475,0.01302516392815263,B_lower,2.149935985722961,t(T-1),Bartlett,19,auto_floor_h-1,0.028886177128288733,0.031864773264098374,holm,benchmark|QLIKE|auto_floor_h-1,252,1.0,0.05,False,tested
benchmark,5day,000001.SS,QLIKE,LinearRegression,Persistence,1,Machine Learning,1,Benchmark,787,2022-12-15,2025-12-23,-1.0492362682642962,-1.0759475026065475,0.026711234342251346,B_lower,1.0003725529089271,t(T-1),Bartlett,4,auto_floor_h-1,0.5610985059090223,0.31743811511826,holm,benchmark|QLIKE|auto_floor_h-1,252,1.0,0.05,False,tested
benchmark,5day,000001.SS,QLIKE,RandomForest,Persistence,1,Machine Learning,1,Benchmark,787,2022-12-15,2025-12-23,-1.075064210180143,-1.0759475026065475,0.0008832924264045683,B_lower,0.2872031306954758,t(T-1),Bartlett,15,auto_floor_h-1,0.007443983578135206,0.7740324871771459,holm,benchmark|QLIKE|auto_floor_h-1,252,1.0,0.05,False,tested
benchmark,5day,000001.SS,QLIKE,XGBoost,Persistence,1,Machine Learning,1,Benchmark,787,2022-12-15,2025-12-23,-1.0667648477839171,-1.0759475026065475,0.009182654822630585,B_lower,1.9591137891282673,t(T-1),Bartlett,17,auto_floor_h-1,0.017289877983850812,0.05045261743529772,holm,benchmark|QLIKE|auto_floor_h-1,252,1.0,0.05,False,tested
benchmark,5day,000001.SS,QLIKE,LSTM,Persistence,2,Deep Learning,1,Benchmark,787,2022-12-15,2025-12-23,-1.054243287001998,-1.0759475026065475,0.02170421560454953,B_lower,2.8350038184981194,t(T-1),Bartlett,17,auto_floor_h-1,0.04612704417755284,0.004700132138840336,holm,benchmark|QLIKE|auto_floor_h-1,252,0.7097199529648908,0.05,False,tested
benchmark,5day,000001.SS,QLIKE,GRU,Persistence,2,Deep Learning,1,Benchmark,787,2022-12-15,2025-12-23,-1.0719622346739193,-1.0759475026065475,0.003985267932628222,B_lower,1.3497605246925126,t(T-1),Bartlett,4,auto_floor_h-1,0.00686082491687259,0.17748140654800587,holm,benchmark|QLIKE|auto_floor_h-1,252,1.0,0.05,False,tested
benchmark,5day,000001.SS,QLIKE,Transformer,Persistence,2,Deep Learning,1,Benchmark,787,2022-12-15,2025-12-23,-1.0261281183779596,-1.0759475026065475,0.04981938422858796,B_lower,5.108398837385763,t(T-1),Bartlett,18,auto_floor_h-1,0.07485173101118711,4.0810625637231115e-07,holm,benchmark|QLIKE|auto_floor_h-1,252,9.304822645288694e-05,0.05,True,tested
benchmark,5day,000001.SS,QLIKE,GARCHLSTM,Persistence,3,Hybrid,1,Benchmark,787,2022-12-15,2025-12-23,-1.068530315032043,-1.0759475026065475,0.007417187574504361,B_lower,1.4522651236926858,t(T-1),Bartlett,14,auto_floor_h-1,0.020528699655999433,0.1468269555758314,holm,benchmark|QLIKE|auto_floor_h-1,252,1.0,0.05,False,tested
benchmark,5day,000001.SS,QLIKE,GARCHGRU,Persistence,3,Hybrid,1,Benchmark,787,2022-12-15,2025-12-23,-1.0633907819600499,-1.0759475026065475,0.012556720646497887,B_lower,2.4711120613696735,t(T-1),Bartlett,14,auto_floor_h-1,0.02032087088078925,0.013680352311884646,holm,benchmark|QLIKE|auto_floor_h-1,252,1.0,0.05,False,tested
benchmark,5day,000001.SS,QLIKE,GARCHTransformer,Persistence,3,Hybrid,1,Benchmark,787,2022-12-15,2025-12-23,-1.0326353093401386,-1.0759475026065475,0.04331219326640903,B_lower,3.465711029644384,t(T-1),Bartlett,20,auto_floor_h-1,0.12291655735111678,0.0005575154444858846,holm,benchmark|QLIKE|auto_floor_h-1,252,0.09645017189605803,0.05,False,tested
benchmark,5day,000001.SS,QLIKE,GARCH,Persistence,1,Econometric,1,Benchmark,787,2022-12-15,2025-12-23,-1.0370171380213211,-1.0759475026065475,0.03893036458522669,B_lower,4.3614508638716805,t(T-1),Bartlett,21,fixed_21,0.06270320012360057,1.4640618155404656e-05,holm,benchmark|QLIKE|fixed_21,252,0.0029574048673917407,0.05,True,tested
benchmark,5day,000001.SS,QLIKE,EGARCH,Persistence,1,Econometric,1,Benchmark,787,2022-12-15,2025-12-23,-1.057733392154627,-1.0759475026065475,0.018214110451920628,B_lower,4.421775194882538,t(T-1),Bartlett,21,fixed_21,0.01335356872588498,1.1167037549826196e-05,holm,benchmark|QLIKE|fixed_21,252,0.00228924269771437,0.05,True,tested
benchmark,5day,000001.SS,QLIKE,GJRGARCH,Persistence,1,Econometric,1,Benchmark,787,2022-12-15,2025-12-23,-1.062922338678395,-1.0759475026065475,0.01302516392815263,B_lower,2.1052954370095476,t(T-1),Bartlett,21,fixed_21,0.030124165827264706,0.03558234616645888,holm,benchmark|QLIKE|fixed_21,252,1.0,0.05,False,tested
benchmark,5day,000001.SS,QLIKE,LinearRegression,Persistence,1,Machine Learning,1,Benchmark,787,2022-12-15,2025-12-23,-1.0492362682642962,-1.0759475026065475,0.026711234342251346,B_lower,0.9943757545749764,t(T-1),Bartlett,21,fixed_21,0.5678865649120908,0.32034598487027266,holm,benchmark|QLIKE|fixed_21,252,1.0,0.05,False,tested
benchmark,5day,000001.SS,QLIKE,RandomForest,Persistence,1,Machine Learning,1,Benchmark,787,2022-12-15,2025-12-23,-1.075064210180143,-1.0759475026065475,0.0008832924264045683,B_lower,0.28122545615572764,t(T-1),Bartlett,21,fixed_21,0.007763802623998657,0.7786114963694938,holm,benchmark|QLIKE|fixed_21,252,1.0,0.05,False,tested
benchmark,5day,000001.SS,QLIKE,XGBoost,Persistence,1,Machine Learning,1,Benchmark,787,2022-12-15,2025-12-23,-1.0667648477839171,-1.0759475026065475,0.009182654822630585,B_lower,1.895795196990841,t(T-1),Bartlett,21,fixed_21,0.018464111493697567,0.0583536926828112,holm,benchmark|QLIKE|fixed_21,252,1.0,0.05,False,tested
benchmark,5day,000001.SS,QLIKE,LSTM,Persistence,2,Deep Learning,1,Benchmark,787,2022-12-15,2025-12-23,-1.054243287001998,-1.0759475026065475,0.02170421560454953,B_lower,2.824806314804705,t(T-1),Bartlett,21,fixed_21,0.046460681024897046,0.004850762674946473,holm,benchmark|QLIKE|fixed_21,252,0.7324651639169174,0.05,False,tested
benchmark,5day,000001.SS,QLIKE,GRU,Persistence,2,Deep Learning,1,Benchmark,787,2022-12-15,2025-12-23,-1.0719622346739193,-1.0759475026065475,0.003985267932628222,B_lower,1.3554202995105162,t(T-1),Bartlett,21,fixed_21,0.006803647593865796,0.17567303656900665,holm,benchmark|QLIKE|fixed_21,252,1.0,0.05,False,tested
benchmark,5day,000001.SS,QLIKE,Transformer,Persistence,2,Deep Learning,1,Benchmark,787,2022-12-15,2025-12-23,-1.0261281183779596,-1.0759475026065475,0.04981938422858796,B_lower,5.012316412842043,t(T-1),Bartlett,21,fixed_21,0.07774894150729528,6.648309136596272e-07,holm,benchmark|QLIKE|fixed_21,252,0.00015025178648707575,0.05,True,tested
benchmark,5day,000001.SS,QLIKE,GARCHLSTM,Persistence,3,Hybrid,1,Benchmark,787,2022-12-15,2025-12-23,-1.068530315032043,-1.0759475026065475,0.007417187574504361,B_lower,1.3844960619273754,t(T-1),Bartlett,21,fixed_21,0.0225875853708214,0.1665995206967246,holm,benchmark|QLIKE|fixed_21,252,1.0,0.05,False,tested
benchmark,5day,000001.SS,QLIKE,GARCHGRU,Persistence,3,Hybrid,1,Benchmark,787,2022-12-15,2025-12-23,-1.0633907819600499,-1.0759475026065475,0.012556720646497887,B_lower,2.309324946545684,t(T-1),Bartlett,21,fixed_21,0.023267895421037067,0.021183977264486935,holm,benchmark|QLIKE|fixed_21,252,1.0,0.05,False,tested
benchmark,5day,000001.SS,QLIKE,GARCHTransformer,Persistence,3,Hybrid,1,Benchmark,787,2022-12-15,2025-12-23,-1.0326353093401386,-1.0759475026065475,0.04331219326640903,B_lower,3.44038246599659,t(T-1),Bartlett,21,fixed_21,0.124733076383856,0.0006115344881971609,holm,benchmark|QLIKE|fixed_21,252,0.10457239748171451,0.05,False,tested
benchmark,5day,000001.SS,SquaredError,GARCH,Persistence,1,Econometric,1,Benchmark,787,2022-12-15,2025-12-23,0.0025154892469592483,0.0012742368546041097,0.0012412523923551386,B_lower,4.154988162344031,t(T-1),Bartlett,12,auto_floor_h-1,7.023528480767647e-05,3.609866762373947e-05,holm,benchmark|SquaredError|auto_floor_h-1,252,0.008699778897321212,0.05,True,tested
benchmark,5day,000001.SS,SquaredError,EGARCH,Persistence,1,Econometric,1,Benchmark,787,2022-12-15,2025-12-23,0.002164376103380717,0.0012742368546041097,0.0008901392487766076,B_lower,2.51625403260619,t(T-1),Bartlett,15,auto_floor_h-1,9.848762530216765e-05,0.012059085086416274,holm,benchmark|SquaredError|auto_floor_h-1,252,1.0,0.05,False,tested
benchmark,5day,000001.SS,SquaredError,GJRGARCH,Persistence,1,Econometric,1,Benchmark,787,2022-12-15,2025-12-23,0.0016349111109374727,0.0012742368546041097,0.00036067425633336297,B_lower,1.6790165569156683,t(T-1),Bartlett,8,auto_floor_h-1,3.6315753938390946e-05,0.0935462651830426,holm,benchmark|SquaredError|auto_floor_h-1,252,1.0,0.05,False,tested
benchmark,5day,000001.SS,SquaredError,LinearRegression,Persistence,1,Machine Learning,1,Benchmark,787,2022-12-15,2025-12-23,0.0012571053523957282,0.0012742368546041097,-1.7131502208381407e-05,A_lower,-0.40923719564135536,t(T-1),Bartlett,4,auto_floor_h-1,1.3791624543938507e-06,0.6824770898428347,holm,benchmark|SquaredError|auto_floor_h-1,252,1.0,0.05,False,tested
benchmark,5day,000001.SS,SquaredError,RandomForest,Persistence,1,Machine Learning,1,Benchmark,787,2022-12-15,2025-12-23,0.001318790913482236,0.0012742368546041097,4.455405887812622e-05,B_lower,0.43968447113993614,t(T-1),Bartlett,16,auto_floor_h-1,8.08103571980575e-06,0.6602865148620131,holm,benchmark|SquaredError|auto_floor_h-1,252,1.0,0.05,False,tested
benchmark,5day,000001.SS,SquaredError,XGBoost,Persistence,1,Machine Learning,1,Benchmark,787,2022-12-15,2025-12-23,0.0016484879468688387,0.0012742368546041097,0.00037425109226472915,B_lower,2.5839010906434026,t(T-1),Bartlett,15,auto_floor_h-1,1.6510077614553896e-05,0.009948343032491695,holm,benchmark|SquaredError|auto_floor_h-1,252,1.0,0.05,False,tested
benchmark,5day,000001.SS,SquaredError,LSTM,Persistence,2,Deep Learning,1,Benchmark,787,2022-12-15,2025-12-23,0.0022693675923520637,0.0012742368546041097,0.000995130737747954,B_lower,1.6891873681588434,t(T-1),Bartlett,22,auto_floor_h-1,0.00027313626363558563,0.09158012526394521,holm,benchmark|SquaredError|auto_floor_h-1,252,1.0,0.05,False,tested
benchmark,5day,000001.SS,SquaredError,GRU,Persistence,2,Deep Learning,1,Benchmark,787,2022-12-15,2025-12-23,0.0013618978734305637,0.0012742368546041097,8.7661018826454e-05,B_lower,0.45646083123112247,t(T-1),Bartlett,14,auto_floor_h-1,2.9025567955488562e-05,0.6481847350411966,holm,benchmark|SquaredError|auto_floor_h-1,252,1.0,0.05,False,tested
benchmark,5day,000001.SS,SquaredError,Transformer,Persistence,2,Deep Learning,1,Benchmark,787,2022-12-15,2025-12-23,0.005191902684010494,0.0012742368546041097,0.0039176658294063854,B_lower,3.0553073029832833,t(T-1),Bartlett,23,auto_floor_h-1,0.0012939566095627152,0.0023242836376477054,holm,benchmark|SquaredError|auto_floor_h-1,252,0.49972098209425664,0.05,False,tested
benchmark,5day,000001.SS,SquaredError,GARCHLSTM,Persistence,3,Hybrid,1,Benchmark,787,2022-12-15,2025-12-23,0.0015375065280551967,0.0012742368546041097,0.00026326967345108727,B_lower,1.2558344491100135,t(T-1),Bartlett,13,auto_floor_h-1,3.458689835734567e-05,0.20954917127737252,holm,benchmark|SquaredError|auto_floor_h-1,252,1.0,0.05,False,tested
benchmark,5day,000001.SS,SquaredError,GARCHGRU,Persistence,3,Hybrid,1,Benchmark,787,2022-12-15,2025-12-23,0.0015058600773254541,0.0012742368546041097,0.00023162322272134424,B_lower,1.0684421980994356,t(T-1),Bartlett,7,auto_floor_h-1,3.698595764179133e-05,0.28564911678230975,holm,benchmark|SquaredError|auto_floor_h-1,252,1.0,0.05,False,tested
benchmark,5day,000001.SS,SquaredError,GARCHTransformer,Persistence,3,Hybrid,1,Benchmark,787,2022-12-15,2025-12-23,0.004049660145046194,0.0012742368546041097,0.002775423290442084,B_lower,2.4051822132010443,t(T-1),Bartlett,23,auto_floor_h-1,0.0010479419411878624,0.01639456744577427,holm,benchmark|SquaredError|auto_floor_h-1,252,1.0,0.05,False,tested
benchmark,5day,000001.SS,SquaredError,GARCH,Persistence,1,Econometric,1,Benchmark,787,2022-12-15,2025-12-23,0.0025154892469592483,0.0012742368546041097,0.0012412523923551386,B_lower,3.908334499435465,t(T-1),Bartlett,21,fixed_21,7.938006989494049e-05,0.0001009453643156602,holm,benchmark|SquaredError|fixed_21,252,0.02392405134281147,0.05,True,tested
benchmark,5day,000001.SS,SquaredError,EGARCH,Persistence,1,Econometric,1,Benchmark,787,2022-12-15,2025-12-23,0.002164376103380717,0.0012742368546041097,0.0008901392487766076,B_lower,2.7089296517956463,t(T-1),Bartlett,21,fixed_21,8.497578394665938e-05,0.0068969423522226335,holm,benchmark|SquaredError|fixed_21,252,1.0,0.05,False,tested
benchmark,5day,000001.SS,SquaredError,GJRGARCH,Persistence,1,Econometric,1,Benchmark,787,2022-12-15,2025-12-23,0.0016349111109374727,0.0012742368546041097,0.00036067425633336297,B_lower,1.7407039765754075,t(T-1),Bartlett,21,fixed_21,3.378743159641765e-05,0.0821268002469162,holm,benchmark|SquaredError|fixed_21,252,1.0,0.05,False,tested
benchmark,5day,000001.SS,SquaredError,LinearRegression,Persistence,1,Machine Learning,1,Benchmark,787,2022-12-15,2025-12-23,0.0012571053523957282,0.0012742368546041097,-1.7131502208381407e-05,A_lower,-0.39654738588242927,t(T-1),Bartlett,21,fixed_21,1.4688432200599033e-06,0.6918088931960155,holm,benchmark|SquaredError|fixed_21,252,1.0,0.05,False,tested
benchmark,5day,000001.SS,SquaredError,RandomForest,Persistence,1,Machine Learning,1,Benchmark,787,2022-12-15,2025-12-23,0.001318790913482236,0.0012742368546041097,4.455405887812622e-05,B_lower,0.43161560745689453,t(T-1),Bartlett,21,fixed_21,8.386002740390452e-06,0.6661391751437847,holm,benchmark|SquaredError|fixed_21,252,1.0,0.05,False,tested
benchmark,5day,000001.SS,SquaredError,XGBoost,Persistence,1,Machine Learning,1,Benchmark,787,2022-12-15,2025-12-23,0.0016484879468688387,0.0012742368546041097,0.00037425109226472915,B_lower,2.5013881647138874,t(T-1),Bartlett,21,fixed_21,1.7617273803283947e-05,0.012573081413837551,holm,benchmark|SquaredError|fixed_21,252,1.0,0.05,False,tested
benchmark,5day,000001.SS,SquaredError,LSTM,Persistence,2,Deep Learning,1,Benchmark,787,2022-12-15,2025-12-23,0.0022693675923520637,0.0012742368546041097,0.000995130737747954,B_lower,1.6868294127932941,t(T-1),Bartlett,21,fixed_21,0.00027390041116028316,0.09203295755017259,holm,benchmark|SquaredError|fixed_21,252,1.0,0.05,False,tested
benchmark,5day,000001.SS,SquaredError,GRU,Persistence,2,Deep Learning,1,Benchmark,787,2022-12-15,2025-12-23,0.0013618978734305637,0.0012742368546041097,8.7661018826454e-05,B_lower,0.46572775581185183,t(T-1),Bartlett,21,fixed_21,2.7881973988069186e-05,0.6415394040581376,holm,benchmark|SquaredError|fixed_21,252,1.0,0.05,False,tested
benchmark,5day,000001.SS,SquaredError,Transformer,Persistence,2,Deep Learning,1,Benchmark,787,2022-12-15,2025-12-23,0.005191902684010494,0.0012742368546041097,0.0039176658294063854,B_lower,3.1247080795040514,t(T-1),Bartlett,21,fixed_21,0.001237116527213727,0.0018451987498671444,holm,benchmark|SquaredError|fixed_21,252,0.39671773122143605,0.05,False,tested
benchmark,5day,000001.SS,SquaredError,GARCHLSTM,Persistence,3,Hybrid,1,Benchmark,787,2022-12-15,2025-12-23,0.0015375065280551967,0.0012742368546041097,0.00026326967345108727,B_lower,1.2003101074559324,t(T-1),Bartlett,21,fixed_21,3.7860772899104825e-05,0.23038056113347075,holm,benchmark|SquaredError|fixed_21,252,1.0,0.05,False,tested
benchmark,5day,000001.SS,SquaredError,GARCHGRU,Persistence,3,Hybrid,1,Benchmark,787,2022-12-15,2025-12-23,0.0015058600773254541,0.0012742368546041097,0.00023162322272134424,B_lower,1.0689329214367025,t(T-1),Bartlett,21,fixed_21,3.695200657507682e-05,0.2854280614560522,holm,benchmark|SquaredError|fixed_21,252,1.0,0.05,False,tested
benchmark,5day,000001.SS,SquaredError,GARCHTransformer,Persistence,3,Hybrid,1,Benchmark,787,2022-12-15,2025-12-23,0.004049660145046194,0.0012742368546041097,0.002775423290442084,B_lower,2.442652687634743,t(T-1),Bartlett,21,fixed_21,0.0010160375255783443,0.014798983522937351,holm,benchmark|SquaredError|fixed_21,252,1.0,0.05,False,tested
benchmark,22day,^GSPC,QLIKE,GARCH,Persistence,1,Econometric,1,Benchmark,784,2022-11-25,2025-11-28,-1.0184146876156819,-0.987436446301822,-0.030978241313860063,A_lower,-1.740113478720535,t(T-1),Bartlett,24,auto_floor_h-1,0.248470273276873,0.08223198229701027,holm,benchmark|QLIKE|auto_floor_h-1,252,1.0,0.05,False,tested
benchmark,22day,^GSPC,QLIKE,EGARCH,Persistence,1,Econometric,1,Benchmark,784,2022-11-25,2025-11-28,-0.9930896947437181,-0.987436446301822,-0.005653248441896052,A_lower,-0.2650874496473963,t(T-1),Bartlett,24,auto_floor_h-1,0.3565610272778822,0.7910118653595509,holm,benchmark|QLIKE|auto_floor_h-1,252,1.0,0.05,False,tested
benchmark,22day,^GSPC,QLIKE,GJRGARCH,Persistence,1,Econometric,1,Benchmark,784,2022-11-25,2025-11-28,-1.015432564440231,-0.987436446301822,-0.027996118138408754,A_lower,-1.4931707419833604,t(T-1),Bartlett,24,auto_floor_h-1,0.2756085933802811,0.13579532326033955,holm,benchmark|QLIKE|auto_floor_h-1,252,1.0,0.05,False,tested
benchmark,22day,^GSPC,QLIKE,LinearRegression,Persistence,1,Machine Learning,1,Benchmark,784,2022-11-25,2025-11-28,-0.9753466355310199,-0.987436446301822,0.012089810770802149,B_lower,0.7079077794349438,t(T-1),Bartlett,21,auto_floor_h-1,0.22866605510086715,0.4792131914598176,holm,benchmark|QLIKE|auto_floor_h-1,252,1.0,0.05,False,tested
benchmark,22day,^GSPC,QLIKE,RandomForest,Persistence,1,Machine Learning,1,Benchmark,784,2022-11-25,2025-11-28,-0.9820902473496976,-0.987436446301822,0.005346198952124322,B_lower,0.26667601585873385,t(T-1),Bartlett,24,auto_floor_h-1,0.3150927273180381,0.789788835798222,holm,benchmark|QLIKE|auto_floor_h-1,252,1.0,0.05,False,tested
benchmark,22day,^GSPC,QLIKE,XGBoost,Persistence,1,Machine Learning,1,Benchmark,784,2022-11-25,2025-11-28,-0.9601552487985575,-0.987436446301822,0.027281197503264493,B_lower,1.1559965415359315,t(T-1),Bartlett,23,auto_floor_h-1,0.43664636841324095,0.24803516979889215,holm,benchmark|QLIKE|auto_floor_h-1,252,1.0,0.05,False,tested
benchmark,22day,^GSPC,QLIKE,LSTM,Persistence,2,Deep Learning,1,Benchmark,784,2022-11-25,2025-11-28,-0.9764326583017299,-0.987436446301822,0.011003788000092066,B_lower,0.7495792515970536,t(T-1),Bartlett,23,auto_floor_h-1,0.1689527941209405,0.4537332954028442,holm,benchmark|QLIKE|auto_floor_h-1,252,1.0,0.05,False,tested
benchmark,22day,^GSPC,QLIKE,GRU,Persistence,2,Deep Learning,1,Benchmark,784,2022-11-25,2025-11-28,-0.9948143866561945,-0.987436446301822,-0.007377940354372495,A_lower,-0.36883652573215203,t(T-1),Bartlett,24,auto_floor_h-1,0.3137028739903437,0.7123492850729973,holm,benchmark|QLIKE|auto_floor_h-1,252,1.0,0.05,False,tested
benchmark,22day,^GSPC,QLIKE,Transformer,Persistence,2,Deep Learning,1,Benchmark,784,2022-11-25,2025-11-28,-0.9914608072729485,-0.987436446301822,-0.004024360971126699,A_lower,-0.18859756878121525,t(T-1),Bartlett,24,auto_floor_h-1,0.35697494866280355,0.8504571080194046,holm,benchmark|QLIKE|auto_floor_h-1,252,1.0,0.05,False,tested
benchmark,22day,^GSPC,QLIKE,GARCHLSTM,Persistence,3,Hybrid,1,Benchmark,784,2022-11-25,2025-11-28,-0.99278960835974,-0.987436446301822,-0.0053531620579179515,A_lower,-0.2540385665012998,t(T-1),Bartlett,24,auto_floor_h-1,0.3481268641378412,0.799532458157514,holm,benchmark|QLIKE|auto_floor_h-1,252,1.0,0.05,False,tested
benchmark,22day,^GSPC,QLIKE,GARCHGRU,Persistence,3,Hybrid,1,Benchmark,784,2022-11-25,2025-11-28,-1.0068803938920248,-0.987436446301822,-0.019443947590202727,A_lower,-1.1449643642337142,t(T-1),Bartlett,24,auto_floor_h-1,0.226100231172559,0.2525737708585382,holm,benchmark|QLIKE|auto_floor_h-1,252,1.0,0.05,False,tested
benchmark,22day,^GSPC,QLIKE,GARCHTransformer,Persistence,3,Hybrid,1,Benchmark,784,2022-11-25,2025-11-28,-0.9867452334140664,-0.987436446301822,0.0006912128877555981,B_lower,0.02239193924788052,t(T-1),Bartlett,24,auto_floor_h-1,0.7470614086448153,0.9821410152070588,holm,benchmark|QLIKE|auto_floor_h-1,252,1.0,0.05,False,tested
benchmark,22day,^GSPC,QLIKE,GARCH,Persistence,1,Econometric,1,Benchmark,784,2022-11-25,2025-11-28,-1.0184146876156819,-0.987436446301822,-0.030978241313860063,A_lower,-1.7362905717801378,t(T-1),Bartlett,21,fixed_21,0.24956562500356821,0.08290580386517465,holm,benchmark|QLIKE|fixed_21,252,1.0,0.05,False,tested
benchmark,22day,^GSPC,QLIKE,EGARCH,Persistence,1,Econometric,1,Benchmark,784,2022-11-25,2025-11-28,-0.9930896947437181,-0.987436446301822,-0.005653248441896052,A_lower,-0.2680166686772818,t(T-1),Bartlett,21,fixed_21,0.3488097343931894,0.788757076991913,holm,benchmark|QLIKE|fixed_21,252,1.0,0.05,False,tested
benchmark,22day,^GSPC,QLIKE,GJRGARCH,Persistence,1,Econometric,1,Benchmark,784,2022-11-25,2025-11-28,-1.015432564440231,-0.987436446301822,-0.027996118138408754,A_lower,-1.4997151235490822,t(T-1),Bartlett,21,fixed_21,0.27320846771843865,0.13409129012231258,holm,benchmark|QLIKE|fixed_21,252,1.0,0.05,False,tested
benchmark,22day,^GSPC,QLIKE,LinearRegression,Persistence,1,Machine Learning,1,Benchmark,784,2022-11-25,2025-11-28,-0.9753466355310199,-0.987436446301822,0.012089810770802149,B_lower,0.7079077794349438,t(T-1),Bartlett,21,fixed_21,0.22866605510086715,0.4792131914598176,holm,benchmark|QLIKE|fixed_21,252,1.0,0.05,False,tested
benchmark,22day,^GSPC,QLIKE,RandomForest,Persistence,1,Machine Learning,1,Benchmark,784,2022-11-25,2025-11-28,-0.9820902473496976,-0.987436446301822,0.005346198952124322,B_lower,0.2695094106877636,t(T-1),Bartlett,21,fixed_21,0.30850231459269295,0.787608707920875,holm,benchmark|QLIKE|fixed_21,252,1.0,0.05,False,tested
benchmark,22day,^GSPC,QLIKE,XGBoost,Persistence,1,Machine Learning,1,Benchmark,784,2022-11-25,2025-11-28,-0.9601552487985575,-0.987436446301822,0.027281197503264493,B_lower,1.1648060611821507,t(T-1),Bartlett,21,fixed_21,0.43006656315535,0.24445225396252038,holm,benchmark|QLIKE|fixed_21,252,1.0,0.05,False,tested
benchmark,22day,^GSPC,QLIKE,LSTM,Persistence,2,Deep Learning,1,Benchmark,784,2022-11-25,2025-11-28,-0.9764326583017299,-0.987436446301822,0.011003788000092066,B_lower,0.7457821674861532,t(T-1),Bartlett,21,fixed_21,0.17067759028695212,0.45602283830670154,holm,benchmark|QLIKE|fixed_21,252,1.0,0.05,False,tested
benchmark,22day,^GSPC,QLIKE,GRU,Persistence,2,Deep Learning,1,Benchmark,784,2022-11-25,2025-11-28,-0.9948143866561945,-0.987436446301822,-0.007377940354372495,A_lower,-0.36676364808326034,t(T-1),Bartlett,21,fixed_21,0.31725887128319785,0.7138944150466346,holm,benchmark|QLIKE|fixed_21,252,1.0,0.05,False,tested
benchmark,22day,^GSPC,QLIKE,Transformer,Persistence,2,Deep Learning,1,Benchmark,784,2022-11-25,2025-11-28,-0.9914608072729485,-0.987436446301822,-0.004024360971126699,A_lower,-0.1889775373023742,t(T-1),Bartlett,21,fixed_21,0.3555408852979587,0.8501593934984529,holm,benchmark|QLIKE|fixed_21,252,1.0,0.05,False,tested
benchmark,22day,^GSPC,QLIKE,GARCHLSTM,Persistence,3,Hybrid,1,Benchmark,784,2022-11-25,2025-11-28,-0.99278960835974,-0.987436446301822,-0.0053531620579179515,A_lower,-0.2544721969436362,t(T-1),Bartlett,21,fixed_21,0.34694143179259873,0.7991975959364421,holm,benchmark|QLIKE|fixed_21,252,1.0,0.05,False,tested
benchmark,22day,^GSPC,QLIKE,GARCHGRU,Persistence,3,Hybrid,1,Benchmark,784,2022-11-25,2025-11-28,-1.0068803938920248,-0.987436446301822,-0.019443947590202727,A_lower,-1.1365645839561254,t(T-1),Bartlett,21,fixed_21,0.22945456805661116,0.2560680734534391,holm,benchmark|QLIKE|fixed_21,252,1.0,0.05,False,tested
benchmark,22day,^GSPC,QLIKE,GARCHTransformer,Persistence,3,Hybrid,1,Benchmark,784,2022-11-25,2025-11-28,-0.9867452334140664,-0.987436446301822,0.0006912128877555981,B_lower,0.02258126660530338,t(T-1),Bartlett,21,fixed_21,0.7345868001140385,0.9819900402793557,holm,benchmark|QLIKE|fixed_21,252,1.0,0.05,False,tested
benchmark,22day,^GSPC,SquaredError,GARCH,Persistence,1,Econometric,1,Benchmark,784,2022-11-25,2025-11-28,0.00389578252988827,0.005999955504162265,-0.002104172974273995,A_lower,-1.2992500643145293,t(T-1),Bartlett,24,auto_floor_h-1,0.0020563330006202665,0.19424055106667756,holm,benchmark|SquaredError|auto_floor_h-1,252,1.0,0.05,False,tested
benchmark,22day,^GSPC,SquaredError,EGARCH,Persistence,1,Econometric,1,Benchmark,784,2022-11-25,2025-11-28,0.004974692511603678,0.005999955504162265,-0.0010252629925585875,A_lower,-0.5780485609704188,t(T-1),Bartlett,25,auto_floor_h-1,0.0024663685683696842,0.5633975352706838,holm,benchmark|SquaredError|auto_floor_h-1,252,1.0,0.05,False,tested
benchmark,22day,^GSPC,SquaredError,GJRGARCH,Persistence,1,Econometric,1,Benchmark,784,2022-11-25,2025-11-28,0.004011452370176152,0.005999955504162265,-0.001988503133986113,A_lower,-1.2808915893116082,t(T-1),Bartlett,24,auto_floor_h-1,0.0018894868525276007,0.20061100136630267,holm,benchmark|SquaredError|auto_floor_h-1,252,1.0,0.05,False,tested
benchmark,22day,^GSPC,SquaredError,LinearRegression,Persistence,1,Machine Learning,1,Benchmark,784,2022-11-25,2025-11-28,0.0050643001335173065,0.005999955504162265,-0.000935655370644958,A_lower,-0.5994361883999602,t(T-1),Bartlett,24,auto_floor_h-1,0.0019101258240293384,0.5490554565365054,holm,benchmark|SquaredError|auto_floor_h-1,252,1.0,0.05,False,tested
benchmark,22day,^GSPC,SquaredError,RandomForest,Persistence,1,Machine Learning,1,Benchmark,784,2022-11-25,2025-11-28,0.006151902852142569,0.005999955504162265,0.00015194734798030423,B_lower,0.09845328271067115,t(T-1),Bartlett,24,auto_floor_h-1,0.0018674195841039054,0.9215975644924959,holm,benchmark|SquaredError|auto_floor_h-1,252,1.0,0.05,False,tested
benchmark,22day,^GSPC,SquaredError,XGBoost,Persistence,1,Machine Learning,1,Benchmark,784,2022-11-25,2025-11-28,0.006893504028227467,0.005999955504162265,0.0008935485240652027,B_lower,0.5577145252587757,t(T-1),Bartlett,24,auto_floor_h-1,0.0020124654598248416,0.5771987470826756,holm,benchmark|SquaredError|auto_floor_h-1,252,1.0,0.05,False,tested
benchmark,22day,^GSPC,SquaredError,LSTM,Persistence,2,Deep Learning,1,Benchmark,784,2022-11-25,2025-11-28,0.006061925615611,0.005999955504162265,6.197011144873521e-05,B_lower,0.03831561527899433,t(T-1),Bartlett,24,auto_floor_h-1,0.0020508269185400517,0.969445807325329,holm,benchmark|SquaredError|auto_floor_h-1,252,1.0,0.05,False,tested
benchmark,22day,^GSPC,SquaredError,GRU,Persistence,2,Deep Learning,1,Benchmark,784,2022-11-25,2025-11-28,0.00513301218607507,0.005999955504162265,-0.0008669433180871952,A_lower,-0.4892955893642354,t(T-1),Bartlett,24,auto_floor_h-1,0.002461245120331905,0.6247694784833556,holm,benchmark|SquaredError|auto_floor_h-1,252,1.0,0.05,False,tested
benchmark,22day,^GSPC,SquaredError,Transformer,Persistence,2,Deep Learning,1,Benchmark,784,2022-11-25,2025-11-28,0.005430381457713256,0.005999955504162265,-0.0005695740464490087,A_lower,-0.31999861649447603,t(T-1),Bartlett,24,auto_floor_h-1,0.002483820715611978,0.7490547471912785,holm,benchmark|SquaredError|auto_floor_h-1,252,1.0,0.05,False,tested
benchmark,22day,^GSPC,SquaredError,GARCHLSTM,Persistence,3,Hybrid,1,Benchmark,784,2022-11-25,2025-11-28,0.005140201528038823,0.005999955504162265,-0.0008597539761234414,A_lower,-0.4905667462584492,t(T-1),Bartlett,24,auto_floor_h-1,0.0024080651770610507,0.6238703545516456,holm,benchmark|SquaredError|auto_floor_h-1,252,1.0,0.05,False,tested
benchmark,22day,^GSPC,SquaredError,GARCHGRU,Persistence,3,Hybrid,1,Benchmark,784,2022-11-25,2025-11-28,0.00426983532995339,0.005999955504162265,-0.001730120174208875,A_lower,-0.9996059333699163,t(T-1),Bartlett,24,auto_floor_h-1,0.0023486102538323957,0.31781006048628674,holm,benchmark|SquaredError|auto_floor_h-1,252,1.0,0.05,False,tested
benchmark,22day,^GSPC,SquaredError,GARCHTransformer,Persistence,3,Hybrid,1,Benchmark,784,2022-11-25,2025-11-28,0.004823107367673963,0.005999955504162265,-0.0011768481364883008,A_lower,-0.5922825827269803,t(T-1),Bartlett,24,auto_floor_h-1,0.0030952732011784246,0.5538323664204147,holm,benchmark|SquaredError|auto_floor_h-1,252,1.0,0.05,False,tested
benchmark,22day,^GSPC,SquaredError,GARCH,Persistence,1,Econometric,1,Benchmark,784,2022-11-25,2025-11-28,0.00389578252988827,0.005999955504162265,-0.002104172974273995,A_lower,-1.30582611623606,t(T-1),Bartlett,21,fixed_21,0.0020356740429188632,0.1919952088727369,holm,benchmark|SquaredError|fixed_21,252,1.0,0.05,False,tested
benchmark,22day,^GSPC,SquaredError,EGARCH,Persistence,1,Econometric,1,Benchmark,784,2022-11-25,2025-11-28,0.004974692511603678,0.005999955504162265,-0.0010252629925585875,A_lower,-0.5955558939685613,t(T-1),Bartlett,21,fixed_21,0.0023234940877285976,0.5516440430973427,holm,benchmark|SquaredError|fixed_21,252,1.0,0.05,False,tested
benchmark,22day,^GSPC,SquaredError,GJRGARCH,Persistence,1,Econometric,1,Benchmark,784,2022-11-25,2025-11-28,0.004011452370176152,0.005999955504162265,-0.001988503133986113,A_lower,-1.30308929816778,t(T-1),Bartlett,21,fixed_21,0.0018256615376345845,0.19292734008451712,holm,benchmark|SquaredError|fixed_21,252,1.0,0.05,False,tested
benchmark,22day,^GSPC,SquaredError,LinearRegression,Persistence,1,Machine Learning,1,Benchmark,784,2022-11-25,2025-11-28,0.0050643001335173065,0.005999955504162265,-0.000935655370644958,A_lower,-0.6006669093927355,t(T-1),Bartlett,21,fixed_21,0.0019023064366934788,0.5482356852762894,holm,benchmark|SquaredError|fixed_21,252,1.0,0.05,False,tested
benchmark,22day,^GSPC,SquaredError,RandomForest,Persistence,1,Machine Learning,1,Benchmark,784,2022-11-25,2025-11-28,0.006151902852142569,0.005999955504162265,0.00015194734798030423,B_lower,0.09937418598466445,t(T-1),Bartlett,21,fixed_21,0.001832969098208357,0.9208666136906115,holm,benchmark|SquaredError|fixed_21,252,1.0,0.05,False,tested
benchmark,22day,^GSPC,SquaredError,XGBoost,Persistence,1,Machine Learning,1,Benchmark,784,2022-11-25,2025-11-28,0.006893504028227467,0.005999955504162265,0.0008935485240652027,B_lower,0.5616499878262488,t(T-1),Bartlett,21,fixed_21,0.0019843617114721785,0.574515234598239,holm,benchmark|SquaredError|fixed_21,252,1.0,0.05,False,tested
benchmark,22day,^GSPC,SquaredError,LSTM,Persistence,2,Deep Learning,1,Benchmark,784,2022-11-25,2025-11-28,0.006061925615611,0.005999955504162265,6.197011144873521e-05,B_lower,0.03843907443427247,t(T-1),Bartlett,21,fixed_21,0.0020376743253663343,0.9693474052015668,holm,benchmark|SquaredError|fixed_21,252,1.0,0.05,False,tested
benchmark,22day,^GSPC,SquaredError,GRU,Persistence,2,Deep Learning,1,Benchmark,784,2022-11-25,2025-11-28,0.00513301218607507,0.005999955504162265,-0.0008669433180871952,A_lower,-0.48844124343309786,t(T-1),Bartlett,21,fixed_21,0.0024698627126228685,0.6253740953635831,holm,benchmark|SquaredError|fixed_21,252,1.0,0.05,False,tested
benchmark,22day,^GSPC,SquaredError,Transformer,Persistence,2,Deep Learning,1,Benchmark,784,2022-11-25,2025-11-28,0.005430381457713256,0.005999955504162265,-0.0005695740464490087,A_lower,-0.3209242061191421,t(T-1),Bartlett,21,fixed_21,0.0024695140143681446,0.7483534650205165,holm,benchmark|SquaredError|fixed_21,252,1.0,0.05,False,tested
benchmark,22day,^GSPC,SquaredError,GARCHLSTM,Persistence,3,Hybrid,1,Benchmark,784,2022-11-25,2025-11-28,0.005140201528038823,0.005999955504162265,-0.0008597539761234414,A_lower,-0.49351295891767105,t(T-1),Bartlett,21,fixed_21,0.002379399283637237,0.6217885770095154,holm,benchmark|SquaredError|fixed_21,252,1.0,0.05,False,tested
benchmark,22day,^GSPC,SquaredError,GARCHGRU,Persistence,3,Hybrid,1,Benchmark,784,2022-11-25,2025-11-28,0.00426983532995339,0.005999955504162265,-0.001730120174208875,A_lower,-1.0077409917548967,t(T-1),Bartlett,21,fixed_21,0.0023108446689920387,0.31389013374088126,holm,benchmark|SquaredError|fixed_21,252,1.0,0.05,False,tested
benchmark,22day,^GSPC,SquaredError,GARCHTransformer,Persistence,3,Hybrid,1,Benchmark,784,2022-11-25,2025-11-28,0.004823107367673963,0.005999955504162265,-0.0011768481364883008,A_lower,-0.5865911425403456,t(T-1),Bartlett,21,fixed_21,0.0031556287842919193,0.5576474043883356,holm,benchmark|SquaredError|fixed_21,252,1.0,0.05,False,tested
benchmark,22day,^IXIC,QLIKE,GARCH,Persistence,1,Econometric,1,Benchmark,784,2022-11-25,2025-11-28,-0.7062011581829692,-0.6823651093831407,-0.023836048799828615,A_lower,-2.306834261549445,t(T-1),Bartlett,23,auto_floor_h-1,0.08370507857993043,0.021324211847946226,holm,benchmark|QLIKE|auto_floor_h-1,252,1.0,0.05,False,tested
benchmark,22day,^IXIC,QLIKE,EGARCH,Persistence,1,Econometric,1,Benchmark,784,2022-11-25,2025-11-28,-0.7004514185631452,-0.6823651093831407,-0.0180863091800047,A_lower,-1.5058074587193968,t(T-1),Bartlett,23,auto_floor_h-1,0.11310376867643307,0.13251989757215624,holm,benchmark|QLIKE|auto_floor_h-1,252,1.0,0.05,False,tested
benchmark,22day,^IXIC,QLIKE,GJRGARCH,Persistence,1,Econometric,1,Benchmark,784,2022-11-25,2025-11-28,-0.7135369848649536,-0.6823651093831407,-0.031171875481813018,A_lower,-3.126216947960048,t(T-1),Bartlett,23,auto_floor_h-1,0.07794777122672113,0.0018361261905156178,holm,benchmark|QLIKE|auto_floor_h-1,252,0.29378019048249887,0.05,False,tested
benchmark,22day,^IXIC,QLIKE,LinearRegression,Persistence,1,Machine Learning,1,Benchmark,784,2022-11-25,2025-11-28,-0.6766754286411248,-0.6823651093831407,0.005689680742015652,B_lower,0.35466335510791447,t(T-1),Bartlett,24,auto_floor_h-1,0.20177122116419216,0.7229373060767015,holm,benchmark|QLIKE|auto_floor_h-1,252,1.0,0.05,False,tested
benchmark,22day,^IXIC,QLIKE,RandomForest,Persistence,1,Machine Learning,1,Benchmark,784,2022-11-25,2025-11-28,-0.6774799731094552,-0.6823651093831407,0.004885136273685395,B_lower,0.32008950402363845,t(T-1),Bartlett,23,auto_floor_h-1,0.18261084321431711,0.7489858761349703,holm,benchmark|QLIKE|auto_floor_h-1,252,1.0,0.05,False,tested
benchmark,22day,^IXIC,QLIKE,XGBoost,Persistence,1,Machine Learning,1,Benchmark,784,2022-11-25,2025-11-28,-0.6764824651131303,-0.6823651093831407,0.0058826442700102765,B_lower,0.5455399719405779,t(T-1),Bartlett,22,auto_floor_h-1,0.0911607904903399,0.5855375695865577,holm,benchmark|QLIKE|auto_floor_h-1,252,1.0,0.05,False,tested
benchmark,22day,^IXIC,QLIKE,LSTM,Persistence,2,Deep Learning,1,Benchmark,784,2022-11-25,2025-11-28,-0.6717608531426202,-0.6823651093831407,0.01060425624052046,B_lower,0.7980915819517062,t(T-1),Bartlett,23,auto_floor_h-1,0.1384111348688566,0.42505932533144375,holm,benchmark|QLIKE|auto_floor_h-1,252,1.0,0.05,False,tested
benchmark,22day,^IXIC,QLIKE,GRU,Persistence,2,Deep Learning,1,Benchmark,784,2022-11-25,2025-11-28,-0.6903530889670403,-0.6823651093831407,-0.00798797958389964,A_lower,-0.6174473655749271,t(T-1),Bartlett,23,auto_floor_h-1,0.13121698997318645,0.5371192054233347,holm,benchmark|QLIKE|auto_floor_h-1,252,1.0,0.05,False,tested
benchmark,22day,^IXIC,QLIKE,Transformer,Persistence,2,Deep Learning,1,Benchmark,784,2022-11-25,2025-11-28,-0.6780120062299948,-0.6823651093831407,0.004353103153145925,B_lower,0.24793216507437754,t(T-1),Bartlett,24,auto_floor_h-1,0.24168418574874884,0.8042518963071961,holm,benchmark|QLIKE|auto_floor_h-1,252,1.0,0.05,False,tested
benchmark,22day,^IXIC,QLIKE,GARCHLSTM,Persistence,3,Hybrid,1,Benchmark,784,2022-11-25,2025-11-28,-0.6924878958240769,-0.6823651093831407,-0.010122786440936183,A_lower,-0.6940255869585683,t(T-1),Bartlett,23,auto_floor_h-1,0.1667881716419814,0.48787201126131385,holm,benchmark|QLIKE|auto_floor_h-1,252,1.0,0.05,False,tested
benchmark,22day,^IXIC,QLIKE,GARCHGRU,Persistence,3,Hybrid,1,Benchmark,784,2022-11-25,2025-11-28,-0.6965666483908456,-0.6823651093831407,-0.01420153900770494,A_lower,-0.9796287727556066,t(T-1),Bartlett,24,auto_floor_h-1,0.1647645665023917,0.3275719740887833,holm,benchmark|QLIKE|auto_floor_h-1,252,1.0,0.05,False,tested
benchmark,22day,^IXIC,QLIKE,GARCHTransformer,Persistence,3,Hybrid,1,Benchmark,784,2022-11-25,2025-11-28,-0.656628000362219,-0.6823651093831407,0.025737109020921686,B_lower,0.8290672326616155,t(T-1),Bartlett,25,auto_floor_h-1,0.7555376055783132,0.4073190244314664,holm,benchmark|QLIKE|auto_floor_h-1,252,1.0,0.05,False,tested
benchmark,22day,^IXIC,QLIKE,GARCH,Persistence,1,Econometric,1,Benchmark,784,2022-11-25,2025-11-28,-0.7062011581829692,-0.6823651093831407,-0.023836048799828615,A_lower,-2.298732314757979,t(T-1),Bartlett,21,fixed_21,0.08429616020375814,0.021782692613669993,holm,benchmark|QLIKE|fixed_21,252,1.0,0.05,False,tested
benchmark,22day,^IXIC,QLIKE,EGARCH,Persistence,1,Econometric,1,Benchmark,784,2022-11-25,2025-11-28,-0.7004514185631452,-0.6823651093831407,-0.0180863091800047,A_lower,-1.506350759814279,t(T-1),Bartlett,21,fixed_21,0.11302219628120497,0.1323804610966683,holm,benchmark|QLIKE|fixed_21,252,1.0,0.05,False,tested
benchmark,22day,^IXIC,QLIKE,GJRGARCH,Persistence,1,Econometric,1,Benchmark,784,2022-11-25,2025-11-28,-0.7135369848649536,-0.6823651093831407,-0.031171875481813018,A_lower,-3.126614909974904,t(T-1),Bartlett,21,fixed_21,0.0779279297823328,0.001833673813572417,holm,benchmark|QLIKE|fixed_21,252,0.2915541363580143,0.05,False,tested
benchmark,22day,^IXIC,QLIKE,LinearRegression,Persistence,1,Machine Learning,1,Benchmark,784,2022-11-25,2025-11-28,-0.6766754286411248,-0.6823651093831407,0.005689680742015652,B_lower,0.3617065532711681,t(T-1),Bartlett,21,fixed_21,0.1939898933762046,0.7176689150071248,holm,benchmark|QLIKE|fixed_21,252,1.0,0.05,False,tested
benchmark,22day,^IXIC,QLIKE,RandomForest,Persistence,1,Machine Learning,1,Benchmark,784,2022-11-25,2025-11-28,-0.6774799731094552,-0.6823651093831407,0.004885136273685395,B_lower,0.32118256793517463,t(T-1),Bartlett,21,fixed_21,0.1813700182800579,0.7481577518273794,holm,benchmark|QLIKE|fixed_21,252,1.0,0.05,False,tested
benchmark,22day,^IXIC,QLIKE,XGBoost,Persistence,1,Machine Learning,1,Benchmark,784,2022-11-25,2025-11-28,-0.6764824651131303,-0.6823651093831407,0.0058826442700102765,B_lower,0.5464480714346995,t(T-1),Bartlett,21,fixed_21,0.09085805620803505,0.5849136468193025,holm,benchmark|QLIKE|fixed_21,252,1.0,0.05,False,tested
benchmark,22day,^IXIC,QLIKE,LSTM,Persistence,2,Deep Learning,1,Benchmark,784,2022-11-25,2025-11-28,-0.6717608531426202,-0.6823651093831407,0.01060425624052046,B_lower,0.8034868495535246,t(T-1),Bartlett,21,fixed_21,0.13655856462116162,0.4219372394022278,holm,benchmark|QLIKE|fixed_21,252,1.0,0.05,False,tested
benchmark,22day,^IXIC,QLIKE,GRU,Persistence,2,Deep Learning,1,Benchmark,784,2022-11-25,2025-11-28,-0.6903530889670403,-0.6823651093831407,-0.00798797958389964,A_lower,-0.6150145489888025,t(T-1),Bartlett,21,fixed_21,0.13225715480797084,0.5387238016992986,holm,benchmark|QLIKE|fixed_21,252,1.0,0.05,False,tested
benchmark,22day,^IXIC,QLIKE,Transformer,Persistence,2,Deep Learning,1,Benchmark,784,2022-11-25,2025-11-28,-0.6780120062299948,-0.6823651093831407,0.004353103153145925,B_lower,0.24732681601594303,t(T-1),Bartlett,21,fixed_21,0.24286871025951406,0.804720143552556,holm,benchmark|QLIKE|fixed_21,252,1.0,0.05,False,tested
benchmark,22day,^IXIC,QLIKE,GARCHLSTM,Persistence,3,Hybrid,1,Benchmark,784,2022-11-25,2025-11-28,-0.6924878958240769,-0.6823651093831407,-0.010122786440936183,A_lower,-0.6912057054395426,t(T-1),Bartlett,21,fixed_21,0.1681518243343338,0.4896411503741044,holm,benchmark|QLIKE|fixed_21,252,1.0,0.05,False,tested
benchmark,22day,^IXIC,QLIKE,GARCHGRU,Persistence,3,Hybrid,1,Benchmark,784,2022-11-25,2025-11-28,-0.6965666483908456,-0.6823651093831407,-0.01420153900770494,A_lower,-0.9741061708832031,t(T-1),Bartlett,21,fixed_21,0.1666380963265679,0.33030465979226403,holm,benchmark|QLIKE|fixed_21,252,1.0,0.05,False,tested
benchmark,22day,^IXIC,QLIKE,GARCHTransformer,Persistence,3,Hybrid,1,Benchmark,784,2022-11-25,2025-11-28,-0.656628000362219,-0.6823651093831407,0.025737109020921686,B_lower,0.8532114616912582,t(T-1),Bartlett,21,fixed_21,0.7133821283256054,0.39380297089165256,holm,benchmark|QLIKE|fixed_21,252,1.0,0.05,False,tested
benchmark,22day,^IXIC,SquaredError,GARCH,Persistence,1,Econometric,1,Benchmark,784,2022-11-25,2025-11-28,0.005580284416626539,0.008390224235930834,-0.0028099398193042937,A_lower,-1.3810976286297352,t(T-1),Bartlett,24,auto_floor_h-1,0.0032453485058833477,0.16764296807557974,holm,benchmark|SquaredError|auto_floor_h-1,252,1.0,0.05,False,tested
benchmark,22day,^IXIC,SquaredError,EGARCH,Persistence,1,Econometric,1,Benchmark,784,2022-11-25,2025-11-28,0.005598475713433459,0.008390224235930834,-0.002791748522497374,A_lower,-1.1699325124508932,t(T-1),Bartlett,24,auto_floor_h-1,0.004464234837300868,0.242384111806981,holm,benchmark|SquaredError|auto_floor_h-1,252,1.0,0.05,False,tested
benchmark,22day,^IXIC,SquaredError,GJRGARCH,Persistence,1,Econometric,1,Benchmark,784,2022-11-25,2025-11-28,0.004587578728409428,0.008390224235930834,-0.0038026455075214054,A_lower,-1.6838217078546658,t(T-1),Bartlett,24,auto_floor_h-1,0.003998485605159818,0.09261470547585661,holm,benchmark|SquaredError|auto_floor_h-1,252,1.0,0.05,False,tested
benchmark,22day,^IXIC,SquaredError,LinearRegression,Persistence,1,Machine Learning,1,Benchmark,784,2022-11-25,2025-11-28,0.006865459700521333,0.008390224235930834,-0.0015247645354095017,A_lower,-0.6179873690101189,t(T-1),Bartlett,25,auto_floor_h-1,0.004772681241337183,0.5367633657217239,holm,benchmark|SquaredError|auto_floor_h-1,252,1.0,0.05,False,tested
benchmark,22day,^IXIC,SquaredError,RandomForest,Persistence,1,Machine Learning,1,Benchmark,784,2022-11-25,2025-11-28,0.007058025292913516,0.008390224235930834,-0.0013321989430173172,A_lower,-0.5173530416341042,t(T-1),Bartlett,24,auto_floor_h-1,0.005198525979484553,0.6050558497646823,holm,benchmark|SquaredError|auto_floor_h-1,252,1.0,0.05,False,tested
benchmark,22day,^IXIC,SquaredError,XGBoost,Persistence,1,Machine Learning,1,Benchmark,784,2022-11-25,2025-11-28,0.006665325911281786,0.008390224235930834,-0.0017248983246490478,A_lower,-0.7894720115538977,t(T-1),Bartlett,25,auto_floor_h-1,0.003742567031072493,0.4300751768232922,holm,benchmark|SquaredError|auto_floor_h-1,252,1.0,0.05,False,tested
benchmark,22day,^IXIC,SquaredError,LSTM,Persistence,2,Deep Learning,1,Benchmark,784,2022-11-25,2025-11-28,0.007739283078176354,0.008390224235930834,-0.0006509411577544796,A_lower,-0.33085595304193993,t(T-1),Bartlett,24,auto_floor_h-1,0.0030347409167916085,0.7408418109720109,holm,benchmark|SquaredError|auto_floor_h-1,252,1.0,0.05,False,tested
benchmark,22day,^IXIC,SquaredError,GRU,Persistence,2,Deep Learning,1,Benchmark,784,2022-11-25,2025-11-28,0.007137130913344332,0.008390224235930834,-0.0012530933225865031,A_lower,-0.6216585227163118,t(T-1),Bartlett,24,auto_floor_h-1,0.0031855110072124835,0.5343473818783834,holm,benchmark|SquaredError|auto_floor_h-1,252,1.0,0.05,False,tested
benchmark,22day,^IXIC,SquaredError,Transformer,Persistence,2,Deep Learning,1,Benchmark,784,2022-11-25,2025-11-28,0.006948915253464016,0.008390224235930834,-0.0014413089824668174,A_lower,-0.5321100560778476,t(T-1),Bartlett,24,auto_floor_h-1,0.005752111767841161,0.594800719216344,holm,benchmark|SquaredError|auto_floor_h-1,252,1.0,0.05,False,tested
benchmark,22day,^IXIC,SquaredError,GARCHLSTM,Persistence,3,Hybrid,1,Benchmark,784,2022-11-25,2025-11-28,0.0064521081008498595,0.008390224235930834,-0.0019381161350809748,A_lower,-0.8171216690645037,t(T-1),Bartlett,24,auto_floor_h-1,0.004410645991621014,0.4141074511538055,holm,benchmark|SquaredError|auto_floor_h-1,252,1.0,0.05,False,tested
benchmark,22day,^IXIC,SquaredError,GARCHGRU,Persistence,3,Hybrid,1,Benchmark,784,2022-11-25,2025-11-28,0.006029615816258563,0.008390224235930834,-0.002360608419672272,A_lower,-0.931294479012796,t(T-1),Bartlett,24,auto_floor_h-1,0.005037208292219625,0.3519883060372288,holm,benchmark|SquaredError|auto_floor_h-1,252,1.0,0.05,False,tested
benchmark,22day,^IXIC,SquaredError,GARCHTransformer,Persistence,3,Hybrid,1,Benchmark,784,2022-11-25,2025-11-28,0.007776677294655373,0.008390224235930834,-0.000613546941275462,A_lower,-0.1970702853848992,t(T-1),Bartlett,24,auto_floor_h-1,0.007599226031809278,0.8438236787581812,holm,benchmark|SquaredError|auto_floor_h-1,252,1.0,0.05,False,tested
benchmark,22day,^IXIC,SquaredError,GARCH,Persistence,1,Econometric,1,Benchmark,784,2022-11-25,2025-11-28,0.005580284416626539,0.008390224235930834,-0.0028099398193042937,A_lower,-1.3822541296550717,t(T-1),Bartlett,21,fixed_21,0.0032399201571237848,0.1672878416656131,holm,benchmark|SquaredError|fixed_21,252,1.0,0.05,False,tested
benchmark,22day,^IXIC,SquaredError,EGARCH,Persistence,1,Econometric,1,Benchmark,784,2022-11-25,2025-11-28,0.005598475713433459,0.008390224235930834,-0.002791748522497374,A_lower,-1.1844399135666048,t(T-1),Bartlett,21,fixed_21,0.004355545798979406,0.23659837157574606,holm,benchmark|SquaredError|fixed_21,252,1.0,0.05,False,tested
benchmark,22day,^IXIC,SquaredError,GJRGARCH,Persistence,1,Econometric,1,Benchmark,784,2022-11-25,2025-11-28,0.004587578728409428,0.008390224235930834,-0.0038026455075214054,A_lower,-1.714235794533232,t(T-1),Bartlett,21,fixed_21,0.003857861451571169,0.08688116876948403,holm,benchmark|SquaredError|fixed_21,252,1.0,0.05,False,tested
benchmark,22day,^IXIC,SquaredError,LinearRegression,Persistence,1,Machine Learning,1,Benchmark,784,2022-11-25,2025-11-28,0.006865459700521333,0.008390224235930834,-0.0015247645354095017,A_lower,-0.6203342925034011,t(T-1),Bartlett,21,fixed_21,0.004736636388886654,0.5352182224493756,holm,benchmark|SquaredError|fixed_21,252,1.0,0.05,False,tested
benchmark,22day,^IXIC,SquaredError,RandomForest,Persistence,1,Machine Learning,1,Benchmark,784,2022-11-25,2025-11-28,0.007058025292913516,0.008390224235930834,-0.0013321989430173172,A_lower,-0.5187178987988323,t(T-1),Bartlett,21,fixed_21,0.005171205114346461,0.6041040395660117,holm,benchmark|SquaredError|fixed_21,252,1.0,0.05,False,tested
benchmark,22day,^IXIC,SquaredError,XGBoost,Persistence,1,Machine Learning,1,Benchmark,784,2022-11-25,2025-11-28,0.006665325911281786,0.008390224235930834,-0.0017248983246490478,A_lower,-0.8030711010552198,t(T-1),Bartlett,21,fixed_21,0.0036168880584041474,0.4221773410345139,holm,benchmark|SquaredError|fixed_21,252,1.0,0.05,False,tested
benchmark,22day,^IXIC,SquaredError,LSTM,Persistence,2,Deep Learning,1,Benchmark,784,2022-11-25,2025-11-28,0.007739283078176354,0.008390224235930834,-0.0006509411577544796,A_lower,-0.3312988697221963,t(T-1),Bartlett,21,fixed_21,0.0030266319915890055,0.7405073906180354,holm,benchmark|SquaredError|fixed_21,252,1.0,0.05,False,tested
benchmark,22day,^IXIC,SquaredError,GRU,Persistence,2,Deep Learning,1,Benchmark,784,2022-11-25,2025-11-28,0.007137130913344332,0.008390224235930834,-0.0012530933225865031,A_lower,-0.6184548642054292,t(T-1),Bartlett,21,fixed_21,0.003218599021409669,0.5364554018803305,holm,benchmark|SquaredError|fixed_21,252,1.0,0.05,False,tested
benchmark,22day,^IXIC,SquaredError,Transformer,Persistence,2,Deep Learning,1,Benchmark,784,2022-11-25,2025-11-28,0.006948915253464016,0.008390224235930834,-0.0014413089824668174,A_lower,-0.5287131293966599,t(T-1),Bartlett,21,fixed_21,0.005826262646561152,0.5971542991351586,holm,benchmark|SquaredError|fixed_21,252,1.0,0.05,False,tested
benchmark,22day,^IXIC,SquaredError,GARCHLSTM,Persistence,3,Hybrid,1,Benchmark,784,2022-11-25,2025-11-28,0.0064521081008498595,0.008390224235930834,-0.0019381161350809748,A_lower,-0.8123695807614354,t(T-1),Bartlett,21,fixed_21,0.004462398503153702,0.4168265075243867,holm,benchmark|SquaredError|fixed_21,252,1.0,0.05,False,tested
benchmark,22day,^IXIC,SquaredError,GARCHGRU,Persistence,3,Hybrid,1,Benchmark,784,2022-11-25,2025-11-28,0.006029615816258563,0.008390224235930834,-0.002360608419672272,A_lower,-0.9295294853441124,t(T-1),Bartlett,21,fixed_21,0.005056355789255448,0.35290122316326156,holm,benchmark|SquaredError|fixed_21,252,1.0,0.05,False,tested
benchmark,22day,^IXIC,SquaredError,GARCHTransformer,Persistence,3,Hybrid,1,Benchmark,784,2022-11-25,2025-11-28,0.007776677294655373,0.008390224235930834,-0.000613546941275462,A_lower,-0.19665728229106808,t(T-1),Bartlett,21,fixed_21,0.0076311780595832365,0.8441467724980158,holm,benchmark|SquaredError|fixed_21,252,1.0,0.05,False,tested
benchmark,22day,^FTSE,QLIKE,GARCH,Persistence,1,Econometric,1,Benchmark,784,2022-11-25,2025-11-28,-1.2385857809778205,-1.2527835163240695,0.01419773534624896,B_lower,0.643865737811721,t(T-1),Bartlett,24,auto_floor_h-1,0.38120938548521965,0.5198510462791832,holm,benchmark|QLIKE|auto_floor_h-1,252,1.0,0.05,False,tested
benchmark,22day,^FTSE,QLIKE,EGARCH,Persistence,1,Econometric,1,Benchmark,784,2022-11-25,2025-11-28,-1.24625965827231,-1.2527835163240695,0.006523858051759458,B_lower,0.3148811336392187,t(T-1),Bartlett,24,auto_floor_h-1,0.3365362010747549,0.7529357979473403,holm,benchmark|QLIKE|auto_floor_h-1,252,1.0,0.05,False,tested
benchmark,22day,^FTSE,QLIKE,GJRGARCH,Persistence,1,Econometric,1,Benchmark,784,2022-11-25,2025-11-28,-1.2420929736403574,-1.2527835163240695,0.01069054268371202,B_lower,0.5121536551029666,t(T-1),Bartlett,24,auto_floor_h-1,0.3415977593618455,0.6086878986199595,holm,benchmark|QLIKE|auto_floor_h-1,252,1.0,0.05,False,tested
benchmark,22day,^FTSE,QLIKE,LinearRegression,Persistence,1,Machine Learning,1,Benchmark,784,2022-11-25,2025-11-28,7945.750731094903,-1.2527835163240695,7947.00351461123,B_lower,1.014469846510615,t(T-1),Bartlett,21,auto_floor_h-1,48111022513.25701,0.3106719784814816,holm,benchmark|QLIKE|auto_floor_h-1,252,1.0,0.05,False,tested
benchmark,22day,^FTSE,QLIKE,RandomForest,Persistence,1,Machine Learning,1,Benchmark,784,2022-11-25,2025-11-28,-1.256632903379226,-1.2527835163240695,-0.003849387055156529,A_lower,-0.15474959856387985,t(T-1),Bartlett,24,auto_floor_h-1,0.48510992888195215,0.8770586069017832,holm,benchmark|QLIKE|auto_floor_h-1,252,1.0,0.05,False,tested
benchmark,22day,^FTSE,QLIKE,XGBoost,Persistence,1,Machine Learning,1,Benchmark,784,2022-11-25,2025-11-28,-1.2461078878453096,-1.2527835163240695,0.0066756284787597,B_lower,0.2833370315376408,t(T-1),Bartlett,24,auto_floor_h-1,0.43520482435273,0.7769933875495084,holm,benchmark|QLIKE|auto_floor_h-1,252,1.0,0.05,False,tested
benchmark,22day,^FTSE,QLIKE,LSTM,Persistence,2,Deep Learning,1,Benchmark,784,2022-11-25,2025-11-28,-1.2734776338707403,-1.2527835163240695,-0.020694117546670804,A_lower,-0.9412768735713319,t(T-1),Bartlett,24,auto_floor_h-1,0.37894406439190276,0.3468532943032369,holm,benchmark|QLIKE|auto_floor_h-1,252,1.0,0.05,False,tested
benchmark,22day,^FTSE,QLIKE,GRU,Persistence,2,Deep Learning,1,Benchmark,784,2022-11-25,2025-11-28,-1.2756421409791896,-1.2527835163240695,-0.02285862465512037,A_lower,-1.0671704221648093,t(T-1),Bartlett,24,auto_floor_h-1,0.3597068398610701,0.2862238060584008,holm,benchmark|QLIKE|auto_floor_h-1,252,1.0,0.05,False,tested
benchmark,22day,^FTSE,QLIKE,Transformer,Persistence,2,Deep Learning,1,Benchmark,784,2022-11-25,2025-11-28,-1.2731848816352969,-1.2527835163240695,-0.0204013653112276,A_lower,-1.0760385145924267,t(T-1),Bartlett,24,auto_floor_h-1,0.28182459728396375,0.28224146691919605,holm,benchmark|QLIKE|auto_floor_h-1,252,1.0,0.05,False,tested
benchmark,22day,^FTSE,QLIKE,GARCHLSTM,Persistence,3,Hybrid,1,Benchmark,784,2022-11-25,2025-11-28,-1.2822833070340656,-1.2527835163240695,-0.02949979070999625,A_lower,-1.5466671118356723,t(T-1),Bartlett,24,auto_floor_h-1,0.28520703298379985,0.12234759541495441,holm,benchmark|QLIKE|auto_floor_h-1,252,1.0,0.05,False,tested
benchmark,22day,^FTSE,QLIKE,GARCHGRU,Persistence,3,Hybrid,1,Benchmark,784,2022-11-25,2025-11-28,-1.2765157537476477,-1.2527835163240695,-0.02373223742357826,A_lower,-1.281636978550477,t(T-1),Bartlett,24,auto_floor_h-1,0.26882111169773215,0.20034940861599182,holm,benchmark|QLIKE|auto_floor_h-1,252,1.0,0.05,False,tested
benchmark,22day,^FTSE,QLIKE,GARCHTransformer,Persistence,3,Hybrid,1,Benchmark,784,2022-11-25,2025-11-28,-1.2761647448896571,-1.2527835163240695,-0.023381228565587667,A_lower,-1.1834818158014015,t(T-1),Bartlett,24,auto_floor_h-1,0.3060043066726126,0.23697742980874992,holm,benchmark|QLIKE|auto_floor_h-1,252,1.0,0.05,False,tested
benchmark,22day,^FTSE,QLIKE,GARCH,Persistence,1,Econometric,1,Benchmark,784,2022-11-25,2025-11-28,-1.2385857809778205,-1.2527835163240695,0.01419773534624896,B_lower,0.6617759953382152,t(T-1),Bartlett,21,fixed_21,0.36085455834667324,0.5083094952130791,holm,benchmark|QLIKE|fixed_21,252,1.0,0.05,False,tested
benchmark,22day,^FTSE,QLIKE,EGARCH,Persistence,1,Econometric,1,Benchmark,784,2022-11-25,2025-11-28,-1.24625965827231,-1.2527835163240695,0.006523858051759458,B_lower,0.3223536525105518,t(T-1),Bartlett,21,fixed_21,0.321114471153356,0.7472708406390464,holm,benchmark|QLIKE|fixed_21,252,1.0,0.05,False,tested
benchmark,22day,^FTSE,QLIKE,GJRGARCH,Persistence,1,Econometric,1,Benchmark,784,2022-11-25,2025-11-28,-1.2420929736403574,-1.2527835163240695,0.01069054268371202,B_lower,0.5234228034415686,t(T-1),Bartlett,21,fixed_21,0.3270470890764906,0.6008281573141384,holm,benchmark|QLIKE|fixed_21,252,1.0,0.05,False,tested
benchmark,22day,^FTSE,QLIKE,LinearRegression,Persistence,1,Machine Learning,1,Benchmark,784,2022-11-25,2025-11-28,7945.750731094903,-1.2527835163240695,7947.00351461123,B_lower,1.014469846510615,t(T-1),Bartlett,21,fixed_21,48111022513.25701,0.3106719784814816,holm,benchmark|QLIKE|fixed_21,252,1.0,0.05,False,tested
benchmark,22day,^FTSE,QLIKE,RandomForest,Persistence,1,Machine Learning,1,Benchmark,784,2022-11-25,2025-11-28,-1.256632903379226,-1.2527835163240695,-0.003849387055156529,A_lower,-0.16035818560770865,t(T-1),Bartlett,21,fixed_21,0.4517695529637916,0.8726402864386059,holm,benchmark|QLIKE|fixed_21,252,1.0,0.05,False,tested
benchmark,22day,^FTSE,QLIKE,XGBoost,Persistence,1,Machine Learning,1,Benchmark,784,2022-11-25,2025-11-28,-1.2461078878453096,-1.2527835163240695,0.0066756284787597,B_lower,0.2946709581011235,t(T-1),Bartlett,21,fixed_21,0.40237010817748387,0.768323357369685,holm,benchmark|QLIKE|fixed_21,252,1.0,0.05,False,tested
benchmark,22day,^FTSE,QLIKE,LSTM,Persistence,2,Deep Learning,1,Benchmark,784,2022-11-25,2025-11-28,-1.2734776338707403,-1.2527835163240695,-0.020694117546670804,A_lower,-0.9778874826536375,t(T-1),Bartlett,21,fixed_21,0.3511010367790822,0.32843200522301735,holm,benchmark|QLIKE|fixed_21,252,1.0,0.05,False,tested
benchmark,22day,^FTSE,QLIKE,GRU,Persistence,2,Deep Learning,1,Benchmark,784,2022-11-25,2025-11-28,-1.2756421409791896,-1.2527835163240695,-0.02285862465512037,A_lower,-1.1108524307069634,t(T-1),Bartlett,21,fixed_21,0.3319735756945905,0.266972871648817,holm,benchmark|QLIKE|fixed_21,252,1.0,0.05,False,tested
benchmark,22day,^FTSE,QLIKE,Transformer,Persistence,2,Deep Learning,1,Benchmark,784,2022-11-25,2025-11-28,-1.2731848816352969,-1.2527835163240695,-0.0204013653112276,A_lower,-1.101579126744269,t(T-1),Bartlett,21,fixed_21,0.2689076339382489,0.27098318763213314,holm,benchmark|QLIKE|fixed_21,252,1.0,0.05,False,tested
benchmark,22day,^FTSE,QLIKE,GARCHLSTM,Persistence,3,Hybrid,1,Benchmark,784,2022-11-25,2025-11-28,-1.2822833070340656,-1.2527835163240695,-0.02949979070999625,A_lower,-1.6035555211577832,t(T-1),Bartlett,21,fixed_21,0.26532973878464877,0.1092153326528204,holm,benchmark|QLIKE|fixed_21,252,1.0,0.05,False,tested
benchmark,22day,^FTSE,QLIKE,GARCHGRU,Persistence,3,Hybrid,1,Benchmark,784,2022-11-25,2025-11-28,-1.2765157537476477,-1.2527835163240695,-0.02373223742357826,A_lower,-1.32393894817486,t(T-1),Bartlett,21,fixed_21,0.2519170224226389,0.18590968920414364,holm,benchmark|QLIKE|fixed_21,252,1.0,0.05,False,tested
benchmark,22day,^FTSE,QLIKE,GARCHTransformer,Persistence,3,Hybrid,1,Benchmark,784,2022-11-25,2025-11-28,-1.2761647448896571,-1.2527835163240695,-0.023381228565587667,A_lower,-1.2177860954156001,t(T-1),Bartlett,21,fixed_21,0.289007222009126,0.2236721185807169,holm,benchmark|QLIKE|fixed_21,252,1.0,0.05,False,tested
benchmark,22day,^FTSE,SquaredError,GARCH,Persistence,1,Econometric,1,Benchmark,784,2022-11-25,2025-11-28,0.004049936916514784,0.003902922413321513,0.00014701450319326966,B_lower,0.1807500178864378,t(T-1),Bartlett,23,auto_floor_h-1,0.0005186563818526085,0.8566105694973933,holm,benchmark|SquaredError|auto_floor_h-1,252,1.0,0.05,False,tested
benchmark,22day,^FTSE,SquaredError,EGARCH,Persistence,1,Econometric,1,Benchmark,784,2022-11-25,2025-11-28,0.0037843583617083827,0.003902922413321513,-0.0001185640516131303,A_lower,-0.13810501538916933,t(T-1),Bartlett,24,auto_floor_h-1,0.0005778341765046502,0.8901929296314619,holm,benchmark|SquaredError|auto_floor_h-1,252,1.0,0.05,False,tested
benchmark,22day,^FTSE,SquaredError,GJRGARCH,Persistence,1,Econometric,1,Benchmark,784,2022-11-25,2025-11-28,0.004318165634646558,0.003902922413321513,0.0004152432213250447,B_lower,0.628570740076041,t(T-1),Bartlett,21,auto_floor_h-1,0.0003421470848921287,0.5298134308729326,holm,benchmark|SquaredError|auto_floor_h-1,252,1.0,0.05,False,tested
benchmark,22day,^FTSE,SquaredError,LinearRegression,Persistence,1,Machine Learning,1,Benchmark,784,2022-11-25,2025-11-28,0.00334438940470306,0.003902922413321513,-0.0005585330086184532,A_lower,-0.8054683598321706,t(T-1),Bartlett,24,auto_floor_h-1,0.00037697867280720007,0.42079398712616456,holm,benchmark|SquaredError|auto_floor_h-1,252,1.0,0.05,False,tested
benchmark,22day,^FTSE,SquaredError,RandomForest,Persistence,1,Machine Learning,1,Benchmark,784,2022-11-25,2025-11-28,0.0037047529502324504,0.003902922413321513,-0.00019816946308906313,A_lower,-0.1793877880956251,t(T-1),Bartlett,24,auto_floor_h-1,0.0009567616922466381,0.857679629139224,holm,benchmark|SquaredError|auto_floor_h-1,252,1.0,0.05,False,tested
benchmark,22day,^FTSE,SquaredError,XGBoost,Persistence,1,Machine Learning,1,Benchmark,784,2022-11-25,2025-11-28,0.003925251727294377,0.003902922413321513,2.2329313972863793e-05,B_lower,0.0199063658395245,t(T-1),Bartlett,24,auto_floor_h-1,0.0009864676800196439,0.9841231383346517,holm,benchmark|SquaredError|auto_floor_h-1,252,1.0,0.05,False,tested
benchmark,22day,^FTSE,SquaredError,LSTM,Persistence,2,Deep Learning,1,Benchmark,784,2022-11-25,2025-11-28,0.0029230100793709176,0.003902922413321513,-0.0009799123339505954,A_lower,-0.9124910455000819,t(T-1),Bartlett,25,auto_floor_h-1,0.0009041350138607699,0.36179114052044425,holm,benchmark|SquaredError|auto_floor_h-1,252,1.0,0.05,False,tested
benchmark,22day,^FTSE,SquaredError,GRU,Persistence,2,Deep Learning,1,Benchmark,784,2022-11-25,2025-11-28,0.0027445323458964864,0.003902922413321513,-0.0011583900674250272,A_lower,-0.9925690766783207,t(T-1),Bartlett,25,auto_floor_h-1,0.0010678351964163017,0.3212266288373695,holm,benchmark|SquaredError|auto_floor_h-1,252,1.0,0.05,False,tested
benchmark,22day,^FTSE,SquaredError,Transformer,Persistence,2,Deep Learning,1,Benchmark,784,2022-11-25,2025-11-28,0.002733558291753579,0.003902922413321513,-0.0011693641215679345,A_lower,-1.1295382032734131,t(T-1),Bartlett,24,auto_floor_h-1,0.0008402601041920834,0.2590167766670644,holm,benchmark|SquaredError|auto_floor_h-1,252,1.0,0.05,False,tested
benchmark,22day,^FTSE,SquaredError,GARCHLSTM,Persistence,3,Hybrid,1,Benchmark,784,2022-11-25,2025-11-28,0.002616264721244967,0.003902922413321513,-0.0012866576920765463,A_lower,-1.5806255492665873,t(T-1),Bartlett,24,auto_floor_h-1,0.0005194982738894891,0.11436752675421681,holm,benchmark|SquaredError|auto_floor_h-1,252,1.0,0.05,False,tested
benchmark,22day,^FTSE,SquaredError,GARCHGRU,Persistence,3,Hybrid,1,Benchmark,784,2022-11-25,2025-11-28,0.0026089136208957016,0.003902922413321513,-0.0012940087924258107,A_lower,-1.2765419624387822,t(T-1),Bartlett,24,auto_floor_h-1,0.0008056016113497719,0.2021424759354771,holm,benchmark|SquaredError|auto_floor_h-1,252,1.0,0.05,False,tested
benchmark,22day,^FTSE,SquaredError,GARCHTransformer,Persistence,3,Hybrid,1,Benchmark,784,2022-11-25,2025-11-28,0.0025241849777287314,0.003902922413321513,-0.0013787374355927818,A_lower,-1.2384345377865722,t(T-1),Bartlett,24,auto_floor_h-1,0.0009717019801230146,0.2159261382870992,holm,benchmark|SquaredError|auto_floor_h-1,252,1.0,0.05,False,tested
benchmark,22day,^FTSE,SquaredError,GARCH,Persistence,1,Econometric,1,Benchmark,784,2022-11-25,2025-11-28,0.004049936916514784,0.003902922413321513,0.00014701450319326966,B_lower,0.18343477386980234,t(T-1),Bartlett,21,fixed_21,0.0005035853491052217,0.8545043823534401,holm,benchmark|SquaredError|fixed_21,252,1.0,0.05,False,tested
benchmark,22day,^FTSE,SquaredError,EGARCH,Persistence,1,Econometric,1,Benchmark,784,2022-11-25,2025-11-28,0.0037843583617083827,0.003902922413321513,-0.0001185640516131303,A_lower,-0.14145070672893528,t(T-1),Bartlett,21,fixed_21,0.0005508227674421106,0.887550282869899,holm,benchmark|SquaredError|fixed_21,252,1.0,0.05,False,tested
benchmark,22day,^FTSE,SquaredError,GJRGARCH,Persistence,1,Econometric,1,Benchmark,784,2022-11-25,2025-11-28,0.004318165634646558,0.003902922413321513,0.0004152432213250447,B_lower,0.628570740076041,t(T-1),Bartlett,21,fixed_21,0.0003421470848921287,0.5298134308729326,holm,benchmark|SquaredError|fixed_21,252,1.0,0.05,False,tested
benchmark,22day,^FTSE,SquaredError,LinearRegression,Persistence,1,Machine Learning,1,Benchmark,784,2022-11-25,2025-11-28,0.00334438940470306,0.003902922413321513,-0.0005585330086184532,A_lower,-0.8205650994256992,t(T-1),Bartlett,21,fixed_21,0.0003632349831459485,0.4121437704745942,holm,benchmark|SquaredError|fixed_21,252,1.0,0.05,False,tested
benchmark,22day,^FTSE,SquaredError,RandomForest,Persistence,1,Machine Learning,1,Benchmark,784,2022-11-25,2025-11-28,0.0037047529502324504,0.003902922413321513,-0.00019816946308906313,A_lower,-0.18672788975556862,t(T-1),Bartlett,21,fixed_21,0.0008830212392009234,0.8519223571043504,holm,benchmark|SquaredError|fixed_21,252,1.0,0.05,False,tested
benchmark,22day,^FTSE,SquaredError,XGBoost,Persistence,1,Machine Learning,1,Benchmark,784,2022-11-25,2025-11-28,0.003925251727294377,0.003902922413321513,2.2329313972863793e-05,B_lower,0.020680750164743033,t(T-1),Bartlett,21,fixed_21,0.0009139748538966339,0.9835055936343595,holm,benchmark|SquaredError|fixed_21,252,1.0,0.05,False,tested
benchmark,22day,^FTSE,SquaredError,LSTM,Persistence,2,Deep Learning,1,Benchmark,784,2022-11-25,2025-11-28,0.0029230100793709176,0.003902922413321513,-0.0009799123339505954,A_lower,-0.9599585917149976,t(T-1),Bartlett,21,fixed_21,0.0008169312529220088,0.3373723855069331,holm,benchmark|SquaredError|fixed_21,252,1.0,0.05,False,tested
benchmark,22day,^FTSE,SquaredError,GRU,Persistence,2,Deep Learning,1,Benchmark,784,2022-11-25,2025-11-28,0.0027445323458964864,0.003902922413321513,-0.0011583900674250272,A_lower,-1.0335610929279941,t(T-1),Bartlett,21,fixed_21,0.0009848121720349668,0.3016605119018983,holm,benchmark|SquaredError|fixed_21,252,1.0,0.05,False,tested
benchmark,22day,^FTSE,SquaredError,Transformer,Persistence,2,Deep Learning,1,Benchmark,784,2022-11-25,2025-11-28,0.002733558291753579,0.003902922413321513,-0.0011693641215679345,A_lower,-1.1386510426312964,t(T-1),Bartlett,21,fixed_21,0.0008268644030816464,0.2551969832129222,holm,benchmark|SquaredError|fixed_21,252,1.0,0.05,False,tested
benchmark,22day,^FTSE,SquaredError,GARCHLSTM,Persistence,3,Hybrid,1,Benchmark,784,2022-11-25,2025-11-28,0.002616264721244967,0.003902922413321513,-0.0012866576920765463,A_lower,-1.6240439251537961,t(T-1),Bartlett,21,fixed_21,0.0004920922908919543,0.10476889972094261,holm,benchmark|SquaredError|fixed_21,252,1.0,0.05,False,tested
benchmark,22day,^FTSE,SquaredError,GARCHGRU,Persistence,3,Hybrid,1,Benchmark,784,2022-11-25,2025-11-28,0.0026089136208957016,0.003902922413321513,-0.0012940087924258107,A_lower,-1.2994633295371787,t(T-1),Bartlett,21,fixed_21,0.0007774320854949957,0.19416743165623646,holm,benchmark|SquaredError|fixed_21,252,1.0,0.05,False,tested
benchmark,22day,^FTSE,SquaredError,GARCHTransformer,Persistence,3,Hybrid,1,Benchmark,784,2022-11-25,2025-11-28,0.0025241849777287314,0.003902922413321513,-0.0013787374355927818,A_lower,-1.2624591480018676,t(T-1),Bartlett,21,fixed_21,0.0009350708767185511,0.20715948476428891,holm,benchmark|SquaredError|fixed_21,252,1.0,0.05,False,tested
benchmark,22day,^GDAXI,QLIKE,GARCH,Persistence,1,Econometric,1,Benchmark,784,2022-11-25,2025-11-28,-0.9911436996732996,-0.9958440545332531,0.004700354859953353,B_lower,0.3682410496632048,t(T-1),Bartlett,24,auto_floor_h-1,0.12773589541992342,0.7127930341665424,holm,benchmark|QLIKE|auto_floor_h-1,252,1.0,0.05,False,tested
benchmark,22day,^GDAXI,QLIKE,EGARCH,Persistence,1,Econometric,1,Benchmark,784,2022-11-25,2025-11-28,-0.9800659458778589,-0.9958440545332531,0.015778108655393936,B_lower,1.134923894658477,t(T-1),Bartlett,24,auto_floor_h-1,0.1515278524565667,0.25675450828294194,holm,benchmark|QLIKE|auto_floor_h-1,252,1.0,0.05,False,tested
benchmark,22day,^GDAXI,QLIKE,GJRGARCH,Persistence,1,Econometric,1,Benchmark,784,2022-11-25,2025-11-28,-0.9596704029909118,-0.9958440545332531,0.036173651542341194,B_lower,2.348568635972921,t(T-1),Bartlett,24,auto_floor_h-1,0.1859919940576058,0.019093507803568263,holm,benchmark|QLIKE|auto_floor_h-1,252,1.0,0.05,False,tested
benchmark,22day,^GDAXI,QLIKE,LinearRegression,Persistence,1,Machine Learning,1,Benchmark,784,2022-11-25,2025-11-28,-0.9944957326207164,-0.9958440545332531,0.0013483219125364737,B_lower,0.13307379315424314,t(T-1),Bartlett,23,auto_floor_h-1,0.08048559804335081,0.8941692123587424,holm,benchmark|QLIKE|auto_floor_h-1,252,1.0,0.05,False,tested
benchmark,22day,^GDAXI,QLIKE,RandomForest,Persistence,1,Machine Learning,1,Benchmark,784,2022-11-25,2025-11-28,-0.9874047861569744,-0.9958440545332531,0.008439268376278694,B_lower,0.6078060739819285,t(T-1),Bartlett,24,auto_floor_h-1,0.15114562723542996,0.5434923412830464,holm,benchmark|QLIKE|auto_floor_h-1,252,1.0,0.05,False,tested
benchmark,22day,^GDAXI,QLIKE,XGBoost,Persistence,1,Machine Learning,1,Benchmark,784,2022-11-25,2025-11-28,-0.9920318932171976,-0.9958440545332531,0.0038121613160551687,B_lower,0.3089366755798679,t(T-1),Bartlett,23,auto_floor_h-1,0.1193767263236446,0.7574518795599536,holm,benchmark|QLIKE|auto_floor_h-1,252,1.0,0.05,False,tested
benchmark,22day,^GDAXI,QLIKE,LSTM,Persistence,2,Deep Learning,1,Benchmark,784,2022-11-25,2025-11-28,-0.9758531584635397,-0.9958440545332531,0.01999089606971327,B_lower,1.3304190332762342,t(T-1),Bartlett,24,auto_floor_h-1,0.17701239842680433,0.18376758653747174,holm,benchmark|QLIKE|auto_floor_h-1,252,1.0,0.05,False,tested
benchmark,22day,^GDAXI,QLIKE,GRU,Persistence,2,Deep Learning,1,Benchmark,784,2022-11-25,2025-11-28,-0.992424115860084,-0.9958440545332531,0.003419938673168925,B_lower,0.23982721340330443,t(T-1),Bartlett,24,auto_floor_h-1,0.15942476174032627,0.8105269778339353,holm,benchmark|QLIKE|auto_floor_h-1,252,1.0,0.05,False,tested
benchmark,22day,^GDAXI,QLIKE,Transformer,Persistence,2,Deep Learning,1,Benchmark,784,2022-11-25,2025-11-28,-0.9977382524475192,-0.9958440545332531,-0.0018941979142663905,A_lower,-0.12617160480115058,t(T-1),Bartlett,24,auto_floor_h-1,0.17670283481450674,0.8996284778840609,holm,benchmark|QLIKE|auto_floor_h-1,252,1.0,0.05,False,tested
benchmark,22day,^GDAXI,QLIKE,GARCHLSTM,Persistence,3,Hybrid,1,Benchmark,784,2022-11-25,2025-11-28,-0.9849652646428689,-0.9958440545332531,0.010878789890384028,B_lower,0.8197612089802222,t(T-1),Bartlett,22,auto_floor_h-1,0.13807101367108804,0.41260170837181465,holm,benchmark|QLIKE|auto_floor_h-1,252,1.0,0.05,False,tested
benchmark,22day,^GDAXI,QLIKE,GARCHGRU,Persistence,3,Hybrid,1,Benchmark,784,2022-11-25,2025-11-28,-0.989673268637428,-0.9958440545332531,0.006170785895824968,B_lower,0.5543975427093288,t(T-1),Bartlett,23,auto_floor_h-1,0.09713023193841622,0.5794651149685626,holm,benchmark|QLIKE|auto_floor_h-1,252,1.0,0.05,False,tested
benchmark,22day,^GDAXI,QLIKE,GARCHTransformer,Persistence,3,Hybrid,1,Benchmark,784,2022-11-25,2025-11-28,-0.9985297304412513,-0.9958440545332531,-0.0026856759079981955,A_lower,-0.1647859932674086,t(T-1),Bartlett,24,auto_floor_h-1,0.20824888323831375,0.8691549602175178,holm,benchmark|QLIKE|auto_floor_h-1,252,1.0,0.05,False,tested
benchmark,22day,^GDAXI,QLIKE,GARCH,Persistence,1,Econometric,1,Benchmark,784,2022-11-25,2025-11-28,-0.9911436996732996,-0.9958440545332531,0.004700354859953353,B_lower,0.3730862028569053,t(T-1),Bartlett,21,fixed_21,0.1244397067792491,0.709185263923895,holm,benchmark|QLIKE|fixed_21,252,1.0,0.05,False,tested
benchmark,22day,^GDAXI,QLIKE,EGARCH,Persistence,1,Econometric,1,Benchmark,784,2022-11-25,2025-11-28,-0.9800659458778589,-0.9958440545332531,0.015778108655393936,B_lower,1.150268297122009,t(T-1),Bartlett,21,fixed_21,0.1475121004954255,0.2503845633573555,holm,benchmark|QLIKE|fixed_21,252,1.0,0.05,False,tested
benchmark,22day,^GDAXI,QLIKE,GJRGARCH,Persistence,1,Econometric,1,Benchmark,784,2022-11-25,2025-11-28,-0.9596704029909118,-0.9958440545332531,0.036173651542341194,B_lower,2.390419039957433,t(T-1),Bartlett,21,fixed_21,0.17953647145859614,0.017064558550832654,holm,benchmark|QLIKE|fixed_21,252,1.0,0.05,False,tested
benchmark,22day,^GDAXI,QLIKE,LinearRegression,Persistence,1,Machine Learning,1,Benchmark,784,2022-11-25,2025-11-28,-0.9944957326207164,-0.9958440545332531,0.0013483219125364737,B_lower,0.1338837182043314,t(T-1),Bartlett,21,fixed_21,0.07951475366133356,0.8935289285791849,holm,benchmark|QLIKE|fixed_21,252,1.0,0.05,False,tested
benchmark,22day,^GDAXI,QLIKE,RandomForest,Persistence,1,Machine Learning,1,Benchmark,784,2022-11-25,2025-11-28,-0.9874047861569744,-0.9958440545332531,0.008439268376278694,B_lower,0.6205611544359231,t(T-1),Bartlett,21,fixed_21,0.14499615509682431,0.5350689825883218,holm,benchmark|QLIKE|fixed_21,252,1.0,0.05,False,tested
benchmark,22day,^GDAXI,QLIKE,XGBoost,Persistence,1,Machine Learning,1,Benchmark,784,2022-11-25,2025-11-28,-0.9920318932171976,-0.9958440545332531,0.0038121613160551687,B_lower,0.3106100587241015,t(T-1),Bartlett,21,fixed_21,0.11809392885046402,0.7561797420474828,holm,benchmark|QLIKE|fixed_21,252,1.0,0.05,False,tested
benchmark,22day,^GDAXI,QLIKE,LSTM,Persistence,2,Deep Learning,1,Benchmark,784,2022-11-25,2025-11-28,-0.9758531584635397,-0.9958440545332531,0.01999089606971327,B_lower,1.356323529055932,t(T-1),Bartlett,21,fixed_21,0.17031542934993438,0.17538721358663556,holm,benchmark|QLIKE|fixed_21,252,1.0,0.05,False,tested
benchmark,22day,^GDAXI,QLIKE,GRU,Persistence,2,Deep Learning,1,Benchmark,784,2022-11-25,2025-11-28,-0.992424115860084,-0.9958440545332531,0.003419938673168925,B_lower,0.2441593750190278,t(T-1),Bartlett,21,fixed_21,0.15381755014981496,0.807171351010664,holm,benchmark|QLIKE|fixed_21,252,1.0,0.05,False,tested
benchmark,22day,^GDAXI,QLIKE,Transformer,Persistence,2,Deep Learning,1,Benchmark,784,2022-11-25,2025-11-28,-0.9977382524475192,-0.9958440545332531,-0.0018941979142663905,A_lower,-0.12635442289376467,t(T-1),Bartlett,21,fixed_21,0.17619187359391306,0.8994838159231088,holm,benchmark|QLIKE|fixed_21,252,1.0,0.05,False,tested
benchmark,22day,^GDAXI,QLIKE,GARCHLSTM,Persistence,3,Hybrid,1,Benchmark,784,2022-11-25,2025-11-28,-0.9849652646428689,-0.9958440545332531,0.010878789890384028,B_lower,0.8167866094510375,t(T-1),Bartlett,21,fixed_21,0.13907850774250063,0.414298820809556,holm,benchmark|QLIKE|fixed_21,252,1.0,0.05,False,tested
benchmark,22day,^GDAXI,QLIKE,GARCHGRU,Persistence,3,Hybrid,1,Benchmark,784,2022-11-25,2025-11-28,-0.989673268637428,-0.9958440545332531,0.006170785895824968,B_lower,0.5612217949532811,t(T-1),Bartlett,21,fixed_21,0.09478245693893853,0.5748069236754344,holm,benchmark|QLIKE|fixed_21,252,1.0,0.05,False,tested
benchmark,22day,^GDAXI,QLIKE,GARCHTransformer,Persistence,3,Hybrid,1,Benchmark,784,2022-11-25,2025-11-28,-0.9985297304412513,-0.9958440545332531,-0.0026856759079981955,A_lower,-0.1651793762111065,t(T-1),Bartlett,21,fixed_21,0.20725815412378584,0.8688454329724482,holm,benchmark|QLIKE|fixed_21,252,1.0,0.05,False,tested
benchmark,22day,^GDAXI,SquaredError,GARCH,Persistence,1,Econometric,1,Benchmark,784,2022-11-25,2025-11-28,0.0039076887264266,0.003725035344832717,0.00018265338159388308,B_lower,0.24069705903757604,t(T-1),Bartlett,24,auto_floor_h-1,0.00045147107290623297,0.8098529264447154,holm,benchmark|SquaredError|auto_floor_h-1,252,1.0,0.05,False,tested
benchmark,22day,^GDAXI,SquaredError,EGARCH,Persistence,1,Econometric,1,Benchmark,784,2022-11-25,2025-11-28,0.004619777407590999,0.003725035344832717,0.0008947420627582824,B_lower,1.1186512692244384,t(T-1),Bartlett,24,auto_floor_h-1,0.0005015593514775892,0.2636320105716592,holm,benchmark|SquaredError|auto_floor_h-1,252,1.0,0.05,False,tested
benchmark,22day,^GDAXI,SquaredError,GJRGARCH,Persistence,1,Econometric,1,Benchmark,784,2022-11-25,2025-11-28,0.006191273083754168,0.003725035344832717,0.0024662377389214514,B_lower,2.8675789444716524,t(T-1),Bartlett,23,auto_floor_h-1,0.0005799027593105818,0.004247370963849035,holm,benchmark|SquaredError|auto_floor_h-1,252,0.8919479024082972,0.05,False,tested
benchmark,22day,^GDAXI,SquaredError,LinearRegression,Persistence,1,Machine Learning,1,Benchmark,784,2022-11-25,2025-11-28,0.0036869451829489755,0.003725035344832717,-3.809016188374204e-05,A_lower,-0.06203095145995923,t(T-1),Bartlett,24,auto_floor_h-1,0.0002956138749492086,0.950554014065758,holm,benchmark|SquaredError|auto_floor_h-1,252,1.0,0.05,False,tested
benchmark,22day,^GDAXI,SquaredError,RandomForest,Persistence,1,Machine Learning,1,Benchmark,784,2022-11-25,2025-11-28,0.0042588939694561045,0.003725035344832717,0.0005338586246233872,B_lower,0.8038583761336101,t(T-1),Bartlett,22,auto_floor_h-1,0.00034578767244093606,0.421722744540302,holm,benchmark|SquaredError|auto_floor_h-1,252,1.0,0.05,False,tested
benchmark,22day,^GDAXI,SquaredError,XGBoost,Persistence,1,Machine Learning,1,Benchmark,784,2022-11-25,2025-11-28,0.004491913074420721,0.003725035344832717,0.0007668777295880034,B_lower,1.0985457385744897,t(T-1),Bartlett,21,auto_floor_h-1,0.0003820604008369275,0.272303932535854,holm,benchmark|SquaredError|auto_floor_h-1,252,1.0,0.05,False,tested
benchmark,22day,^GDAXI,SquaredError,LSTM,Persistence,2,Deep Learning,1,Benchmark,784,2022-11-25,2025-11-28,0.005272581969081302,0.003725035344832717,0.0015475466242485855,B_lower,1.6902600941610615,t(T-1),Bartlett,24,auto_floor_h-1,0.000657198359641085,0.09137622785880703,holm,benchmark|SquaredError|auto_floor_h-1,252,1.0,0.05,False,tested
benchmark,22day,^GDAXI,SquaredError,GRU,Persistence,2,Deep Learning,1,Benchmark,784,2022-11-25,2025-11-28,0.0035250376002479104,0.003725035344832717,-0.00019999774458480637,A_lower,-0.19299448045477266,t(T-1),Bartlett,24,auto_floor_h-1,0.0008419309632871031,0.8470133386999745,holm,benchmark|SquaredError|auto_floor_h-1,252,1.0,0.05,False,tested
benchmark,22day,^GDAXI,SquaredError,Transformer,Persistence,2,Deep Learning,1,Benchmark,784,2022-11-25,2025-11-28,0.003733796631115157,0.003725035344832717,8.761286282439564e-06,B_lower,0.008393535806457943,t(T-1),Bartlett,24,auto_floor_h-1,0.0008542046097703309,0.9933051440119511,holm,benchmark|SquaredError|auto_floor_h-1,252,1.0,0.05,False,tested
benchmark,22day,^GDAXI,SquaredError,GARCHLSTM,Persistence,3,Hybrid,1,Benchmark,784,2022-11-25,2025-11-28,0.01734812201773597,0.003725035344832717,0.013623086672903255,B_lower,1.086308020372891,t(T-1),Bartlett,21,auto_floor_h-1,0.12329944736515226,0.2776770482988592,holm,benchmark|SquaredError|auto_floor_h-1,252,1.0,0.05,False,tested
benchmark,22day,^GDAXI,SquaredError,GARCHGRU,Persistence,3,Hybrid,1,Benchmark,784,2022-11-25,2025-11-28,0.004859019658767915,0.003725035344832717,0.0011339843139351988,B_lower,1.237215587043798,t(T-1),Bartlett,24,auto_floor_h-1,0.0006586267891139658,0.21637796593885142,holm,benchmark|SquaredError|auto_floor_h-1,252,1.0,0.05,False,tested
benchmark,22day,^GDAXI,SquaredError,GARCHTransformer,Persistence,3,Hybrid,1,Benchmark,784,2022-11-25,2025-11-28,0.003497269319129973,0.003725035344832717,-0.00022776602570274363,A_lower,-0.19268514978939158,t(T-1),Bartlett,24,auto_floor_h-1,0.0010954623616349934,0.8472555191903969,holm,benchmark|SquaredError|auto_floor_h-1,252,1.0,0.05,False,tested
benchmark,22day,^GDAXI,SquaredError,GARCH,Persistence,1,Econometric,1,Benchmark,784,2022-11-25,2025-11-28,0.0039076887264266,0.003725035344832717,0.00018265338159388308,B_lower,0.24042114011331125,t(T-1),Bartlett,21,fixed_21,0.0004525079275992488,0.810066723282233,holm,benchmark|SquaredError|fixed_21,252,1.0,0.05,False,tested
benchmark,22day,^GDAXI,SquaredError,EGARCH,Persistence,1,Econometric,1,Benchmark,784,2022-11-25,2025-11-28,0.004619777407590999,0.003725035344832717,0.0008947420627582824,B_lower,1.1284353051722635,t(T-1),Bartlett,21,fixed_21,0.0004928995717360572,0.2594817524642121,holm,benchmark|SquaredError|fixed_21,252,1.0,0.05,False,tested
benchmark,22day,^GDAXI,SquaredError,GJRGARCH,Persistence,1,Econometric,1,Benchmark,784,2022-11-25,2025-11-28,0.006191273083754168,0.003725035344832717,0.0024662377389214514,B_lower,2.859475282206196,t(T-1),Bartlett,21,fixed_21,0.0005831942687859687,0.004356245516209599,holm,benchmark|SquaredError|fixed_21,252,0.9104553128878062,0.05,False,tested
benchmark,22day,^GDAXI,SquaredError,LinearRegression,Persistence,1,Machine Learning,1,Benchmark,784,2022-11-25,2025-11-28,0.0036869451829489755,0.003725035344832717,-3.809016188374204e-05,A_lower,-0.06207924961637228,t(T-1),Bartlett,21,fixed_21,0.00029515407392994924,0.9505155642124452,holm,benchmark|SquaredError|fixed_21,252,1.0,0.05,False,tested
benchmark,22day,^GDAXI,SquaredError,RandomForest,Persistence,1,Machine Learning,1,Benchmark,784,2022-11-25,2025-11-28,0.0042588939694561045,0.003725035344832717,0.0005338586246233872,B_lower,0.8063020482861939,t(T-1),Bartlett,21,fixed_21,0.00034369488043353784,0.4203135272620083,holm,benchmark|SquaredError|fixed_21,252,1.0,0.05,False,tested
benchmark,22day,^GDAXI,SquaredError,XGBoost,Persistence,1,Machine Learning,1,Benchmark,784,2022-11-25,2025-11-28,0.004491913074420721,0.003725035344832717,0.0007668777295880034,B_lower,1.0985457385744897,t(T-1),Bartlett,21,fixed_21,0.0003820604008369275,0.272303932535854,holm,benchmark|SquaredError|fixed_21,252,1.0,0.05,False,tested
benchmark,22day,^GDAXI,SquaredError,LSTM,Persistence,2,Deep Learning,1,Benchmark,784,2022-11-25,2025-11-28,0.005272581969081302,0.003725035344832717,0.0015475466242485855,B_lower,1.7234832916659577,t(T-1),Bartlett,21,fixed_21,0.0006321052424149744,0.08519593023381368,holm,benchmark|SquaredError|fixed_21,252,1.0,0.05,False,tested
benchmark,22day,^GDAXI,SquaredError,GRU,Persistence,2,Deep Learning,1,Benchmark,784,2022-11-25,2025-11-28,0.0035250376002479104,0.003725035344832717,-0.00019999774458480637,A_lower,-0.1928859539659821,t(T-1),Bartlett,21,fixed_21,0.0008428786478059319,0.8470983043748233,holm,benchmark|SquaredError|fixed_21,252,1.0,0.05,False,tested
benchmark,22day,^GDAXI,SquaredError,Transformer,Persistence,2,Deep Learning,1,Benchmark,784,2022-11-25,2025-11-28,0.003733796631115157,0.003725035344832717,8.761286282439564e-06,B_lower,0.00819611128419083,t(T-1),Bartlett,21,fixed_21,0.0008958516805544249,0.9934626102794303,holm,benchmark|SquaredError|fixed_21,252,1.0,0.05,False,tested
benchmark,22day,^GDAXI,SquaredError,GARCHLSTM,Persistence,3,Hybrid,1,Benchmark,784,2022-11-25,2025-11-28,0.01734812201773597,0.003725035344832717,0.013623086672903255,B_lower,1.086308020372891,t(T-1),Bartlett,21,fixed_21,0.12329944736515226,0.2776770482988592,holm,benchmark|SquaredError|fixed_21,252,1.0,0.05,False,tested
benchmark,22day,^GDAXI,SquaredError,GARCHGRU,Persistence,3,Hybrid,1,Benchmark,784,2022-11-25,2025-11-28,0.004859019658767915,0.003725035344832717,0.0011339843139351988,B_lower,1.249535993057077,t(T-1),Bartlett,21,fixed_21,0.0006457027199707539,0.211842472290516,holm,benchmark|SquaredError|fixed_21,252,1.0,0.05,False,tested
benchmark,22day,^GDAXI,SquaredError,GARCHTransformer,Persistence,3,Hybrid,1,Benchmark,784,2022-11-25,2025-11-28,0.003497269319129973,0.003725035344832717,-0.00022776602570274363,A_lower,-0.1902899766113299,t(T-1),Bartlett,21,fixed_21,0.0011232130092599306,0.849131230476693,holm,benchmark|SquaredError|fixed_21,252,1.0,0.05,False,tested
benchmark,22day,^N225,QLIKE,GARCH,Persistence,1,Econometric,1,Benchmark,784,2022-11-25,2025-11-28,-0.6446768572891854,-0.6055293143062106,-0.039147542982974765,A_lower,-2.096352243140987,t(T-1),Bartlett,24,auto_floor_h-1,0.27339877663517964,0.036371329123443735,holm,benchmark|QLIKE|auto_floor_h-1,252,1.0,0.05,False,tested
benchmark,22day,^N225,QLIKE,EGARCH,Persistence,1,Econometric,1,Benchmark,784,2022-11-25,2025-11-28,-0.6368608411640557,-0.6055293143062106,-0.03133152685784508,A_lower,-1.1767949694834938,t(T-1),Bartlett,24,auto_floor_h-1,0.5557475737952755,0.2396349652392225,holm,benchmark|QLIKE|auto_floor_h-1,252,1.0,0.05,False,tested
benchmark,22day,^N225,QLIKE,GJRGARCH,Persistence,1,Econometric,1,Benchmark,784,2022-11-25,2025-11-28,-0.6490097087787087,-0.6055293143062106,-0.04348039447249809,A_lower,-2.1626955981557687,t(T-1),Bartlett,24,auto_floor_h-1,0.3168926900280006,0.030866675756193528,holm,benchmark|QLIKE|auto_floor_h-1,252,1.0,0.05,False,tested
benchmark,22day,^N225,QLIKE,LinearRegression,Persistence,1,Machine Learning,1,Benchmark,784,2022-11-25,2025-11-28,34082.6895750062,-0.6055293143062106,34083.29510432051,B_lower,1.0265472285497024,t(T-1),Bartlett,21,auto_floor_h-1,864253889448.665,0.3049507323225016,holm,benchmark|QLIKE|auto_floor_h-1,252,1.0,0.05,False,tested
benchmark,22day,^N225,QLIKE,RandomForest,Persistence,1,Machine Learning,1,Benchmark,784,2022-11-25,2025-11-28,-0.6288029142765813,-0.6055293143062106,-0.02327359997037071,A_lower,-1.07747374851261,t(T-1),Bartlett,23,auto_floor_h-1,0.365788289496349,0.2816005117144422,holm,benchmark|QLIKE|auto_floor_h-1,252,1.0,0.05,False,tested
benchmark,22day,^N225,QLIKE,XGBoost,Persistence,1,Machine Learning,1,Benchmark,784,2022-11-25,2025-11-28,-0.5618440992952122,-0.6055293143062106,0.04368521501099848,B_lower,1.9583057478236916,t(T-1),Bartlett,22,auto_floor_h-1,0.3901431809750179,0.05054883770677533,holm,benchmark|QLIKE|auto_floor_h-1,252,1.0,0.05,False,tested
benchmark,22day,^N225,QLIKE,LSTM,Persistence,2,Deep Learning,1,Benchmark,784,2022-11-25,2025-11-28,-0.6106323222372229,-0.6055293143062106,-0.0051030079310121455,A_lower,-0.33118309598476525,t(T-1),Bartlett,23,auto_floor_h-1,0.18613679247769938,0.7405947998231489,holm,benchmark|QLIKE|auto_floor_h-1,252,1.0,0.05,False,tested
benchmark,22day,^N225,QLIKE,GRU,Persistence,2,Deep Learning,1,Benchmark,784,2022-11-25,2025-11-28,-0.5861587000894671,-0.6055293143062106,0.019370614216743492,B_lower,0.780017715497056,t(T-1),Bartlett,24,auto_floor_h-1,0.4834971446767623,0.43561616504884104,holm,benchmark|QLIKE|auto_floor_h-1,252,1.0,0.05,False,tested
benchmark,22day,^N225,QLIKE,Transformer,Persistence,2,Deep Learning,1,Benchmark,784,2022-11-25,2025-11-28,-0.6127421036784768,-0.6055293143062106,-0.007212789372266145,A_lower,-0.4528595156966825,t(T-1),Bartlett,22,auto_floor_h-1,0.19888204061534057,0.6507753579256441,holm,benchmark|QLIKE|auto_floor_h-1,252,1.0,0.05,False,tested
benchmark,22day,^N225,QLIKE,GARCHLSTM,Persistence,3,Hybrid,1,Benchmark,784,2022-11-25,2025-11-28,-0.6082562301689971,-0.6055293143062106,-0.0027269158627865565,A_lower,-0.15049101441569257,t(T-1),Bartlett,23,auto_floor_h-1,0.2574176966258204,0.8804159979193722,holm,benchmark|QLIKE|auto_floor_h-1,252,1.0,0.05,False,tested
benchmark,22day,^N225,QLIKE,GARCHGRU,Persistence,3,Hybrid,1,Benchmark,784,2022-11-25,2025-11-28,-0.592443610025603,-0.6055293143062106,0.013085704280607574,B_lower,0.6273018100790243,t(T-1),Bartlett,23,auto_floor_h-1,0.34115927631621035,0.530644293556473,holm,benchmark|QLIKE|auto_floor_h-1,252,1.0,0.05,False,tested
benchmark,22day,^N225,QLIKE,GARCHTransformer,Persistence,3,Hybrid,1,Benchmark,784,2022-11-25,2025-11-28,-0.6060781216198576,-0.6055293143062106,-0.0005488073136469953,A_lower,-0.031893666211116695,t(T-1),Bartlett,22,auto_floor_h-1,0.23213838243174031,0.9745649775201447,holm,benchmark|QLIKE|auto_floor_h-1,252,1.0,0.05,False,tested
benchmark,22day,^N225,QLIKE,GARCH,Persistence,1,Econometric,1,Benchmark,784,2022-11-25,2025-11-28,-0.6446768572891854,-0.6055293143062106,-0.039147542982974765,A_lower,-2.1325982322563317,t(T-1),Bartlett,21,fixed_21,0.26418429238463514,0.03326818644374012,holm,benchmark|QLIKE|fixed_21,252,1.0,0.05,False,tested
benchmark,22day,^N225,QLIKE,EGARCH,Persistence,1,Econometric,1,Benchmark,784,2022-11-25,2025-11-28,-0.6368608411640557,-0.6055293143062106,-0.03133152685784508,A_lower,-1.2095575073647902,t(T-1),Bartlett,21,fixed_21,0.5260489270601971,0.22681379857414205,holm,benchmark|QLIKE|fixed_21,252,1.0,0.05,False,tested
benchmark,22day,^N225,QLIKE,GJRGARCH,Persistence,1,Econometric,1,Benchmark,784,2022-11-25,2025-11-28,-0.6490097087787087,-0.6055293143062106,-0.04348039447249809,A_lower,-2.2106652947345733,t(T-1),Bartlett,21,fixed_21,0.3032892569919451,0.027347386079016784,holm,benchmark|QLIKE|fixed_21,252,1.0,0.05,False,tested
benchmark,22day,^N225,QLIKE,LinearRegression,Persistence,1,Machine Learning,1,Benchmark,784,2022-11-25,2025-11-28,34082.6895750062,-0.6055293143062106,34083.29510432051,B_lower,1.0265472285497024,t(T-1),Bartlett,21,fixed_21,864253889448.665,0.3049507323225016,holm,benchmark|QLIKE|fixed_21,252,1.0,0.05,False,tested
benchmark,22day,^N225,QLIKE,RandomForest,Persistence,1,Machine Learning,1,Benchmark,784,2022-11-25,2025-11-28,-0.6288029142765813,-0.6055293143062106,-0.02327359997037071,A_lower,-1.0981440108808402,t(T-1),Bartlett,21,fixed_21,0.35214749119077504,0.27247917622949,holm,benchmark|QLIKE|fixed_21,252,1.0,0.05,False,tested
benchmark,22day,^N225,QLIKE,XGBoost,Persistence,1,Machine Learning,1,Benchmark,784,2022-11-25,2025-11-28,-0.5618440992952122,-0.6055293143062106,0.04368521501099848,B_lower,1.9571412962923642,t(T-1),Bartlett,21,fixed_21,0.3906075705159845,0.05068581123721553,holm,benchmark|QLIKE|fixed_21,252,1.0,0.05,False,tested
benchmark,22day,^N225,QLIKE,LSTM,Persistence,2,Deep Learning,1,Benchmark,784,2022-11-25,2025-11-28,-0.6106323222372229,-0.6055293143062106,-0.0051030079310121455,A_lower,-0.3257420414804001,t(T-1),Bartlett,21,fixed_21,0.19240702368377682,0.7447065638650711,holm,benchmark|QLIKE|fixed_21,252,1.0,0.05,False,tested
benchmark,22day,^N225,QLIKE,GRU,Persistence,2,Deep Learning,1,Benchmark,784,2022-11-25,2025-11-28,-0.5861587000894671,-0.6055293143062106,0.019370614216743492,B_lower,0.783899970578446,t(T-1),Bartlett,21,fixed_21,0.4787199760060739,0.4333358707780286,holm,benchmark|QLIKE|fixed_21,252,1.0,0.05,False,tested
benchmark,22day,^N225,QLIKE,Transformer,Persistence,2,Deep Learning,1,Benchmark,784,2022-11-25,2025-11-28,-0.6127421036784768,-0.6055293143062106,-0.007212789372266145,A_lower,-0.44754917015957923,t(T-1),Bartlett,21,fixed_21,0.2036296667484437,0.654602380326071,holm,benchmark|QLIKE|fixed_21,252,1.0,0.05,False,tested
benchmark,22day,^N225,QLIKE,GARCHLSTM,Persistence,3,Hybrid,1,Benchmark,784,2022-11-25,2025-11-28,-0.6082562301689971,-0.6055293143062106,-0.0027269158627865565,A_lower,-0.14839662338192341,t(T-1),Bartlett,21,fixed_21,0.2647350846342892,0.8820679723371038,holm,benchmark|QLIKE|fixed_21,252,1.0,0.05,False,tested
benchmark,22day,^N225,QLIKE,GARCHGRU,Persistence,3,Hybrid,1,Benchmark,784,2022-11-25,2025-11-28,-0.592443610025603,-0.6055293143062106,0.013085704280607574,B_lower,0.6290279093597099,t(T-1),Bartlett,21,fixed_21,0.3392895124642732,0.5295142506074375,holm,benchmark|QLIKE|fixed_21,252,1.0,0.05,False,tested
benchmark,22day,^N225,QLIKE,GARCHTransformer,Persistence,3,Hybrid,1,Benchmark,784,2022-11-25,2025-11-28,-0.6060781216198576,-0.6055293143062106,-0.0005488073136469953,A_lower,-0.03163472354280215,t(T-1),Bartlett,21,fixed_21,0.2359542239876514,0.9747714136184442,holm,benchmark|QLIKE|fixed_21,252,1.0,0.05,False,tested
benchmark,22day,^N225,SquaredError,GARCH,Persistence,1,Econometric,1,Benchmark,784,2022-11-25,2025-11-28,0.013519283787679666,0.019677839182334116,-0.0061585553946544485,A_lower,-1.9570560844188671,t(T-1),Bartlett,24,auto_floor_h-1,0.007763672798567531,0.05069584686469545,holm,benchmark|SquaredError|auto_floor_h-1,252,1.0,0.05,False,tested
benchmark,22day,^N225,SquaredError,EGARCH,Persistence,1,Econometric,1,Benchmark,784,2022-11-25,2025-11-28,0.012722848351144555,0.019677839182334116,-0.00695499083118956,A_lower,-1.5202956653457471,t(T-1),Bartlett,25,auto_floor_h-1,0.016407902692698685,0.1288403733147947,holm,benchmark|SquaredError|auto_floor_h-1,252,1.0,0.05,False,tested
benchmark,22day,^N225,SquaredError,GJRGARCH,Persistence,1,Econometric,1,Benchmark,784,2022-11-25,2025-11-28,0.013103435871334564,0.019677839182334116,-0.006574403310999551,A_lower,-1.9891766702372085,t(T-1),Bartlett,23,auto_floor_h-1,0.008564105997479433,0.0470292660574485,holm,benchmark|SquaredError|auto_floor_h-1,252,1.0,0.05,False,tested
benchmark,22day,^N225,SquaredError,LinearRegression,Persistence,1,Machine Learning,1,Benchmark,784,2022-11-25,2025-11-28,0.0145258278511235,0.019677839182334116,-0.0051520113312106125,A_lower,-1.2528539040577014,t(T-1),Bartlett,24,auto_floor_h-1,0.013257719324756657,0.2106329041785541,holm,benchmark|SquaredError|auto_floor_h-1,252,1.0,0.05,False,tested
benchmark,22day,^N225,SquaredError,RandomForest,Persistence,1,Machine Learning,1,Benchmark,784,2022-11-25,2025-11-28,0.01328315955210498,0.019677839182334116,-0.006394679630229134,A_lower,-1.3843001501792136,t(T-1),Bartlett,24,auto_floor_h-1,0.01672989108292671,0.16666095836899741,holm,benchmark|SquaredError|auto_floor_h-1,252,1.0,0.05,False,tested
benchmark,22day,^N225,SquaredError,XGBoost,Persistence,1,Machine Learning,1,Benchmark,784,2022-11-25,2025-11-28,0.01807412979096569,0.019677839182334116,-0.001603709391368427,A_lower,-0.3430219328709948,t(T-1),Bartlett,24,auto_floor_h-1,0.017136559295275453,0.7316740314697038,holm,benchmark|SquaredError|auto_floor_h-1,252,1.0,0.05,False,tested
benchmark,22day,^N225,SquaredError,LSTM,Persistence,2,Deep Learning,1,Benchmark,784,2022-11-25,2025-11-28,0.013289694084460775,0.019677839182334116,-0.006388145097873341,A_lower,-1.5078545556769323,t(T-1),Bartlett,24,auto_floor_h-1,0.014071704343316345,0.13199511042679732,holm,benchmark|SquaredError|auto_floor_h-1,252,1.0,0.05,False,tested
benchmark,22day,^N225,SquaredError,GRU,Persistence,2,Deep Learning,1,Benchmark,784,2022-11-25,2025-11-28,0.013930130800902656,0.019677839182334116,-0.005747708381431461,A_lower,-1.3388883232071687,t(T-1),Bartlett,24,auto_floor_h-1,0.014448301829320172,0.18099560192765876,holm,benchmark|SquaredError|auto_floor_h-1,252,1.0,0.05,False,tested
benchmark,22day,^N225,SquaredError,Transformer,Persistence,2,Deep Learning,1,Benchmark,784,2022-11-25,2025-11-28,0.013149452346437392,0.019677839182334116,-0.006528386835896723,A_lower,-1.5229147650382886,t(T-1),Bartlett,24,auto_floor_h-1,0.014407101932152173,0.12818377902085462,holm,benchmark|SquaredError|auto_floor_h-1,252,1.0,0.05,False,tested
benchmark,22day,^N225,SquaredError,GARCHLSTM,Persistence,3,Hybrid,1,Benchmark,784,2022-11-25,2025-11-28,0.013088928303764824,0.019677839182334116,-0.006588910878569291,A_lower,-1.5393646481522911,t(T-1),Bartlett,24,auto_floor_h-1,0.014363501100707273,0.12411930227165552,holm,benchmark|SquaredError|auto_floor_h-1,252,1.0,0.05,False,tested
benchmark,22day,^N225,SquaredError,GARCHGRU,Persistence,3,Hybrid,1,Benchmark,784,2022-11-25,2025-11-28,0.0141336947998339,0.019677839182334116,-0.0055441443825002155,A_lower,-1.3083175589624156,t(T-1),Bartlett,24,auto_floor_h-1,0.014078577829560696,0.19114953890388037,holm,benchmark|SquaredError|auto_floor_h-1,252,1.0,0.05,False,tested
benchmark,22day,^N225,SquaredError,GARCHTransformer,Persistence,3,Hybrid,1,Benchmark,784,2022-11-25,2025-11-28,0.013350252761989747,0.019677839182334116,-0.006327586420344369,A_lower,-1.4552196343529298,t(T-1),Bartlett,24,auto_floor_h-1,0.01482296700352219,0.14600924957057013,holm,benchmark|SquaredError|auto_floor_h-1,252,1.0,0.05,False,tested
benchmark,22day,^N225,SquaredError,GARCH,Persistence,1,Econometric,1,Benchmark,784,2022-11-25,2025-11-28,0.013519283787679666,0.019677839182334116,-0.0061585553946544485,A_lower,-1.9940184786047261,t(T-1),Bartlett,21,fixed_21,0.007478515700575155,0.04649644521609259,holm,benchmark|SquaredError|fixed_21,252,1.0,0.05,False,tested
benchmark,22day,^N225,SquaredError,EGARCH,Persistence,1,Econometric,1,Benchmark,784,2022-11-25,2025-11-28,0.012722848351144555,0.019677839182334116,-0.00695499083118956,A_lower,-1.5880435243071072,t(T-1),Bartlett,21,fixed_21,0.015037802750033719,0.11268019560852184,holm,benchmark|SquaredError|fixed_21,252,1.0,0.05,False,tested
benchmark,22day,^N225,SquaredError,GJRGARCH,Persistence,1,Econometric,1,Benchmark,784,2022-11-25,2025-11-28,0.013103435871334564,0.019677839182334116,-0.006574403310999551,A_lower,-2.015923681499185,t(T-1),Bartlett,21,fixed_21,0.008338358718955604,0.044149063389699886,holm,benchmark|SquaredError|fixed_21,252,1.0,0.05,False,tested
benchmark,22day,^N225,SquaredError,LinearRegression,Persistence,1,Machine Learning,1,Benchmark,784,2022-11-25,2025-11-28,0.0145258278511235,0.019677839182334116,-0.0051520113312106125,A_lower,-1.2544880744890052,t(T-1),Bartlett,21,fixed_21,0.013223201241964692,0.21003899907737333,holm,benchmark|SquaredError|fixed_21,252,1.0,0.05,False,tested
benchmark,22day,^N225,SquaredError,RandomForest,Persistence,1,Machine Learning,1,Benchmark,784,2022-11-25,2025-11-28,0.01328315955210498,0.019677839182334116,-0.006394679630229134,A_lower,-1.428294481581452,t(T-1),Bartlett,21,fixed_21,0.015715135469178645,0.15360586410628552,holm,benchmark|SquaredError|fixed_21,252,1.0,0.05,False,tested
benchmark,22day,^N225,SquaredError,XGBoost,Persistence,1,Machine Learning,1,Benchmark,784,2022-11-25,2025-11-28,0.01807412979096569,0.019677839182334116,-0.001603709391368427,A_lower,-0.35068813161293244,t(T-1),Bartlett,21,fixed_21,0.01639552286182122,0.7259166561702395,holm,benchmark|SquaredError|fixed_21,252,1.0,0.05,False,tested
benchmark,22day,^N225,SquaredError,LSTM,Persistence,2,Deep Learning,1,Benchmark,784,2022-11-25,2025-11-28,0.013289694084460775,0.019677839182334116,-0.006388145097873341,A_lower,-1.5164402958416472,t(T-1),Bartlett,21,fixed_21,0.013912813840150945,0.12981165382368554,holm,benchmark|SquaredError|fixed_21,252,1.0,0.05,False,tested
benchmark,22day,^N225,SquaredError,GRU,Persistence,2,Deep Learning,1,Benchmark,784,2022-11-25,2025-11-28,0.013930130800902656,0.019677839182334116,-0.005747708381431461,A_lower,-1.3399403859505359,t(T-1),Bartlett,21,fixed_21,0.014425622383538533,0.18065344694875468,holm,benchmark|SquaredError|fixed_21,252,1.0,0.05,False,tested
benchmark,22day,^N225,SquaredError,Transformer,Persistence,2,Deep Learning,1,Benchmark,784,2022-11-25,2025-11-28,0.013149452346437392,0.019677839182334116,-0.006528386835896723,A_lower,-1.534583832385304,t(T-1),Bartlett,21,fixed_21,0.014188830044182517,0.12529003392312069,holm,benchmark|SquaredError|fixed_21,252,1.0,0.05,False,tested
benchmark,22day,^N225,SquaredError,GARCHLSTM,Persistence,3,Hybrid,1,Benchmark,784,2022-11-25,2025-11-28,0.013088928303764824,0.019677839182334116,-0.006588910878569291,A_lower,-1.5435521248312605,t(T-1),Bartlett,21,fixed_21,0.014285673809664036,0.12310090947005595,holm,benchmark|SquaredError|fixed_21,252,1.0,0.05,False,tested
benchmark,22day,^N225,SquaredError,GARCHGRU,Persistence,3,Hybrid,1,Benchmark,784,2022-11-25,2025-11-28,0.0141336947998339,0.019677839182334116,-0.0055441443825002155,A_lower,-1.312278589254235,t(T-1),Bartlett,21,fixed_21,0.013993715497556014,0.1898107062163824,holm,benchmark|SquaredError|fixed_21,252,1.0,0.05,False,tested
benchmark,22day,^N225,SquaredError,GARCHTransformer,Persistence,3,Hybrid,1,Benchmark,784,2022-11-25,2025-11-28,0.013350252761989747,0.019677839182334116,-0.006327586420344369,A_lower,-1.463933752883011,t(T-1),Bartlett,21,fixed_21,0.014647023728299704,0.1436133870353262,holm,benchmark|SquaredError|fixed_21,252,1.0,0.05,False,tested
benchmark,22day,^HSI,QLIKE,GARCH,Persistence,1,Econometric,1,Benchmark,784,2022-11-25,2025-11-28,-0.5007913379679974,-0.4758444807902698,-0.024946857177727596,A_lower,-2.2288625498202173,t(T-1),Bartlett,24,auto_floor_h-1,0.09821575734576571,0.026106133734659618,holm,benchmark|QLIKE|auto_floor_h-1,252,1.0,0.05,False,tested
benchmark,22day,^HSI,QLIKE,EGARCH,Persistence,1,Econometric,1,Benchmark,784,2022-11-25,2025-11-28,-0.4987473498726023,-0.4758444807902698,-0.02290286908233251,A_lower,-1.8635995185140635,t(T-1),Bartlett,24,auto_floor_h-1,0.11841062261706109,0.06275209670032598,holm,benchmark|QLIKE|auto_floor_h-1,252,1.0,0.05,False,tested
benchmark,22day,^HSI,QLIKE,GJRGARCH,Persistence,1,Econometric,1,Benchmark,784,2022-11-25,2025-11-28,-0.49584685069464524,-0.4758444807902698,-0.02000236990437544,A_lower,-1.9359594921944432,t(T-1),Bartlett,24,auto_floor_h-1,0.083692480479861,0.053232286176236196,holm,benchmark|QLIKE|auto_floor_h-1,252,1.0,0.05,False,tested
benchmark,22day,^HSI,QLIKE,LinearRegression,Persistence,1,Machine Learning,1,Benchmark,784,2022-11-25,2025-11-28,22720.0607833517,-0.4758444807902698,22720.536627832487,B_lower,1.014478657654541,t(T-1),Bartlett,21,auto_floor_h-1,393248796431.7689,0.3106677787996995,holm,benchmark|QLIKE|auto_floor_h-1,252,1.0,0.05,False,tested
benchmark,22day,^HSI,QLIKE,RandomForest,Persistence,1,Machine Learning,1,Benchmark,784,2022-11-25,2025-11-28,-0.44915736592567795,-0.4758444807902698,0.026687114864591837,B_lower,2.421517780829368,t(T-1),Bartlett,23,auto_floor_h-1,0.09522346657564332,0.015682092068223734,holm,benchmark|QLIKE|auto_floor_h-1,252,1.0,0.05,False,tested
benchmark,22day,^HSI,QLIKE,XGBoost,Persistence,1,Machine Learning,1,Benchmark,784,2022-11-25,2025-11-28,-0.4546445890560976,-0.4758444807902698,0.021199891734172218,B_lower,2.1822589935752075,t(T-1),Bartlett,22,auto_floor_h-1,0.07398961453340577,0.02938694734999139,holm,benchmark|QLIKE|auto_floor_h-1,252,1.0,0.05,False,tested
benchmark,22day,^HSI,QLIKE,LSTM,Persistence,2,Deep Learning,1,Benchmark,784,2022-11-25,2025-11-28,-0.4226085060127346,-0.4758444807902698,0.05323597477753523,B_lower,2.131204177704755,t(T-1),Bartlett,24,auto_floor_h-1,0.4891886434463535,0.0333831984077365,holm,benchmark|QLIKE|auto_floor_h-1,252,1.0,0.05,False,tested
benchmark,22day,^HSI,QLIKE,GRU,Persistence,2,Deep Learning,1,Benchmark,784,2022-11-25,2025-11-28,-0.4091417350330561,-0.4758444807902698,0.06670274575721367,B_lower,1.4044297510072004,t(T-1),Bartlett,25,auto_floor_h-1,1.768493403445461,0.16058745943192934,holm,benchmark|QLIKE|auto_floor_h-1,252,1.0,0.05,False,tested
benchmark,22day,^HSI,QLIKE,Transformer,Persistence,2,Deep Learning,1,Benchmark,784,2022-11-25,2025-11-28,-0.47030708362283175,-0.4758444807902698,0.00553739716743807,B_lower,0.2655352646717066,t(T-1),Bartlett,24,auto_floor_h-1,0.34094395820368284,0.7906670423786019,holm,benchmark|QLIKE|auto_floor_h-1,252,1.0,0.05,False,tested
benchmark,22day,^HSI,QLIKE,GARCHLSTM,Persistence,3,Hybrid,1,Benchmark,784,2022-11-25,2025-11-28,-0.4781238390414004,-0.4758444807902698,-0.0022793582511306,A_lower,-0.17092692418186684,t(T-1),Bartlett,23,auto_floor_h-1,0.13941846164314214,0.8643253848628496,holm,benchmark|QLIKE|auto_floor_h-1,252,1.0,0.05,False,tested
benchmark,22day,^HSI,QLIKE,GARCHGRU,Persistence,3,Hybrid,1,Benchmark,784,2022-11-25,2025-11-28,-0.4057814792650173,-0.4758444807902698,0.07006300152525242,B_lower,1.3798675949628476,t(T-1),Bartlett,25,auto_floor_h-1,2.0212438368683214,0.16802129638412058,holm,benchmark|QLIKE|auto_floor_h-1,252,1.0,0.05,False,tested
benchmark,22day,^HSI,QLIKE,GARCHTransformer,Persistence,3,Hybrid,1,Benchmark,784,2022-11-25,2025-11-28,-0.43855004010376847,-0.4758444807902698,0.03729444068650129,B_lower,1.550262800953266,t(T-1),Bartlett,24,auto_floor_h-1,0.4537259379284311,0.12148252380212732,holm,benchmark|QLIKE|auto_floor_h-1,252,1.0,0.05,False,tested
benchmark,22day,^HSI,QLIKE,GARCH,Persistence,1,Econometric,1,Benchmark,784,2022-11-25,2025-11-28,-0.5007913379679974,-0.4758444807902698,-0.024946857177727596,A_lower,-2.2635674100749763,t(T-1),Bartlett,21,fixed_21,0.0952271702308353,0.023873657848776243,holm,benchmark|QLIKE|fixed_21,252,1.0,0.05,False,tested
benchmark,22day,^HSI,QLIKE,EGARCH,Persistence,1,Econometric,1,Benchmark,784,2022-11-25,2025-11-28,-0.4987473498726023,-0.4758444807902698,-0.02290286908233251,A_lower,-1.8997503739888386,t(T-1),Bartlett,21,fixed_21,0.11394696613506083,0.05783306230263255,holm,benchmark|QLIKE|fixed_21,252,1.0,0.05,False,tested
benchmark,22day,^HSI,QLIKE,GJRGARCH,Persistence,1,Econometric,1,Benchmark,784,2022-11-25,2025-11-28,-0.49584685069464524,-0.4758444807902698,-0.02000236990437544,A_lower,-1.9535451519952507,t(T-1),Bartlett,21,fixed_21,0.08219247621274728,0.05111079097930888,holm,benchmark|QLIKE|fixed_21,252,1.0,0.05,False,tested
benchmark,22day,^HSI,QLIKE,LinearRegression,Persistence,1,Machine Learning,1,Benchmark,784,2022-11-25,2025-11-28,22720.0607833517,-0.4758444807902698,22720.536627832487,B_lower,1.014478657654541,t(T-1),Bartlett,21,fixed_21,393248796431.7689,0.3106677787996995,holm,benchmark|QLIKE|fixed_21,252,1.0,0.05,False,tested
benchmark,22day,^HSI,QLIKE,RandomForest,Persistence,1,Machine Learning,1,Benchmark,784,2022-11-25,2025-11-28,-0.44915736592567795,-0.4758444807902698,0.026687114864591837,B_lower,2.435242970764348,t(T-1),Bartlett,21,fixed_21,0.09415311990072328,0.015104021469587782,holm,benchmark|QLIKE|fixed_21,252,1.0,0.05,False,tested
benchmark,22day,^HSI,QLIKE,XGBoost,Persistence,1,Machine Learning,1,Benchmark,784,2022-11-25,2025-11-28,-0.4546445890560976,-0.4758444807902698,0.021199891734172218,B_lower,2.1919181725761288,t(T-1),Bartlett,21,fixed_21,0.07333894769427345,0.02867917661430133,holm,benchmark|QLIKE|fixed_21,252,1.0,0.05,False,tested
benchmark,22day,^HSI,QLIKE,LSTM,Persistence,2,Deep Learning,1,Benchmark,784,2022-11-25,2025-11-28,-0.4226085060127346,-0.4758444807902698,0.05323597477753523,B_lower,2.156777460516074,t(T-1),Bartlett,21,fixed_21,0.4776566312720468,0.031326751140833865,holm,benchmark|QLIKE|fixed_21,252,1.0,0.05,False,tested
benchmark,22day,^HSI,QLIKE,GRU,Persistence,2,Deep Learning,1,Benchmark,784,2022-11-25,2025-11-28,-0.4091417350330561,-0.4758444807902698,0.06670274575721367,B_lower,1.4649270452577037,t(T-1),Bartlett,21,fixed_21,1.625442054856492,0.14334222014933878,holm,benchmark|QLIKE|fixed_21,252,1.0,0.05,False,tested
benchmark,22day,^HSI,QLIKE,Transformer,Persistence,2,Deep Learning,1,Benchmark,784,2022-11-25,2025-11-28,-0.47030708362283175,-0.4758444807902698,0.00553739716743807,B_lower,0.2689859131630027,t(T-1),Bartlett,21,fixed_21,0.33225256168876693,0.7880113829630525,holm,benchmark|QLIKE|fixed_21,252,1.0,0.05,False,tested
benchmark,22day,^HSI,QLIKE,GARCHLSTM,Persistence,3,Hybrid,1,Benchmark,784,2022-11-25,2025-11-28,-0.4781238390414004,-0.4758444807902698,-0.0022793582511306,A_lower,-0.1700242241759041,t(T-1),Bartlett,21,fixed_21,0.1409028047007438,0.8650350053910228,holm,benchmark|QLIKE|fixed_21,252,1.0,0.05,False,tested
benchmark,22day,^HSI,QLIKE,GARCHGRU,Persistence,3,Hybrid,1,Benchmark,784,2022-11-25,2025-11-28,-0.4057814792650173,-0.4758444807902698,0.07006300152525242,B_lower,1.4347060249136072,t(T-1),Bartlett,21,fixed_21,1.869681780322436,0.1517701634348735,holm,benchmark|QLIKE|fixed_21,252,1.0,0.05,False,tested
benchmark,22day,^HSI,QLIKE,GARCHTransformer,Persistence,3,Hybrid,1,Benchmark,784,2022-11-25,2025-11-28,-0.43855004010376847,-0.4758444807902698,0.03729444068650129,B_lower,1.5691376317460886,t(T-1),Bartlett,21,fixed_21,0.44287603815969745,0.11701987664044677,holm,benchmark|QLIKE|fixed_21,252,1.0,0.05,False,tested
benchmark,22day,^HSI,SquaredError,GARCH,Persistence,1,Econometric,1,Benchmark,784,2022-11-25,2025-11-28,0.008291867400523494,0.012682809211018048,-0.004390941810494554,A_lower,-2.100394436151706,t(T-1),Bartlett,24,auto_floor_h-1,0.003426334095141396,0.0360134439188797,holm,benchmark|SquaredError|auto_floor_h-1,252,1.0,0.05,False,tested
benchmark,22day,^HSI,SquaredError,EGARCH,Persistence,1,Econometric,1,Benchmark,784,2022-11-25,2025-11-28,0.0078031069833568115,0.012682809211018048,-0.004879702227661237,A_lower,-1.8514803083806108,t(T-1),Bartlett,25,auto_floor_h-1,0.005445835389731679,0.06447680940094595,holm,benchmark|SquaredError|auto_floor_h-1,252,1.0,0.05,False,tested
benchmark,22day,^HSI,SquaredError,GJRGARCH,Persistence,1,Econometric,1,Benchmark,784,2022-11-25,2025-11-28,0.009764286694710583,0.012682809211018048,-0.0029185225163074666,A_lower,-1.5389642053158938,t(T-1),Bartlett,22,auto_floor_h-1,0.0028195845469575734,0.12421703384166678,holm,benchmark|SquaredError|auto_floor_h-1,252,1.0,0.05,False,tested
benchmark,22day,^HSI,SquaredError,LinearRegression,Persistence,1,Machine Learning,1,Benchmark,784,2022-11-25,2025-11-28,0.012767643719729792,0.012682809211018048,8.483450871174384e-05,B_lower,0.026476772994062522,t(T-1),Bartlett,24,auto_floor_h-1,0.008048798538363723,0.9788838058746018,holm,benchmark|SquaredError|auto_floor_h-1,252,1.0,0.05,False,tested
benchmark,22day,^HSI,SquaredError,RandomForest,Persistence,1,Machine Learning,1,Benchmark,784,2022-11-25,2025-11-28,0.013723451948076264,0.012682809211018048,0.0010406427370582166,B_lower,0.35917189670875904,t(T-1),Bartlett,24,auto_floor_h-1,0.006581345363954183,0.7195633326829797,holm,benchmark|SquaredError|auto_floor_h-1,252,1.0,0.05,False,tested
benchmark,22day,^HSI,SquaredError,XGBoost,Persistence,1,Machine Learning,1,Benchmark,784,2022-11-25,2025-11-28,0.012680745727287442,0.012682809211018048,-2.0634837306068685e-06,A_lower,-0.0007828272681077155,t(T-1),Bartlett,23,auto_floor_h-1,0.005447362425965479,0.999375593668106,holm,benchmark|SquaredError|auto_floor_h-1,252,1.0,0.05,False,tested
benchmark,22day,^HSI,SquaredError,LSTM,Persistence,2,Deep Learning,1,Benchmark,784,2022-11-25,2025-11-28,0.011249662340598255,0.012682809211018048,-0.0014331468704197928,A_lower,-0.4611423825309878,t(T-1),Bartlett,24,auto_floor_h-1,0.007572292542764753,0.6448245208868317,holm,benchmark|SquaredError|auto_floor_h-1,252,1.0,0.05,False,tested
benchmark,22day,^HSI,SquaredError,GRU,Persistence,2,Deep Learning,1,Benchmark,784,2022-11-25,2025-11-28,0.01074767630466117,0.012682809211018048,-0.0019351329063568806,A_lower,-0.5884622734184813,t(T-1),Bartlett,24,auto_floor_h-1,0.008478136572779908,0.5563917509539346,holm,benchmark|SquaredError|auto_floor_h-1,252,1.0,0.05,False,tested
benchmark,22day,^HSI,SquaredError,Transformer,Persistence,2,Deep Learning,1,Benchmark,784,2022-11-25,2025-11-28,0.008684439814425668,0.012682809211018048,-0.00399836939659238,A_lower,-1.230614208866612,t(T-1),Bartlett,24,auto_floor_h-1,0.008276334627772625,0.21883674191030725,holm,benchmark|SquaredError|auto_floor_h-1,252,1.0,0.05,False,tested
benchmark,22day,^HSI,SquaredError,GARCHLSTM,Persistence,3,Hybrid,1,Benchmark,784,2022-11-25,2025-11-28,0.00835742872577025,0.012682809211018048,-0.0043253804852478,A_lower,-1.4894039937067165,t(T-1),Bartlett,24,auto_floor_h-1,0.006612103875021102,0.1367836827648865,holm,benchmark|SquaredError|auto_floor_h-1,252,1.0,0.05,False,tested
benchmark,22day,^HSI,SquaredError,GARCHGRU,Persistence,3,Hybrid,1,Benchmark,784,2022-11-25,2025-11-28,0.010871932534017,0.012682809211018048,-0.0018108766770010497,A_lower,-0.6019771090823003,t(T-1),Bartlett,24,auto_floor_h-1,0.007094697113907151,0.5473636403326573,holm,benchmark|SquaredError|auto_floor_h-1,252,1.0,0.05,False,tested
benchmark,22day,^HSI,SquaredError,GARCHTransformer,Persistence,3,Hybrid,1,Benchmark,784,2022-11-25,2025-11-28,0.01030670736441536,0.012682809211018048,-0.0023761018466026875,A_lower,-0.700175730866543,t(T-1),Bartlett,24,auto_floor_h-1,0.009028842132654674,0.4840255463487011,holm,benchmark|SquaredError|auto_floor_h-1,252,1.0,0.05,False,tested
benchmark,22day,^HSI,SquaredError,GARCH,Persistence,1,Econometric,1,Benchmark,784,2022-11-25,2025-11-28,0.008291867400523494,0.012682809211018048,-0.004390941810494554,A_lower,-2.1147441072857083,t(T-1),Bartlett,21,fixed_21,0.00337999283250863,0.03476715663675652,holm,benchmark|SquaredError|fixed_21,252,1.0,0.05,False,tested
benchmark,22day,^HSI,SquaredError,EGARCH,Persistence,1,Econometric,1,Benchmark,784,2022-11-25,2025-11-28,0.0078031069833568115,0.012682809211018048,-0.004879702227661237,A_lower,-1.899672410422926,t(T-1),Bartlett,21,fixed_21,0.005173033298859774,0.057843314845292315,holm,benchmark|SquaredError|fixed_21,252,1.0,0.05,False,tested
benchmark,22day,^HSI,SquaredError,GJRGARCH,Persistence,1,Econometric,1,Benchmark,784,2022-11-25,2025-11-28,0.009764286694710583,0.012682809211018048,-0.0029185225163074666,A_lower,-1.534967969365085,t(T-1),Bartlett,21,fixed_21,0.0028342850396377555,0.12519564854644458,holm,benchmark|SquaredError|fixed_21,252,1.0,0.05,False,tested
benchmark,22day,^HSI,SquaredError,LinearRegression,Persistence,1,Machine Learning,1,Benchmark,784,2022-11-25,2025-11-28,0.012767643719729792,0.012682809211018048,8.483450871174384e-05,B_lower,0.026553226729224912,t(T-1),Bartlett,21,fixed_21,0.008002516041302938,0.9788228455534397,holm,benchmark|SquaredError|fixed_21,252,1.0,0.05,False,tested
benchmark,22day,^HSI,SquaredError,RandomForest,Persistence,1,Machine Learning,1,Benchmark,784,2022-11-25,2025-11-28,0.013723451948076264,0.012682809211018048,0.0010406427370582166,B_lower,0.3634604630766078,t(T-1),Bartlett,21,fixed_21,0.006426951558633079,0.7163590489368413,holm,benchmark|SquaredError|fixed_21,252,1.0,0.05,False,tested
benchmark,22day,^HSI,SquaredError,XGBoost,Persistence,1,Machine Learning,1,Benchmark,784,2022-11-25,2025-11-28,0.012680745727287442,0.012682809211018048,-2.0634837306068685e-06,A_lower,-0.0007911437009463708,t(T-1),Bartlett,21,fixed_21,0.005333439973910699,0.9993689602350925,holm,benchmark|SquaredError|fixed_21,252,1.0,0.05,False,tested
benchmark,22day,^HSI,SquaredError,LSTM,Persistence,2,Deep Learning,1,Benchmark,784,2022-11-25,2025-11-28,0.011249662340598255,0.012682809211018048,-0.0014331468704197928,A_lower,-0.46105026039255237,t(T-1),Bartlett,21,fixed_21,0.007575318874307761,0.6448905818780096,holm,benchmark|SquaredError|fixed_21,252,1.0,0.05,False,tested
benchmark,22day,^HSI,SquaredError,GRU,Persistence,2,Deep Learning,1,Benchmark,784,2022-11-25,2025-11-28,0.01074767630466117,0.012682809211018048,-0.0019351329063568806,A_lower,-0.5893758591858161,t(T-1),Bartlett,21,fixed_21,0.008451873190355922,0.5557791763494436,holm,benchmark|SquaredError|fixed_21,252,1.0,0.05,False,tested
benchmark,22day,^HSI,SquaredError,Transformer,Persistence,2,Deep Learning,1,Benchmark,784,2022-11-25,2025-11-28,0.008684439814425668,0.012682809211018048,-0.00399836939659238,A_lower,-1.2382806082231872,t(T-1),Bartlett,21,fixed_21,0.00817417156019116,0.21598315767340157,holm,benchmark|SquaredError|fixed_21,252,1.0,0.05,False,tested
benchmark,22day,^HSI,SquaredError,GARCHLSTM,Persistence,3,Hybrid,1,Benchmark,784,2022-11-25,2025-11-28,0.00835742872577025,0.012682809211018048,-0.0043253804852478,A_lower,-1.492907592267663,t(T-1),Bartlett,21,fixed_21,0.006581105340030672,0.1358641912613923,holm,benchmark|SquaredError|fixed_21,252,1.0,0.05,False,tested
benchmark,22day,^HSI,SquaredError,GARCHGRU,Persistence,3,Hybrid,1,Benchmark,784,2022-11-25,2025-11-28,0.010871932534017,0.012682809211018048,-0.0018108766770010497,A_lower,-0.604850341222338,t(T-1),Bartlett,21,fixed_21,0.007027453058832697,0.5454536799090035,holm,benchmark|SquaredError|fixed_21,252,1.0,0.05,False,tested
benchmark,22day,^HSI,SquaredError,GARCHTransformer,Persistence,3,Hybrid,1,Benchmark,784,2022-11-25,2025-11-28,0.01030670736441536,0.012682809211018048,-0.0023761018466026875,A_lower,-0.7024645014514477,t(T-1),Bartlett,21,fixed_21,0.008970102415649456,0.4825983065956478,holm,benchmark|SquaredError|fixed_21,252,1.0,0.05,False,tested
benchmark,22day,000001.SS,QLIKE,GARCH,Persistence,1,Econometric,1,Benchmark,784,2022-11-25,2025-11-28,-0.9508055084524631,-0.9610712127004877,0.010265704248024445,B_lower,0.23505956053200588,t(T-1),Bartlett,24,auto_floor_h-1,1.4953323171001554,0.8142239639493557,holm,benchmark|QLIKE|auto_floor_h-1,252,1.0,0.05,False,tested
benchmark,22day,000001.SS,QLIKE,EGARCH,Persistence,1,Econometric,1,Benchmark,784,2022-11-25,2025-11-28,-0.9862882040142334,-0.9610712127004877,-0.025216991313745826,A_lower,-0.7614892803464154,t(T-1),Bartlett,24,auto_floor_h-1,0.8597555979999509,0.446594163234759,holm,benchmark|QLIKE|auto_floor_h-1,252,1.0,0.05,False,tested
benchmark,22day,000001.SS,QLIKE,GJRGARCH,Persistence,1,Econometric,1,Benchmark,784,2022-11-25,2025-11-28,-0.9433716383228515,-0.9610712127004877,0.017699574377635998,B_lower,0.39622001707596627,t(T-1),Bartlett,24,auto_floor_h-1,1.564475923462266,0.6920506738890734,holm,benchmark|QLIKE|auto_floor_h-1,252,1.0,0.05,False,tested
benchmark,22day,000001.SS,QLIKE,LinearRegression,Persistence,1,Machine Learning,1,Benchmark,784,2022-11-25,2025-11-28,-0.9716375501548375,-0.9610712127004877,-0.010566337454350004,A_lower,-0.8698063659702991,t(T-1),Bartlett,21,auto_floor_h-1,0.11569640167719467,0.38467279143870975,holm,benchmark|QLIKE|auto_floor_h-1,252,1.0,0.05,False,tested
benchmark,22day,000001.SS,QLIKE,RandomForest,Persistence,1,Machine Learning,1,Benchmark,784,2022-11-25,2025-11-28,-0.9685457510079957,-0.9610712127004877,-0.007474538307508146,A_lower,-0.22087498192756105,t(T-1),Bartlett,24,auto_floor_h-1,0.8978251210861333,0.8252473597679726,holm,benchmark|QLIKE|auto_floor_h-1,252,1.0,0.05,False,tested
benchmark,22day,000001.SS,QLIKE,XGBoost,Persistence,1,Machine Learning,1,Benchmark,784,2022-11-25,2025-11-28,-0.978549161435409,-0.9610712127004877,-0.01747794873492148,A_lower,-0.5296308615738117,t(T-1),Bartlett,23,auto_floor_h-1,0.8537887304190793,0.5965180248814741,holm,benchmark|QLIKE|auto_floor_h-1,252,1.0,0.05,False,tested
benchmark,22day,000001.SS,QLIKE,LSTM,Persistence,2,Deep Learning,1,Benchmark,784,2022-11-25,2025-11-28,-1.0037948318793801,-0.9610712127004877,-0.042723619178892426,A_lower,-1.7191669860758025,t(T-1),Bartlett,23,auto_floor_h-1,0.48419021443098786,0.08597919705113001,holm,benchmark|QLIKE|auto_floor_h-1,252,1.0,0.05,False,tested
benchmark,22day,000001.SS,QLIKE,GRU,Persistence,2,Deep Learning,1,Benchmark,784,2022-11-25,2025-11-28,-0.9581840421053185,-0.9610712127004877,0.0028871705951693583,B_lower,0.12610275464102777,t(T-1),Bartlett,22,auto_floor_h-1,0.41097159639177,0.8996829591304855,holm,benchmark|QLIKE|auto_floor_h-1,252,1.0,0.05,False,tested
benchmark,22day,000001.SS,QLIKE,Transformer,Persistence,2,Deep Learning,1,Benchmark,784,2022-11-25,2025-11-28,-0.9982764693276887,-0.9610712127004877,-0.037205256627201075,A_lower,-0.9569156836869519,t(T-1),Bartlett,24,auto_floor_h-1,1.1851609306312052,0.3389051685554696,holm,benchmark|QLIKE|auto_floor_h-1,252,1.0,0.05,False,tested
benchmark,22day,000001.SS,QLIKE,GARCHLSTM,Persistence,3,Hybrid,1,Benchmark,784,2022-11-25,2025-11-28,-0.9982558007324908,-0.9610712127004877,-0.03718458803200326,A_lower,-1.1304178874633841,t(T-1),Bartlett,23,auto_floor_h-1,0.8483283272801534,0.2586463214987594,holm,benchmark|QLIKE|auto_floor_h-1,252,1.0,0.05,False,tested
benchmark,22day,000001.SS,QLIKE,GARCHGRU,Persistence,3,Hybrid,1,Benchmark,784,2022-11-25,2025-11-28,-0.96658525578436,-0.9610712127004877,-0.00551404308387238,A_lower,-0.1906113579606184,t(T-1),Bartlett,24,auto_floor_h-1,0.656083056567794,0.8488794999162511,holm,benchmark|QLIKE|auto_floor_h-1,252,1.0,0.05,False,tested
benchmark,22day,000001.SS,QLIKE,GARCHTransformer,Persistence,3,Hybrid,1,Benchmark,784,2022-11-25,2025-11-28,-0.9999739566756896,-0.9610712127004877,-0.03890274397520204,A_lower,-1.0306884921695418,t(T-1),Bartlett,24,auto_floor_h-1,1.1169189993462922,0.30300518187428055,holm,benchmark|QLIKE|auto_floor_h-1,252,1.0,0.05,False,tested
benchmark,22day,000001.SS,QLIKE,GARCH,Persistence,1,Econometric,1,Benchmark,784,2022-11-25,2025-11-28,-0.9508055084524631,-0.9610712127004877,0.010265704248024445,B_lower,0.24030142075291774,t(T-1),Bartlett,21,fixed_21,1.4308064262448903,0.8101594927064,holm,benchmark|QLIKE|fixed_21,252,1.0,0.05,False,tested
benchmark,22day,000001.SS,QLIKE,EGARCH,Persistence,1,Econometric,1,Benchmark,784,2022-11-25,2025-11-28,-0.9862882040142334,-0.9610712127004877,-0.025216991313745826,A_lower,-0.7768153984141675,t(T-1),Bartlett,21,fixed_21,0.8261652975399953,0.4375022968184218,holm,benchmark|QLIKE|fixed_21,252,1.0,0.05,False,tested
benchmark,22day,000001.SS,QLIKE,GJRGARCH,Persistence,1,Econometric,1,Benchmark,784,2022-11-25,2025-11-28,-0.9433716383228515,-0.9610712127004877,0.017699574377635998,B_lower,0.4051277085013181,t(T-1),Bartlett,21,fixed_21,1.4964348492430086,0.6854943002884706,holm,benchmark|QLIKE|fixed_21,252,1.0,0.05,False,tested
benchmark,22day,000001.SS,QLIKE,LinearRegression,Persistence,1,Machine Learning,1,Benchmark,784,2022-11-25,2025-11-28,-0.9716375501548375,-0.9610712127004877,-0.010566337454350004,A_lower,-0.8698063659702991,t(T-1),Bartlett,21,fixed_21,0.11569640167719467,0.38467279143870975,holm,benchmark|QLIKE|fixed_21,252,1.0,0.05,False,tested
benchmark,22day,000001.SS,QLIKE,RandomForest,Persistence,1,Machine Learning,1,Benchmark,784,2022-11-25,2025-11-28,-0.9685457510079957,-0.9610712127004877,-0.007474538307508146,A_lower,-0.2247567627426514,t(T-1),Bartlett,21,fixed_21,0.8670802025912397,0.8222271435773592,holm,benchmark|QLIKE|fixed_21,252,1.0,0.05,False,tested
benchmark,22day,000001.SS,QLIKE,XGBoost,Persistence,1,Machine Learning,1,Benchmark,784,2022-11-25,2025-11-28,-0.978549161435409,-0.9610712127004877,-0.01747794873492148,A_lower,-0.536560030074891,t(T-1),Bartlett,21,fixed_21,0.8318793612482808,0.5917239693827623,holm,benchmark|QLIKE|fixed_21,252,1.0,0.05,False,tested
benchmark,22day,000001.SS,QLIKE,LSTM,Persistence,2,Deep Learning,1,Benchmark,784,2022-11-25,2025-11-28,-1.0037948318793801,-0.9610712127004877,-0.042723619178892426,A_lower,-1.725896637956903,t(T-1),Bartlett,21,fixed_21,0.4804216470163448,0.08476051344893751,holm,benchmark|QLIKE|fixed_21,252,1.0,0.05,False,tested
benchmark,22day,000001.SS,QLIKE,GRU,Persistence,2,Deep Learning,1,Benchmark,784,2022-11-25,2025-11-28,-0.9581840421053185,-0.9610712127004877,0.0028871705951693583,B_lower,0.12762154609493032,t(T-1),Bartlett,21,fixed_21,0.4012480651692228,0.8984812473867257,holm,benchmark|QLIKE|fixed_21,252,1.0,0.05,False,tested
benchmark,22day,000001.SS,QLIKE,Transformer,Persistence,2,Deep Learning,1,Benchmark,784,2022-11-25,2025-11-28,-0.9982764693276887,-0.9610712127004877,-0.037205256627201075,A_lower,-0.9743892158800704,t(T-1),Bartlett,21,fixed_21,1.1430355405374455,0.33016424545013284,holm,benchmark|QLIKE|fixed_21,252,1.0,0.05,False,tested
benchmark,22day,000001.SS,QLIKE,GARCHLSTM,Persistence,3,Hybrid,1,Benchmark,784,2022-11-25,2025-11-28,-0.9982558007324908,-0.9610712127004877,-0.03718458803200326,A_lower,-1.1408800170245637,t(T-1),Bartlett,21,fixed_21,0.8328409379283535,0.2542686758358961,holm,benchmark|QLIKE|fixed_21,252,1.0,0.05,False,tested
benchmark,22day,000001.SS,QLIKE,GARCHGRU,Persistence,3,Hybrid,1,Benchmark,784,2022-11-25,2025-11-28,-0.96658525578436,-0.9610712127004877,-0.00551404308387238,A_lower,-0.19528277343476935,t(T-1),Bartlett,21,fixed_21,0.6250697821182627,0.8452222444394717,holm,benchmark|QLIKE|fixed_21,252,1.0,0.05,False,tested
benchmark,22day,000001.SS,QLIKE,GARCHTransformer,Persistence,3,Hybrid,1,Benchmark,784,2022-11-25,2025-11-28,-0.9999739566756896,-0.9610712127004877,-0.03890274397520204,A_lower,-1.0468949161240553,t(T-1),Bartlett,21,fixed_21,1.0826058041372069,0.2954711020523214,holm,benchmark|QLIKE|fixed_21,252,1.0,0.05,False,tested
benchmark,22day,000001.SS,SquaredError,GARCH,Persistence,1,Econometric,1,Benchmark,784,2022-11-25,2025-11-28,0.009028750481484472,0.007621331764856854,0.0014074187166276176,B_lower,0.8026179469799181,t(T-1),Bartlett,24,auto_floor_h-1,0.002410710025352772,0.42243913636943375,holm,benchmark|SquaredError|auto_floor_h-1,252,1.0,0.05,False,tested
benchmark,22day,000001.SS,SquaredError,EGARCH,Persistence,1,Econometric,1,Benchmark,784,2022-11-25,2025-11-28,0.00673777301272926,0.007621331764856854,-0.0008835587521275946,A_lower,-0.6431886252661734,t(T-1),Bartlett,24,auto_floor_h-1,0.0014794838143277465,0.5202900261654094,holm,benchmark|SquaredError|auto_floor_h-1,252,1.0,0.05,False,tested
benchmark,22day,000001.SS,SquaredError,GJRGARCH,Persistence,1,Econometric,1,Benchmark,784,2022-11-25,2025-11-28,0.009598928875397223,0.007621331764856854,0.001977597110540369,B_lower,1.0846075811339322,t(T-1),Bartlett,24,auto_floor_h-1,0.0026064321800637062,0.2784293315494193,holm,benchmark|SquaredError|auto_floor_h-1,252,1.0,0.05,False,tested
benchmark,22day,000001.SS,SquaredError,LinearRegression,Persistence,1,Machine Learning,1,Benchmark,784,2022-11-25,2025-11-28,0.007008752172265076,0.007621331764856854,-0.0006125795925917795,A_lower,-0.9419719073460406,t(T-1),Bartlett,24,auto_floor_h-1,0.00033156235083322806,0.34649755203497346,holm,benchmark|SquaredError|auto_floor_h-1,252,1.0,0.05,False,tested
benchmark,22day,000001.SS,SquaredError,RandomForest,Persistence,1,Machine Learning,1,Benchmark,784,2022-11-25,2025-11-28,0.009844885751093584,0.007621331764856854,0.002223553986236728,B_lower,1.5813634091882502,t(T-1),Bartlett,24,auto_floor_h-1,0.0015500583542287236,0.11419880201931841,holm,benchmark|SquaredError|auto_floor_h-1,252,1.0,0.05,False,tested
benchmark,22day,000001.SS,SquaredError,XGBoost,Persistence,1,Machine Learning,1,Benchmark,784,2022-11-25,2025-11-28,0.007852645879436114,0.007621331764856854,0.00023131411457925853,B_lower,0.17492827799612318,t(T-1),Bartlett,23,auto_floor_h-1,0.0013708826767594574,0.8611812125351386,holm,benchmark|SquaredError|auto_floor_h-1,252,1.0,0.05,False,tested
benchmark,22day,000001.SS,SquaredError,LSTM,Persistence,2,Deep Learning,1,Benchmark,784,2022-11-25,2025-11-28,0.00572340871362077,0.007621331764856854,-0.0018979230512360854,A_lower,-1.8614320516744138,t(T-1),Bartlett,23,auto_floor_h-1,0.000815039934595789,0.06305771664482376,holm,benchmark|SquaredError|auto_floor_h-1,252,1.0,0.05,False,tested
benchmark,22day,000001.SS,SquaredError,GRU,Persistence,2,Deep Learning,1,Benchmark,784,2022-11-25,2025-11-28,0.008148893538175623,0.007621331764856854,0.0005275617733187678,B_lower,0.3764555247743247,t(T-1),Bartlett,23,auto_floor_h-1,0.0015396973107496238,0.7066802595388403,holm,benchmark|SquaredError|auto_floor_h-1,252,1.0,0.05,False,tested
benchmark,22day,000001.SS,SquaredError,Transformer,Persistence,2,Deep Learning,1,Benchmark,784,2022-11-25,2025-11-28,0.006106779525804714,0.007621331764856854,-0.0015145522390521413,A_lower,-0.9119541499577017,t(T-1),Bartlett,23,auto_floor_h-1,0.0021624126307510805,0.3620735357796244,holm,benchmark|SquaredError|auto_floor_h-1,252,1.0,0.05,False,tested
benchmark,22day,000001.SS,SquaredError,GARCHLSTM,Persistence,3,Hybrid,1,Benchmark,784,2022-11-25,2025-11-28,0.00625387881808116,0.007621331764856854,-0.001367452946775695,A_lower,-0.9763218010311513,t(T-1),Bartlett,23,auto_floor_h-1,0.0015379948150972544,0.32920655402734555,holm,benchmark|SquaredError|auto_floor_h-1,252,1.0,0.05,False,tested
benchmark,22day,000001.SS,SquaredError,GARCHGRU,Persistence,3,Hybrid,1,Benchmark,784,2022-11-25,2025-11-28,0.010541403249994377,0.007621331764856854,0.0029200714851375206,B_lower,1.272152457615881,t(T-1),Bartlett,25,auto_floor_h-1,0.0041307100083350316,0.20369662911249475,holm,benchmark|SquaredError|auto_floor_h-1,252,1.0,0.05,False,tested
benchmark,22day,000001.SS,SquaredError,GARCHTransformer,Persistence,3,Hybrid,1,Benchmark,784,2022-11-25,2025-11-28,0.005933475117550432,0.007621331764856854,-0.001687856647306424,A_lower,-1.059332644149356,t(T-1),Bartlett,23,auto_floor_h-1,0.001990317989348597,0.28977498431343846,holm,benchmark|SquaredError|auto_floor_h-1,252,1.0,0.05,False,tested
benchmark,22day,000001.SS,SquaredError,GARCH,Persistence,1,Econometric,1,Benchmark,784,2022-11-25,2025-11-28,0.009028750481484472,0.007621331764856854,0.0014074187166276176,B_lower,0.8284452006367888,t(T-1),Bartlett,21,fixed_21,0.002262742502061878,0.40767086376572376,holm,benchmark|SquaredError|fixed_21,252,1.0,0.05,False,tested
benchmark,22day,000001.SS,SquaredError,EGARCH,Persistence,1,Econometric,1,Benchmark,784,2022-11-25,2025-11-28,0.00673777301272926,0.007621331764856854,-0.0008835587521275946,A_lower,-0.6608514746212991,t(T-1),Bartlett,21,fixed_21,0.001401455144630684,0.508901952468148,holm,benchmark|SquaredError|fixed_21,252,1.0,0.05,False,tested
benchmark,22day,000001.SS,SquaredError,GJRGARCH,Persistence,1,Econometric,1,Benchmark,784,2022-11-25,2025-11-28,0.009598928875397223,0.007621331764856854,0.001977597110540369,B_lower,1.1196648316773248,t(T-1),Bartlett,21,fixed_21,0.002445770067964564,0.26319995260250545,holm,benchmark|SquaredError|fixed_21,252,1.0,0.05,False,tested
benchmark,22day,000001.SS,SquaredError,LinearRegression,Persistence,1,Machine Learning,1,Benchmark,784,2022-11-25,2025-11-28,0.007008752172265076,0.007621331764856854,-0.0006125795925917795,A_lower,-0.9681326864759486,t(T-1),Bartlett,21,fixed_21,0.00031388556634830297,0.3332770461085959,holm,benchmark|SquaredError|fixed_21,252,1.0,0.05,False,tested
benchmark,22day,000001.SS,SquaredError,RandomForest,Persistence,1,Machine Learning,1,Benchmark,784,2022-11-25,2025-11-28,0.009844885751093584,0.007621331764856854,0.002223553986236728,B_lower,1.6191123813127586,t(T-1),Bartlett,21,fixed_21,0.0014786229120244548,0.10582576965947613,holm,benchmark|SquaredError|fixed_21,252,1.0,0.05,False,tested
benchmark,22day,000001.SS,SquaredError,XGBoost,Persistence,1,Machine Learning,1,Benchmark,784,2022-11-25,2025-11-28,0.007852645879436114,0.007621331764856854,0.00023131411457925853,B_lower,0.17831713842606764,t(T-1),Bartlett,21,fixed_21,0.0013192714318971993,0.8585200443144735,holm,benchmark|SquaredError|fixed_21,252,1.0,0.05,False,tested
benchmark,22day,000001.SS,SquaredError,LSTM,Persistence,2,Deep Learning,1,Benchmark,784,2022-11-25,2025-11-28,0.00572340871362077,0.007621331764856854,-0.0018979230512360854,A_lower,-1.855459205205979,t(T-1),Bartlett,21,fixed_21,0.0008202957157668297,0.06390629183591569,holm,benchmark|SquaredError|fixed_21,252,1.0,0.05,False,tested
benchmark,22day,000001.SS,SquaredError,GRU,Persistence,2,Deep Learning,1,Benchmark,784,2022-11-25,2025-11-28,0.008148893538175623,0.007621331764856854,0.0005275617733187678,B_lower,0.3843106440938884,t(T-1),Bartlett,21,fixed_21,0.001477399253606332,0.7008525661572022,holm,benchmark|SquaredError|fixed_21,252,1.0,0.05,False,tested
benchmark,22day,000001.SS,SquaredError,Transformer,Persistence,2,Deep Learning,1,Benchmark,784,2022-11-25,2025-11-28,0.006106779525804714,0.007621331764856854,-0.0015145522390521413,A_lower,-0.9139880388332181,t(T-1),Bartlett,21,fixed_21,0.0021527993463873766,0.3610044855932578,holm,benchmark|SquaredError|fixed_21,252,1.0,0.05,False,tested
benchmark,22day,000001.SS,SquaredError,GARCHLSTM,Persistence,3,Hybrid,1,Benchmark,784,2022-11-25,2025-11-28,0.00625387881808116,0.007621331764856854,-0.001367452946775695,A_lower,-0.9786873462651883,t(T-1),Bartlett,21,fixed_21,0.0015305689513608802,0.3280367669144216,holm,benchmark|SquaredError|fixed_21,252,1.0,0.05,False,tested
benchmark,22day,000001.SS,SquaredError,GARCHGRU,Persistence,3,Hybrid,1,Benchmark,784,2022-11-25,2025-11-28,0.010541403249994377,0.007621331764856854,0.0029200714851375206,B_lower,1.3373740706222277,t(T-1),Bartlett,21,fixed_21,0.0037376379609083566,0.1814889175465453,holm,benchmark|SquaredError|fixed_21,252,1.0,0.05,False,tested
benchmark,22day,000001.SS,SquaredError,GARCHTransformer,Persistence,3,Hybrid,1,Benchmark,784,2022-11-25,2025-11-28,0.005933475117550432,0.007621331764856854,-0.001687856647306424,A_lower,-1.0592975964541345,t(T-1),Bartlett,21,fixed_21,0.0019904496940036168,0.2897909303540886,holm,benchmark|SquaredError|fixed_21,252,1.0,0.05,False,tested
