Analysis,Horizon,Index,Loss,Model_A,Model_B,Part_A,Family_A,Part_B,Family_B,N,Start,End,Mean_Loss_A,Mean_Loss_B,Mean_Diff,Direction,DM_Stat,Ref_Dist,HAC_Kernel,HAC_Lag,HAC_Lag_Rule,LongRun_Var,P_Raw,Correction,Test_Family,Family_Size,P_Adj,Alpha,Significant,Status,Excluded_Dates
pairwise_qlike_clipped_sensitivity,22day,^FTSE,QLIKE,HistoricalVolatility,Persistence,1,Benchmark,1,Benchmark,783,2022-11-25,2025-11-28,-1.2523886135187943,-1.2523886135187943,0.0,equal,,t(T-1),Bartlett,,auto_floor_h-1,,,holm,pairwise_qlike_clipped_sensitivity|22day|^FTSE|QLIKE|auto_floor_h-1,90,,0.05,,identical_forecasts,2025-05-09
pairwise_qlike_clipped_sensitivity,22day,^FTSE,QLIKE,HistoricalVolatility,GARCH,1,Benchmark,1,Econometric,783,2022-11-25,2025-11-28,-1.2523886135187943,-1.2382916169599885,-0.014096996558805844,A_lower,-0.640227926305288,t(T-1),Bartlett,24.0,auto_floor_h-1,0.3796170603622444,0.5222119671455826,holm,pairwise_qlike_clipped_sensitivity|22day|^FTSE|QLIKE|auto_floor_h-1,90,1.0,0.05,False,tested,2025-05-09
pairwise_qlike_clipped_sensitivity,22day,^FTSE,QLIKE,HistoricalVolatility,EGARCH,1,Benchmark,1,Econometric,783,2022-11-25,2025-11-28,-1.2523886135187943,-1.2459462758114825,-0.006442337707311835,A_lower,-0.3114596127657598,t(T-1),Bartlett,24.0,auto_floor_h-1,0.33500034710905674,0.7555342540818885,holm,pairwise_qlike_clipped_sensitivity|22day|^FTSE|QLIKE|auto_floor_h-1,90,1.0,0.05,False,tested,2025-05-09
pairwise_qlike_clipped_sensitivity,22day,^FTSE,QLIKE,HistoricalVolatility,GJRGARCH,1,Benchmark,1,Econometric,783,2022-11-25,2025-11-28,-1.2523886135187943,-1.2417776308793802,-0.010610982639414358,A_lower,-0.5089787797983231,t(T-1),Bartlett,24.0,auto_floor_h-1,0.3403091431889318,0.6109106731802507,holm,pairwise_qlike_clipped_sensitivity|22day|^FTSE|QLIKE|auto_floor_h-1,90,1.0,0.05,False,tested,2025-05-09
pairwise_qlike_clipped_sensitivity,22day,^FTSE,QLIKE,HistoricalVolatility,LinearRegression,1,Benchmark,1,Machine Learning,783,2022-11-25,2025-11-28,-1.2523886135187943,-1.233345870525774,-0.019042742993020303,A_lower,-0.8577248205033549,t(T-1),Bartlett,21.0,auto_floor_h-1,0.385944466684785,0.3913072259764038,holm,pairwise_qlike_clipped_sensitivity|22day|^FTSE|QLIKE|auto_floor_h-1,90,1.0,0.05,False,tested,2025-05-09
pairwise_qlike_clipped_sensitivity,22day,^FTSE,QLIKE,HistoricalVolatility,RandomForest,1,Benchmark,1,Machine Learning,783,2022-11-25,2025-11-28,-1.2523886135187943,-1.2564323115028355,0.004043697984041139,B_lower,0.16248413053915384,t(T-1),Bartlett,24.0,auto_floor_h-1,0.48495035709142387,0.8709665998785832,holm,pairwise_qlike_clipped_sensitivity|22day|^FTSE|QLIKE|auto_floor_h-1,90,1.0,0.05,False,tested,2025-05-09
pairwise_qlike_clipped_sensitivity,22day,^FTSE,QLIKE,HistoricalVolatility,XGBoost,1,Benchmark,1,Machine Learning,783,2022-11-25,2025-11-28,-1.2523886135187943,-1.2459910825945,-0.006397530924294366,A_lower,-0.27151622165416195,t(T-1),Bartlett,24.0,auto_floor_h-1,0.43470535161029566,0.7860656853889467,holm,pairwise_qlike_clipped_sensitivity|22day|^FTSE|QLIKE|auto_floor_h-1,90,1.0,0.05,False,tested,2025-05-09
pairwise_qlike_clipped_sensitivity,22day,^FTSE,QLIKE,HistoricalVolatility,LSTM,1,Benchmark,2,Deep Learning,783,2022-11-25,2025-11-28,-1.2523886135187943,-1.2733004566043125,0.020911843085518,B_lower,0.9515469154826444,t(T-1),Bartlett,24.0,auto_floor_h-1,0.37816904202693374,0.34162081684161416,holm,pairwise_qlike_clipped_sensitivity|22day|^FTSE|QLIKE|auto_floor_h-1,90,1.0,0.05,False,tested,2025-05-09
pairwise_qlike_clipped_sensitivity,22day,^FTSE,QLIKE,HistoricalVolatility,GRU,1,Benchmark,2,Deep Learning,783,2022-11-25,2025-11-28,-1.2523886135187943,-1.275538978246911,0.02315036472811674,B_lower,1.0826071240527075,t(T-1),Bartlett,24.0,auto_floor_h-1,0.35804340285919745,0.2793165478099935,holm,pairwise_qlike_clipped_sensitivity|22day|^FTSE|QLIKE|auto_floor_h-1,90,1.0,0.05,False,tested,2025-05-09
pairwise_qlike_clipped_sensitivity,22day,^FTSE,QLIKE,HistoricalVolatility,Transformer,1,Benchmark,2,Deep Learning,783,2022-11-25,2025-11-28,-1.2523886135187943,-1.2732446095695964,0.020855996050802055,B_lower,1.1099659453336317,t(T-1),Bartlett,24.0,auto_floor_h-1,0.27644219007385823,0.2673548976917777,holm,pairwise_qlike_clipped_sensitivity|22day|^FTSE|QLIKE|auto_floor_h-1,90,1.0,0.05,False,tested,2025-05-09
pairwise_qlike_clipped_sensitivity,22day,^FTSE,QLIKE,HistoricalVolatility,GARCHLSTM,1,Benchmark,3,Hybrid,783,2022-11-25,2025-11-28,-1.2523886135187943,-1.2823774232730596,0.029988809754265117,B_lower,1.5793828899770228,t(T-1),Bartlett,24.0,auto_floor_h-1,0.2822964148017207,0.114652643408475,holm,pairwise_qlike_clipped_sensitivity|22day|^FTSE|QLIKE|auto_floor_h-1,90,1.0,0.05,False,tested,2025-05-09
pairwise_qlike_clipped_sensitivity,22day,^FTSE,QLIKE,HistoricalVolatility,GARCHGRU,1,Benchmark,3,Hybrid,783,2022-11-25,2025-11-28,-1.2523886135187943,-1.2764892460083832,0.024100632489588474,B_lower,1.307306426375339,t(T-1),Bartlett,24.0,auto_floor_h-1,0.2661116270734247,0.19149290631143306,holm,pairwise_qlike_clipped_sensitivity|22day|^FTSE|QLIKE|auto_floor_h-1,90,1.0,0.05,False,tested,2025-05-09
pairwise_qlike_clipped_sensitivity,22day,^FTSE,QLIKE,HistoricalVolatility,GARCHTransformer,1,Benchmark,3,Hybrid,783,2022-11-25,2025-11-28,-1.2523886135187943,-1.276093959601804,0.02370534608300964,B_lower,1.2054805073145591,t(T-1),Bartlett,24.0,auto_floor_h-1,0.30278473613582435,0.22838249440315958,holm,pairwise_qlike_clipped_sensitivity|22day|^FTSE|QLIKE|auto_floor_h-1,90,1.0,0.05,False,tested,2025-05-09
pairwise_qlike_clipped_sensitivity,22day,^FTSE,QLIKE,Persistence,GARCH,1,Benchmark,1,Econometric,783,2022-11-25,2025-11-28,-1.2523886135187943,-1.2382916169599885,-0.014096996558805844,A_lower,-0.640227926305288,t(T-1),Bartlett,24.0,auto_floor_h-1,0.3796170603622444,0.5222119671455826,holm,pairwise_qlike_clipped_sensitivity|22day|^FTSE|QLIKE|auto_floor_h-1,90,1.0,0.05,False,tested,2025-05-09
pairwise_qlike_clipped_sensitivity,22day,^FTSE,QLIKE,Persistence,EGARCH,1,Benchmark,1,Econometric,783,2022-11-25,2025-11-28,-1.2523886135187943,-1.2459462758114825,-0.006442337707311835,A_lower,-0.3114596127657598,t(T-1),Bartlett,24.0,auto_floor_h-1,0.33500034710905674,0.7555342540818885,holm,pairwise_qlike_clipped_sensitivity|22day|^FTSE|QLIKE|auto_floor_h-1,90,1.0,0.05,False,tested,2025-05-09
pairwise_qlike_clipped_sensitivity,22day,^FTSE,QLIKE,Persistence,GJRGARCH,1,Benchmark,1,Econometric,783,2022-11-25,2025-11-28,-1.2523886135187943,-1.2417776308793802,-0.010610982639414358,A_lower,-0.5089787797983231,t(T-1),Bartlett,24.0,auto_floor_h-1,0.3403091431889318,0.6109106731802507,holm,pairwise_qlike_clipped_sensitivity|22day|^FTSE|QLIKE|auto_floor_h-1,90,1.0,0.05,False,tested,2025-05-09
pairwise_qlike_clipped_sensitivity,22day,^FTSE,QLIKE,Persistence,LinearRegression,1,Benchmark,1,Machine Learning,783,2022-11-25,2025-11-28,-1.2523886135187943,-1.233345870525774,-0.019042742993020303,A_lower,-0.8577248205033549,t(T-1),Bartlett,21.0,auto_floor_h-1,0.385944466684785,0.3913072259764038,holm,pairwise_qlike_clipped_sensitivity|22day|^FTSE|QLIKE|auto_floor_h-1,90,1.0,0.05,False,tested,2025-05-09
pairwise_qlike_clipped_sensitivity,22day,^FTSE,QLIKE,Persistence,RandomForest,1,Benchmark,1,Machine Learning,783,2022-11-25,2025-11-28,-1.2523886135187943,-1.2564323115028355,0.004043697984041139,B_lower,0.16248413053915384,t(T-1),Bartlett,24.0,auto_floor_h-1,0.48495035709142387,0.8709665998785832,holm,pairwise_qlike_clipped_sensitivity|22day|^FTSE|QLIKE|auto_floor_h-1,90,1.0,0.05,False,tested,2025-05-09
pairwise_qlike_clipped_sensitivity,22day,^FTSE,QLIKE,Persistence,XGBoost,1,Benchmark,1,Machine Learning,783,2022-11-25,2025-11-28,-1.2523886135187943,-1.2459910825945,-0.006397530924294366,A_lower,-0.27151622165416195,t(T-1),Bartlett,24.0,auto_floor_h-1,0.43470535161029566,0.7860656853889467,holm,pairwise_qlike_clipped_sensitivity|22day|^FTSE|QLIKE|auto_floor_h-1,90,1.0,0.05,False,tested,2025-05-09
pairwise_qlike_clipped_sensitivity,22day,^FTSE,QLIKE,Persistence,LSTM,1,Benchmark,2,Deep Learning,783,2022-11-25,2025-11-28,-1.2523886135187943,-1.2733004566043125,0.020911843085518,B_lower,0.9515469154826444,t(T-1),Bartlett,24.0,auto_floor_h-1,0.37816904202693374,0.34162081684161416,holm,pairwise_qlike_clipped_sensitivity|22day|^FTSE|QLIKE|auto_floor_h-1,90,1.0,0.05,False,tested,2025-05-09
pairwise_qlike_clipped_sensitivity,22day,^FTSE,QLIKE,Persistence,GRU,1,Benchmark,2,Deep Learning,783,2022-11-25,2025-11-28,-1.2523886135187943,-1.275538978246911,0.02315036472811674,B_lower,1.0826071240527075,t(T-1),Bartlett,24.0,auto_floor_h-1,0.35804340285919745,0.2793165478099935,holm,pairwise_qlike_clipped_sensitivity|22day|^FTSE|QLIKE|auto_floor_h-1,90,1.0,0.05,False,tested,2025-05-09
pairwise_qlike_clipped_sensitivity,22day,^FTSE,QLIKE,Persistence,Transformer,1,Benchmark,2,Deep Learning,783,2022-11-25,2025-11-28,-1.2523886135187943,-1.2732446095695964,0.020855996050802055,B_lower,1.1099659453336317,t(T-1),Bartlett,24.0,auto_floor_h-1,0.27644219007385823,0.2673548976917777,holm,pairwise_qlike_clipped_sensitivity|22day|^FTSE|QLIKE|auto_floor_h-1,90,1.0,0.05,False,tested,2025-05-09
pairwise_qlike_clipped_sensitivity,22day,^FTSE,QLIKE,Persistence,GARCHLSTM,1,Benchmark,3,Hybrid,783,2022-11-25,2025-11-28,-1.2523886135187943,-1.2823774232730596,0.029988809754265117,B_lower,1.5793828899770228,t(T-1),Bartlett,24.0,auto_floor_h-1,0.2822964148017207,0.114652643408475,holm,pairwise_qlike_clipped_sensitivity|22day|^FTSE|QLIKE|auto_floor_h-1,90,1.0,0.05,False,tested,2025-05-09
pairwise_qlike_clipped_sensitivity,22day,^FTSE,QLIKE,Persistence,GARCHGRU,1,Benchmark,3,Hybrid,783,2022-11-25,2025-11-28,-1.2523886135187943,-1.2764892460083832,0.024100632489588474,B_lower,1.307306426375339,t(T-1),Bartlett,24.0,auto_floor_h-1,0.2661116270734247,0.19149290631143306,holm,pairwise_qlike_clipped_sensitivity|22day|^FTSE|QLIKE|auto_floor_h-1,90,1.0,0.05,False,tested,2025-05-09
pairwise_qlike_clipped_sensitivity,22day,^FTSE,QLIKE,Persistence,GARCHTransformer,1,Benchmark,3,Hybrid,783,2022-11-25,2025-11-28,-1.2523886135187943,-1.276093959601804,0.02370534608300964,B_lower,1.2054805073145591,t(T-1),Bartlett,24.0,auto_floor_h-1,0.30278473613582435,0.22838249440315958,holm,pairwise_qlike_clipped_sensitivity|22day|^FTSE|QLIKE|auto_floor_h-1,90,1.0,0.05,False,tested,2025-05-09
pairwise_qlike_clipped_sensitivity,22day,^FTSE,QLIKE,GARCH,EGARCH,1,Econometric,1,Econometric,783,2022-11-25,2025-11-28,-1.2382916169599885,-1.2459462758114825,0.007654658851494008,B_lower,2.5285177605816593,t(T-1),Bartlett,24.0,auto_floor_h-1,0.007175983396534262,0.011650195654900112,holm,pairwise_qlike_clipped_sensitivity|22day|^FTSE|QLIKE|auto_floor_h-1,90,0.8155136958430078,0.05,False,tested,2025-05-09
pairwise_qlike_clipped_sensitivity,22day,^FTSE,QLIKE,GARCH,GJRGARCH,1,Econometric,1,Econometric,783,2022-11-25,2025-11-28,-1.2382916169599885,-1.2417776308793802,0.0034860139193914866,B_lower,1.3082651965803591,t(T-1),Bartlett,22.0,auto_floor_h-1,0.005559406359807622,0.19116777472587804,holm,pairwise_qlike_clipped_sensitivity|22day|^FTSE|QLIKE|auto_floor_h-1,90,1.0,0.05,False,tested,2025-05-09
pairwise_qlike_clipped_sensitivity,22day,^FTSE,QLIKE,GARCH,LinearRegression,1,Econometric,1,Machine Learning,783,2022-11-25,2025-11-28,-1.2382916169599885,-1.233345870525774,-0.004945746434214455,A_lower,-0.20375073792165052,t(T-1),Bartlett,21.0,auto_floor_h-1,0.4613463346852202,0.8386012998568909,holm,pairwise_qlike_clipped_sensitivity|22day|^FTSE|QLIKE|auto_floor_h-1,90,1.0,0.05,False,tested,2025-05-09
pairwise_qlike_clipped_sensitivity,22day,^FTSE,QLIKE,GARCH,RandomForest,1,Econometric,1,Machine Learning,783,2022-11-25,2025-11-28,-1.2382916169599885,-1.2564323115028355,0.01814069454284698,B_lower,1.7896011338198237,t(T-1),Bartlett,24.0,auto_floor_h-1,0.08045575059515588,0.07390490884721888,holm,pairwise_qlike_clipped_sensitivity|22day|^FTSE|QLIKE|auto_floor_h-1,90,1.0,0.05,False,tested,2025-05-09
pairwise_qlike_clipped_sensitivity,22day,^FTSE,QLIKE,GARCH,XGBoost,1,Econometric,1,Machine Learning,783,2022-11-25,2025-11-28,-1.2382916169599885,-1.2459910825945,0.007699465634511478,B_lower,0.6185273452452743,t(T-1),Bartlett,23.0,auto_floor_h-1,0.12132914092261324,0.5364078927382508,holm,pairwise_qlike_clipped_sensitivity|22day|^FTSE|QLIKE|auto_floor_h-1,90,1.0,0.05,False,tested,2025-05-09
pairwise_qlike_clipped_sensitivity,22day,^FTSE,QLIKE,GARCH,LSTM,1,Econometric,2,Deep Learning,783,2022-11-25,2025-11-28,-1.2382916169599885,-1.2733004566043125,0.035008839644323844,B_lower,3.5289473947188816,t(T-1),Bartlett,24.0,auto_floor_h-1,0.07705961343096375,0.0004415865265168433,holm,pairwise_qlike_clipped_sensitivity|22day|^FTSE|QLIKE|auto_floor_h-1,90,0.03841802780696537,0.05,True,tested,2025-05-09
pairwise_qlike_clipped_sensitivity,22day,^FTSE,QLIKE,GARCH,GRU,1,Econometric,2,Deep Learning,783,2022-11-25,2025-11-28,-1.2382916169599885,-1.275538978246911,0.03724736128692259,B_lower,3.4651789746000863,t(T-1),Bartlett,24.0,auto_floor_h-1,0.09046934453597155,0.000558752252045119,holm,pairwise_qlike_clipped_sensitivity|22day|^FTSE|QLIKE|auto_floor_h-1,90,0.048052693675880234,0.05,True,tested,2025-05-09
pairwise_qlike_clipped_sensitivity,22day,^FTSE,QLIKE,GARCH,Transformer,1,Econometric,2,Deep Learning,783,2022-11-25,2025-11-28,-1.2382916169599885,-1.2732446095695964,0.0349529926096079,B_lower,2.6171667782818577,t(T-1),Bartlett,24.0,auto_floor_h-1,0.13965860339055636,0.009037595263791194,holm,pairwise_qlike_clipped_sensitivity|22day|^FTSE|QLIKE|auto_floor_h-1,90,0.650706858992966,0.05,False,tested,2025-05-09
pairwise_qlike_clipped_sensitivity,22day,^FTSE,QLIKE,GARCH,GARCHLSTM,1,Econometric,3,Hybrid,783,2022-11-25,2025-11-28,-1.2382916169599885,-1.2823774232730596,0.04408580631307096,B_lower,5.251494263000258,t(T-1),Bartlett,23.0,auto_floor_h-1,0.05518150586236438,1.946255558709802e-07,holm,pairwise_qlike_clipped_sensitivity|22day|^FTSE|QLIKE|auto_floor_h-1,90,1.7516300028388218e-05,0.05,True,tested,2025-05-09
pairwise_qlike_clipped_sensitivity,22day,^FTSE,QLIKE,GARCH,GARCHGRU,1,Econometric,3,Hybrid,783,2022-11-25,2025-11-28,-1.2382916169599885,-1.2764892460083832,0.03819762904839432,B_lower,3.4027632580872846,t(T-1),Bartlett,23.0,auto_floor_h-1,0.09866681428359908,0.0007010068266280103,holm,pairwise_qlike_clipped_sensitivity|22day|^FTSE|QLIKE|auto_floor_h-1,90,0.058884573436752866,0.05,False,tested,2025-05-09
pairwise_qlike_clipped_sensitivity,22day,^FTSE,QLIKE,GARCH,GARCHTransformer,1,Econometric,3,Hybrid,783,2022-11-25,2025-11-28,-1.2382916169599885,-1.276093959601804,0.03780234264181548,B_lower,3.443938139423248,t(T-1),Bartlett,24.0,auto_floor_h-1,0.09433840007668445,0.0006038252069442005,holm,pairwise_qlike_clipped_sensitivity|22day|^FTSE|QLIKE|auto_floor_h-1,90,0.05132514259025704,0.05,False,tested,2025-05-09
pairwise_qlike_clipped_sensitivity,22day,^FTSE,QLIKE,EGARCH,GJRGARCH,1,Econometric,1,Econometric,783,2022-11-25,2025-11-28,-1.2459462758114825,-1.2417776308793802,-0.004168644932102522,A_lower,-1.4293232132070068,t(T-1),Bartlett,21.0,auto_floor_h-1,0.00666025226074552,0.1533107020809328,holm,pairwise_qlike_clipped_sensitivity|22day|^FTSE|QLIKE|auto_floor_h-1,90,1.0,0.05,False,tested,2025-05-09
pairwise_qlike_clipped_sensitivity,22day,^FTSE,QLIKE,EGARCH,LinearRegression,1,Econometric,1,Machine Learning,783,2022-11-25,2025-11-28,-1.2459462758114825,-1.233345870525774,-0.012600405285708464,A_lower,-0.5249540175670244,t(T-1),Bartlett,21.0,auto_floor_h-1,0.45111603335572514,0.5997639463182581,holm,pairwise_qlike_clipped_sensitivity|22day|^FTSE|QLIKE|auto_floor_h-1,90,1.0,0.05,False,tested,2025-05-09
pairwise_qlike_clipped_sensitivity,22day,^FTSE,QLIKE,EGARCH,RandomForest,1,Econometric,1,Machine Learning,783,2022-11-25,2025-11-28,-1.2459462758114825,-1.2564323115028355,0.01048603569135297,B_lower,1.0707770588511625,t(T-1),Bartlett,23.0,auto_floor_h-1,0.07509072705208697,0.2846000527886735,holm,pairwise_qlike_clipped_sensitivity|22day|^FTSE|QLIKE|auto_floor_h-1,90,1.0,0.05,False,tested,2025-05-09
pairwise_qlike_clipped_sensitivity,22day,^FTSE,QLIKE,EGARCH,XGBoost,1,Econometric,1,Machine Learning,783,2022-11-25,2025-11-28,-1.2459462758114825,-1.2459910825945,4.480678301747019e-05,B_lower,0.003655819105083931,t(T-1),Bartlett,23.0,auto_floor_h-1,0.1176196530536198,0.9970840172530326,holm,pairwise_qlike_clipped_sensitivity|22day|^FTSE|QLIKE|auto_floor_h-1,90,1.0,0.05,False,tested,2025-05-09
pairwise_qlike_clipped_sensitivity,22day,^FTSE,QLIKE,EGARCH,LSTM,1,Econometric,2,Deep Learning,783,2022-11-25,2025-11-28,-1.2459462758114825,-1.2733004566043125,0.027354180792829835,B_lower,3.004011970260362,t(T-1),Bartlett,24.0,auto_floor_h-1,0.06492408987139811,0.0027494660802909257,holm,pairwise_qlike_clipped_sensitivity|22day|^FTSE|QLIKE|auto_floor_h-1,90,0.21720782034298314,0.05,False,tested,2025-05-09
pairwise_qlike_clipped_sensitivity,22day,^FTSE,QLIKE,EGARCH,GRU,1,Econometric,2,Deep Learning,783,2022-11-25,2025-11-28,-1.2459462758114825,-1.275538978246911,0.029592702435428577,B_lower,2.835302144815463,t(T-1),Bartlett,24.0,auto_floor_h-1,0.0852967185193661,0.004696395077062222,holm,pairwise_qlike_clipped_sensitivity|22day|^FTSE|QLIKE|auto_floor_h-1,90,0.3522296307796666,0.05,False,tested,2025-05-09
pairwise_qlike_clipped_sensitivity,22day,^FTSE,QLIKE,EGARCH,Transformer,1,Econometric,2,Deep Learning,783,2022-11-25,2025-11-28,-1.2459462758114825,-1.2732446095695964,0.027298333758113892,B_lower,2.0795741665081913,t(T-1),Bartlett,24.0,auto_floor_h-1,0.13492275890505812,0.03788987005964412,holm,pairwise_qlike_clipped_sensitivity|22day|^FTSE|QLIKE|auto_floor_h-1,90,1.0,0.05,False,tested,2025-05-09
pairwise_qlike_clipped_sensitivity,22day,^FTSE,QLIKE,EGARCH,GARCHLSTM,1,Econometric,3,Hybrid,783,2022-11-25,2025-11-28,-1.2459462758114825,-1.2823774232730596,0.03643114746157696,B_lower,4.365750472056129,t(T-1),Bartlett,23.0,auto_floor_h-1,0.05452424284166312,1.437132420763493e-05,holm,pairwise_qlike_clipped_sensitivity|22day|^FTSE|QLIKE|auto_floor_h-1,90,0.0012646765302718739,0.05,True,tested,2025-05-09
pairwise_qlike_clipped_sensitivity,22day,^FTSE,QLIKE,EGARCH,GARCHGRU,1,Econometric,3,Hybrid,783,2022-11-25,2025-11-28,-1.2459462758114825,-1.2764892460083832,0.030542970196900315,B_lower,2.774868485743101,t(T-1),Bartlett,23.0,auto_floor_h-1,0.0948635754824752,0.0056541794465013095,holm,pairwise_qlike_clipped_sensitivity|22day|^FTSE|QLIKE|auto_floor_h-1,90,0.4127550995945956,0.05,False,tested,2025-05-09
pairwise_qlike_clipped_sensitivity,22day,^FTSE,QLIKE,EGARCH,GARCHTransformer,1,Econometric,3,Hybrid,783,2022-11-25,2025-11-28,-1.2459462758114825,-1.276093959601804,0.030147683790321473,B_lower,2.8080428120315455,t(T-1),Bartlett,23.0,auto_floor_h-1,0.09025311814583828,0.005108549726205339,holm,pairwise_qlike_clipped_sensitivity|22day|^FTSE|QLIKE|auto_floor_h-1,90,0.37803267973919513,0.05,False,tested,2025-05-09
pairwise_qlike_clipped_sensitivity,22day,^FTSE,QLIKE,GJRGARCH,LinearRegression,1,Econometric,1,Machine Learning,783,2022-11-25,2025-11-28,-1.2417776308793802,-1.233345870525774,-0.00843176035360594,A_lower,-0.34813131937844627,t(T-1),Bartlett,21.0,auto_floor_h-1,0.45931653420093344,0.727835256583304,holm,pairwise_qlike_clipped_sensitivity|22day|^FTSE|QLIKE|auto_floor_h-1,90,1.0,0.05,False,tested,2025-05-09
pairwise_qlike_clipped_sensitivity,22day,^FTSE,QLIKE,GJRGARCH,RandomForest,1,Econometric,1,Machine Learning,783,2022-11-25,2025-11-28,-1.2417776308793802,-1.2564323115028355,0.014654680623455494,B_lower,1.457039910146363,t(T-1),Bartlett,23.0,auto_floor_h-1,0.07920846236557239,0.14550677899595757,holm,pairwise_qlike_clipped_sensitivity|22day|^FTSE|QLIKE|auto_floor_h-1,90,1.0,0.05,False,tested,2025-05-09
pairwise_qlike_clipped_sensitivity,22day,^FTSE,QLIKE,GJRGARCH,XGBoost,1,Econometric,1,Machine Learning,783,2022-11-25,2025-11-28,-1.2417776308793802,-1.2459910825945,0.004213451715119993,B_lower,0.3445874422930384,t(T-1),Bartlett,23.0,auto_floor_h-1,0.11706819217483502,0.7304971969960682,holm,pairwise_qlike_clipped_sensitivity|22day|^FTSE|QLIKE|auto_floor_h-1,90,1.0,0.05,False,tested,2025-05-09
pairwise_qlike_clipped_sensitivity,22day,^FTSE,QLIKE,GJRGARCH,LSTM,1,Econometric,2,Deep Learning,783,2022-11-25,2025-11-28,-1.2417776308793802,-1.2733004566043125,0.03152282572493236,B_lower,3.2357045216496965,t(T-1),Bartlett,24.0,auto_floor_h-1,0.07431463214635015,0.001264476630156619,holm,pairwise_qlike_clipped_sensitivity|22day|^FTSE|QLIKE|auto_floor_h-1,90,0.10368708367284275,0.05,False,tested,2025-05-09
pairwise_qlike_clipped_sensitivity,22day,^FTSE,QLIKE,GJRGARCH,GRU,1,Econometric,2,Deep Learning,783,2022-11-25,2025-11-28,-1.2417776308793802,-1.275538978246911,0.0337613473675311,B_lower,3.028598019338996,t(T-1),Bartlett,24.0,auto_floor_h-1,0.09730116380464562,0.0025377065757802558,holm,pairwise_qlike_clipped_sensitivity|22day|^FTSE|QLIKE|auto_floor_h-1,90,0.20301652606242046,0.05,False,tested,2025-05-09
pairwise_qlike_clipped_sensitivity,22day,^FTSE,QLIKE,GJRGARCH,Transformer,1,Econometric,2,Deep Learning,783,2022-11-25,2025-11-28,-1.2417776308793802,-1.2732446095695964,0.031466978690216404,B_lower,2.2652824909257254,t(T-1),Bartlett,23.0,auto_floor_h-1,0.15108700689192628,0.023768117950851004,holm,pairwise_qlike_clipped_sensitivity|22day|^FTSE|QLIKE|auto_floor_h-1,90,1.0,0.05,False,tested,2025-05-09
pairwise_qlike_clipped_sensitivity,22day,^FTSE,QLIKE,GJRGARCH,GARCHLSTM,1,Econometric,3,Hybrid,783,2022-11-25,2025-11-28,-1.2417776308793802,-1.2823774232730596,0.04059979239367948,B_lower,4.691403351239573,t(T-1),Bartlett,23.0,auto_floor_h-1,0.058641333857107396,3.202250510700975e-06,holm,pairwise_qlike_clipped_sensitivity|22day|^FTSE|QLIKE|auto_floor_h-1,90,0.0002850002954523868,0.05,True,tested,2025-05-09
pairwise_qlike_clipped_sensitivity,22day,^FTSE,QLIKE,GJRGARCH,GARCHGRU,1,Econometric,3,Hybrid,783,2022-11-25,2025-11-28,-1.2417776308793802,-1.2764892460083832,0.03471161512900284,B_lower,2.986260194623567,t(T-1),Bartlett,23.0,auto_floor_h-1,0.10579280080276837,0.002912285506913208,holm,pairwise_qlike_clipped_sensitivity|22day|^FTSE|QLIKE|auto_floor_h-1,90,0.22715826953923024,0.05,False,tested,2025-05-09
pairwise_qlike_clipped_sensitivity,22day,^FTSE,QLIKE,GJRGARCH,GARCHTransformer,1,Econometric,3,Hybrid,783,2022-11-25,2025-11-28,-1.2417776308793802,-1.276093959601804,0.034316328722423996,B_lower,2.935357164312881,t(T-1),Bartlett,23.0,auto_floor_h-1,0.1070142214417314,0.003429267534483996,holm,pairwise_qlike_clipped_sensitivity|22day|^FTSE|QLIKE|auto_floor_h-1,90,0.26062433262078366,0.05,False,tested,2025-05-09
pairwise_qlike_clipped_sensitivity,22day,^FTSE,QLIKE,LinearRegression,RandomForest,1,Machine Learning,1,Machine Learning,783,2022-11-25,2025-11-28,-1.233345870525774,-1.2564323115028355,0.023086440977061435,B_lower,0.909031281416351,t(T-1),Bartlett,21.0,auto_floor_h-1,0.505031049129306,0.36361368406164146,holm,pairwise_qlike_clipped_sensitivity|22day|^FTSE|QLIKE|auto_floor_h-1,90,1.0,0.05,False,tested,2025-05-09
pairwise_qlike_clipped_sensitivity,22day,^FTSE,QLIKE,LinearRegression,XGBoost,1,Machine Learning,1,Machine Learning,783,2022-11-25,2025-11-28,-1.233345870525774,-1.2459910825945,0.012645212068725929,B_lower,0.508488953531169,t(T-1),Bartlett,21.0,auto_floor_h-1,0.48422917349690836,0.6112538996880212,holm,pairwise_qlike_clipped_sensitivity|22day|^FTSE|QLIKE|auto_floor_h-1,90,1.0,0.05,False,tested,2025-05-09
pairwise_qlike_clipped_sensitivity,22day,^FTSE,QLIKE,LinearRegression,LSTM,1,Machine Learning,2,Deep Learning,783,2022-11-25,2025-11-28,-1.233345870525774,-1.2733004566043125,0.0399545860785383,B_lower,1.6534201048805337,t(T-1),Bartlett,21.0,auto_floor_h-1,0.45722356482636667,0.09864674338295291,holm,pairwise_qlike_clipped_sensitivity|22day|^FTSE|QLIKE|auto_floor_h-1,90,1.0,0.05,False,tested,2025-05-09
pairwise_qlike_clipped_sensitivity,22day,^FTSE,QLIKE,LinearRegression,GRU,1,Machine Learning,2,Deep Learning,783,2022-11-25,2025-11-28,-1.233345870525774,-1.275538978246911,0.042193107721137046,B_lower,1.8511049923250262,t(T-1),Bartlett,21.0,auto_floor_h-1,0.4068016321224973,0.0645313225474965,holm,pairwise_qlike_clipped_sensitivity|22day|^FTSE|QLIKE|auto_floor_h-1,90,1.0,0.05,False,tested,2025-05-09
pairwise_qlike_clipped_sensitivity,22day,^FTSE,QLIKE,LinearRegression,Transformer,1,Machine Learning,2,Deep Learning,783,2022-11-25,2025-11-28,-1.233345870525774,-1.2732446095695964,0.03989873904382235,B_lower,2.105531930444029,t(T-1),Bartlett,21.0,auto_floor_h-1,0.2811618804468341,0.03556333560605148,holm,pairwise_qlike_clipped_sensitivity|22day|^FTSE|QLIKE|auto_floor_h-1,90,1.0,0.05,False,tested,2025-05-09
pairwise_qlike_clipped_sensitivity,22day,^FTSE,QLIKE,LinearRegression,GARCHLSTM,1,Machine Learning,3,Hybrid,783,2022-11-25,2025-11-28,-1.233345870525774,-1.2823774232730596,0.04903155274728543,B_lower,2.581975113269165,t(T-1),Bartlett,21.0,auto_floor_h-1,0.2823637570524126,0.010004476762772352,holm,pairwise_qlike_clipped_sensitivity|22day|^FTSE|QLIKE|auto_floor_h-1,90,0.710317850156837,0.05,False,tested,2025-05-09
pairwise_qlike_clipped_sensitivity,22day,^FTSE,QLIKE,LinearRegression,GARCHGRU,1,Machine Learning,3,Hybrid,783,2022-11-25,2025-11-28,-1.233345870525774,-1.2764892460083832,0.04314337548260878,B_lower,2.210153924129117,t(T-1),Bartlett,21.0,auto_floor_h-1,0.29836299774198755,0.027383361341734098,holm,pairwise_qlike_clipped_sensitivity|22day|^FTSE|QLIKE|auto_floor_h-1,90,1.0,0.05,False,tested,2025-05-09
pairwise_qlike_clipped_sensitivity,22day,^FTSE,QLIKE,LinearRegression,GARCHTransformer,1,Machine Learning,3,Hybrid,783,2022-11-25,2025-11-28,-1.233345870525774,-1.276093959601804,0.042748089076029935,B_lower,1.9998781671086128,t(T-1),Bartlett,21.0,auto_floor_h-1,0.357756962909552,0.045858870078221245,holm,pairwise_qlike_clipped_sensitivity|22day|^FTSE|QLIKE|auto_floor_h-1,90,1.0,0.05,False,tested,2025-05-09
pairwise_qlike_clipped_sensitivity,22day,^FTSE,QLIKE,RandomForest,XGBoost,1,Machine Learning,1,Machine Learning,783,2022-11-25,2025-11-28,-1.2564323115028355,-1.2459910825945,-0.010441228908335501,A_lower,-1.4731585077244755,t(T-1),Bartlett,21.0,auto_floor_h-1,0.03933381219548135,0.14111068246895217,holm,pairwise_qlike_clipped_sensitivity|22day|^FTSE|QLIKE|auto_floor_h-1,90,1.0,0.05,False,tested,2025-05-09
pairwise_qlike_clipped_sensitivity,22day,^FTSE,QLIKE,RandomForest,LSTM,1,Machine Learning,2,Deep Learning,783,2022-11-25,2025-11-28,-1.2564323115028355,-1.2733004566043125,0.016868145101476866,B_lower,2.415945950104119,t(T-1),Bartlett,23.0,auto_floor_h-1,0.038169985111470045,0.015922565564926175,holm,pairwise_qlike_clipped_sensitivity|22day|^FTSE|QLIKE|auto_floor_h-1,90,1.0,0.05,False,tested,2025-05-09
pairwise_qlike_clipped_sensitivity,22day,^FTSE,QLIKE,RandomForest,GRU,1,Machine Learning,2,Deep Learning,783,2022-11-25,2025-11-28,-1.2564323115028355,-1.275538978246911,0.019106666744075608,B_lower,2.1263063009054424,t(T-1),Bartlett,24.0,auto_floor_h-1,0.06322370860770693,0.03379038787690916,holm,pairwise_qlike_clipped_sensitivity|22day|^FTSE|QLIKE|auto_floor_h-1,90,1.0,0.05,False,tested,2025-05-09
pairwise_qlike_clipped_sensitivity,22day,^FTSE,QLIKE,RandomForest,Transformer,1,Machine Learning,2,Deep Learning,783,2022-11-25,2025-11-28,-1.2564323115028355,-1.2732446095695964,0.016812298066760916,B_lower,1.0277160482611372,t(T-1),Bartlett,24.0,auto_floor_h-1,0.20954130656971656,0.3044011914208827,holm,pairwise_qlike_clipped_sensitivity|22day|^FTSE|QLIKE|auto_floor_h-1,90,1.0,0.05,False,tested,2025-05-09
pairwise_qlike_clipped_sensitivity,22day,^FTSE,QLIKE,RandomForest,GARCHLSTM,1,Machine Learning,3,Hybrid,783,2022-11-25,2025-11-28,-1.2564323115028355,-1.2823774232730596,0.02594511177022398,B_lower,2.3995997271769,t(T-1),Bartlett,24.0,auto_floor_h-1,0.09153669886499655,0.016645998432774752,holm,pairwise_qlike_clipped_sensitivity|22day|^FTSE|QLIKE|auto_floor_h-1,90,1.0,0.05,False,tested,2025-05-09
pairwise_qlike_clipped_sensitivity,22day,^FTSE,QLIKE,RandomForest,GARCHGRU,1,Machine Learning,3,Hybrid,783,2022-11-25,2025-11-28,-1.2564323115028355,-1.2764892460083832,0.020056934505547342,B_lower,1.5358386335564347,t(T-1),Bartlett,24.0,auto_floor_h-1,0.1335364107450352,0.12498244176994984,holm,pairwise_qlike_clipped_sensitivity|22day|^FTSE|QLIKE|auto_floor_h-1,90,1.0,0.05,False,tested,2025-05-09
pairwise_qlike_clipped_sensitivity,22day,^FTSE,QLIKE,RandomForest,GARCHTransformer,1,Machine Learning,3,Hybrid,783,2022-11-25,2025-11-28,-1.2564323115028355,-1.276093959601804,0.019661648098968504,B_lower,1.4038390026063663,t(T-1),Bartlett,24.0,auto_floor_h-1,0.1535914327050486,0.16076378695432952,holm,pairwise_qlike_clipped_sensitivity|22day|^FTSE|QLIKE|auto_floor_h-1,90,1.0,0.05,False,tested,2025-05-09
pairwise_qlike_clipped_sensitivity,22day,^FTSE,QLIKE,XGBoost,LSTM,1,Machine Learning,2,Deep Learning,783,2022-11-25,2025-11-28,-1.2459910825945,-1.2733004566043125,0.027309374009812367,B_lower,2.9493560990305117,t(T-1),Bartlett,22.0,auto_floor_h-1,0.06713219224551589,0.0032793273116505147,holm,pairwise_qlike_clipped_sensitivity|22day|^FTSE|QLIKE|auto_floor_h-1,90,0.25250820299708965,0.05,False,tested,2025-05-09
pairwise_qlike_clipped_sensitivity,22day,^FTSE,QLIKE,XGBoost,GRU,1,Machine Learning,2,Deep Learning,783,2022-11-25,2025-11-28,-1.2459910825945,-1.275538978246911,0.02954789565241111,B_lower,3.1246761455841345,t(T-1),Bartlett,23.0,auto_floor_h-1,0.07001721809569349,0.0018457344336665,holm,pairwise_qlike_clipped_sensitivity|22day|^FTSE|QLIKE|auto_floor_h-1,90,0.1495044891269865,0.05,False,tested,2025-05-09
pairwise_qlike_clipped_sensitivity,22day,^FTSE,QLIKE,XGBoost,Transformer,1,Machine Learning,2,Deep Learning,783,2022-11-25,2025-11-28,-1.2459910825945,-1.2732446095695964,0.027253526975096424,B_lower,1.7050623610395377,t(T-1),Bartlett,24.0,auto_floor_h-1,0.20004451806854484,0.08857995557747264,holm,pairwise_qlike_clipped_sensitivity|22day|^FTSE|QLIKE|auto_floor_h-1,90,1.0,0.05,False,tested,2025-05-09
pairwise_qlike_clipped_sensitivity,22day,^FTSE,QLIKE,XGBoost,GARCHLSTM,1,Machine Learning,3,Hybrid,783,2022-11-25,2025-11-28,-1.2459910825945,-1.2823774232730596,0.03638634067855948,B_lower,3.2681256167231267,t(T-1),Bartlett,23.0,auto_floor_h-1,0.09706016888066255,0.001129904076390856,holm,pairwise_qlike_clipped_sensitivity|22day|^FTSE|QLIKE|auto_floor_h-1,90,0.09378203834044105,0.05,False,tested,2025-05-09
pairwise_qlike_clipped_sensitivity,22day,^FTSE,QLIKE,XGBoost,GARCHGRU,1,Machine Learning,3,Hybrid,783,2022-11-25,2025-11-28,-1.2459910825945,-1.2764892460083832,0.030498163413882846,B_lower,2.390132309057757,t(T-1),Bartlett,23.0,auto_floor_h-1,0.12748680907789084,0.01707809005353233,holm,pairwise_qlike_clipped_sensitivity|22day|^FTSE|QLIKE|auto_floor_h-1,90,1.0,0.05,False,tested,2025-05-09
pairwise_qlike_clipped_sensitivity,22day,^FTSE,QLIKE,XGBoost,GARCHTransformer,1,Machine Learning,3,Hybrid,783,2022-11-25,2025-11-28,-1.2459910825945,-1.276093959601804,0.030102877007304,B_lower,2.142208432901685,t(T-1),Bartlett,24.0,auto_floor_h-1,0.15461595998104802,0.03248492769915464,holm,pairwise_qlike_clipped_sensitivity|22day|^FTSE|QLIKE|auto_floor_h-1,90,1.0,0.05,False,tested,2025-05-09
pairwise_qlike_clipped_sensitivity,22day,^FTSE,QLIKE,LSTM,GRU,2,Deep Learning,2,Deep Learning,783,2022-11-25,2025-11-28,-1.2733004566043125,-1.275538978246911,0.0022385216425987405,B_lower,0.41140906674025357,t(T-1),Bartlett,23.0,auto_floor_h-1,0.02318123876345471,0.6808853325991805,holm,pairwise_qlike_clipped_sensitivity|22day|^FTSE|QLIKE|auto_floor_h-1,90,1.0,0.05,False,tested,2025-05-09
pairwise_qlike_clipped_sensitivity,22day,^FTSE,QLIKE,LSTM,Transformer,2,Deep Learning,2,Deep Learning,783,2022-11-25,2025-11-28,-1.2733004566043125,-1.2732446095695964,-5.58470347159457e-05,A_lower,-0.004352481579373556,t(T-1),Bartlett,24.0,auto_floor_h-1,0.12891044737247803,0.9965283431672427,holm,pairwise_qlike_clipped_sensitivity|22day|^FTSE|QLIKE|auto_floor_h-1,90,1.0,0.05,False,tested,2025-05-09
pairwise_qlike_clipped_sensitivity,22day,^FTSE,QLIKE,LSTM,GARCHLSTM,2,Deep Learning,3,Hybrid,783,2022-11-25,2025-11-28,-1.2733004566043125,-1.2823774232730596,0.009076966668747119,B_lower,1.095333880610283,t(T-1),Bartlett,24.0,auto_floor_h-1,0.05377125844610507,0.27370761813541117,holm,pairwise_qlike_clipped_sensitivity|22day|^FTSE|QLIKE|auto_floor_h-1,90,1.0,0.05,False,tested,2025-05-09
pairwise_qlike_clipped_sensitivity,22day,^FTSE,QLIKE,LSTM,GARCHGRU,2,Deep Learning,3,Hybrid,783,2022-11-25,2025-11-28,-1.2733004566043125,-1.2764892460083832,0.003188789404070474,B_lower,0.3136359600291321,t(T-1),Bartlett,24.0,auto_floor_h-1,0.0809397272347532,0.7538811839976581,holm,pairwise_qlike_clipped_sensitivity|22day|^FTSE|QLIKE|auto_floor_h-1,90,1.0,0.05,False,tested,2025-05-09
pairwise_qlike_clipped_sensitivity,22day,^FTSE,QLIKE,LSTM,GARCHTransformer,2,Deep Learning,3,Hybrid,783,2022-11-25,2025-11-28,-1.2733004566043125,-1.276093959601804,0.002793502997491635,B_lower,0.27342819140216573,t(T-1),Bartlett,24.0,auto_floor_h-1,0.081728488264344,0.7845962818695151,holm,pairwise_qlike_clipped_sensitivity|22day|^FTSE|QLIKE|auto_floor_h-1,90,1.0,0.05,False,tested,2025-05-09
pairwise_qlike_clipped_sensitivity,22day,^FTSE,QLIKE,GRU,Transformer,2,Deep Learning,2,Deep Learning,783,2022-11-25,2025-11-28,-1.275538978246911,-1.2732446095695964,-0.0022943686773146854,A_lower,-0.2457087656929204,t(T-1),Bartlett,24.0,auto_floor_h-1,0.06827266749847388,0.8059721579854381,holm,pairwise_qlike_clipped_sensitivity|22day|^FTSE|QLIKE|auto_floor_h-1,90,1.0,0.05,False,tested,2025-05-09
pairwise_qlike_clipped_sensitivity,22day,^FTSE,QLIKE,GRU,GARCHLSTM,2,Deep Learning,3,Hybrid,783,2022-11-25,2025-11-28,-1.275538978246911,-1.2823774232730596,0.006838445026148377,B_lower,1.0000310150548293,t(T-1),Bartlett,25.0,auto_floor_h-1,0.0366141994661083,0.31760483475334467,holm,pairwise_qlike_clipped_sensitivity|22day|^FTSE|QLIKE|auto_floor_h-1,90,1.0,0.05,False,tested,2025-05-09
pairwise_qlike_clipped_sensitivity,22day,^FTSE,QLIKE,GRU,GARCHGRU,2,Deep Learning,3,Hybrid,783,2022-11-25,2025-11-28,-1.275538978246911,-1.2764892460083832,0.000950267761471734,B_lower,0.14655483209543463,t(T-1),Bartlett,24.0,auto_floor_h-1,0.03291951810182091,0.8835211792173934,holm,pairwise_qlike_clipped_sensitivity|22day|^FTSE|QLIKE|auto_floor_h-1,90,1.0,0.05,False,tested,2025-05-09
pairwise_qlike_clipped_sensitivity,22day,^FTSE,QLIKE,GRU,GARCHTransformer,2,Deep Learning,3,Hybrid,783,2022-11-25,2025-11-28,-1.275538978246911,-1.276093959601804,0.0005549813548928935,B_lower,0.07887010800865057,t(T-1),Bartlett,24.0,auto_floor_h-1,0.03876981035288786,0.9371561165883184,holm,pairwise_qlike_clipped_sensitivity|22day|^FTSE|QLIKE|auto_floor_h-1,90,1.0,0.05,False,tested,2025-05-09
pairwise_qlike_clipped_sensitivity,22day,^FTSE,QLIKE,Transformer,GARCHLSTM,2,Deep Learning,3,Hybrid,783,2022-11-25,2025-11-28,-1.2732446095695964,-1.2823774232730596,0.009132813703463066,B_lower,1.129527093936186,t(T-1),Bartlett,24.0,auto_floor_h-1,0.05118911886476747,0.25902189960775635,holm,pairwise_qlike_clipped_sensitivity|22day|^FTSE|QLIKE|auto_floor_h-1,90,1.0,0.05,False,tested,2025-05-09
pairwise_qlike_clipped_sensitivity,22day,^FTSE,QLIKE,Transformer,GARCHGRU,2,Deep Learning,3,Hybrid,783,2022-11-25,2025-11-28,-1.2732446095695964,-1.2764892460083832,0.003244636438786422,B_lower,0.5588395422739342,t(T-1),Bartlett,23.0,auto_floor_h-1,0.026394873682108945,0.576431221324664,holm,pairwise_qlike_clipped_sensitivity|22day|^FTSE|QLIKE|auto_floor_h-1,90,1.0,0.05,False,tested,2025-05-09
pairwise_qlike_clipped_sensitivity,22day,^FTSE,QLIKE,Transformer,GARCHTransformer,2,Deep Learning,3,Hybrid,783,2022-11-25,2025-11-28,-1.2732446095695964,-1.276093959601804,0.0028493500322075817,B_lower,0.659746256718953,t(T-1),Bartlett,25.0,auto_floor_h-1,0.014604930696023005,0.5096109287454006,holm,pairwise_qlike_clipped_sensitivity|22day|^FTSE|QLIKE|auto_floor_h-1,90,1.0,0.05,False,tested,2025-05-09
pairwise_qlike_clipped_sensitivity,22day,^FTSE,QLIKE,GARCHLSTM,GARCHGRU,3,Hybrid,3,Hybrid,783,2022-11-25,2025-11-28,-1.2823774232730596,-1.2764892460083832,-0.005888177264676644,A_lower,-1.1041069716713876,t(T-1),Bartlett,23.0,auto_floor_h-1,0.022269025358987247,0.2698863560069209,holm,pairwise_qlike_clipped_sensitivity|22day|^FTSE|QLIKE|auto_floor_h-1,90,1.0,0.05,False,tested,2025-05-09
pairwise_qlike_clipped_sensitivity,22day,^FTSE,QLIKE,GARCHLSTM,GARCHTransformer,3,Hybrid,3,Hybrid,783,2022-11-25,2025-11-28,-1.2823774232730596,-1.276093959601804,-0.006283463671255483,A_lower,-0.8975819668806154,t(T-1),Bartlett,24.0,auto_floor_h-1,0.038371761960980424,0.3696847102748236,holm,pairwise_qlike_clipped_sensitivity|22day|^FTSE|QLIKE|auto_floor_h-1,90,1.0,0.05,False,tested,2025-05-09
pairwise_qlike_clipped_sensitivity,22day,^FTSE,QLIKE,GARCHGRU,GARCHTransformer,3,Hybrid,3,Hybrid,783,2022-11-25,2025-11-28,-1.2764892460083832,-1.276093959601804,-0.00039528640657883945,A_lower,-0.0771083069887625,t(T-1),Bartlett,23.0,auto_floor_h-1,0.02057705346757028,0.9385571083441877,holm,pairwise_qlike_clipped_sensitivity|22day|^FTSE|QLIKE|auto_floor_h-1,90,1.0,0.05,False,tested,2025-05-09
pairwise_qlike_clipped_sensitivity,22day,^FTSE,QLIKE,HistoricalVolatility,Persistence,1,Benchmark,1,Benchmark,783,2022-11-25,2025-11-28,-1.2523886135187943,-1.2523886135187943,0.0,equal,,t(T-1),Bartlett,,fixed_21,,,holm,pairwise_qlike_clipped_sensitivity|22day|^FTSE|QLIKE|fixed_21,90,,0.05,,identical_forecasts,2025-05-09
pairwise_qlike_clipped_sensitivity,22day,^FTSE,QLIKE,HistoricalVolatility,GARCH,1,Benchmark,1,Econometric,783,2022-11-25,2025-11-28,-1.2523886135187943,-1.2382916169599885,-0.014096996558805844,A_lower,-0.6579910752383907,t(T-1),Bartlett,21.0,fixed_21,0.35939741033566414,0.5107375126039712,holm,pairwise_qlike_clipped_sensitivity|22day|^FTSE|QLIKE|fixed_21,90,1.0,0.05,False,tested,2025-05-09
pairwise_qlike_clipped_sensitivity,22day,^FTSE,QLIKE,HistoricalVolatility,EGARCH,1,Benchmark,1,Econometric,783,2022-11-25,2025-11-28,-1.2523886135187943,-1.2459462758114825,-0.006442337707311835,A_lower,-0.3188312766846129,t(T-1),Bartlett,21.0,fixed_21,0.31968841561519307,0.7499395989951058,holm,pairwise_qlike_clipped_sensitivity|22day|^FTSE|QLIKE|fixed_21,90,1.0,0.05,False,tested,2025-05-09
pairwise_qlike_clipped_sensitivity,22day,^FTSE,QLIKE,HistoricalVolatility,GJRGARCH,1,Benchmark,1,Econometric,783,2022-11-25,2025-11-28,-1.2523886135187943,-1.2417776308793802,-0.010610982639414358,A_lower,-0.5201625111050613,t(T-1),Bartlett,21.0,fixed_21,0.3258328540855594,0.6030975330486081,holm,pairwise_qlike_clipped_sensitivity|22day|^FTSE|QLIKE|fixed_21,90,1.0,0.05,False,tested,2025-05-09
pairwise_qlike_clipped_sensitivity,22day,^FTSE,QLIKE,HistoricalVolatility,LinearRegression,1,Benchmark,1,Machine Learning,783,2022-11-25,2025-11-28,-1.2523886135187943,-1.233345870525774,-0.019042742993020303,A_lower,-0.8577248205033549,t(T-1),Bartlett,21.0,fixed_21,0.385944466684785,0.3913072259764038,holm,pairwise_qlike_clipped_sensitivity|22day|^FTSE|QLIKE|fixed_21,90,1.0,0.05,False,tested,2025-05-09
pairwise_qlike_clipped_sensitivity,22day,^FTSE,QLIKE,HistoricalVolatility,RandomForest,1,Benchmark,1,Machine Learning,783,2022-11-25,2025-11-28,-1.2523886135187943,-1.2564323115028355,0.004043697984041139,B_lower,0.16836153054136552,t(T-1),Bartlett,21.0,fixed_21,0.45168269777974934,0.8663424042990432,holm,pairwise_qlike_clipped_sensitivity|22day|^FTSE|QLIKE|fixed_21,90,1.0,0.05,False,tested,2025-05-09
pairwise_qlike_clipped_sensitivity,22day,^FTSE,QLIKE,HistoricalVolatility,XGBoost,1,Benchmark,1,Machine Learning,783,2022-11-25,2025-11-28,-1.2523886135187943,-1.2459910825945,-0.006397530924294366,A_lower,-0.28235937488593993,t(T-1),Bartlett,21.0,fixed_21,0.401959341679196,0.7777426764337241,holm,pairwise_qlike_clipped_sensitivity|22day|^FTSE|QLIKE|fixed_21,90,1.0,0.05,False,tested,2025-05-09
pairwise_qlike_clipped_sensitivity,22day,^FTSE,QLIKE,HistoricalVolatility,LSTM,1,Benchmark,2,Deep Learning,783,2022-11-25,2025-11-28,-1.2523886135187943,-1.2733004566043125,0.020911843085518,B_lower,0.9886257088016519,t(T-1),Bartlett,21.0,fixed_21,0.35033423991149126,0.32315209220612795,holm,pairwise_qlike_clipped_sensitivity|22day|^FTSE|QLIKE|fixed_21,90,1.0,0.05,False,tested,2025-05-09
pairwise_qlike_clipped_sensitivity,22day,^FTSE,QLIKE,HistoricalVolatility,GRU,1,Benchmark,2,Deep Learning,783,2022-11-25,2025-11-28,-1.2523886135187943,-1.275538978246911,0.02315036472811674,B_lower,1.1269438391550113,t(T-1),Bartlett,21.0,fixed_21,0.3304249933448397,0.26011190840025483,holm,pairwise_qlike_clipped_sensitivity|22day|^FTSE|QLIKE|fixed_21,90,1.0,0.05,False,tested,2025-05-09
pairwise_qlike_clipped_sensitivity,22day,^FTSE,QLIKE,HistoricalVolatility,Transformer,1,Benchmark,2,Deep Learning,783,2022-11-25,2025-11-28,-1.2523886135187943,-1.2732446095695964,0.020855996050802055,B_lower,1.1357459491672537,t(T-1),Bartlett,21.0,fixed_21,0.26403484249238574,0.25641085990189655,holm,pairwise_qlike_clipped_sensitivity|22day|^FTSE|QLIKE|fixed_21,90,1.0,0.05,False,tested,2025-05-09
pairwise_qlike_clipped_sensitivity,22day,^FTSE,QLIKE,HistoricalVolatility,GARCHLSTM,1,Benchmark,3,Hybrid,783,2022-11-25,2025-11-28,-1.2523886135187943,-1.2823774232730596,0.029988809754265117,B_lower,1.6376726630719938,t(T-1),Bartlett,21.0,fixed_21,0.2625584627963781,0.10189228870063796,holm,pairwise_qlike_clipped_sensitivity|22day|^FTSE|QLIKE|fixed_21,90,1.0,0.05,False,tested,2025-05-09
pairwise_qlike_clipped_sensitivity,22day,^FTSE,QLIKE,HistoricalVolatility,GARCHGRU,1,Benchmark,3,Hybrid,783,2022-11-25,2025-11-28,-1.2523886135187943,-1.2764892460083832,0.024100632489588474,B_lower,1.3506030785320198,t(T-1),Bartlett,21.0,fixed_21,0.24932347531089322,0.177213311055701,holm,pairwise_qlike_clipped_sensitivity|22day|^FTSE|QLIKE|fixed_21,90,1.0,0.05,False,tested,2025-05-09
pairwise_qlike_clipped_sensitivity,22day,^FTSE,QLIKE,HistoricalVolatility,GARCHTransformer,1,Benchmark,3,Hybrid,783,2022-11-25,2025-11-28,-1.2523886135187943,-1.276093959601804,0.02370534608300964,B_lower,1.2400040122902638,t(T-1),Bartlett,21.0,fixed_21,0.2861595086782102,0.21534586009063034,holm,pairwise_qlike_clipped_sensitivity|22day|^FTSE|QLIKE|fixed_21,90,1.0,0.05,False,tested,2025-05-09
pairwise_qlike_clipped_sensitivity,22day,^FTSE,QLIKE,Persistence,GARCH,1,Benchmark,1,Econometric,783,2022-11-25,2025-11-28,-1.2523886135187943,-1.2382916169599885,-0.014096996558805844,A_lower,-0.6579910752383907,t(T-1),Bartlett,21.0,fixed_21,0.35939741033566414,0.5107375126039712,holm,pairwise_qlike_clipped_sensitivity|22day|^FTSE|QLIKE|fixed_21,90,1.0,0.05,False,tested,2025-05-09
pairwise_qlike_clipped_sensitivity,22day,^FTSE,QLIKE,Persistence,EGARCH,1,Benchmark,1,Econometric,783,2022-11-25,2025-11-28,-1.2523886135187943,-1.2459462758114825,-0.006442337707311835,A_lower,-0.3188312766846129,t(T-1),Bartlett,21.0,fixed_21,0.31968841561519307,0.7499395989951058,holm,pairwise_qlike_clipped_sensitivity|22day|^FTSE|QLIKE|fixed_21,90,1.0,0.05,False,tested,2025-05-09
pairwise_qlike_clipped_sensitivity,22day,^FTSE,QLIKE,Persistence,GJRGARCH,1,Benchmark,1,Econometric,783,2022-11-25,2025-11-28,-1.2523886135187943,-1.2417776308793802,-0.010610982639414358,A_lower,-0.5201625111050613,t(T-1),Bartlett,21.0,fixed_21,0.3258328540855594,0.6030975330486081,holm,pairwise_qlike_clipped_sensitivity|22day|^FTSE|QLIKE|fixed_21,90,1.0,0.05,False,tested,2025-05-09
pairwise_qlike_clipped_sensitivity,22day,^FTSE,QLIKE,Persistence,LinearRegression,1,Benchmark,1,Machine Learning,783,2022-11-25,2025-11-28,-1.2523886135187943,-1.233345870525774,-0.019042742993020303,A_lower,-0.8577248205033549,t(T-1),Bartlett,21.0,fixed_21,0.385944466684785,0.3913072259764038,holm,pairwise_qlike_clipped_sensitivity|22day|^FTSE|QLIKE|fixed_21,90,1.0,0.05,False,tested,2025-05-09
pairwise_qlike_clipped_sensitivity,22day,^FTSE,QLIKE,Persistence,RandomForest,1,Benchmark,1,Machine Learning,783,2022-11-25,2025-11-28,-1.2523886135187943,-1.2564323115028355,0.004043697984041139,B_lower,0.16836153054136552,t(T-1),Bartlett,21.0,fixed_21,0.45168269777974934,0.8663424042990432,holm,pairwise_qlike_clipped_sensitivity|22day|^FTSE|QLIKE|fixed_21,90,1.0,0.05,False,tested,2025-05-09
pairwise_qlike_clipped_sensitivity,22day,^FTSE,QLIKE,Persistence,XGBoost,1,Benchmark,1,Machine Learning,783,2022-11-25,2025-11-28,-1.2523886135187943,-1.2459910825945,-0.006397530924294366,A_lower,-0.28235937488593993,t(T-1),Bartlett,21.0,fixed_21,0.401959341679196,0.7777426764337241,holm,pairwise_qlike_clipped_sensitivity|22day|^FTSE|QLIKE|fixed_21,90,1.0,0.05,False,tested,2025-05-09
pairwise_qlike_clipped_sensitivity,22day,^FTSE,QLIKE,Persistence,LSTM,1,Benchmark,2,Deep Learning,783,2022-11-25,2025-11-28,-1.2523886135187943,-1.2733004566043125,0.020911843085518,B_lower,0.9886257088016519,t(T-1),Bartlett,21.0,fixed_21,0.35033423991149126,0.32315209220612795,holm,pairwise_qlike_clipped_sensitivity|22day|^FTSE|QLIKE|fixed_21,90,1.0,0.05,False,tested,2025-05-09
pairwise_qlike_clipped_sensitivity,22day,^FTSE,QLIKE,Persistence,GRU,1,Benchmark,2,Deep Learning,783,2022-11-25,2025-11-28,-1.2523886135187943,-1.275538978246911,0.02315036472811674,B_lower,1.1269438391550113,t(T-1),Bartlett,21.0,fixed_21,0.3304249933448397,0.26011190840025483,holm,pairwise_qlike_clipped_sensitivity|22day|^FTSE|QLIKE|fixed_21,90,1.0,0.05,False,tested,2025-05-09
pairwise_qlike_clipped_sensitivity,22day,^FTSE,QLIKE,Persistence,Transformer,1,Benchmark,2,Deep Learning,783,2022-11-25,2025-11-28,-1.2523886135187943,-1.2732446095695964,0.020855996050802055,B_lower,1.1357459491672537,t(T-1),Bartlett,21.0,fixed_21,0.26403484249238574,0.25641085990189655,holm,pairwise_qlike_clipped_sensitivity|22day|^FTSE|QLIKE|fixed_21,90,1.0,0.05,False,tested,2025-05-09
pairwise_qlike_clipped_sensitivity,22day,^FTSE,QLIKE,Persistence,GARCHLSTM,1,Benchmark,3,Hybrid,783,2022-11-25,2025-11-28,-1.2523886135187943,-1.2823774232730596,0.029988809754265117,B_lower,1.6376726630719938,t(T-1),Bartlett,21.0,fixed_21,0.2625584627963781,0.10189228870063796,holm,pairwise_qlike_clipped_sensitivity|22day|^FTSE|QLIKE|fixed_21,90,1.0,0.05,False,tested,2025-05-09
pairwise_qlike_clipped_sensitivity,22day,^FTSE,QLIKE,Persistence,GARCHGRU,1,Benchmark,3,Hybrid,783,2022-11-25,2025-11-28,-1.2523886135187943,-1.2764892460083832,0.024100632489588474,B_lower,1.3506030785320198,t(T-1),Bartlett,21.0,fixed_21,0.24932347531089322,0.177213311055701,holm,pairwise_qlike_clipped_sensitivity|22day|^FTSE|QLIKE|fixed_21,90,1.0,0.05,False,tested,2025-05-09
pairwise_qlike_clipped_sensitivity,22day,^FTSE,QLIKE,Persistence,GARCHTransformer,1,Benchmark,3,Hybrid,783,2022-11-25,2025-11-28,-1.2523886135187943,-1.276093959601804,0.02370534608300964,B_lower,1.2400040122902638,t(T-1),Bartlett,21.0,fixed_21,0.2861595086782102,0.21534586009063034,holm,pairwise_qlike_clipped_sensitivity|22day|^FTSE|QLIKE|fixed_21,90,1.0,0.05,False,tested,2025-05-09
pairwise_qlike_clipped_sensitivity,22day,^FTSE,QLIKE,GARCH,EGARCH,1,Econometric,1,Econometric,783,2022-11-25,2025-11-28,-1.2382916169599885,-1.2459462758114825,0.007654658851494008,B_lower,2.6492998023326293,t(T-1),Bartlett,21.0,fixed_21,0.006536589741705219,0.008228684967242482,holm,pairwise_qlike_clipped_sensitivity|22day|^FTSE|QLIKE|fixed_21,90,0.5924653176414587,0.05,False,tested,2025-05-09
pairwise_qlike_clipped_sensitivity,22day,^FTSE,QLIKE,GARCH,GJRGARCH,1,Econometric,1,Econometric,783,2022-11-25,2025-11-28,-1.2382916169599885,-1.2417776308793802,0.0034860139193914866,B_lower,1.309906147052388,t(T-1),Bartlett,21.0,fixed_21,0.00554548628409375,0.1906122515795614,holm,pairwise_qlike_clipped_sensitivity|22day|^FTSE|QLIKE|fixed_21,90,1.0,0.05,False,tested,2025-05-09
pairwise_qlike_clipped_sensitivity,22day,^FTSE,QLIKE,GARCH,LinearRegression,1,Econometric,1,Machine Learning,783,2022-11-25,2025-11-28,-1.2382916169599885,-1.233345870525774,-0.004945746434214455,A_lower,-0.20375073792165052,t(T-1),Bartlett,21.0,fixed_21,0.4613463346852202,0.8386012998568909,holm,pairwise_qlike_clipped_sensitivity|22day|^FTSE|QLIKE|fixed_21,90,1.0,0.05,False,tested,2025-05-09
pairwise_qlike_clipped_sensitivity,22day,^FTSE,QLIKE,GARCH,RandomForest,1,Econometric,1,Machine Learning,783,2022-11-25,2025-11-28,-1.2382916169599885,-1.2564323115028355,0.01814069454284698,B_lower,1.8307932551098829,t(T-1),Bartlett,21.0,fixed_21,0.0768760349973878,0.06751179278419359,holm,pairwise_qlike_clipped_sensitivity|22day|^FTSE|QLIKE|fixed_21,90,1.0,0.05,False,tested,2025-05-09
pairwise_qlike_clipped_sensitivity,22day,^FTSE,QLIKE,GARCH,XGBoost,1,Econometric,1,Machine Learning,783,2022-11-25,2025-11-28,-1.2382916169599885,-1.2459910825945,0.007699465634511478,B_lower,0.623029809040285,t(T-1),Bartlett,21.0,fixed_21,0.11958185323570729,0.5334465840473654,holm,pairwise_qlike_clipped_sensitivity|22day|^FTSE|QLIKE|fixed_21,90,1.0,0.05,False,tested,2025-05-09
pairwise_qlike_clipped_sensitivity,22day,^FTSE,QLIKE,GARCH,LSTM,1,Econometric,2,Deep Learning,783,2022-11-25,2025-11-28,-1.2382916169599885,-1.2733004566043125,0.035008839644323844,B_lower,3.626522223040502,t(T-1),Bartlett,21.0,fixed_21,0.07296868315474517,0.0003058912629985928,holm,pairwise_qlike_clipped_sensitivity|22day|^FTSE|QLIKE|fixed_21,90,0.026612539880877577,0.05,True,tested,2025-05-09
pairwise_qlike_clipped_sensitivity,22day,^FTSE,QLIKE,GARCH,GRU,1,Econometric,2,Deep Learning,783,2022-11-25,2025-11-28,-1.2382916169599885,-1.275538978246911,0.03724736128692259,B_lower,3.4950200239868985,t(T-1),Bartlett,21.0,fixed_21,0.08893105581645439,0.0005007133516336289,holm,pairwise_qlike_clipped_sensitivity|22day|^FTSE|QLIKE|fixed_21,90,0.043061348240492084,0.05,True,tested,2025-05-09
pairwise_qlike_clipped_sensitivity,22day,^FTSE,QLIKE,GARCH,Transformer,1,Econometric,2,Deep Learning,783,2022-11-25,2025-11-28,-1.2382916169599885,-1.2732446095695964,0.0349529926096079,B_lower,2.620282037114779,t(T-1),Bartlett,21.0,fixed_21,0.13932671998089013,0.008956170314264749,holm,pairwise_qlike_clipped_sensitivity|22day|^FTSE|QLIKE|fixed_21,90,0.6358880923127972,0.05,False,tested,2025-05-09
pairwise_qlike_clipped_sensitivity,22day,^FTSE,QLIKE,GARCH,GARCHLSTM,1,Econometric,3,Hybrid,783,2022-11-25,2025-11-28,-1.2382916169599885,-1.2823774232730596,0.04408580631307096,B_lower,5.242993972016023,t(T-1),Bartlett,21.0,fixed_21,0.05536057877147385,2.0349226222953373e-07,holm,pairwise_qlike_clipped_sensitivity|22day|^FTSE|QLIKE|fixed_21,90,1.8314303600658036e-05,0.05,True,tested,2025-05-09
pairwise_qlike_clipped_sensitivity,22day,^FTSE,QLIKE,GARCH,GARCHGRU,1,Econometric,3,Hybrid,783,2022-11-25,2025-11-28,-1.2382916169599885,-1.2764892460083832,0.03819762904839432,B_lower,3.396215118015296,t(T-1),Bartlett,21.0,fixed_21,0.09904765409826297,0.0007177422112794319,holm,pairwise_qlike_clipped_sensitivity|22day|^FTSE|QLIKE|fixed_21,90,0.06029034574747228,0.05,False,tested,2025-05-09
pairwise_qlike_clipped_sensitivity,22day,^FTSE,QLIKE,GARCH,GARCHTransformer,1,Econometric,3,Hybrid,783,2022-11-25,2025-11-28,-1.2382916169599885,-1.276093959601804,0.03780234264181548,B_lower,3.4318747396421654,t(T-1),Bartlett,21.0,fixed_21,0.09500278446687802,0.0006309106784539664,holm,pairwise_qlike_clipped_sensitivity|22day|^FTSE|QLIKE|fixed_21,90,0.053627407668587146,0.05,False,tested,2025-05-09
pairwise_qlike_clipped_sensitivity,22day,^FTSE,QLIKE,EGARCH,GJRGARCH,1,Econometric,1,Econometric,783,2022-11-25,2025-11-28,-1.2459462758114825,-1.2417776308793802,-0.004168644932102522,A_lower,-1.4293232132070068,t(T-1),Bartlett,21.0,fixed_21,0.00666025226074552,0.1533107020809328,holm,pairwise_qlike_clipped_sensitivity|22day|^FTSE|QLIKE|fixed_21,90,1.0,0.05,False,tested,2025-05-09
pairwise_qlike_clipped_sensitivity,22day,^FTSE,QLIKE,EGARCH,LinearRegression,1,Econometric,1,Machine Learning,783,2022-11-25,2025-11-28,-1.2459462758114825,-1.233345870525774,-0.012600405285708464,A_lower,-0.5249540175670244,t(T-1),Bartlett,21.0,fixed_21,0.45111603335572514,0.5997639463182581,holm,pairwise_qlike_clipped_sensitivity|22day|^FTSE|QLIKE|fixed_21,90,1.0,0.05,False,tested,2025-05-09
pairwise_qlike_clipped_sensitivity,22day,^FTSE,QLIKE,EGARCH,RandomForest,1,Econometric,1,Machine Learning,783,2022-11-25,2025-11-28,-1.2459462758114825,-1.2564323115028355,0.01048603569135297,B_lower,1.0839711603818432,t(T-1),Bartlett,21.0,fixed_21,0.073273843028454,0.2787116710032607,holm,pairwise_qlike_clipped_sensitivity|22day|^FTSE|QLIKE|fixed_21,90,1.0,0.05,False,tested,2025-05-09
pairwise_qlike_clipped_sensitivity,22day,^FTSE,QLIKE,EGARCH,XGBoost,1,Econometric,1,Machine Learning,783,2022-11-25,2025-11-28,-1.2459462758114825,-1.2459910825945,4.480678301747019e-05,B_lower,0.003671976480850197,t(T-1),Bartlett,21.0,fixed_21,0.11658683389960194,0.9970711297397128,holm,pairwise_qlike_clipped_sensitivity|22day|^FTSE|QLIKE|fixed_21,90,1.0,0.05,False,tested,2025-05-09
pairwise_qlike_clipped_sensitivity,22day,^FTSE,QLIKE,EGARCH,LSTM,1,Econometric,2,Deep Learning,783,2022-11-25,2025-11-28,-1.2459462758114825,-1.2733004566043125,0.027354180792829835,B_lower,3.0610507857150595,t(T-1),Bartlett,21.0,fixed_21,0.06252707572588861,0.0022810657035600354,holm,pairwise_qlike_clipped_sensitivity|22day|^FTSE|QLIKE|fixed_21,90,0.18248525628480283,0.05,False,tested,2025-05-09
pairwise_qlike_clipped_sensitivity,22day,^FTSE,QLIKE,EGARCH,GRU,1,Econometric,2,Deep Learning,783,2022-11-25,2025-11-28,-1.2459462758114825,-1.275538978246911,0.029592702435428577,B_lower,2.8480998925364043,t(T-1),Bartlett,21.0,fixed_21,0.08453189046076151,0.0045135029348351945,holm,pairwise_qlike_clipped_sensitivity|22day|^FTSE|QLIKE|fixed_21,90,0.3385127201126396,0.05,False,tested,2025-05-09
pairwise_qlike_clipped_sensitivity,22day,^FTSE,QLIKE,EGARCH,Transformer,1,Econometric,2,Deep Learning,783,2022-11-25,2025-11-28,-1.2459462758114825,-1.2732446095695964,0.027298333758113892,B_lower,2.0805212264682567,t(T-1),Bartlett,21.0,fixed_21,0.134799952313984,0.037802761423581396,holm,pairwise_qlike_clipped_sensitivity|22day|^FTSE|QLIKE|fixed_21,90,1.0,0.05,False,tested,2025-05-09
pairwise_qlike_clipped_sensitivity,22day,^FTSE,QLIKE,EGARCH,GARCHLSTM,1,Econometric,3,Hybrid,783,2022-11-25,2025-11-28,-1.2459462758114825,-1.2823774232730596,0.03643114746157696,B_lower,4.34846188850709,t(T-1),Bartlett,21.0,fixed_21,0.05495865888875127,1.5522878337593438e-05,holm,pairwise_qlike_clipped_sensitivity|22day|^FTSE|QLIKE|fixed_21,90,0.0013660132937082226,0.05,True,tested,2025-05-09
pairwise_qlike_clipped_sensitivity,22day,^FTSE,QLIKE,EGARCH,GARCHGRU,1,Econometric,3,Hybrid,783,2022-11-25,2025-11-28,-1.2459462758114825,-1.2764892460083832,0.030542970196900315,B_lower,2.766811208084564,t(T-1),Bartlett,21.0,fixed_21,0.09541688760726055,0.005794411400684278,holm,pairwise_qlike_clipped_sensitivity|22day|^FTSE|QLIKE|fixed_21,90,0.42299203224995224,0.05,False,tested,2025-05-09
pairwise_qlike_clipped_sensitivity,22day,^FTSE,QLIKE,EGARCH,GARCHTransformer,1,Econometric,3,Hybrid,783,2022-11-25,2025-11-28,-1.2459462758114825,-1.276093959601804,0.030147683790321473,B_lower,2.799133606077974,t(T-1),Bartlett,21.0,fixed_21,0.09082855566848713,0.005250193801094546,holm,pairwise_qlike_clipped_sensitivity|22day|^FTSE|QLIKE|fixed_21,90,0.3885143412809964,0.05,False,tested,2025-05-09
pairwise_qlike_clipped_sensitivity,22day,^FTSE,QLIKE,GJRGARCH,LinearRegression,1,Econometric,1,Machine Learning,783,2022-11-25,2025-11-28,-1.2417776308793802,-1.233345870525774,-0.00843176035360594,A_lower,-0.34813131937844627,t(T-1),Bartlett,21.0,fixed_21,0.45931653420093344,0.727835256583304,holm,pairwise_qlike_clipped_sensitivity|22day|^FTSE|QLIKE|fixed_21,90,1.0,0.05,False,tested,2025-05-09
pairwise_qlike_clipped_sensitivity,22day,^FTSE,QLIKE,GJRGARCH,RandomForest,1,Econometric,1,Machine Learning,783,2022-11-25,2025-11-28,-1.2417776308793802,-1.2564323115028355,0.014654680623455494,B_lower,1.476636278917999,t(T-1),Bartlett,21.0,fixed_21,0.07712006905380017,0.14017572938621456,holm,pairwise_qlike_clipped_sensitivity|22day|^FTSE|QLIKE|fixed_21,90,1.0,0.05,False,tested,2025-05-09
pairwise_qlike_clipped_sensitivity,22day,^FTSE,QLIKE,GJRGARCH,XGBoost,1,Econometric,1,Machine Learning,783,2022-11-25,2025-11-28,-1.2417776308793802,-1.2459910825945,0.004213451715119993,B_lower,0.3456835615349103,t(T-1),Bartlett,21.0,fixed_21,0.11632695210509655,0.729673511077384,holm,pairwise_qlike_clipped_sensitivity|22day|^FTSE|QLIKE|fixed_21,90,1.0,0.05,False,tested,2025-05-09
pairwise_qlike_clipped_sensitivity,22day,^FTSE,QLIKE,GJRGARCH,LSTM,1,Econometric,2,Deep Learning,783,2022-11-25,2025-11-28,-1.2417776308793802,-1.2733004566043125,0.03152282572493236,B_lower,3.29605043850558,t(T-1),Bartlett,21.0,fixed_21,0.07161835575968362,0.0010247592868243955,holm,pairwise_qlike_clipped_sensitivity|22day|^FTSE|QLIKE|fixed_21,90,0.08403026151960043,0.05,False,tested,2025-05-09
pairwise_qlike_clipped_sensitivity,22day,^FTSE,QLIKE,GJRGARCH,GRU,1,Econometric,2,Deep Learning,783,2022-11-25,2025-11-28,-1.2417776308793802,-1.275538978246911,0.0337613473675311,B_lower,3.0295342283093047,t(T-1),Bartlett,21.0,fixed_21,0.09724103565278601,0.0025299465978306365,holm,pairwise_qlike_clipped_sensitivity|22day|^FTSE|QLIKE|fixed_21,90,0.19986578122862028,0.05,False,tested,2025-05-09
pairwise_qlike_clipped_sensitivity,22day,^FTSE,QLIKE,GJRGARCH,Transformer,1,Econometric,2,Deep Learning,783,2022-11-25,2025-11-28,-1.2417776308793802,-1.2732446095695964,0.031466978690216404,B_lower,2.2561276011926426,t(T-1),Bartlett,21.0,fixed_21,0.15231565302317132,0.024338102946652465,holm,pairwise_qlike_clipped_sensitivity|22day|^FTSE|QLIKE|fixed_21,90,1.0,0.05,False,tested,2025-05-09
pairwise_qlike_clipped_sensitivity,22day,^FTSE,QLIKE,GJRGARCH,GARCHLSTM,1,Econometric,3,Hybrid,783,2022-11-25,2025-11-28,-1.2417776308793802,-1.2823774232730596,0.04059979239367948,B_lower,4.644770107629878,t(T-1),Bartlett,21.0,fixed_21,0.059824756649337625,3.99324177571095e-06,holm,pairwise_qlike_clipped_sensitivity|22day|^FTSE|QLIKE|fixed_21,90,0.00035539851803827454,0.05,True,tested,2025-05-09
pairwise_qlike_clipped_sensitivity,22day,^FTSE,QLIKE,GJRGARCH,GARCHGRU,1,Econometric,3,Hybrid,783,2022-11-25,2025-11-28,-1.2417776308793802,-1.2764892460083832,0.03471161512900284,B_lower,2.963996040589323,t(T-1),Bartlett,21.0,fixed_21,0.10738810218966947,0.003128943416517311,holm,pairwise_qlike_clipped_sensitivity|22day|^FTSE|QLIKE|fixed_21,90,0.24405758648835027,0.05,False,tested,2025-05-09
pairwise_qlike_clipped_sensitivity,22day,^FTSE,QLIKE,GJRGARCH,GARCHTransformer,1,Econometric,3,Hybrid,783,2022-11-25,2025-11-28,-1.2417776308793802,-1.276093959601804,0.034316328722423996,B_lower,2.9134715251206362,t(T-1),Bartlett,21.0,fixed_21,0.10862801536882423,0.0036762452697822324,holm,pairwise_qlike_clipped_sensitivity|22day|^FTSE|QLIKE|fixed_21,90,0.27939464050344964,0.05,False,tested,2025-05-09
pairwise_qlike_clipped_sensitivity,22day,^FTSE,QLIKE,LinearRegression,RandomForest,1,Machine Learning,1,Machine Learning,783,2022-11-25,2025-11-28,-1.233345870525774,-1.2564323115028355,0.023086440977061435,B_lower,0.909031281416351,t(T-1),Bartlett,21.0,fixed_21,0.505031049129306,0.36361368406164146,holm,pairwise_qlike_clipped_sensitivity|22day|^FTSE|QLIKE|fixed_21,90,1.0,0.05,False,tested,2025-05-09
pairwise_qlike_clipped_sensitivity,22day,^FTSE,QLIKE,LinearRegression,XGBoost,1,Machine Learning,1,Machine Learning,783,2022-11-25,2025-11-28,-1.233345870525774,-1.2459910825945,0.012645212068725929,B_lower,0.508488953531169,t(T-1),Bartlett,21.0,fixed_21,0.48422917349690836,0.6112538996880212,holm,pairwise_qlike_clipped_sensitivity|22day|^FTSE|QLIKE|fixed_21,90,1.0,0.05,False,tested,2025-05-09
pairwise_qlike_clipped_sensitivity,22day,^FTSE,QLIKE,LinearRegression,LSTM,1,Machine Learning,2,Deep Learning,783,2022-11-25,2025-11-28,-1.233345870525774,-1.2733004566043125,0.0399545860785383,B_lower,1.6534201048805337,t(T-1),Bartlett,21.0,fixed_21,0.45722356482636667,0.09864674338295291,holm,pairwise_qlike_clipped_sensitivity|22day|^FTSE|QLIKE|fixed_21,90,1.0,0.05,False,tested,2025-05-09
pairwise_qlike_clipped_sensitivity,22day,^FTSE,QLIKE,LinearRegression,GRU,1,Machine Learning,2,Deep Learning,783,2022-11-25,2025-11-28,-1.233345870525774,-1.275538978246911,0.042193107721137046,B_lower,1.8511049923250262,t(T-1),Bartlett,21.0,fixed_21,0.4068016321224973,0.0645313225474965,holm,pairwise_qlike_clipped_sensitivity|22day|^FTSE|QLIKE|fixed_21,90,1.0,0.05,False,tested,2025-05-09
pairwise_qlike_clipped_sensitivity,22day,^FTSE,QLIKE,LinearRegression,Transformer,1,Machine Learning,2,Deep Learning,783,2022-11-25,2025-11-28,-1.233345870525774,-1.2732446095695964,0.03989873904382235,B_lower,2.105531930444029,t(T-1),Bartlett,21.0,fixed_21,0.2811618804468341,0.03556333560605148,holm,pairwise_qlike_clipped_sensitivity|22day|^FTSE|QLIKE|fixed_21,90,1.0,0.05,False,tested,2025-05-09
pairwise_qlike_clipped_sensitivity,22day,^FTSE,QLIKE,LinearRegression,GARCHLSTM,1,Machine Learning,3,Hybrid,783,2022-11-25,2025-11-28,-1.233345870525774,-1.2823774232730596,0.04903155274728543,B_lower,2.581975113269165,t(T-1),Bartlett,21.0,fixed_21,0.2823637570524126,0.010004476762772352,holm,pairwise_qlike_clipped_sensitivity|22day|^FTSE|QLIKE|fixed_21,90,0.7003133733940646,0.05,False,tested,2025-05-09
pairwise_qlike_clipped_sensitivity,22day,^FTSE,QLIKE,LinearRegression,GARCHGRU,1,Machine Learning,3,Hybrid,783,2022-11-25,2025-11-28,-1.233345870525774,-1.2764892460083832,0.04314337548260878,B_lower,2.210153924129117,t(T-1),Bartlett,21.0,fixed_21,0.29836299774198755,0.027383361341734098,holm,pairwise_qlike_clipped_sensitivity|22day|^FTSE|QLIKE|fixed_21,90,1.0,0.05,False,tested,2025-05-09
pairwise_qlike_clipped_sensitivity,22day,^FTSE,QLIKE,LinearRegression,GARCHTransformer,1,Machine Learning,3,Hybrid,783,2022-11-25,2025-11-28,-1.233345870525774,-1.276093959601804,0.042748089076029935,B_lower,1.9998781671086128,t(T-1),Bartlett,21.0,fixed_21,0.357756962909552,0.045858870078221245,holm,pairwise_qlike_clipped_sensitivity|22day|^FTSE|QLIKE|fixed_21,90,1.0,0.05,False,tested,2025-05-09
pairwise_qlike_clipped_sensitivity,22day,^FTSE,QLIKE,RandomForest,XGBoost,1,Machine Learning,1,Machine Learning,783,2022-11-25,2025-11-28,-1.2564323115028355,-1.2459910825945,-0.010441228908335501,A_lower,-1.4731585077244755,t(T-1),Bartlett,21.0,fixed_21,0.03933381219548135,0.14111068246895217,holm,pairwise_qlike_clipped_sensitivity|22day|^FTSE|QLIKE|fixed_21,90,1.0,0.05,False,tested,2025-05-09
pairwise_qlike_clipped_sensitivity,22day,^FTSE,QLIKE,RandomForest,LSTM,1,Machine Learning,2,Deep Learning,783,2022-11-25,2025-11-28,-1.2564323115028355,-1.2733004566043125,0.016868145101476866,B_lower,2.42900586988317,t(T-1),Bartlett,21.0,fixed_21,0.03776063507461676,0.015364627288900142,holm,pairwise_qlike_clipped_sensitivity|22day|^FTSE|QLIKE|fixed_21,90,1.0,0.05,False,tested,2025-05-09
pairwise_qlike_clipped_sensitivity,22day,^FTSE,QLIKE,RandomForest,GRU,1,Machine Learning,2,Deep Learning,783,2022-11-25,2025-11-28,-1.2564323115028355,-1.275538978246911,0.019106666744075608,B_lower,2.1144334542781293,t(T-1),Bartlett,21.0,fixed_21,0.06393572239530507,0.03479414515230739,holm,pairwise_qlike_clipped_sensitivity|22day|^FTSE|QLIKE|fixed_21,90,1.0,0.05,False,tested,2025-05-09
pairwise_qlike_clipped_sensitivity,22day,^FTSE,QLIKE,RandomForest,Transformer,1,Machine Learning,2,Deep Learning,783,2022-11-25,2025-11-28,-1.2564323115028355,-1.2732446095695964,0.016812298066760916,B_lower,1.0330562717513918,t(T-1),Bartlett,21.0,fixed_21,0.20738052366439177,0.30189693870267403,holm,pairwise_qlike_clipped_sensitivity|22day|^FTSE|QLIKE|fixed_21,90,1.0,0.05,False,tested,2025-05-09
pairwise_qlike_clipped_sensitivity,22day,^FTSE,QLIKE,RandomForest,GARCHLSTM,1,Machine Learning,3,Hybrid,783,2022-11-25,2025-11-28,-1.2564323115028355,-1.2823774232730596,0.02594511177022398,B_lower,2.4556266339183437,t(T-1),Bartlett,21.0,fixed_21,0.08740739631832954,0.014280485231588416,holm,pairwise_qlike_clipped_sensitivity|22day|^FTSE|QLIKE|fixed_21,90,0.9853534809796007,0.05,False,tested,2025-05-09
pairwise_qlike_clipped_sensitivity,22day,^FTSE,QLIKE,RandomForest,GARCHGRU,1,Machine Learning,3,Hybrid,783,2022-11-25,2025-11-28,-1.2564323115028355,-1.2764892460083832,0.020056934505547342,B_lower,1.5470249920377228,t(T-1),Bartlett,21.0,fixed_21,0.13161222015829196,0.12226179557178815,holm,pairwise_qlike_clipped_sensitivity|22day|^FTSE|QLIKE|fixed_21,90,1.0,0.05,False,tested,2025-05-09
pairwise_qlike_clipped_sensitivity,22day,^FTSE,QLIKE,RandomForest,GARCHTransformer,1,Machine Learning,3,Hybrid,783,2022-11-25,2025-11-28,-1.2564323115028355,-1.276093959601804,0.019661648098968504,B_lower,1.4032237654636353,t(T-1),Bartlett,21.0,fixed_21,0.15372614517503258,0.16094705084446723,holm,pairwise_qlike_clipped_sensitivity|22day|^FTSE|QLIKE|fixed_21,90,1.0,0.05,False,tested,2025-05-09
pairwise_qlike_clipped_sensitivity,22day,^FTSE,QLIKE,XGBoost,LSTM,1,Machine Learning,2,Deep Learning,783,2022-11-25,2025-11-28,-1.2459910825945,-1.2733004566043125,0.027309374009812367,B_lower,2.9632270515383694,t(T-1),Bartlett,21.0,fixed_21,0.06650516773718025,0.003136683117667656,holm,pairwise_qlike_clipped_sensitivity|22day|^FTSE|QLIKE|fixed_21,90,0.24405758648835027,0.05,False,tested,2025-05-09
pairwise_qlike_clipped_sensitivity,22day,^FTSE,QLIKE,XGBoost,GRU,1,Machine Learning,2,Deep Learning,783,2022-11-25,2025-11-28,-1.2459910825945,-1.275538978246911,0.02954789565241111,B_lower,3.1421035560941366,t(T-1),Bartlett,21.0,fixed_21,0.06924268290878952,0.0017406194498107443,holm,pairwise_qlike_clipped_sensitivity|22day|^FTSE|QLIKE|fixed_21,90,0.1409901754346703,0.05,False,tested,2025-05-09
pairwise_qlike_clipped_sensitivity,22day,^FTSE,QLIKE,XGBoost,Transformer,1,Machine Learning,2,Deep Learning,783,2022-11-25,2025-11-28,-1.2459910825945,-1.2732446095695964,0.027253526975096424,B_lower,1.717690746718131,t(T-1),Bartlett,21.0,fixed_21,0.19711389399375576,0.08624892534038069,holm,pairwise_qlike_clipped_sensitivity|22day|^FTSE|QLIKE|fixed_21,90,1.0,0.05,False,tested,2025-05-09
pairwise_qlike_clipped_sensitivity,22day,^FTSE,QLIKE,XGBoost,GARCHLSTM,1,Machine Learning,3,Hybrid,783,2022-11-25,2025-11-28,-1.2459910825945,-1.2823774232730596,0.03638634067855948,B_lower,3.313288278839938,t(T-1),Bartlett,21.0,fixed_21,0.09443219326185101,0.0009644615920635853,holm,pairwise_qlike_clipped_sensitivity|22day|^FTSE|QLIKE|fixed_21,90,0.08005031214127759,0.05,False,tested,2025-05-09
pairwise_qlike_clipped_sensitivity,22day,^FTSE,QLIKE,XGBoost,GARCHGRU,1,Machine Learning,3,Hybrid,783,2022-11-25,2025-11-28,-1.2459910825945,-1.2764892460083832,0.030498163413882846,B_lower,2.4077738834261804,t(T-1),Bartlett,21.0,fixed_21,0.12562548093208237,0.016280698460045828,holm,pairwise_qlike_clipped_sensitivity|22day|^FTSE|QLIKE|fixed_21,90,1.0,0.05,False,tested,2025-05-09
pairwise_qlike_clipped_sensitivity,22day,^FTSE,QLIKE,XGBoost,GARCHTransformer,1,Machine Learning,3,Hybrid,783,2022-11-25,2025-11-28,-1.2459910825945,-1.276093959601804,0.030102877007304,B_lower,2.149341160055509,t(T-1),Bartlett,21.0,fixed_21,0.15359145669168206,0.03191358658724212,holm,pairwise_qlike_clipped_sensitivity|22day|^FTSE|QLIKE|fixed_21,90,1.0,0.05,False,tested,2025-05-09
pairwise_qlike_clipped_sensitivity,22day,^FTSE,QLIKE,LSTM,GRU,2,Deep Learning,2,Deep Learning,783,2022-11-25,2025-11-28,-1.2733004566043125,-1.275538978246911,0.0022385216425987405,B_lower,0.41072222855686347,t(T-1),Bartlett,21.0,fixed_21,0.023258834138374457,0.6813887407511424,holm,pairwise_qlike_clipped_sensitivity|22day|^FTSE|QLIKE|fixed_21,90,1.0,0.05,False,tested,2025-05-09
pairwise_qlike_clipped_sensitivity,22day,^FTSE,QLIKE,LSTM,Transformer,2,Deep Learning,2,Deep Learning,783,2022-11-25,2025-11-28,-1.2733004566043125,-1.2732446095695964,-5.58470347159457e-05,A_lower,-0.00439840269346726,t(T-1),Bartlett,21.0,fixed_21,0.12623274381770455,0.996491715481954,holm,pairwise_qlike_clipped_sensitivity|22day|^FTSE|QLIKE|fixed_21,90,1.0,0.05,False,tested,2025-05-09
pairwise_qlike_clipped_sensitivity,22day,^FTSE,QLIKE,LSTM,GARCHLSTM,2,Deep Learning,3,Hybrid,783,2022-11-25,2025-11-28,-1.2733004566043125,-1.2823774232730596,0.009076966668747119,B_lower,1.1340006125547426,t(T-1),Bartlett,21.0,fixed_21,0.050166830686697264,0.25714179884745986,holm,pairwise_qlike_clipped_sensitivity|22day|^FTSE|QLIKE|fixed_21,90,1.0,0.05,False,tested,2025-05-09
pairwise_qlike_clipped_sensitivity,22day,^FTSE,QLIKE,LSTM,GARCHGRU,2,Deep Learning,3,Hybrid,783,2022-11-25,2025-11-28,-1.2733004566043125,-1.2764892460083832,0.003188789404070474,B_lower,0.3165596881010298,t(T-1),Bartlett,21.0,fixed_21,0.0794515217692561,0.751662210888184,holm,pairwise_qlike_clipped_sensitivity|22day|^FTSE|QLIKE|fixed_21,90,1.0,0.05,False,tested,2025-05-09
pairwise_qlike_clipped_sensitivity,22day,^FTSE,QLIKE,LSTM,GARCHTransformer,2,Deep Learning,3,Hybrid,783,2022-11-25,2025-11-28,-1.2733004566043125,-1.276093959601804,0.002793502997491635,B_lower,0.27431638749090037,t(T-1),Bartlett,21.0,fixed_21,0.08120009544819383,0.783913938987782,holm,pairwise_qlike_clipped_sensitivity|22day|^FTSE|QLIKE|fixed_21,90,1.0,0.05,False,tested,2025-05-09
pairwise_qlike_clipped_sensitivity,22day,^FTSE,QLIKE,GRU,Transformer,2,Deep Learning,2,Deep Learning,783,2022-11-25,2025-11-28,-1.275538978246911,-1.2732446095695964,-0.0022943686773146854,A_lower,-0.25023346654531814,t(T-1),Bartlett,21.0,fixed_21,0.0658259881809384,0.802472529991603,holm,pairwise_qlike_clipped_sensitivity|22day|^FTSE|QLIKE|fixed_21,90,1.0,0.05,False,tested,2025-05-09
pairwise_qlike_clipped_sensitivity,22day,^FTSE,QLIKE,GRU,GARCHLSTM,2,Deep Learning,3,Hybrid,783,2022-11-25,2025-11-28,-1.275538978246911,-1.2823774232730596,0.006838445026148377,B_lower,1.0438404492198632,t(T-1),Bartlett,21.0,fixed_21,0.033605335706302024,0.29688178402925297,holm,pairwise_qlike_clipped_sensitivity|22day|^FTSE|QLIKE|fixed_21,90,1.0,0.05,False,tested,2025-05-09
pairwise_qlike_clipped_sensitivity,22day,^FTSE,QLIKE,GRU,GARCHGRU,2,Deep Learning,3,Hybrid,783,2022-11-25,2025-11-28,-1.275538978246911,-1.2764892460083832,0.000950267761471734,B_lower,0.15019035888187032,t(T-1),Bartlett,21.0,fixed_21,0.031345098829034156,0.8806531609213315,holm,pairwise_qlike_clipped_sensitivity|22day|^FTSE|QLIKE|fixed_21,90,1.0,0.05,False,tested,2025-05-09
pairwise_qlike_clipped_sensitivity,22day,^FTSE,QLIKE,GRU,GARCHTransformer,2,Deep Learning,3,Hybrid,783,2022-11-25,2025-11-28,-1.275538978246911,-1.276093959601804,0.0005549813548928935,B_lower,0.07939587607028194,t(T-1),Bartlett,21.0,fixed_21,0.03825803476053411,0.9367380611277988,holm,pairwise_qlike_clipped_sensitivity|22day|^FTSE|QLIKE|fixed_21,90,1.0,0.05,False,tested,2025-05-09
pairwise_qlike_clipped_sensitivity,22day,^FTSE,QLIKE,Transformer,GARCHLSTM,2,Deep Learning,3,Hybrid,783,2022-11-25,2025-11-28,-1.2732446095695964,-1.2823774232730596,0.009132813703463066,B_lower,1.1134595358141959,t(T-1),Bartlett,21.0,fixed_21,0.05267712711920325,0.2658532474367098,holm,pairwise_qlike_clipped_sensitivity|22day|^FTSE|QLIKE|fixed_21,90,1.0,0.05,False,tested,2025-05-09
pairwise_qlike_clipped_sensitivity,22day,^FTSE,QLIKE,Transformer,GARCHGRU,2,Deep Learning,3,Hybrid,783,2022-11-25,2025-11-28,-1.2732446095695964,-1.2764892460083832,0.003244636438786422,B_lower,0.5594308387583157,t(T-1),Bartlett,21.0,fixed_21,0.02633910647431214,0.5760279047469044,holm,pairwise_qlike_clipped_sensitivity|22day|^FTSE|QLIKE|fixed_21,90,1.0,0.05,False,tested,2025-05-09
pairwise_qlike_clipped_sensitivity,22day,^FTSE,QLIKE,Transformer,GARCHTransformer,2,Deep Learning,3,Hybrid,783,2022-11-25,2025-11-28,-1.2732446095695964,-1.276093959601804,0.0028493500322075817,B_lower,0.687683903248285,t(T-1),Bartlett,21.0,fixed_21,0.013442364033248177,0.4918557709885906,holm,pairwise_qlike_clipped_sensitivity|22day|^FTSE|QLIKE|fixed_21,90,1.0,0.05,False,tested,2025-05-09
pairwise_qlike_clipped_sensitivity,22day,^FTSE,QLIKE,GARCHLSTM,GARCHGRU,3,Hybrid,3,Hybrid,783,2022-11-25,2025-11-28,-1.2823774232730596,-1.2764892460083832,-0.005888177264676644,A_lower,-1.0938194359947369,t(T-1),Bartlett,21.0,fixed_21,0.02268988224657284,0.2743709908354231,holm,pairwise_qlike_clipped_sensitivity|22day|^FTSE|QLIKE|fixed_21,90,1.0,0.05,False,tested,2025-05-09
pairwise_qlike_clipped_sensitivity,22day,^FTSE,QLIKE,GARCHLSTM,GARCHTransformer,3,Hybrid,3,Hybrid,783,2022-11-25,2025-11-28,-1.2823774232730596,-1.276093959601804,-0.006283463671255483,A_lower,-0.8843870610429586,t(T-1),Bartlett,21.0,fixed_21,0.03952530400520196,0.37675913139907813,holm,pairwise_qlike_clipped_sensitivity|22day|^FTSE|QLIKE|fixed_21,90,1.0,0.05,False,tested,2025-05-09
pairwise_qlike_clipped_sensitivity,22day,^FTSE,QLIKE,GARCHGRU,GARCHTransformer,3,Hybrid,3,Hybrid,783,2022-11-25,2025-11-28,-1.2764892460083832,-1.276093959601804,-0.00039528640657883945,A_lower,-0.07679299257722808,t(T-1),Bartlett,21.0,fixed_21,0.020746380426907723,0.9388078679531547,holm,pairwise_qlike_clipped_sensitivity|22day|^FTSE|QLIKE|fixed_21,90,1.0,0.05,False,tested,2025-05-09
pairwise_qlike_clipped_sensitivity,22day,^N225,QLIKE,HistoricalVolatility,Persistence,1,Benchmark,1,Benchmark,782,2022-11-25,2025-11-28,-0.6049399148013925,-0.6049399148013925,0.0,equal,,t(T-1),Bartlett,,auto_floor_h-1,,,holm,pairwise_qlike_clipped_sensitivity|22day|^N225|QLIKE|auto_floor_h-1,90,,0.05,,identical_forecasts,2025-05-09;2025-05-12
pairwise_qlike_clipped_sensitivity,22day,^N225,QLIKE,HistoricalVolatility,GARCH,1,Benchmark,1,Econometric,782,2022-11-25,2025-11-28,-0.6049399148013925,-0.6440674873738186,0.03912757257242613,B_lower,2.096571146529555,t(T-1),Bartlett,24.0,auto_floor_h-1,0.2723662899056365,0.03635269153450152,holm,pairwise_qlike_clipped_sensitivity|22day|^N225|QLIKE|auto_floor_h-1,90,1.0,0.05,False,tested,2025-05-09;2025-05-12
pairwise_qlike_clipped_sensitivity,22day,^N225,QLIKE,HistoricalVolatility,EGARCH,1,Benchmark,1,Econometric,782,2022-11-25,2025-11-28,-0.6049399148013925,-0.6362550263274247,0.03131511152603225,B_lower,1.1758737867350586,t(T-1),Bartlett,24.0,auto_floor_h-1,0.5546171064295733,0.2400036268320795,holm,pairwise_qlike_clipped_sensitivity|22day|^N225|QLIKE|auto_floor_h-1,90,1.0,0.05,False,tested,2025-05-09;2025-05-12
pairwise_qlike_clipped_sensitivity,22day,^N225,QLIKE,HistoricalVolatility,GJRGARCH,1,Benchmark,1,Econometric,782,2022-11-25,2025-11-28,-0.6049399148013925,-0.6483024122614944,0.04336249746010195,B_lower,2.1592740748453423,t(T-1),Bartlett,24.0,auto_floor_h-1,0.31536957072356,0.03113272759621625,holm,pairwise_qlike_clipped_sensitivity|22day|^N225|QLIKE|auto_floor_h-1,90,1.0,0.05,False,tested,2025-05-09;2025-05-12
pairwise_qlike_clipped_sensitivity,22day,^N225,QLIKE,HistoricalVolatility,LinearRegression,1,Benchmark,1,Machine Learning,782,2022-11-25,2025-11-28,-0.6049399148013925,-0.5501377528662141,-0.05480216193517838,A_lower,-1.5326847107931114,t(T-1),Bartlett,21.0,auto_floor_h-1,0.9997616788176753,0.12575851336062197,holm,pairwise_qlike_clipped_sensitivity|22day|^N225|QLIKE|auto_floor_h-1,90,1.0,0.05,False,tested,2025-05-09;2025-05-12
pairwise_qlike_clipped_sensitivity,22day,^N225,QLIKE,HistoricalVolatility,RandomForest,1,Benchmark,1,Machine Learning,782,2022-11-25,2025-11-28,-0.6049399148013925,-0.628020739028809,0.023080824227416523,B_lower,1.0693472195686018,t(T-1),Bartlett,23.0,auto_floor_h-1,0.3643106700687824,0.2852436244794355,holm,pairwise_qlike_clipped_sensitivity|22day|^N225|QLIKE|auto_floor_h-1,90,1.0,0.05,False,tested,2025-05-09;2025-05-12
pairwise_qlike_clipped_sensitivity,22day,^N225,QLIKE,HistoricalVolatility,XGBoost,1,Benchmark,1,Machine Learning,782,2022-11-25,2025-11-28,-0.6049399148013925,-0.5608818924371087,-0.04405802236428377,A_lower,-1.9816635395148567,t(T-1),Bartlett,22.0,auto_floor_h-1,0.3865421993247522,0.04786713347294913,holm,pairwise_qlike_clipped_sensitivity|22day|^N225|QLIKE|auto_floor_h-1,90,1.0,0.05,False,tested,2025-05-09;2025-05-12
pairwise_qlike_clipped_sensitivity,22day,^N225,QLIKE,HistoricalVolatility,LSTM,1,Benchmark,2,Deep Learning,782,2022-11-25,2025-11-28,-0.6049399148013925,-0.6098604817316693,0.004920566930276866,B_lower,0.3202830634161532,t(T-1),Bartlett,23.0,auto_floor_h-1,0.1845733915920324,0.7488394297789077,holm,pairwise_qlike_clipped_sensitivity|22day|^N225|QLIKE|auto_floor_h-1,90,1.0,0.05,False,tested,2025-05-09;2025-05-12
pairwise_qlike_clipped_sensitivity,22day,^N225,QLIKE,HistoricalVolatility,GRU,1,Benchmark,2,Deep Learning,782,2022-11-25,2025-11-28,-0.6049399148013925,-0.585136907220845,-0.019803007580547476,A_lower,-0.8000632685479218,t(T-1),Bartlett,24.0,auto_floor_h-1,0.47909362970459757,0.42391742379217107,holm,pairwise_qlike_clipped_sensitivity|22day|^N225|QLIKE|auto_floor_h-1,90,1.0,0.05,False,tested,2025-05-09;2025-05-12
pairwise_qlike_clipped_sensitivity,22day,^N225,QLIKE,HistoricalVolatility,Transformer,1,Benchmark,2,Deep Learning,782,2022-11-25,2025-11-28,-0.6049399148013925,-0.6120399749100722,0.007100060108679651,B_lower,0.44857313189264447,t(T-1),Bartlett,22.0,auto_floor_h-1,0.19591346673011045,0.6538640444970127,holm,pairwise_qlike_clipped_sensitivity|22day|^N225|QLIKE|auto_floor_h-1,90,1.0,0.05,False,tested,2025-05-09;2025-05-12
pairwise_qlike_clipped_sensitivity,22day,^N225,QLIKE,HistoricalVolatility,GARCHLSTM,1,Benchmark,3,Hybrid,782,2022-11-25,2025-11-28,-0.6049399148013925,-0.607379740211982,0.0024398254105895997,B_lower,0.1353022133855978,t(T-1),Bartlett,23.0,auto_floor_h-1,0.2542813163089393,0.8924077983055546,holm,pairwise_qlike_clipped_sensitivity|22day|^N225|QLIKE|auto_floor_h-1,90,1.0,0.05,False,tested,2025-05-09;2025-05-12
pairwise_qlike_clipped_sensitivity,22day,^N225,QLIKE,HistoricalVolatility,GARCHGRU,1,Benchmark,3,Hybrid,782,2022-11-25,2025-11-28,-0.6049399148013925,-0.5914701523657733,-0.013469762435619136,A_lower,-0.6484805301694662,t(T-1),Bartlett,23.0,auto_floor_h-1,0.3373904166155902,0.5168648155838802,holm,pairwise_qlike_clipped_sensitivity|22day|^N225|QLIKE|auto_floor_h-1,90,1.0,0.05,False,tested,2025-05-09;2025-05-12
pairwise_qlike_clipped_sensitivity,22day,^N225,QLIKE,HistoricalVolatility,GARCHTransformer,1,Benchmark,3,Hybrid,782,2022-11-25,2025-11-28,-0.6049399148013925,-0.6051914901930772,0.0002515753916846578,B_lower,0.014724248166468635,t(T-1),Bartlett,22.0,auto_floor_h-1,0.22828470296603054,0.9882559346630845,holm,pairwise_qlike_clipped_sensitivity|22day|^N225|QLIKE|auto_floor_h-1,90,1.0,0.05,False,tested,2025-05-09;2025-05-12
pairwise_qlike_clipped_sensitivity,22day,^N225,QLIKE,Persistence,GARCH,1,Benchmark,1,Econometric,782,2022-11-25,2025-11-28,-0.6049399148013925,-0.6440674873738186,0.03912757257242613,B_lower,2.096571146529555,t(T-1),Bartlett,24.0,auto_floor_h-1,0.2723662899056365,0.03635269153450152,holm,pairwise_qlike_clipped_sensitivity|22day|^N225|QLIKE|auto_floor_h-1,90,1.0,0.05,False,tested,2025-05-09;2025-05-12
pairwise_qlike_clipped_sensitivity,22day,^N225,QLIKE,Persistence,EGARCH,1,Benchmark,1,Econometric,782,2022-11-25,2025-11-28,-0.6049399148013925,-0.6362550263274247,0.03131511152603225,B_lower,1.1758737867350586,t(T-1),Bartlett,24.0,auto_floor_h-1,0.5546171064295733,0.2400036268320795,holm,pairwise_qlike_clipped_sensitivity|22day|^N225|QLIKE|auto_floor_h-1,90,1.0,0.05,False,tested,2025-05-09;2025-05-12
pairwise_qlike_clipped_sensitivity,22day,^N225,QLIKE,Persistence,GJRGARCH,1,Benchmark,1,Econometric,782,2022-11-25,2025-11-28,-0.6049399148013925,-0.6483024122614944,0.04336249746010195,B_lower,2.1592740748453423,t(T-1),Bartlett,24.0,auto_floor_h-1,0.31536957072356,0.03113272759621625,holm,pairwise_qlike_clipped_sensitivity|22day|^N225|QLIKE|auto_floor_h-1,90,1.0,0.05,False,tested,2025-05-09;2025-05-12
pairwise_qlike_clipped_sensitivity,22day,^N225,QLIKE,Persistence,LinearRegression,1,Benchmark,1,Machine Learning,782,2022-11-25,2025-11-28,-0.6049399148013925,-0.5501377528662141,-0.05480216193517838,A_lower,-1.5326847107931114,t(T-1),Bartlett,21.0,auto_floor_h-1,0.9997616788176753,0.12575851336062197,holm,pairwise_qlike_clipped_sensitivity|22day|^N225|QLIKE|auto_floor_h-1,90,1.0,0.05,False,tested,2025-05-09;2025-05-12
pairwise_qlike_clipped_sensitivity,22day,^N225,QLIKE,Persistence,RandomForest,1,Benchmark,1,Machine Learning,782,2022-11-25,2025-11-28,-0.6049399148013925,-0.628020739028809,0.023080824227416523,B_lower,1.0693472195686018,t(T-1),Bartlett,23.0,auto_floor_h-1,0.3643106700687824,0.2852436244794355,holm,pairwise_qlike_clipped_sensitivity|22day|^N225|QLIKE|auto_floor_h-1,90,1.0,0.05,False,tested,2025-05-09;2025-05-12
pairwise_qlike_clipped_sensitivity,22day,^N225,QLIKE,Persistence,XGBoost,1,Benchmark,1,Machine Learning,782,2022-11-25,2025-11-28,-0.6049399148013925,-0.5608818924371087,-0.04405802236428377,A_lower,-1.9816635395148567,t(T-1),Bartlett,22.0,auto_floor_h-1,0.3865421993247522,0.04786713347294913,holm,pairwise_qlike_clipped_sensitivity|22day|^N225|QLIKE|auto_floor_h-1,90,1.0,0.05,False,tested,2025-05-09;2025-05-12
pairwise_qlike_clipped_sensitivity,22day,^N225,QLIKE,Persistence,LSTM,1,Benchmark,2,Deep Learning,782,2022-11-25,2025-11-28,-0.6049399148013925,-0.6098604817316693,0.004920566930276866,B_lower,0.3202830634161532,t(T-1),Bartlett,23.0,auto_floor_h-1,0.1845733915920324,0.7488394297789077,holm,pairwise_qlike_clipped_sensitivity|22day|^N225|QLIKE|auto_floor_h-1,90,1.0,0.05,False,tested,2025-05-09;2025-05-12
pairwise_qlike_clipped_sensitivity,22day,^N225,QLIKE,Persistence,GRU,1,Benchmark,2,Deep Learning,782,2022-11-25,2025-11-28,-0.6049399148013925,-0.585136907220845,-0.019803007580547476,A_lower,-0.8000632685479218,t(T-1),Bartlett,24.0,auto_floor_h-1,0.47909362970459757,0.42391742379217107,holm,pairwise_qlike_clipped_sensitivity|22day|^N225|QLIKE|auto_floor_h-1,90,1.0,0.05,False,tested,2025-05-09;2025-05-12
pairwise_qlike_clipped_sensitivity,22day,^N225,QLIKE,Persistence,Transformer,1,Benchmark,2,Deep Learning,782,2022-11-25,2025-11-28,-0.6049399148013925,-0.6120399749100722,0.007100060108679651,B_lower,0.44857313189264447,t(T-1),Bartlett,22.0,auto_floor_h-1,0.19591346673011045,0.6538640444970127,holm,pairwise_qlike_clipped_sensitivity|22day|^N225|QLIKE|auto_floor_h-1,90,1.0,0.05,False,tested,2025-05-09;2025-05-12
pairwise_qlike_clipped_sensitivity,22day,^N225,QLIKE,Persistence,GARCHLSTM,1,Benchmark,3,Hybrid,782,2022-11-25,2025-11-28,-0.6049399148013925,-0.607379740211982,0.0024398254105895997,B_lower,0.1353022133855978,t(T-1),Bartlett,23.0,auto_floor_h-1,0.2542813163089393,0.8924077983055546,holm,pairwise_qlike_clipped_sensitivity|22day|^N225|QLIKE|auto_floor_h-1,90,1.0,0.05,False,tested,2025-05-09;2025-05-12
pairwise_qlike_clipped_sensitivity,22day,^N225,QLIKE,Persistence,GARCHGRU,1,Benchmark,3,Hybrid,782,2022-11-25,2025-11-28,-0.6049399148013925,-0.5914701523657733,-0.013469762435619136,A_lower,-0.6484805301694662,t(T-1),Bartlett,23.0,auto_floor_h-1,0.3373904166155902,0.5168648155838802,holm,pairwise_qlike_clipped_sensitivity|22day|^N225|QLIKE|auto_floor_h-1,90,1.0,0.05,False,tested,2025-05-09;2025-05-12
pairwise_qlike_clipped_sensitivity,22day,^N225,QLIKE,Persistence,GARCHTransformer,1,Benchmark,3,Hybrid,782,2022-11-25,2025-11-28,-0.6049399148013925,-0.6051914901930772,0.0002515753916846578,B_lower,0.014724248166468635,t(T-1),Bartlett,22.0,auto_floor_h-1,0.22828470296603054,0.9882559346630845,holm,pairwise_qlike_clipped_sensitivity|22day|^N225|QLIKE|auto_floor_h-1,90,1.0,0.05,False,tested,2025-05-09;2025-05-12
pairwise_qlike_clipped_sensitivity,22day,^N225,QLIKE,GARCH,EGARCH,1,Econometric,1,Econometric,782,2022-11-25,2025-11-28,-0.6440674873738186,-0.6362550263274247,-0.007812461046393867,A_lower,-0.8896653466458961,t(T-1),Bartlett,25.0,auto_floor_h-1,0.06030164137331833,0.37391955767413293,holm,pairwise_qlike_clipped_sensitivity|22day|^N225|QLIKE|auto_floor_h-1,90,1.0,0.05,False,tested,2025-05-09;2025-05-12
pairwise_qlike_clipped_sensitivity,22day,^N225,QLIKE,GARCH,GJRGARCH,1,Econometric,1,Econometric,782,2022-11-25,2025-11-28,-0.6440674873738186,-0.6483024122614944,0.00423492488767582,B_lower,1.606717245042287,t(T-1),Bartlett,21.0,auto_floor_h-1,0.005432744325145617,0.10852060574446991,holm,pairwise_qlike_clipped_sensitivity|22day|^N225|QLIKE|auto_floor_h-1,90,1.0,0.05,False,tested,2025-05-09;2025-05-12
pairwise_qlike_clipped_sensitivity,22day,^N225,QLIKE,GARCH,LinearRegression,1,Econometric,1,Machine Learning,782,2022-11-25,2025-11-28,-0.6440674873738186,-0.5501377528662141,-0.0939297345076045,A_lower,-2.0683458640285477,t(T-1),Bartlett,21.0,auto_floor_h-1,1.612748394546431,0.03893615030830576,holm,pairwise_qlike_clipped_sensitivity|22day|^N225|QLIKE|auto_floor_h-1,90,1.0,0.05,False,tested,2025-05-09;2025-05-12
pairwise_qlike_clipped_sensitivity,22day,^N225,QLIKE,GARCH,RandomForest,1,Econometric,1,Machine Learning,782,2022-11-25,2025-11-28,-0.6440674873738186,-0.628020739028809,-0.016046748345009597,A_lower,-1.6568549135771606,t(T-1),Bartlett,21.0,auto_floor_h-1,0.07335198594887025,0.0979504479338582,holm,pairwise_qlike_clipped_sensitivity|22day|^N225|QLIKE|auto_floor_h-1,90,1.0,0.05,False,tested,2025-05-09;2025-05-12
pairwise_qlike_clipped_sensitivity,22day,^N225,QLIKE,GARCH,XGBoost,1,Econometric,1,Machine Learning,782,2022-11-25,2025-11-28,-0.6440674873738186,-0.5608818924371087,-0.08318559493670989,A_lower,-3.3349666083512823,t(T-1),Bartlett,22.0,auto_floor_h-1,0.48654165415842965,0.0008933565296811737,holm,pairwise_qlike_clipped_sensitivity|22day|^N225|QLIKE|auto_floor_h-1,90,0.07950873114162446,0.05,False,tested,2025-05-09;2025-05-12
pairwise_qlike_clipped_sensitivity,22day,^N225,QLIKE,GARCH,LSTM,1,Econometric,2,Deep Learning,782,2022-11-25,2025-11-28,-0.6440674873738186,-0.6098604817316693,-0.034207005642149256,A_lower,-1.2922760655901797,t(T-1),Bartlett,24.0,auto_floor_h-1,0.5479315022464005,0.19664377831555338,holm,pairwise_qlike_clipped_sensitivity|22day|^N225|QLIKE|auto_floor_h-1,90,1.0,0.05,False,tested,2025-05-09;2025-05-12
pairwise_qlike_clipped_sensitivity,22day,^N225,QLIKE,GARCH,GRU,1,Econometric,2,Deep Learning,782,2022-11-25,2025-11-28,-0.6440674873738186,-0.585136907220845,-0.05893058015297359,A_lower,-1.5635980998051984,t(T-1),Bartlett,24.0,auto_floor_h-1,1.110805236282049,0.11831706431137308,holm,pairwise_qlike_clipped_sensitivity|22day|^N225|QLIKE|auto_floor_h-1,90,1.0,0.05,False,tested,2025-05-09;2025-05-12
pairwise_qlike_clipped_sensitivity,22day,^N225,QLIKE,GARCH,Transformer,1,Econometric,2,Deep Learning,782,2022-11-25,2025-11-28,-0.6440674873738186,-0.6120399749100722,-0.03202751246374647,A_lower,-1.6466152177824709,t(T-1),Bartlett,23.0,auto_floor_h-1,0.29584819315744243,0.10003945133677627,holm,pairwise_qlike_clipped_sensitivity|22day|^N225|QLIKE|auto_floor_h-1,90,1.0,0.05,False,tested,2025-05-09;2025-05-12
pairwise_qlike_clipped_sensitivity,22day,^N225,QLIKE,GARCH,GARCHLSTM,1,Econometric,3,Hybrid,782,2022-11-25,2025-11-28,-0.6440674873738186,-0.607379740211982,-0.03668774716183652,A_lower,-1.2450125982828353,t(T-1),Bartlett,24.0,auto_floor_h-1,0.6790493685565413,0.2135005526751407,holm,pairwise_qlike_clipped_sensitivity|22day|^N225|QLIKE|auto_floor_h-1,90,1.0,0.05,False,tested,2025-05-09;2025-05-12
pairwise_qlike_clipped_sensitivity,22day,^N225,QLIKE,GARCH,GARCHGRU,1,Econometric,3,Hybrid,782,2022-11-25,2025-11-28,-0.6440674873738186,-0.5914701523657733,-0.05259733500804527,A_lower,-1.6310186887748361,t(T-1),Bartlett,24.0,auto_floor_h-1,0.8132355556196028,0.10328953480805815,holm,pairwise_qlike_clipped_sensitivity|22day|^N225|QLIKE|auto_floor_h-1,90,1.0,0.05,False,tested,2025-05-09;2025-05-12
pairwise_qlike_clipped_sensitivity,22day,^N225,QLIKE,GARCH,GARCHTransformer,1,Econometric,3,Hybrid,782,2022-11-25,2025-11-28,-0.6440674873738186,-0.6051914901930772,-0.03887599718074147,A_lower,-1.5855681452425199,t(T-1),Bartlett,24.0,auto_floor_h-1,0.4701105665850923,0.11324209245188824,holm,pairwise_qlike_clipped_sensitivity|22day|^N225|QLIKE|auto_floor_h-1,90,1.0,0.05,False,tested,2025-05-09;2025-05-12
pairwise_qlike_clipped_sensitivity,22day,^N225,QLIKE,EGARCH,GJRGARCH,1,Econometric,1,Econometric,782,2022-11-25,2025-11-28,-0.6362550263274247,-0.6483024122614944,0.012047385934069685,B_lower,1.707499311596409,t(T-1),Bartlett,23.0,auto_floor_h-1,0.038928827612923364,0.0881267166438508,holm,pairwise_qlike_clipped_sensitivity|22day|^N225|QLIKE|auto_floor_h-1,90,1.0,0.05,False,tested,2025-05-09;2025-05-12
pairwise_qlike_clipped_sensitivity,22day,^N225,QLIKE,EGARCH,LinearRegression,1,Econometric,1,Machine Learning,782,2022-11-25,2025-11-28,-0.6362550263274247,-0.5501377528662141,-0.08611727346121066,A_lower,-1.6464205964800327,t(T-1),Bartlett,22.0,auto_floor_h-1,2.139467604175886,0.10007949811284517,holm,pairwise_qlike_clipped_sensitivity|22day|^N225|QLIKE|auto_floor_h-1,90,1.0,0.05,False,tested,2025-05-09;2025-05-12
pairwise_qlike_clipped_sensitivity,22day,^N225,QLIKE,EGARCH,RandomForest,1,Econometric,1,Machine Learning,782,2022-11-25,2025-11-28,-0.6362550263274247,-0.628020739028809,-0.008234287298615734,A_lower,-0.7782969891585427,t(T-1),Bartlett,21.0,auto_floor_h-1,0.08753224830705966,0.43662967236781675,holm,pairwise_qlike_clipped_sensitivity|22day|^N225|QLIKE|auto_floor_h-1,90,1.0,0.05,False,tested,2025-05-09;2025-05-12
pairwise_qlike_clipped_sensitivity,22day,^N225,QLIKE,EGARCH,XGBoost,1,Econometric,1,Machine Learning,782,2022-11-25,2025-11-28,-0.6362550263274247,-0.5608818924371087,-0.07537313389031604,A_lower,-2.4414214041827447,t(T-1),Bartlett,23.0,auto_floor_h-1,0.7453399558791497,0.014850562518096565,holm,pairwise_qlike_clipped_sensitivity|22day|^N225|QLIKE|auto_floor_h-1,90,1.0,0.05,False,tested,2025-05-09;2025-05-12
pairwise_qlike_clipped_sensitivity,22day,^N225,QLIKE,EGARCH,LSTM,1,Econometric,2,Deep Learning,782,2022-11-25,2025-11-28,-0.6362550263274247,-0.6098604817316693,-0.026394544595755395,A_lower,-0.7821841051877894,t(T-1),Bartlett,24.0,auto_floor_h-1,0.8904655590324524,0.43434345847442124,holm,pairwise_qlike_clipped_sensitivity|22day|^N225|QLIKE|auto_floor_h-1,90,1.0,0.05,False,tested,2025-05-09;2025-05-12
pairwise_qlike_clipped_sensitivity,22day,^N225,QLIKE,EGARCH,GRU,1,Econometric,2,Deep Learning,782,2022-11-25,2025-11-28,-0.6362550263274247,-0.585136907220845,-0.05111811910657972,A_lower,-1.1265153616116805,t(T-1),Bartlett,25.0,auto_floor_h-1,1.6102089919301974,0.26029345466087744,holm,pairwise_qlike_clipped_sensitivity|22day|^N225|QLIKE|auto_floor_h-1,90,1.0,0.05,False,tested,2025-05-09;2025-05-12
pairwise_qlike_clipped_sensitivity,22day,^N225,QLIKE,EGARCH,Transformer,1,Econometric,2,Deep Learning,782,2022-11-25,2025-11-28,-0.6362550263274247,-0.6120399749100722,-0.024215051417352605,A_lower,-0.9043450533296307,t(T-1),Bartlett,24.0,auto_floor_h-1,0.5606724408076251,0.3660913316060972,holm,pairwise_qlike_clipped_sensitivity|22day|^N225|QLIKE|auto_floor_h-1,90,1.0,0.05,False,tested,2025-05-09;2025-05-12
pairwise_qlike_clipped_sensitivity,22day,^N225,QLIKE,EGARCH,GARCHLSTM,1,Econometric,3,Hybrid,782,2022-11-25,2025-11-28,-0.6362550263274247,-0.607379740211982,-0.028875286115442662,A_lower,-0.7782241354657733,t(T-1),Bartlett,25.0,auto_floor_h-1,1.076589039636602,0.4366725875976988,holm,pairwise_qlike_clipped_sensitivity|22day|^N225|QLIKE|auto_floor_h-1,90,1.0,0.05,False,tested,2025-05-09;2025-05-12
pairwise_qlike_clipped_sensitivity,22day,^N225,QLIKE,EGARCH,GARCHGRU,1,Econometric,3,Hybrid,782,2022-11-25,2025-11-28,-0.6362550263274247,-0.5914701523657733,-0.044784873961651386,A_lower,-1.1287014740033476,t(T-1),Bartlett,25.0,auto_floor_h-1,1.2311508840666532,0.25937036912347505,holm,pairwise_qlike_clipped_sensitivity|22day|^N225|QLIKE|auto_floor_h-1,90,1.0,0.05,False,tested,2025-05-09;2025-05-12
pairwise_qlike_clipped_sensitivity,22day,^N225,QLIKE,EGARCH,GARCHTransformer,1,Econometric,3,Hybrid,782,2022-11-25,2025-11-28,-0.6362550263274247,-0.6051914901930772,-0.0310635361343476,A_lower,-0.9769921089234939,t(T-1),Bartlett,24.0,auto_floor_h-1,0.7905446898265754,0.3288755775085343,holm,pairwise_qlike_clipped_sensitivity|22day|^N225|QLIKE|auto_floor_h-1,90,1.0,0.05,False,tested,2025-05-09;2025-05-12
pairwise_qlike_clipped_sensitivity,22day,^N225,QLIKE,GJRGARCH,LinearRegression,1,Econometric,1,Machine Learning,782,2022-11-25,2025-11-28,-0.6483024122614944,-0.5501377528662141,-0.09816465939528035,A_lower,-2.0790126346075843,t(T-1),Bartlett,21.0,auto_floor_h-1,1.7434232118215678,0.03794201636870411,holm,pairwise_qlike_clipped_sensitivity|22day|^N225|QLIKE|auto_floor_h-1,90,1.0,0.05,False,tested,2025-05-09;2025-05-12
pairwise_qlike_clipped_sensitivity,22day,^N225,QLIKE,GJRGARCH,RandomForest,1,Econometric,1,Machine Learning,782,2022-11-25,2025-11-28,-0.6483024122614944,-0.628020739028809,-0.02028167323268542,A_lower,-2.461260092058026,t(T-1),Bartlett,21.0,auto_floor_h-1,0.05310058380350659,0.014060200889582894,holm,pairwise_qlike_clipped_sensitivity|22day|^N225|QLIKE|auto_floor_h-1,90,1.0,0.05,False,tested,2025-05-09;2025-05-12
pairwise_qlike_clipped_sensitivity,22day,^N225,QLIKE,GJRGARCH,XGBoost,1,Econometric,1,Machine Learning,782,2022-11-25,2025-11-28,-0.6483024122614944,-0.5608818924371087,-0.08742051982438573,A_lower,-3.3405693681716464,t(T-1),Bartlett,22.0,auto_floor_h-1,0.5355407633499224,0.0008757751163518232,holm,pairwise_qlike_clipped_sensitivity|22day|^N225|QLIKE|auto_floor_h-1,90,0.07881976047166409,0.05,False,tested,2025-05-09;2025-05-12
pairwise_qlike_clipped_sensitivity,22day,^N225,QLIKE,GJRGARCH,LSTM,1,Econometric,2,Deep Learning,782,2022-11-25,2025-11-28,-0.6483024122614944,-0.6098604817316693,-0.03844193052982508,A_lower,-1.3942155090860824,t(T-1),Bartlett,24.0,auto_floor_h-1,0.5945074663067753,0.16364903206384593,holm,pairwise_qlike_clipped_sensitivity|22day|^N225|QLIKE|auto_floor_h-1,90,1.0,0.05,False,tested,2025-05-09;2025-05-12
pairwise_qlike_clipped_sensitivity,22day,^N225,QLIKE,GJRGARCH,GRU,1,Econometric,2,Deep Learning,782,2022-11-25,2025-11-28,-0.6483024122614944,-0.585136907220845,-0.06316550504064941,A_lower,-1.6342195060949638,t(T-1),Bartlett,24.0,auto_floor_h-1,1.1682772479917891,0.10261576152622778,holm,pairwise_qlike_clipped_sensitivity|22day|^N225|QLIKE|auto_floor_h-1,90,1.0,0.05,False,tested,2025-05-09;2025-05-12
pairwise_qlike_clipped_sensitivity,22day,^N225,QLIKE,GJRGARCH,Transformer,1,Econometric,2,Deep Learning,782,2022-11-25,2025-11-28,-0.6483024122614944,-0.6120399749100722,-0.03626243735142228,A_lower,-1.7610068525705058,t(T-1),Bartlett,23.0,auto_floor_h-1,0.33158787702817427,0.07862854350280848,holm,pairwise_qlike_clipped_sensitivity|22day|^N225|QLIKE|auto_floor_h-1,90,1.0,0.05,False,tested,2025-05-09;2025-05-12
pairwise_qlike_clipped_sensitivity,22day,^N225,QLIKE,GJRGARCH,GARCHLSTM,1,Econometric,3,Hybrid,782,2022-11-25,2025-11-28,-0.6483024122614944,-0.607379740211982,-0.04092267204951234,A_lower,-1.341103693484458,t(T-1),Bartlett,24.0,auto_floor_h-1,0.7281318064087663,0.18027666870471454,holm,pairwise_qlike_clipped_sensitivity|22day|^N225|QLIKE|auto_floor_h-1,90,1.0,0.05,False,tested,2025-05-09;2025-05-12
pairwise_qlike_clipped_sensitivity,22day,^N225,QLIKE,GJRGARCH,GARCHGRU,1,Econometric,3,Hybrid,782,2022-11-25,2025-11-28,-0.6483024122614944,-0.5914701523657733,-0.05683225989572108,A_lower,-1.7209697296502644,t(T-1),Bartlett,24.0,auto_floor_h-1,0.8528057926250272,0.08565236423145667,holm,pairwise_qlike_clipped_sensitivity|22day|^N225|QLIKE|auto_floor_h-1,90,1.0,0.05,False,tested,2025-05-09;2025-05-12
pairwise_qlike_clipped_sensitivity,22day,^N225,QLIKE,GJRGARCH,GARCHTransformer,1,Econometric,3,Hybrid,782,2022-11-25,2025-11-28,-0.6483024122614944,-0.6051914901930772,-0.04311092206841728,A_lower,-1.6851656677012676,t(T-1),Bartlett,24.0,auto_floor_h-1,0.5117951564535397,0.0923560947622021,holm,pairwise_qlike_clipped_sensitivity|22day|^N225|QLIKE|auto_floor_h-1,90,1.0,0.05,False,tested,2025-05-09;2025-05-12
pairwise_qlike_clipped_sensitivity,22day,^N225,QLIKE,LinearRegression,RandomForest,1,Machine Learning,1,Machine Learning,782,2022-11-25,2025-11-28,-0.5501377528662141,-0.628020739028809,0.07788298616259491,B_lower,1.5327916117267475,t(T-1),Bartlett,22.0,auto_floor_h-1,2.01895069184247,0.12573216491319386,holm,pairwise_qlike_clipped_sensitivity|22day|^N225|QLIKE|auto_floor_h-1,90,1.0,0.05,False,tested,2025-05-09;2025-05-12
pairwise_qlike_clipped_sensitivity,22day,^N225,QLIKE,LinearRegression,XGBoost,1,Machine Learning,1,Machine Learning,782,2022-11-25,2025-11-28,-0.5501377528662141,-0.5608818924371087,0.010744139570894613,B_lower,0.3639778821033467,t(T-1),Bartlett,21.0,auto_floor_h-1,0.68139673547251,0.7159730378245283,holm,pairwise_qlike_clipped_sensitivity|22day|^N225|QLIKE|auto_floor_h-1,90,1.0,0.05,False,tested,2025-05-09;2025-05-12
pairwise_qlike_clipped_sensitivity,22day,^N225,QLIKE,LinearRegression,LSTM,1,Machine Learning,2,Deep Learning,782,2022-11-25,2025-11-28,-0.5501377528662141,-0.6098604817316693,0.05972272886545524,B_lower,1.810347344751448,t(T-1),Bartlett,21.0,auto_floor_h-1,0.8510640017063613,0.07062613857173362,holm,pairwise_qlike_clipped_sensitivity|22day|^N225|QLIKE|auto_floor_h-1,90,1.0,0.05,False,tested,2025-05-09;2025-05-12
pairwise_qlike_clipped_sensitivity,22day,^N225,QLIKE,LinearRegression,GRU,1,Machine Learning,2,Deep Learning,782,2022-11-25,2025-11-28,-0.5501377528662141,-0.585136907220845,0.034999154354630906,B_lower,0.9593255556044779,t(T-1),Bartlett,21.0,auto_floor_h-1,1.0408540288110473,0.33769165020605635,holm,pairwise_qlike_clipped_sensitivity|22day|^N225|QLIKE|auto_floor_h-1,90,1.0,0.05,False,tested,2025-05-09;2025-05-12
pairwise_qlike_clipped_sensitivity,22day,^N225,QLIKE,LinearRegression,Transformer,1,Machine Learning,2,Deep Learning,782,2022-11-25,2025-11-28,-0.5501377528662141,-0.6120399749100722,0.06190222204385805,B_lower,1.703609379165361,t(T-1),Bartlett,21.0,auto_floor_h-1,1.0324741468892897,0.08885189823213552,holm,pairwise_qlike_clipped_sensitivity|22day|^N225|QLIKE|auto_floor_h-1,90,1.0,0.05,False,tested,2025-05-09;2025-05-12
pairwise_qlike_clipped_sensitivity,22day,^N225,QLIKE,LinearRegression,GARCHLSTM,1,Machine Learning,3,Hybrid,782,2022-11-25,2025-11-28,-0.5501377528662141,-0.607379740211982,0.057241987345767985,B_lower,1.6094063476135432,t(T-1),Bartlett,21.0,auto_floor_h-1,0.989246995559388,0.10793161915418915,holm,pairwise_qlike_clipped_sensitivity|22day|^N225|QLIKE|auto_floor_h-1,90,1.0,0.05,False,tested,2025-05-09;2025-05-12
pairwise_qlike_clipped_sensitivity,22day,^N225,QLIKE,LinearRegression,GARCHGRU,1,Machine Learning,3,Hybrid,782,2022-11-25,2025-11-28,-0.5501377528662141,-0.5914701523657733,0.04133239949955926,B_lower,1.0801442782377677,t(T-1),Bartlett,21.0,auto_floor_h-1,1.1450499999027988,0.28041137750286976,holm,pairwise_qlike_clipped_sensitivity|22day|^N225|QLIKE|auto_floor_h-1,90,1.0,0.05,False,tested,2025-05-09;2025-05-12
pairwise_qlike_clipped_sensitivity,22day,^N225,QLIKE,LinearRegression,GARCHTransformer,1,Machine Learning,3,Hybrid,782,2022-11-25,2025-11-28,-0.5501377528662141,-0.6051914901930772,0.05505373732686304,B_lower,1.5720509313507622,t(T-1),Bartlett,21.0,auto_floor_h-1,0.9590630109084558,0.11634374637519944,holm,pairwise_qlike_clipped_sensitivity|22day|^N225|QLIKE|auto_floor_h-1,90,1.0,0.05,False,tested,2025-05-09;2025-05-12
pairwise_qlike_clipped_sensitivity,22day,^N225,QLIKE,RandomForest,XGBoost,1,Machine Learning,1,Machine Learning,782,2022-11-25,2025-11-28,-0.628020739028809,-0.5608818924371087,-0.0671388465917003,A_lower,-2.2527762681462047,t(T-1),Bartlett,24.0,auto_floor_h-1,0.6945737728623742,0.024550060327367736,holm,pairwise_qlike_clipped_sensitivity|22day|^N225|QLIKE|auto_floor_h-1,90,1.0,0.05,False,tested,2025-05-09;2025-05-12
pairwise_qlike_clipped_sensitivity,22day,^N225,QLIKE,RandomForest,LSTM,1,Machine Learning,2,Deep Learning,782,2022-11-25,2025-11-28,-0.628020739028809,-0.6098604817316693,-0.018160257297139652,A_lower,-0.6345658478473504,t(T-1),Bartlett,25.0,auto_floor_h-1,0.6404678856608979,0.5258974418146708,holm,pairwise_qlike_clipped_sensitivity|22day|^N225|QLIKE|auto_floor_h-1,90,1.0,0.05,False,tested,2025-05-09;2025-05-12
pairwise_qlike_clipped_sensitivity,22day,^N225,QLIKE,RandomForest,GRU,1,Machine Learning,2,Deep Learning,782,2022-11-25,2025-11-28,-0.628020739028809,-0.585136907220845,-0.04288383180796399,A_lower,-1.0992913395032502,t(T-1),Bartlett,25.0,auto_floor_h-1,1.1900584930616938,0.27197975253630535,holm,pairwise_qlike_clipped_sensitivity|22day|^N225|QLIKE|auto_floor_h-1,90,1.0,0.05,False,tested,2025-05-09;2025-05-12
pairwise_qlike_clipped_sensitivity,22day,^N225,QLIKE,RandomForest,Transformer,1,Machine Learning,2,Deep Learning,782,2022-11-25,2025-11-28,-0.628020739028809,-0.6120399749100722,-0.015980764118736872,A_lower,-0.7023981821586938,t(T-1),Bartlett,24.0,auto_floor_h-1,0.40479494237123326,0.48264016440299806,holm,pairwise_qlike_clipped_sensitivity|22day|^N225|QLIKE|auto_floor_h-1,90,1.0,0.05,False,tested,2025-05-09;2025-05-12
pairwise_qlike_clipped_sensitivity,22day,^N225,QLIKE,RandomForest,GARCHLSTM,1,Machine Learning,3,Hybrid,782,2022-11-25,2025-11-28,-0.628020739028809,-0.607379740211982,-0.02064099881682693,A_lower,-0.663922447353565,t(T-1),Bartlett,25.0,auto_floor_h-1,0.755846255673532,0.5069358913063895,holm,pairwise_qlike_clipped_sensitivity|22day|^N225|QLIKE|auto_floor_h-1,90,1.0,0.05,False,tested,2025-05-09;2025-05-12
pairwise_qlike_clipped_sensitivity,22day,^N225,QLIKE,RandomForest,GARCHGRU,1,Machine Learning,3,Hybrid,782,2022-11-25,2025-11-28,-0.628020739028809,-0.5914701523657733,-0.03655058666303566,A_lower,-1.1031466062936492,t(T-1),Bartlett,25.0,auto_floor_h-1,0.8584776454017544,0.2703032969934463,holm,pairwise_qlike_clipped_sensitivity|22day|^N225|QLIKE|auto_floor_h-1,90,1.0,0.05,False,tested,2025-05-09;2025-05-12
pairwise_qlike_clipped_sensitivity,22day,^N225,QLIKE,RandomForest,GARCHTransformer,1,Machine Learning,3,Hybrid,782,2022-11-25,2025-11-28,-0.628020739028809,-0.6051914901930772,-0.022829248835731866,A_lower,-0.8396917379792247,t(T-1),Bartlett,25.0,auto_floor_h-1,0.5780298105770247,0.4013382077866527,holm,pairwise_qlike_clipped_sensitivity|22day|^N225|QLIKE|auto_floor_h-1,90,1.0,0.05,False,tested,2025-05-09;2025-05-12
pairwise_qlike_clipped_sensitivity,22day,^N225,QLIKE,XGBoost,LSTM,1,Machine Learning,2,Deep Learning,782,2022-11-25,2025-11-28,-0.5608818924371087,-0.6098604817316693,0.048978589294560636,B_lower,2.312317165655703,t(T-1),Bartlett,23.0,auto_floor_h-1,0.35085243182026626,0.021019401401304184,holm,pairwise_qlike_clipped_sensitivity|22day|^N225|QLIKE|auto_floor_h-1,90,1.0,0.05,False,tested,2025-05-09;2025-05-12
pairwise_qlike_clipped_sensitivity,22day,^N225,QLIKE,XGBoost,GRU,1,Machine Learning,2,Deep Learning,782,2022-11-25,2025-11-28,-0.5608818924371087,-0.585136907220845,0.024255014783736303,B_lower,0.7618284429194954,t(T-1),Bartlett,24.0,auto_floor_h-1,0.7926755713267026,0.44639239142806336,holm,pairwise_qlike_clipped_sensitivity|22day|^N225|QLIKE|auto_floor_h-1,90,1.0,0.05,False,tested,2025-05-09;2025-05-12
pairwise_qlike_clipped_sensitivity,22day,^N225,QLIKE,XGBoost,Transformer,1,Machine Learning,2,Deep Learning,782,2022-11-25,2025-11-28,-0.5608818924371087,-0.6120399749100722,0.05115808247296342,B_lower,2.530713015898844,t(T-1),Bartlett,21.0,auto_floor_h-1,0.31955783562783846,0.011578392555938658,holm,pairwise_qlike_clipped_sensitivity|22day|^N225|QLIKE|auto_floor_h-1,90,1.0,0.05,False,tested,2025-05-09;2025-05-12
pairwise_qlike_clipped_sensitivity,22day,^N225,QLIKE,XGBoost,GARCHLSTM,1,Machine Learning,3,Hybrid,782,2022-11-25,2025-11-28,-0.5608818924371087,-0.607379740211982,0.04649784777487336,B_lower,1.7993559107094252,t(T-1),Bartlett,22.0,auto_floor_h-1,0.5222017298184903,0.07234829554861757,holm,pairwise_qlike_clipped_sensitivity|22day|^N225|QLIKE|auto_floor_h-1,90,1.0,0.05,False,tested,2025-05-09;2025-05-12
pairwise_qlike_clipped_sensitivity,22day,^N225,QLIKE,XGBoost,GARCHGRU,1,Machine Learning,3,Hybrid,782,2022-11-25,2025-11-28,-0.5608818924371087,-0.5914701523657733,0.03058825992866464,B_lower,1.0260007000692302,t(T-1),Bartlett,23.0,auto_floor_h-1,0.6950578984153253,0.305208919558461,holm,pairwise_qlike_clipped_sensitivity|22day|^N225|QLIKE|auto_floor_h-1,90,1.0,0.05,False,tested,2025-05-09;2025-05-12
pairwise_qlike_clipped_sensitivity,22day,^N225,QLIKE,XGBoost,GARCHTransformer,1,Machine Learning,3,Hybrid,782,2022-11-25,2025-11-28,-0.5608818924371087,-0.6051914901930772,0.04430959775596843,B_lower,2.0856942028940093,t(T-1),Bartlett,22.0,auto_floor_h-1,0.35294017769089947,0.037330382996622405,holm,pairwise_qlike_clipped_sensitivity|22day|^N225|QLIKE|auto_floor_h-1,90,1.0,0.05,False,tested,2025-05-09;2025-05-12
pairwise_qlike_clipped_sensitivity,22day,^N225,QLIKE,LSTM,GRU,2,Deep Learning,2,Deep Learning,782,2022-11-25,2025-11-28,-0.6098604817316693,-0.585136907220845,-0.02472357451082434,A_lower,-1.7028671046174948,t(T-1),Bartlett,25.0,auto_floor_h-1,0.1648419573358953,0.08899082278725293,holm,pairwise_qlike_clipped_sensitivity|22day|^N225|QLIKE|auto_floor_h-1,90,1.0,0.05,False,tested,2025-05-09;2025-05-12
pairwise_qlike_clipped_sensitivity,22day,^N225,QLIKE,LSTM,Transformer,2,Deep Learning,2,Deep Learning,782,2022-11-25,2025-11-28,-0.6098604817316693,-0.6120399749100722,0.002179493178402785,B_lower,0.15888172511924495,t(T-1),Bartlett,23.0,auto_floor_h-1,0.14715325999288198,0.8738031340354067,holm,pairwise_qlike_clipped_sensitivity|22day|^N225|QLIKE|auto_floor_h-1,90,1.0,0.05,False,tested,2025-05-09;2025-05-12
pairwise_qlike_clipped_sensitivity,22day,^N225,QLIKE,LSTM,GARCHLSTM,2,Deep Learning,3,Hybrid,782,2022-11-25,2025-11-28,-0.6098604817316693,-0.607379740211982,-0.0024807415196872683,A_lower,-0.2977556879083296,t(T-1),Bartlett,22.0,auto_floor_h-1,0.05428122637492026,0.7659688242666762,holm,pairwise_qlike_clipped_sensitivity|22day|^N225|QLIKE|auto_floor_h-1,90,1.0,0.05,False,tested,2025-05-09;2025-05-12
pairwise_qlike_clipped_sensitivity,22day,^N225,QLIKE,LSTM,GARCHGRU,2,Deep Learning,3,Hybrid,782,2022-11-25,2025-11-28,-0.6098604817316693,-0.5914701523657733,-0.018390329365895998,A_lower,-1.4642617867333492,t(T-1),Bartlett,24.0,auto_floor_h-1,0.12335260078218453,0.14352481838914102,holm,pairwise_qlike_clipped_sensitivity|22day|^N225|QLIKE|auto_floor_h-1,90,1.0,0.05,False,tested,2025-05-09;2025-05-12
pairwise_qlike_clipped_sensitivity,22day,^N225,QLIKE,LSTM,GARCHTransformer,2,Deep Learning,3,Hybrid,782,2022-11-25,2025-11-28,-0.6098604817316693,-0.6051914901930772,-0.004668991538592212,A_lower,-0.4343532145107815,t(T-1),Bartlett,22.0,auto_floor_h-1,0.09035804938019634,0.6641519389758225,holm,pairwise_qlike_clipped_sensitivity|22day|^N225|QLIKE|auto_floor_h-1,90,1.0,0.05,False,tested,2025-05-09;2025-05-12
pairwise_qlike_clipped_sensitivity,22day,^N225,QLIKE,GRU,Transformer,2,Deep Learning,2,Deep Learning,782,2022-11-25,2025-11-28,-0.585136907220845,-0.6120399749100722,0.026903067689227123,B_lower,1.2879500450688246,t(T-1),Bartlett,24.0,auto_floor_h-1,0.3412025941702861,0.19814482455855523,holm,pairwise_qlike_clipped_sensitivity|22day|^N225|QLIKE|auto_floor_h-1,90,1.0,0.05,False,tested,2025-05-09;2025-05-12
pairwise_qlike_clipped_sensitivity,22day,^N225,QLIKE,GRU,GARCHLSTM,2,Deep Learning,3,Hybrid,782,2022-11-25,2025-11-28,-0.585136907220845,-0.607379740211982,0.022242832991137072,B_lower,2.5476736077010163,t(T-1),Bartlett,23.0,auto_floor_h-1,0.05960729019986632,0.011034923536671702,holm,pairwise_qlike_clipped_sensitivity|22day|^N225|QLIKE|auto_floor_h-1,90,0.9710732712271097,0.05,False,tested,2025-05-09;2025-05-12
pairwise_qlike_clipped_sensitivity,22day,^N225,QLIKE,GRU,GARCHGRU,2,Deep Learning,3,Hybrid,782,2022-11-25,2025-11-28,-0.585136907220845,-0.5914701523657733,0.0063332451449283405,B_lower,0.6792350085106457,t(T-1),Bartlett,24.0,auto_floor_h-1,0.06798595886229214,0.49719021131280705,holm,pairwise_qlike_clipped_sensitivity|22day|^N225|QLIKE|auto_floor_h-1,90,1.0,0.05,False,tested,2025-05-09;2025-05-12
pairwise_qlike_clipped_sensitivity,22day,^N225,QLIKE,GRU,GARCHTransformer,2,Deep Learning,3,Hybrid,782,2022-11-25,2025-11-28,-0.585136907220845,-0.6051914901930772,0.020054582972232126,B_lower,1.2843166101936407,t(T-1),Bartlett,24.0,auto_floor_h-1,0.19067327460444689,0.19941203076416475,holm,pairwise_qlike_clipped_sensitivity|22day|^N225|QLIKE|auto_floor_h-1,90,1.0,0.05,False,tested,2025-05-09;2025-05-12
pairwise_qlike_clipped_sensitivity,22day,^N225,QLIKE,Transformer,GARCHLSTM,2,Deep Learning,3,Hybrid,782,2022-11-25,2025-11-28,-0.6120399749100722,-0.607379740211982,-0.004660234698090052,A_lower,-0.34993195577213854,t(T-1),Bartlett,24.0,auto_floor_h-1,0.1386931855219105,0.7264841079965086,holm,pairwise_qlike_clipped_sensitivity|22day|^N225|QLIKE|auto_floor_h-1,90,1.0,0.05,False,tested,2025-05-09;2025-05-12
pairwise_qlike_clipped_sensitivity,22day,^N225,QLIKE,Transformer,GARCHGRU,2,Deep Learning,3,Hybrid,782,2022-11-25,2025-11-28,-0.6120399749100722,-0.5914701523657733,-0.02056982254429879,A_lower,-1.1748971093487899,t(T-1),Bartlett,24.0,auto_floor_h-1,0.23970007647432584,0.2403939620991184,holm,pairwise_qlike_clipped_sensitivity|22day|^N225|QLIKE|auto_floor_h-1,90,1.0,0.05,False,tested,2025-05-09;2025-05-12
pairwise_qlike_clipped_sensitivity,22day,^N225,QLIKE,Transformer,GARCHTransformer,2,Deep Learning,3,Hybrid,782,2022-11-25,2025-11-28,-0.6120399749100722,-0.6051914901930772,-0.006848484716994994,A_lower,-1.1124772346327512,t(T-1),Bartlett,24.0,auto_floor_h-1,0.029635582639916502,0.2662753184314589,holm,pairwise_qlike_clipped_sensitivity|22day|^N225|QLIKE|auto_floor_h-1,90,1.0,0.05,False,tested,2025-05-09;2025-05-12
pairwise_qlike_clipped_sensitivity,22day,^N225,QLIKE,GARCHLSTM,GARCHGRU,3,Hybrid,3,Hybrid,782,2022-11-25,2025-11-28,-0.607379740211982,-0.5914701523657733,-0.015909587846208734,A_lower,-1.8209362898364072,t(T-1),Bartlett,24.0,auto_floor_h-1,0.059694608556730255,0.0689990455056883,holm,pairwise_qlike_clipped_sensitivity|22day|^N225|QLIKE|auto_floor_h-1,90,1.0,0.05,False,tested,2025-05-09;2025-05-12
pairwise_qlike_clipped_sensitivity,22day,^N225,QLIKE,GARCHLSTM,GARCHTransformer,3,Hybrid,3,Hybrid,782,2022-11-25,2025-11-28,-0.607379740211982,-0.6051914901930772,-0.0021882500189049424,A_lower,-0.2566117147469306,t(T-1),Bartlett,24.0,auto_floor_h-1,0.05686534486981569,0.7975461124321149,holm,pairwise_qlike_clipped_sensitivity|22day|^N225|QLIKE|auto_floor_h-1,90,1.0,0.05,False,tested,2025-05-09;2025-05-12
pairwise_qlike_clipped_sensitivity,22day,^N225,QLIKE,GARCHGRU,GARCHTransformer,3,Hybrid,3,Hybrid,782,2022-11-25,2025-11-28,-0.5914701523657733,-0.6051914901930772,0.013721337827303785,B_lower,1.0239272622888467,t(T-1),Bartlett,24.0,auto_floor_h-1,0.14043050398759016,0.3061866725726181,holm,pairwise_qlike_clipped_sensitivity|22day|^N225|QLIKE|auto_floor_h-1,90,1.0,0.05,False,tested,2025-05-09;2025-05-12
pairwise_qlike_clipped_sensitivity,22day,^N225,QLIKE,HistoricalVolatility,Persistence,1,Benchmark,1,Benchmark,782,2022-11-25,2025-11-28,-0.6049399148013925,-0.6049399148013925,0.0,equal,,t(T-1),Bartlett,,fixed_21,,,holm,pairwise_qlike_clipped_sensitivity|22day|^N225|QLIKE|fixed_21,90,,0.05,,identical_forecasts,2025-05-09;2025-05-12
pairwise_qlike_clipped_sensitivity,22day,^N225,QLIKE,HistoricalVolatility,GARCH,1,Benchmark,1,Econometric,782,2022-11-25,2025-11-28,-0.6049399148013925,-0.6440674873738186,0.03912757257242613,B_lower,2.1329067401505135,t(T-1),Bartlett,21.0,fixed_21,0.2631654252961518,0.033243575688380655,holm,pairwise_qlike_clipped_sensitivity|22day|^N225|QLIKE|fixed_21,90,1.0,0.05,False,tested,2025-05-09;2025-05-12
pairwise_qlike_clipped_sensitivity,22day,^N225,QLIKE,HistoricalVolatility,EGARCH,1,Benchmark,1,Econometric,782,2022-11-25,2025-11-28,-0.6049399148013925,-0.6362550263274247,0.03131511152603225,B_lower,1.2085502500692784,t(T-1),Bartlett,21.0,fixed_21,0.5250313707961707,0.22720145952703186,holm,pairwise_qlike_clipped_sensitivity|22day|^N225|QLIKE|fixed_21,90,1.0,0.05,False,tested,2025-05-09;2025-05-12
pairwise_qlike_clipped_sensitivity,22day,^N225,QLIKE,HistoricalVolatility,GJRGARCH,1,Benchmark,1,Econometric,782,2022-11-25,2025-11-28,-0.6049399148013925,-0.6483024122614944,0.04336249746010195,B_lower,2.207177244457763,t(T-1),Bartlett,21.0,fixed_21,0.30182896040118246,0.027591791308813163,holm,pairwise_qlike_clipped_sensitivity|22day|^N225|QLIKE|fixed_21,90,1.0,0.05,False,tested,2025-05-09;2025-05-12
pairwise_qlike_clipped_sensitivity,22day,^N225,QLIKE,HistoricalVolatility,LinearRegression,1,Benchmark,1,Machine Learning,782,2022-11-25,2025-11-28,-0.6049399148013925,-0.5501377528662141,-0.05480216193517838,A_lower,-1.5326847107931114,t(T-1),Bartlett,21.0,fixed_21,0.9997616788176753,0.12575851336062197,holm,pairwise_qlike_clipped_sensitivity|22day|^N225|QLIKE|fixed_21,90,1.0,0.05,False,tested,2025-05-09;2025-05-12
pairwise_qlike_clipped_sensitivity,22day,^N225,QLIKE,HistoricalVolatility,RandomForest,1,Benchmark,1,Machine Learning,782,2022-11-25,2025-11-28,-0.6049399148013925,-0.628020739028809,0.023080824227416523,B_lower,1.0896552709899816,t(T-1),Bartlett,21.0,fixed_21,0.3508577971122336,0.2762011201598589,holm,pairwise_qlike_clipped_sensitivity|22day|^N225|QLIKE|fixed_21,90,1.0,0.05,False,tested,2025-05-09;2025-05-12
pairwise_qlike_clipped_sensitivity,22day,^N225,QLIKE,HistoricalVolatility,XGBoost,1,Benchmark,1,Machine Learning,782,2022-11-25,2025-11-28,-0.6049399148013925,-0.5608818924371087,-0.04405802236428377,A_lower,-1.9799130103449172,t(T-1),Bartlett,21.0,fixed_21,0.3872260197971443,0.048063937191485454,holm,pairwise_qlike_clipped_sensitivity|22day|^N225|QLIKE|fixed_21,90,1.0,0.05,False,tested,2025-05-09;2025-05-12
pairwise_qlike_clipped_sensitivity,22day,^N225,QLIKE,HistoricalVolatility,LSTM,1,Benchmark,2,Deep Learning,782,2022-11-25,2025-11-28,-0.6049399148013925,-0.6098604817316693,0.004920566930276866,B_lower,0.31486154598188665,t(T-1),Bartlett,21.0,fixed_21,0.19098435533475894,0.7529508799172824,holm,pairwise_qlike_clipped_sensitivity|22day|^N225|QLIKE|fixed_21,90,1.0,0.05,False,tested,2025-05-09;2025-05-12
pairwise_qlike_clipped_sensitivity,22day,^N225,QLIKE,HistoricalVolatility,GRU,1,Benchmark,2,Deep Learning,782,2022-11-25,2025-11-28,-0.6049399148013925,-0.585136907220845,-0.019803007580547476,A_lower,-0.8036558681493009,t(T-1),Bartlett,21.0,fixed_21,0.4748197992957549,0.42184027572854765,holm,pairwise_qlike_clipped_sensitivity|22day|^N225|QLIKE|fixed_21,90,1.0,0.05,False,tested,2025-05-09;2025-05-12
pairwise_qlike_clipped_sensitivity,22day,^N225,QLIKE,HistoricalVolatility,Transformer,1,Benchmark,2,Deep Learning,782,2022-11-25,2025-11-28,-0.6049399148013925,-0.6120399749100722,0.007100060108679651,B_lower,0.44309646706972045,t(T-1),Bartlett,21.0,fixed_21,0.20078637052645343,0.6578186661131018,holm,pairwise_qlike_clipped_sensitivity|22day|^N225|QLIKE|fixed_21,90,1.0,0.05,False,tested,2025-05-09;2025-05-12
pairwise_qlike_clipped_sensitivity,22day,^N225,QLIKE,HistoricalVolatility,GARCHLSTM,1,Benchmark,3,Hybrid,782,2022-11-25,2025-11-28,-0.6049399148013925,-0.607379740211982,0.0024398254105895997,B_lower,0.13333146205393956,t(T-1),Bartlett,21.0,fixed_21,0.2618538541268,0.8939655931975447,holm,pairwise_qlike_clipped_sensitivity|22day|^N225|QLIKE|fixed_21,90,1.0,0.05,False,tested,2025-05-09;2025-05-12
pairwise_qlike_clipped_sensitivity,22day,^N225,QLIKE,HistoricalVolatility,GARCHGRU,1,Benchmark,3,Hybrid,782,2022-11-25,2025-11-28,-0.6049399148013925,-0.5914701523657733,-0.013469762435619136,A_lower,-0.6499813049785006,t(T-1),Bartlett,21.0,fixed_21,0.33583417963150863,0.515895430469744,holm,pairwise_qlike_clipped_sensitivity|22day|^N225|QLIKE|fixed_21,90,1.0,0.05,False,tested,2025-05-09;2025-05-12
pairwise_qlike_clipped_sensitivity,22day,^N225,QLIKE,HistoricalVolatility,GARCHTransformer,1,Benchmark,3,Hybrid,782,2022-11-25,2025-11-28,-0.6049399148013925,-0.6051914901930772,0.0002515753916846578,B_lower,0.014597154283683978,t(T-1),Bartlett,21.0,fixed_21,0.23227724779459963,0.9883572975468722,holm,pairwise_qlike_clipped_sensitivity|22day|^N225|QLIKE|fixed_21,90,1.0,0.05,False,tested,2025-05-09;2025-05-12
pairwise_qlike_clipped_sensitivity,22day,^N225,QLIKE,Persistence,GARCH,1,Benchmark,1,Econometric,782,2022-11-25,2025-11-28,-0.6049399148013925,-0.6440674873738186,0.03912757257242613,B_lower,2.1329067401505135,t(T-1),Bartlett,21.0,fixed_21,0.2631654252961518,0.033243575688380655,holm,pairwise_qlike_clipped_sensitivity|22day|^N225|QLIKE|fixed_21,90,1.0,0.05,False,tested,2025-05-09;2025-05-12
pairwise_qlike_clipped_sensitivity,22day,^N225,QLIKE,Persistence,EGARCH,1,Benchmark,1,Econometric,782,2022-11-25,2025-11-28,-0.6049399148013925,-0.6362550263274247,0.03131511152603225,B_lower,1.2085502500692784,t(T-1),Bartlett,21.0,fixed_21,0.5250313707961707,0.22720145952703186,holm,pairwise_qlike_clipped_sensitivity|22day|^N225|QLIKE|fixed_21,90,1.0,0.05,False,tested,2025-05-09;2025-05-12
pairwise_qlike_clipped_sensitivity,22day,^N225,QLIKE,Persistence,GJRGARCH,1,Benchmark,1,Econometric,782,2022-11-25,2025-11-28,-0.6049399148013925,-0.6483024122614944,0.04336249746010195,B_lower,2.207177244457763,t(T-1),Bartlett,21.0,fixed_21,0.30182896040118246,0.027591791308813163,holm,pairwise_qlike_clipped_sensitivity|22day|^N225|QLIKE|fixed_21,90,1.0,0.05,False,tested,2025-05-09;2025-05-12
pairwise_qlike_clipped_sensitivity,22day,^N225,QLIKE,Persistence,LinearRegression,1,Benchmark,1,Machine Learning,782,2022-11-25,2025-11-28,-0.6049399148013925,-0.5501377528662141,-0.05480216193517838,A_lower,-1.5326847107931114,t(T-1),Bartlett,21.0,fixed_21,0.9997616788176753,0.12575851336062197,holm,pairwise_qlike_clipped_sensitivity|22day|^N225|QLIKE|fixed_21,90,1.0,0.05,False,tested,2025-05-09;2025-05-12
pairwise_qlike_clipped_sensitivity,22day,^N225,QLIKE,Persistence,RandomForest,1,Benchmark,1,Machine Learning,782,2022-11-25,2025-11-28,-0.6049399148013925,-0.628020739028809,0.023080824227416523,B_lower,1.0896552709899816,t(T-1),Bartlett,21.0,fixed_21,0.3508577971122336,0.2762011201598589,holm,pairwise_qlike_clipped_sensitivity|22day|^N225|QLIKE|fixed_21,90,1.0,0.05,False,tested,2025-05-09;2025-05-12
pairwise_qlike_clipped_sensitivity,22day,^N225,QLIKE,Persistence,XGBoost,1,Benchmark,1,Machine Learning,782,2022-11-25,2025-11-28,-0.6049399148013925,-0.5608818924371087,-0.04405802236428377,A_lower,-1.9799130103449172,t(T-1),Bartlett,21.0,fixed_21,0.3872260197971443,0.048063937191485454,holm,pairwise_qlike_clipped_sensitivity|22day|^N225|QLIKE|fixed_21,90,1.0,0.05,False,tested,2025-05-09;2025-05-12
pairwise_qlike_clipped_sensitivity,22day,^N225,QLIKE,Persistence,LSTM,1,Benchmark,2,Deep Learning,782,2022-11-25,2025-11-28,-0.6049399148013925,-0.6098604817316693,0.004920566930276866,B_lower,0.31486154598188665,t(T-1),Bartlett,21.0,fixed_21,0.19098435533475894,0.7529508799172824,holm,pairwise_qlike_clipped_sensitivity|22day|^N225|QLIKE|fixed_21,90,1.0,0.05,False,tested,2025-05-09;2025-05-12
pairwise_qlike_clipped_sensitivity,22day,^N225,QLIKE,Persistence,GRU,1,Benchmark,2,Deep Learning,782,2022-11-25,2025-11-28,-0.6049399148013925,-0.585136907220845,-0.019803007580547476,A_lower,-0.8036558681493009,t(T-1),Bartlett,21.0,fixed_21,0.4748197992957549,0.42184027572854765,holm,pairwise_qlike_clipped_sensitivity|22day|^N225|QLIKE|fixed_21,90,1.0,0.05,False,tested,2025-05-09;2025-05-12
pairwise_qlike_clipped_sensitivity,22day,^N225,QLIKE,Persistence,Transformer,1,Benchmark,2,Deep Learning,782,2022-11-25,2025-11-28,-0.6049399148013925,-0.6120399749100722,0.007100060108679651,B_lower,0.44309646706972045,t(T-1),Bartlett,21.0,fixed_21,0.20078637052645343,0.6578186661131018,holm,pairwise_qlike_clipped_sensitivity|22day|^N225|QLIKE|fixed_21,90,1.0,0.05,False,tested,2025-05-09;2025-05-12
pairwise_qlike_clipped_sensitivity,22day,^N225,QLIKE,Persistence,GARCHLSTM,1,Benchmark,3,Hybrid,782,2022-11-25,2025-11-28,-0.6049399148013925,-0.607379740211982,0.0024398254105895997,B_lower,0.13333146205393956,t(T-1),Bartlett,21.0,fixed_21,0.2618538541268,0.8939655931975447,holm,pairwise_qlike_clipped_sensitivity|22day|^N225|QLIKE|fixed_21,90,1.0,0.05,False,tested,2025-05-09;2025-05-12
pairwise_qlike_clipped_sensitivity,22day,^N225,QLIKE,Persistence,GARCHGRU,1,Benchmark,3,Hybrid,782,2022-11-25,2025-11-28,-0.6049399148013925,-0.5914701523657733,-0.013469762435619136,A_lower,-0.6499813049785006,t(T-1),Bartlett,21.0,fixed_21,0.33583417963150863,0.515895430469744,holm,pairwise_qlike_clipped_sensitivity|22day|^N225|QLIKE|fixed_21,90,1.0,0.05,False,tested,2025-05-09;2025-05-12
pairwise_qlike_clipped_sensitivity,22day,^N225,QLIKE,Persistence,GARCHTransformer,1,Benchmark,3,Hybrid,782,2022-11-25,2025-11-28,-0.6049399148013925,-0.6051914901930772,0.0002515753916846578,B_lower,0.014597154283683978,t(T-1),Bartlett,21.0,fixed_21,0.23227724779459963,0.9883572975468722,holm,pairwise_qlike_clipped_sensitivity|22day|^N225|QLIKE|fixed_21,90,1.0,0.05,False,tested,2025-05-09;2025-05-12
pairwise_qlike_clipped_sensitivity,22day,^N225,QLIKE,GARCH,EGARCH,1,Econometric,1,Econometric,782,2022-11-25,2025-11-28,-0.6440674873738186,-0.6362550263274247,-0.007812461046393867,A_lower,-0.9395963350879986,t(T-1),Bartlett,21.0,fixed_21,0.054062964304948335,0.34771515577838946,holm,pairwise_qlike_clipped_sensitivity|22day|^N225|QLIKE|fixed_21,90,1.0,0.05,False,tested,2025-05-09;2025-05-12
pairwise_qlike_clipped_sensitivity,22day,^N225,QLIKE,GARCH,GJRGARCH,1,Econometric,1,Econometric,782,2022-11-25,2025-11-28,-0.6440674873738186,-0.6483024122614944,0.00423492488767582,B_lower,1.606717245042287,t(T-1),Bartlett,21.0,fixed_21,0.005432744325145617,0.10852060574446991,holm,pairwise_qlike_clipped_sensitivity|22day|^N225|QLIKE|fixed_21,90,1.0,0.05,False,tested,2025-05-09;2025-05-12
pairwise_qlike_clipped_sensitivity,22day,^N225,QLIKE,GARCH,LinearRegression,1,Econometric,1,Machine Learning,782,2022-11-25,2025-11-28,-0.6440674873738186,-0.5501377528662141,-0.0939297345076045,A_lower,-2.0683458640285477,t(T-1),Bartlett,21.0,fixed_21,1.612748394546431,0.03893615030830576,holm,pairwise_qlike_clipped_sensitivity|22day|^N225|QLIKE|fixed_21,90,1.0,0.05,False,tested,2025-05-09;2025-05-12
pairwise_qlike_clipped_sensitivity,22day,^N225,QLIKE,GARCH,RandomForest,1,Econometric,1,Machine Learning,782,2022-11-25,2025-11-28,-0.6440674873738186,-0.628020739028809,-0.016046748345009597,A_lower,-1.6568549135771606,t(T-1),Bartlett,21.0,fixed_21,0.07335198594887025,0.0979504479338582,holm,pairwise_qlike_clipped_sensitivity|22day|^N225|QLIKE|fixed_21,90,1.0,0.05,False,tested,2025-05-09;2025-05-12
pairwise_qlike_clipped_sensitivity,22day,^N225,QLIKE,GARCH,XGBoost,1,Econometric,1,Machine Learning,782,2022-11-25,2025-11-28,-0.6440674873738186,-0.5608818924371087,-0.08318559493670989,A_lower,-3.336443424708961,t(T-1),Bartlett,21.0,fixed_21,0.4861110317504579,0.0008886907491992043,holm,pairwise_qlike_clipped_sensitivity|22day|^N225|QLIKE|fixed_21,90,0.07909347667872918,0.05,False,tested,2025-05-09;2025-05-12
pairwise_qlike_clipped_sensitivity,22day,^N225,QLIKE,GARCH,LSTM,1,Econometric,2,Deep Learning,782,2022-11-25,2025-11-28,-0.6440674873738186,-0.6098604817316693,-0.034207005642149256,A_lower,-1.3085146629935962,t(T-1),Bartlett,21.0,fixed_21,0.5344162857864126,0.1910837362270188,holm,pairwise_qlike_clipped_sensitivity|22day|^N225|QLIKE|fixed_21,90,1.0,0.05,False,tested,2025-05-09;2025-05-12
pairwise_qlike_clipped_sensitivity,22day,^N225,QLIKE,GARCH,GRU,1,Econometric,2,Deep Learning,782,2022-11-25,2025-11-28,-0.6440674873738186,-0.585136907220845,-0.05893058015297359,A_lower,-1.6023967607183416,t(T-1),Bartlett,21.0,fixed_21,1.057664845489417,0.10947224171556037,holm,pairwise_qlike_clipped_sensitivity|22day|^N225|QLIKE|fixed_21,90,1.0,0.05,False,tested,2025-05-09;2025-05-12
pairwise_qlike_clipped_sensitivity,22day,^N225,QLIKE,GARCH,Transformer,1,Econometric,2,Deep Learning,782,2022-11-25,2025-11-28,-0.6440674873738186,-0.6120399749100722,-0.03202751246374647,A_lower,-1.6669201024667346,t(T-1),Bartlett,21.0,fixed_21,0.28868459056795864,0.0959312210991081,holm,pairwise_qlike_clipped_sensitivity|22day|^N225|QLIKE|fixed_21,90,1.0,0.05,False,tested,2025-05-09;2025-05-12
pairwise_qlike_clipped_sensitivity,22day,^N225,QLIKE,GARCH,GARCHLSTM,1,Econometric,3,Hybrid,782,2022-11-25,2025-11-28,-0.6440674873738186,-0.607379740211982,-0.03668774716183652,A_lower,-1.2697603313261132,t(T-1),Bartlett,21.0,fixed_21,0.6528378586690757,0.20454821342289034,holm,pairwise_qlike_clipped_sensitivity|22day|^N225|QLIKE|fixed_21,90,1.0,0.05,False,tested,2025-05-09;2025-05-12
pairwise_qlike_clipped_sensitivity,22day,^N225,QLIKE,GARCH,GARCHGRU,1,Econometric,3,Hybrid,782,2022-11-25,2025-11-28,-0.6440674873738186,-0.5914701523657733,-0.05259733500804527,A_lower,-1.673152406414667,t(T-1),Bartlett,21.0,fixed_21,0.7727930865823891,0.09469775440722096,holm,pairwise_qlike_clipped_sensitivity|22day|^N225|QLIKE|fixed_21,90,1.0,0.05,False,tested,2025-05-09;2025-05-12
pairwise_qlike_clipped_sensitivity,22day,^N225,QLIKE,GARCH,GARCHTransformer,1,Econometric,3,Hybrid,782,2022-11-25,2025-11-28,-0.6440674873738186,-0.6051914901930772,-0.03887599718074147,A_lower,-1.6177871685158642,t(T-1),Bartlett,21.0,fixed_21,0.45157206094658653,0.10611224428589881,holm,pairwise_qlike_clipped_sensitivity|22day|^N225|QLIKE|fixed_21,90,1.0,0.05,False,tested,2025-05-09;2025-05-12
pairwise_qlike_clipped_sensitivity,22day,^N225,QLIKE,EGARCH,GJRGARCH,1,Econometric,1,Econometric,782,2022-11-25,2025-11-28,-0.6362550263274247,-0.6483024122614944,0.012047385934069685,B_lower,1.7504369040025658,t(T-1),Bartlett,21.0,fixed_21,0.03704243073032169,0.08043559695667209,holm,pairwise_qlike_clipped_sensitivity|22day|^N225|QLIKE|fixed_21,90,1.0,0.05,False,tested,2025-05-09;2025-05-12
pairwise_qlike_clipped_sensitivity,22day,^N225,QLIKE,EGARCH,LinearRegression,1,Econometric,1,Machine Learning,782,2022-11-25,2025-11-28,-0.6362550263274247,-0.5501377528662141,-0.08611727346121066,A_lower,-1.6574232525417725,t(T-1),Bartlett,21.0,fixed_21,2.1111565585183647,0.09783553153409573,holm,pairwise_qlike_clipped_sensitivity|22day|^N225|QLIKE|fixed_21,90,1.0,0.05,False,tested,2025-05-09;2025-05-12
pairwise_qlike_clipped_sensitivity,22day,^N225,QLIKE,EGARCH,RandomForest,1,Econometric,1,Machine Learning,782,2022-11-25,2025-11-28,-0.6362550263274247,-0.628020739028809,-0.008234287298615734,A_lower,-0.7782969891585427,t(T-1),Bartlett,21.0,fixed_21,0.08753224830705966,0.43662967236781675,holm,pairwise_qlike_clipped_sensitivity|22day|^N225|QLIKE|fixed_21,90,1.0,0.05,False,tested,2025-05-09;2025-05-12
pairwise_qlike_clipped_sensitivity,22day,^N225,QLIKE,EGARCH,XGBoost,1,Econometric,1,Machine Learning,782,2022-11-25,2025-11-28,-0.6362550263274247,-0.5608818924371087,-0.07537313389031604,A_lower,-2.462700202549316,t(T-1),Bartlett,21.0,fixed_21,0.7325154795230987,0.01400430306338774,holm,pairwise_qlike_clipped_sensitivity|22day|^N225|QLIKE|fixed_21,90,1.0,0.05,False,tested,2025-05-09;2025-05-12
pairwise_qlike_clipped_sensitivity,22day,^N225,QLIKE,EGARCH,LSTM,1,Econometric,2,Deep Learning,782,2022-11-25,2025-11-28,-0.6362550263274247,-0.6098604817316693,-0.026394544595755395,A_lower,-0.7996752217237544,t(T-1),Bartlett,21.0,fixed_21,0.8519376676666338,0.42414214053279437,holm,pairwise_qlike_clipped_sensitivity|22day|^N225|QLIKE|fixed_21,90,1.0,0.05,False,tested,2025-05-09;2025-05-12
pairwise_qlike_clipped_sensitivity,22day,^N225,QLIKE,EGARCH,GRU,1,Econometric,2,Deep Learning,782,2022-11-25,2025-11-28,-0.6362550263274247,-0.585136907220845,-0.05111811910657972,A_lower,-1.168979343312143,t(T-1),Bartlett,21.0,fixed_21,1.495349845900162,0.24276861935309874,holm,pairwise_qlike_clipped_sensitivity|22day|^N225|QLIKE|fixed_21,90,1.0,0.05,False,tested,2025-05-09;2025-05-12
pairwise_qlike_clipped_sensitivity,22day,^N225,QLIKE,EGARCH,Transformer,1,Econometric,2,Deep Learning,782,2022-11-25,2025-11-28,-0.6362550263274247,-0.6120399749100722,-0.024215051417352605,A_lower,-0.9300056512072831,t(T-1),Bartlett,21.0,fixed_21,0.5301592815262987,0.3526555194307941,holm,pairwise_qlike_clipped_sensitivity|22day|^N225|QLIKE|fixed_21,90,1.0,0.05,False,tested,2025-05-09;2025-05-12
pairwise_qlike_clipped_sensitivity,22day,^N225,QLIKE,EGARCH,GARCHLSTM,1,Econometric,3,Hybrid,782,2022-11-25,2025-11-28,-0.6362550263274247,-0.607379740211982,-0.028875286115442662,A_lower,-0.8050863955224153,t(T-1),Bartlett,21.0,fixed_21,1.0059453086801482,0.4210148490954744,holm,pairwise_qlike_clipped_sensitivity|22day|^N225|QLIKE|fixed_21,90,1.0,0.05,False,tested,2025-05-09;2025-05-12
pairwise_qlike_clipped_sensitivity,22day,^N225,QLIKE,EGARCH,GARCHGRU,1,Econometric,3,Hybrid,782,2022-11-25,2025-11-28,-0.6362550263274247,-0.5914701523657733,-0.044784873961651386,A_lower,-1.1739134534303366,t(T-1),Bartlett,21.0,fixed_21,1.1381442432888493,0.24078753914022272,holm,pairwise_qlike_clipped_sensitivity|22day|^N225|QLIKE|fixed_21,90,1.0,0.05,False,tested,2025-05-09;2025-05-12
pairwise_qlike_clipped_sensitivity,22day,^N225,QLIKE,EGARCH,GARCHTransformer,1,Econometric,3,Hybrid,782,2022-11-25,2025-11-28,-0.6362550263274247,-0.6051914901930772,-0.0310635361343476,A_lower,-1.0047751780083038,t(T-1),Bartlett,21.0,fixed_21,0.7474303734326707,0.3153163163585641,holm,pairwise_qlike_clipped_sensitivity|22day|^N225|QLIKE|fixed_21,90,1.0,0.05,False,tested,2025-05-09;2025-05-12
pairwise_qlike_clipped_sensitivity,22day,^N225,QLIKE,GJRGARCH,LinearRegression,1,Econometric,1,Machine Learning,782,2022-11-25,2025-11-28,-0.6483024122614944,-0.5501377528662141,-0.09816465939528035,A_lower,-2.0790126346075843,t(T-1),Bartlett,21.0,fixed_21,1.7434232118215678,0.03794201636870411,holm,pairwise_qlike_clipped_sensitivity|22day|^N225|QLIKE|fixed_21,90,1.0,0.05,False,tested,2025-05-09;2025-05-12
pairwise_qlike_clipped_sensitivity,22day,^N225,QLIKE,GJRGARCH,RandomForest,1,Econometric,1,Machine Learning,782,2022-11-25,2025-11-28,-0.6483024122614944,-0.628020739028809,-0.02028167323268542,A_lower,-2.461260092058026,t(T-1),Bartlett,21.0,fixed_21,0.05310058380350659,0.014060200889582894,holm,pairwise_qlike_clipped_sensitivity|22day|^N225|QLIKE|fixed_21,90,1.0,0.05,False,tested,2025-05-09;2025-05-12
pairwise_qlike_clipped_sensitivity,22day,^N225,QLIKE,GJRGARCH,XGBoost,1,Econometric,1,Machine Learning,782,2022-11-25,2025-11-28,-0.6483024122614944,-0.5608818924371087,-0.08742051982438573,A_lower,-3.347157271508402,t(T-1),Bartlett,21.0,fixed_21,0.5334347262044675,0.0008555136481069815,holm,pairwise_qlike_clipped_sensitivity|22day|^N225|QLIKE|fixed_21,90,0.07699622832962834,0.05,False,tested,2025-05-09;2025-05-12
pairwise_qlike_clipped_sensitivity,22day,^N225,QLIKE,GJRGARCH,LSTM,1,Econometric,2,Deep Learning,782,2022-11-25,2025-11-28,-0.6483024122614944,-0.6098604817316693,-0.03844193052982508,A_lower,-1.4129453607947062,t(T-1),Bartlett,21.0,fixed_21,0.5788504783350008,0.15807018055347766,holm,pairwise_qlike_clipped_sensitivity|22day|^N225|QLIKE|fixed_21,90,1.0,0.05,False,tested,2025-05-09;2025-05-12
pairwise_qlike_clipped_sensitivity,22day,^N225,QLIKE,GJRGARCH,GRU,1,Econometric,2,Deep Learning,782,2022-11-25,2025-11-28,-0.6483024122614944,-0.585136907220845,-0.06316550504064941,A_lower,-1.6739886233578474,t(T-1),Bartlett,21.0,fixed_21,1.1134268617062837,0.09453322772486496,holm,pairwise_qlike_clipped_sensitivity|22day|^N225|QLIKE|fixed_21,90,1.0,0.05,False,tested,2025-05-09;2025-05-12
pairwise_qlike_clipped_sensitivity,22day,^N225,QLIKE,GJRGARCH,Transformer,1,Econometric,2,Deep Learning,782,2022-11-25,2025-11-28,-0.6483024122614944,-0.6120399749100722,-0.03626243735142228,A_lower,-1.7812411894409186,t(T-1),Bartlett,21.0,fixed_21,0.32409719899027956,0.07526160818976613,holm,pairwise_qlike_clipped_sensitivity|22day|^N225|QLIKE|fixed_21,90,1.0,0.05,False,tested,2025-05-09;2025-05-12
pairwise_qlike_clipped_sensitivity,22day,^N225,QLIKE,GJRGARCH,GARCHLSTM,1,Econometric,3,Hybrid,782,2022-11-25,2025-11-28,-0.6483024122614944,-0.607379740211982,-0.04092267204951234,A_lower,-1.3670276580339709,t(T-1),Bartlett,21.0,fixed_21,0.7007774473385806,0.172009973705308,holm,pairwise_qlike_clipped_sensitivity|22day|^N225|QLIKE|fixed_21,90,1.0,0.05,False,tested,2025-05-09;2025-05-12
pairwise_qlike_clipped_sensitivity,22day,^N225,QLIKE,GJRGARCH,GARCHGRU,1,Econometric,3,Hybrid,782,2022-11-25,2025-11-28,-0.6483024122614944,-0.5914701523657733,-0.05683225989572108,A_lower,-1.7638921122325617,t(T-1),Bartlett,21.0,fixed_21,0.8118065823327063,0.07814106749337116,holm,pairwise_qlike_clipped_sensitivity|22day|^N225|QLIKE|fixed_21,90,1.0,0.05,False,tested,2025-05-09;2025-05-12
pairwise_qlike_clipped_sensitivity,22day,^N225,QLIKE,GJRGARCH,GARCHTransformer,1,Econometric,3,Hybrid,782,2022-11-25,2025-11-28,-0.6483024122614944,-0.6051914901930772,-0.04311092206841728,A_lower,-1.717519801008088,t(T-1),Bartlett,21.0,fixed_21,0.4926946781336231,0.08628065177576327,holm,pairwise_qlike_clipped_sensitivity|22day|^N225|QLIKE|fixed_21,90,1.0,0.05,False,tested,2025-05-09;2025-05-12
pairwise_qlike_clipped_sensitivity,22day,^N225,QLIKE,LinearRegression,RandomForest,1,Machine Learning,1,Machine Learning,782,2022-11-25,2025-11-28,-0.5501377528662141,-0.628020739028809,0.07788298616259491,B_lower,1.5430720821997832,t(T-1),Bartlett,21.0,fixed_21,1.9921384356423046,0.12321835724471675,holm,pairwise_qlike_clipped_sensitivity|22day|^N225|QLIKE|fixed_21,90,1.0,0.05,False,tested,2025-05-09;2025-05-12
pairwise_qlike_clipped_sensitivity,22day,^N225,QLIKE,LinearRegression,XGBoost,1,Machine Learning,1,Machine Learning,782,2022-11-25,2025-11-28,-0.5501377528662141,-0.5608818924371087,0.010744139570894613,B_lower,0.3639778821033467,t(T-1),Bartlett,21.0,fixed_21,0.68139673547251,0.7159730378245283,holm,pairwise_qlike_clipped_sensitivity|22day|^N225|QLIKE|fixed_21,90,1.0,0.05,False,tested,2025-05-09;2025-05-12
pairwise_qlike_clipped_sensitivity,22day,^N225,QLIKE,LinearRegression,LSTM,1,Machine Learning,2,Deep Learning,782,2022-11-25,2025-11-28,-0.5501377528662141,-0.6098604817316693,0.05972272886545524,B_lower,1.810347344751448,t(T-1),Bartlett,21.0,fixed_21,0.8510640017063613,0.07062613857173362,holm,pairwise_qlike_clipped_sensitivity|22day|^N225|QLIKE|fixed_21,90,1.0,0.05,False,tested,2025-05-09;2025-05-12
pairwise_qlike_clipped_sensitivity,22day,^N225,QLIKE,LinearRegression,GRU,1,Machine Learning,2,Deep Learning,782,2022-11-25,2025-11-28,-0.5501377528662141,-0.585136907220845,0.034999154354630906,B_lower,0.9593255556044779,t(T-1),Bartlett,21.0,fixed_21,1.0408540288110473,0.33769165020605635,holm,pairwise_qlike_clipped_sensitivity|22day|^N225|QLIKE|fixed_21,90,1.0,0.05,False,tested,2025-05-09;2025-05-12
pairwise_qlike_clipped_sensitivity,22day,^N225,QLIKE,LinearRegression,Transformer,1,Machine Learning,2,Deep Learning,782,2022-11-25,2025-11-28,-0.5501377528662141,-0.6120399749100722,0.06190222204385805,B_lower,1.703609379165361,t(T-1),Bartlett,21.0,fixed_21,1.0324741468892897,0.08885189823213552,holm,pairwise_qlike_clipped_sensitivity|22day|^N225|QLIKE|fixed_21,90,1.0,0.05,False,tested,2025-05-09;2025-05-12
pairwise_qlike_clipped_sensitivity,22day,^N225,QLIKE,LinearRegression,GARCHLSTM,1,Machine Learning,3,Hybrid,782,2022-11-25,2025-11-28,-0.5501377528662141,-0.607379740211982,0.057241987345767985,B_lower,1.6094063476135432,t(T-1),Bartlett,21.0,fixed_21,0.989246995559388,0.10793161915418915,holm,pairwise_qlike_clipped_sensitivity|22day|^N225|QLIKE|fixed_21,90,1.0,0.05,False,tested,2025-05-09;2025-05-12
pairwise_qlike_clipped_sensitivity,22day,^N225,QLIKE,LinearRegression,GARCHGRU,1,Machine Learning,3,Hybrid,782,2022-11-25,2025-11-28,-0.5501377528662141,-0.5914701523657733,0.04133239949955926,B_lower,1.0801442782377677,t(T-1),Bartlett,21.0,fixed_21,1.1450499999027988,0.28041137750286976,holm,pairwise_qlike_clipped_sensitivity|22day|^N225|QLIKE|fixed_21,90,1.0,0.05,False,tested,2025-05-09;2025-05-12
pairwise_qlike_clipped_sensitivity,22day,^N225,QLIKE,LinearRegression,GARCHTransformer,1,Machine Learning,3,Hybrid,782,2022-11-25,2025-11-28,-0.5501377528662141,-0.6051914901930772,0.05505373732686304,B_lower,1.5720509313507622,t(T-1),Bartlett,21.0,fixed_21,0.9590630109084558,0.11634374637519944,holm,pairwise_qlike_clipped_sensitivity|22day|^N225|QLIKE|fixed_21,90,1.0,0.05,False,tested,2025-05-09;2025-05-12
pairwise_qlike_clipped_sensitivity,22day,^N225,QLIKE,RandomForest,XGBoost,1,Machine Learning,1,Machine Learning,782,2022-11-25,2025-11-28,-0.628020739028809,-0.5608818924371087,-0.0671388465917003,A_lower,-2.2799839209888706,t(T-1),Bartlett,21.0,fixed_21,0.6780956160229217,0.022877417579185856,holm,pairwise_qlike_clipped_sensitivity|22day|^N225|QLIKE|fixed_21,90,1.0,0.05,False,tested,2025-05-09;2025-05-12
pairwise_qlike_clipped_sensitivity,22day,^N225,QLIKE,RandomForest,LSTM,1,Machine Learning,2,Deep Learning,782,2022-11-25,2025-11-28,-0.628020739028809,-0.6098604817316693,-0.018160257297139652,A_lower,-0.6501545035987121,t(T-1),Bartlett,21.0,fixed_21,0.6101232813893145,0.5157836183335558,holm,pairwise_qlike_clipped_sensitivity|22day|^N225|QLIKE|fixed_21,90,1.0,0.05,False,tested,2025-05-09;2025-05-12
pairwise_qlike_clipped_sensitivity,22day,^N225,QLIKE,RandomForest,GRU,1,Machine Learning,2,Deep Learning,782,2022-11-25,2025-11-28,-0.628020739028809,-0.585136907220845,-0.04288383180796399,A_lower,-1.136981246568499,t(T-1),Bartlett,21.0,fixed_21,1.1124674640237222,0.25589484331351253,holm,pairwise_qlike_clipped_sensitivity|22day|^N225|QLIKE|fixed_21,90,1.0,0.05,False,tested,2025-05-09;2025-05-12
pairwise_qlike_clipped_sensitivity,22day,^N225,QLIKE,RandomForest,Transformer,1,Machine Learning,2,Deep Learning,782,2022-11-25,2025-11-28,-0.628020739028809,-0.6120399749100722,-0.015980764118736872,A_lower,-0.7159850214552703,t(T-1),Bartlett,21.0,fixed_21,0.38957758561687195,0.4742146119861336,holm,pairwise_qlike_clipped_sensitivity|22day|^N225|QLIKE|fixed_21,90,1.0,0.05,False,tested,2025-05-09;2025-05-12
pairwise_qlike_clipped_sensitivity,22day,^N225,QLIKE,RandomForest,GARCHLSTM,1,Machine Learning,3,Hybrid,782,2022-11-25,2025-11-28,-0.628020739028809,-0.607379740211982,-0.02064099881682693,A_lower,-0.6831885441335209,t(T-1),Bartlett,21.0,fixed_21,0.7138172193292719,0.49469032405688257,holm,pairwise_qlike_clipped_sensitivity|22day|^N225|QLIKE|fixed_21,90,1.0,0.05,False,tested,2025-05-09;2025-05-12
pairwise_qlike_clipped_sensitivity,22day,^N225,QLIKE,RandomForest,GARCHGRU,1,Machine Learning,3,Hybrid,782,2022-11-25,2025-11-28,-0.628020739028809,-0.5914701523657733,-0.03655058666303566,A_lower,-1.1437301185157396,t(T-1),Bartlett,21.0,fixed_21,0.7986350046321371,0.25308601386861584,holm,pairwise_qlike_clipped_sensitivity|22day|^N225|QLIKE|fixed_21,90,1.0,0.05,False,tested,2025-05-09;2025-05-12
pairwise_qlike_clipped_sensitivity,22day,^N225,QLIKE,RandomForest,GARCHTransformer,1,Machine Learning,3,Hybrid,782,2022-11-25,2025-11-28,-0.628020739028809,-0.6051914901930772,-0.022829248835731866,A_lower,-0.8626322743067322,t(T-1),Bartlett,21.0,fixed_21,0.5476947669694183,0.38860448302765266,holm,pairwise_qlike_clipped_sensitivity|22day|^N225|QLIKE|fixed_21,90,1.0,0.05,False,tested,2025-05-09;2025-05-12
pairwise_qlike_clipped_sensitivity,22day,^N225,QLIKE,XGBoost,LSTM,1,Machine Learning,2,Deep Learning,782,2022-11-25,2025-11-28,-0.5608818924371087,-0.6098604817316693,0.048978589294560636,B_lower,2.3300710902196453,t(T-1),Bartlett,21.0,fixed_21,0.345526176547132,0.020056309435244134,holm,pairwise_qlike_clipped_sensitivity|22day|^N225|QLIKE|fixed_21,90,1.0,0.05,False,tested,2025-05-09;2025-05-12
pairwise_qlike_clipped_sensitivity,22day,^N225,QLIKE,XGBoost,GRU,1,Machine Learning,2,Deep Learning,782,2022-11-25,2025-11-28,-0.5608818924371087,-0.585136907220845,0.024255014783736303,B_lower,0.7809696666199553,t(T-1),Bartlett,21.0,fixed_21,0.7542954856991194,0.4350569873685848,holm,pairwise_qlike_clipped_sensitivity|22day|^N225|QLIKE|fixed_21,90,1.0,0.05,False,tested,2025-05-09;2025-05-12
pairwise_qlike_clipped_sensitivity,22day,^N225,QLIKE,XGBoost,Transformer,1,Machine Learning,2,Deep Learning,782,2022-11-25,2025-11-28,-0.5608818924371087,-0.6120399749100722,0.05115808247296342,B_lower,2.530713015898844,t(T-1),Bartlett,21.0,fixed_21,0.31955783562783846,0.011578392555938658,holm,pairwise_qlike_clipped_sensitivity|22day|^N225|QLIKE|fixed_21,90,1.0,0.05,False,tested,2025-05-09;2025-05-12
pairwise_qlike_clipped_sensitivity,22day,^N225,QLIKE,XGBoost,GARCHLSTM,1,Machine Learning,3,Hybrid,782,2022-11-25,2025-11-28,-0.5608818924371087,-0.607379740211982,0.04649784777487336,B_lower,1.8059897984207516,t(T-1),Bartlett,21.0,fixed_21,0.5183724001954888,0.07130481290835892,holm,pairwise_qlike_clipped_sensitivity|22day|^N225|QLIKE|fixed_21,90,1.0,0.05,False,tested,2025-05-09;2025-05-12
pairwise_qlike_clipped_sensitivity,22day,^N225,QLIKE,XGBoost,GARCHGRU,1,Machine Learning,3,Hybrid,782,2022-11-25,2025-11-28,-0.5608818924371087,-0.5914701523657733,0.03058825992866464,B_lower,1.0412492766793437,t(T-1),Bartlett,21.0,fixed_21,0.6748494086293211,0.29808208898910554,holm,pairwise_qlike_clipped_sensitivity|22day|^N225|QLIKE|fixed_21,90,1.0,0.05,False,tested,2025-05-09;2025-05-12
pairwise_qlike_clipped_sensitivity,22day,^N225,QLIKE,XGBoost,GARCHTransformer,1,Machine Learning,3,Hybrid,782,2022-11-25,2025-11-28,-0.5608818924371087,-0.6051914901930772,0.04430959775596843,B_lower,2.0891518537799523,t(T-1),Bartlett,21.0,fixed_21,0.3517728771418862,0.03701718339348882,holm,pairwise_qlike_clipped_sensitivity|22day|^N225|QLIKE|fixed_21,90,1.0,0.05,False,tested,2025-05-09;2025-05-12
pairwise_qlike_clipped_sensitivity,22day,^N225,QLIKE,LSTM,GRU,2,Deep Learning,2,Deep Learning,782,2022-11-25,2025-11-28,-0.6098604817316693,-0.585136907220845,-0.02472357451082434,A_lower,-1.7922692057357215,t(T-1),Bartlett,21.0,fixed_21,0.1488068038824496,0.0734768097946645,holm,pairwise_qlike_clipped_sensitivity|22day|^N225|QLIKE|fixed_21,90,1.0,0.05,False,tested,2025-05-09;2025-05-12
pairwise_qlike_clipped_sensitivity,22day,^N225,QLIKE,LSTM,Transformer,2,Deep Learning,2,Deep Learning,782,2022-11-25,2025-11-28,-0.6098604817316693,-0.6120399749100722,0.002179493178402785,B_lower,0.15875909156711268,t(T-1),Bartlett,21.0,fixed_21,0.1473806850379101,0.8738997226909034,holm,pairwise_qlike_clipped_sensitivity|22day|^N225|QLIKE|fixed_21,90,1.0,0.05,False,tested,2025-05-09;2025-05-12
pairwise_qlike_clipped_sensitivity,22day,^N225,QLIKE,LSTM,GARCHLSTM,2,Deep Learning,3,Hybrid,782,2022-11-25,2025-11-28,-0.6098604817316693,-0.607379740211982,-0.0024807415196872683,A_lower,-0.2986017055136206,t(T-1),Bartlett,21.0,fixed_21,0.053974075970347216,0.7653233928010031,holm,pairwise_qlike_clipped_sensitivity|22day|^N225|QLIKE|fixed_21,90,1.0,0.05,False,tested,2025-05-09;2025-05-12
pairwise_qlike_clipped_sensitivity,22day,^N225,QLIKE,LSTM,GARCHGRU,2,Deep Learning,3,Hybrid,782,2022-11-25,2025-11-28,-0.6098604817316693,-0.5914701523657733,-0.018390329365895998,A_lower,-1.5190961464184574,t(T-1),Bartlett,21.0,fixed_21,0.11460808180270934,0.12914299255877243,holm,pairwise_qlike_clipped_sensitivity|22day|^N225|QLIKE|fixed_21,90,1.0,0.05,False,tested,2025-05-09;2025-05-12
pairwise_qlike_clipped_sensitivity,22day,^N225,QLIKE,LSTM,GARCHTransformer,2,Deep Learning,3,Hybrid,782,2022-11-25,2025-11-28,-0.6098604817316693,-0.6051914901930772,-0.004668991538592212,A_lower,-0.43398147533133996,t(T-1),Bartlett,21.0,fixed_21,0.0905129131940596,0.6644217498058398,holm,pairwise_qlike_clipped_sensitivity|22day|^N225|QLIKE|fixed_21,90,1.0,0.05,False,tested,2025-05-09;2025-05-12
pairwise_qlike_clipped_sensitivity,22day,^N225,QLIKE,GRU,Transformer,2,Deep Learning,2,Deep Learning,782,2022-11-25,2025-11-28,-0.585136907220845,-0.6120399749100722,0.026903067689227123,B_lower,1.3187180883760776,t(T-1),Bartlett,21.0,fixed_21,0.32546660605955813,0.18764992964090524,holm,pairwise_qlike_clipped_sensitivity|22day|^N225|QLIKE|fixed_21,90,1.0,0.05,False,tested,2025-05-09;2025-05-12
pairwise_qlike_clipped_sensitivity,22day,^N225,QLIKE,GRU,GARCHLSTM,2,Deep Learning,3,Hybrid,782,2022-11-25,2025-11-28,-0.585136907220845,-0.607379740211982,0.022242832991137072,B_lower,2.604456003249376,t(T-1),Bartlett,21.0,fixed_21,0.057036504835412415,0.009376953208261497,holm,pairwise_qlike_clipped_sensitivity|22day|^N225|QLIKE|fixed_21,90,0.8251718823270118,0.05,False,tested,2025-05-09;2025-05-12
pairwise_qlike_clipped_sensitivity,22day,^N225,QLIKE,GRU,GARCHGRU,2,Deep Learning,3,Hybrid,782,2022-11-25,2025-11-28,-0.585136907220845,-0.5914701523657733,0.0063332451449283405,B_lower,0.6946436316197397,t(T-1),Bartlett,21.0,fixed_21,0.0650032743838083,0.48748525174564167,holm,pairwise_qlike_clipped_sensitivity|22day|^N225|QLIKE|fixed_21,90,1.0,0.05,False,tested,2025-05-09;2025-05-12
pairwise_qlike_clipped_sensitivity,22day,^N225,QLIKE,GRU,GARCHTransformer,2,Deep Learning,3,Hybrid,782,2022-11-25,2025-11-28,-0.585136907220845,-0.6051914901930772,0.020054582972232126,B_lower,1.3160038833697116,t(T-1),Bartlett,21.0,fixed_21,0.1816016048832399,0.18855886683719453,holm,pairwise_qlike_clipped_sensitivity|22day|^N225|QLIKE|fixed_21,90,1.0,0.05,False,tested,2025-05-09;2025-05-12
pairwise_qlike_clipped_sensitivity,22day,^N225,QLIKE,Transformer,GARCHLSTM,2,Deep Learning,3,Hybrid,782,2022-11-25,2025-11-28,-0.6120399749100722,-0.607379740211982,-0.004660234698090052,A_lower,-0.3545082924685675,t(T-1),Bartlett,21.0,fixed_21,0.1351355253877412,0.7230536883089255,holm,pairwise_qlike_clipped_sensitivity|22day|^N225|QLIKE|fixed_21,90,1.0,0.05,False,tested,2025-05-09;2025-05-12
pairwise_qlike_clipped_sensitivity,22day,^N225,QLIKE,Transformer,GARCHGRU,2,Deep Learning,3,Hybrid,782,2022-11-25,2025-11-28,-0.6120399749100722,-0.5914701523657733,-0.02056982254429879,A_lower,-1.2022407641010415,t(T-1),Bartlett,21.0,fixed_21,0.22892063628546355,0.22963464173940876,holm,pairwise_qlike_clipped_sensitivity|22day|^N225|QLIKE|fixed_21,90,1.0,0.05,False,tested,2025-05-09;2025-05-12
pairwise_qlike_clipped_sensitivity,22day,^N225,QLIKE,Transformer,GARCHTransformer,2,Deep Learning,3,Hybrid,782,2022-11-25,2025-11-28,-0.6120399749100722,-0.6051914901930772,-0.006848484716994994,A_lower,-1.1326955999032282,t(T-1),Bartlett,21.0,fixed_21,0.028587047812518977,0.2576897223247515,holm,pairwise_qlike_clipped_sensitivity|22day|^N225|QLIKE|fixed_21,90,1.0,0.05,False,tested,2025-05-09;2025-05-12
pairwise_qlike_clipped_sensitivity,22day,^N225,QLIKE,GARCHLSTM,GARCHGRU,3,Hybrid,3,Hybrid,782,2022-11-25,2025-11-28,-0.607379740211982,-0.5914701523657733,-0.015909587846208734,A_lower,-1.8869992555212562,t(T-1),Bartlett,21.0,fixed_21,0.05558801337426699,0.059531071227610116,holm,pairwise_qlike_clipped_sensitivity|22day|^N225|QLIKE|fixed_21,90,1.0,0.05,False,tested,2025-05-09;2025-05-12
pairwise_qlike_clipped_sensitivity,22day,^N225,QLIKE,GARCHLSTM,GARCHTransformer,3,Hybrid,3,Hybrid,782,2022-11-25,2025-11-28,-0.607379740211982,-0.6051914901930772,-0.0021882500189049424,A_lower,-0.25837906869233274,t(T-1),Bartlett,21.0,fixed_21,0.05609006945723996,0.7961824433414566,holm,pairwise_qlike_clipped_sensitivity|22day|^N225|QLIKE|fixed_21,90,1.0,0.05,False,tested,2025-05-09;2025-05-12
pairwise_qlike_clipped_sensitivity,22day,^N225,QLIKE,GARCHGRU,GARCHTransformer,3,Hybrid,3,Hybrid,782,2022-11-25,2025-11-28,-0.5914701523657733,-0.6051914901930772,0.013721337827303785,B_lower,1.0476787496883293,t(T-1),Bartlett,21.0,fixed_21,0.13413539637234292,0.2951107537679168,holm,pairwise_qlike_clipped_sensitivity|22day|^N225|QLIKE|fixed_21,90,1.0,0.05,False,tested,2025-05-09;2025-05-12
pairwise_qlike_clipped_sensitivity,22day,^HSI,QLIKE,HistoricalVolatility,Persistence,1,Benchmark,1,Benchmark,783,2022-11-25,2025-11-28,-0.4755264869983571,-0.4755264869983571,0.0,equal,,t(T-1),Bartlett,,auto_floor_h-1,,,holm,pairwise_qlike_clipped_sensitivity|22day|^HSI|QLIKE|auto_floor_h-1,90,,0.05,,identical_forecasts,2025-05-12
pairwise_qlike_clipped_sensitivity,22day,^HSI,QLIKE,HistoricalVolatility,GARCH,1,Benchmark,1,Econometric,783,2022-11-25,2025-11-28,-0.4755264869983571,-0.5005632183778589,0.02503673137950174,B_lower,2.234983169708795,t(T-1),Bartlett,24.0,auto_floor_h-1,0.09825813291609825,0.02570011221251069,holm,pairwise_qlike_clipped_sensitivity|22day|^HSI|QLIKE|auto_floor_h-1,90,1.0,0.05,False,tested,2025-05-12
pairwise_qlike_clipped_sensitivity,22day,^HSI,QLIKE,HistoricalVolatility,EGARCH,1,Benchmark,1,Econometric,783,2022-11-25,2025-11-28,-0.4755264869983571,-0.498519267645898,0.022992780647540883,B_lower,1.870418304374169,t(T-1),Bartlett,24.0,auto_floor_h-1,0.11832248073275226,0.06179909529262399,holm,pairwise_qlike_clipped_sensitivity|22day|^HSI|QLIKE|auto_floor_h-1,90,1.0,0.05,False,tested,2025-05-12
pairwise_qlike_clipped_sensitivity,22day,^HSI,QLIKE,HistoricalVolatility,GJRGARCH,1,Benchmark,1,Econometric,783,2022-11-25,2025-11-28,-0.4755264869983571,-0.49560259927081135,0.02007611227245429,B_lower,1.9411835294951,t(T-1),Bartlett,24.0,auto_floor_h-1,0.08375057511159617,0.052594967357006334,holm,pairwise_qlike_clipped_sensitivity|22day|^HSI|QLIKE|auto_floor_h-1,90,1.0,0.05,False,tested,2025-05-12
pairwise_qlike_clipped_sensitivity,22day,^HSI,QLIKE,HistoricalVolatility,LinearRegression,1,Benchmark,1,Machine Learning,783,2022-11-25,2025-11-28,-0.4755264869983571,-0.27468298019878445,-0.20084350679957264,A_lower,-1.5536064496771655,t(T-1),Bartlett,23.0,auto_floor_h-1,13.085650673378227,0.1206829137003275,holm,pairwise_qlike_clipped_sensitivity|22day|^HSI|QLIKE|auto_floor_h-1,90,1.0,0.05,False,tested,2025-05-12
pairwise_qlike_clipped_sensitivity,22day,^HSI,QLIKE,HistoricalVolatility,RandomForest,1,Benchmark,1,Machine Learning,783,2022-11-25,2025-11-28,-0.4755264869983571,-0.44886381200745196,-0.026662674990905078,A_lower,-2.4125937144933878,t(T-1),Bartlett,23.0,auto_floor_h-1,0.09563146648229456,0.016068625792855794,holm,pairwise_qlike_clipped_sensitivity|22day|^HSI|QLIKE|auto_floor_h-1,90,1.0,0.05,False,tested,2025-05-12
pairwise_qlike_clipped_sensitivity,22day,^HSI,QLIKE,HistoricalVolatility,XGBoost,1,Benchmark,1,Machine Learning,783,2022-11-25,2025-11-28,-0.4755264869983571,-0.45449112008236103,-0.02103536691599609,A_lower,-2.1490702922641054,t(T-1),Bartlett,22.0,auto_floor_h-1,0.07501717476561931,0.031935124757219754,holm,pairwise_qlike_clipped_sensitivity|22day|^HSI|QLIKE|auto_floor_h-1,90,1.0,0.05,False,tested,2025-05-12
pairwise_qlike_clipped_sensitivity,22day,^HSI,QLIKE,HistoricalVolatility,LSTM,1,Benchmark,2,Deep Learning,783,2022-11-25,2025-11-28,-0.4755264869983571,-0.4222487698647316,-0.05327771713362545,A_lower,-2.130007100281647,t(T-1),Bartlett,24.0,auto_floor_h-1,0.48988131529971085,0.03348262962506427,holm,pairwise_qlike_clipped_sensitivity|22day|^HSI|QLIKE|auto_floor_h-1,90,1.0,0.05,False,tested,2025-05-12
pairwise_qlike_clipped_sensitivity,22day,^HSI,QLIKE,HistoricalVolatility,GRU,1,Benchmark,2,Deep Learning,783,2022-11-25,2025-11-28,-0.4755264869983571,-0.4087394778520513,-0.06678700914630582,A_lower,-1.4046247039772122,t(T-1),Bartlett,25.0,auto_floor_h-1,1.7702114603546404,0.16052997574736427,holm,pairwise_qlike_clipped_sensitivity|22day|^HSI|QLIKE|auto_floor_h-1,90,1.0,0.05,False,tested,2025-05-12
pairwise_qlike_clipped_sensitivity,22day,^HSI,QLIKE,HistoricalVolatility,Transformer,1,Benchmark,2,Deep Learning,783,2022-11-25,2025-11-28,-0.4755264869983571,-0.4700999432155474,-0.005426543782809706,A_lower,-0.25992594876220443,t(T-1),Bartlett,24.0,auto_floor_h-1,0.34127864125355667,0.7949893130533409,holm,pairwise_qlike_clipped_sensitivity|22day|^HSI|QLIKE|auto_floor_h-1,90,1.0,0.05,False,tested,2025-05-12
pairwise_qlike_clipped_sensitivity,22day,^HSI,QLIKE,HistoricalVolatility,GARCHLSTM,1,Benchmark,3,Hybrid,783,2022-11-25,2025-11-28,-0.4755264869983571,-0.47788593845840915,0.0023594514600521715,B_lower,0.17659956366650537,t(T-1),Bartlett,23.0,auto_floor_h-1,0.13976698733359694,0.8598686622084979,holm,pairwise_qlike_clipped_sensitivity|22day|^HSI|QLIKE|auto_floor_h-1,90,1.0,0.05,False,tested,2025-05-12
pairwise_qlike_clipped_sensitivity,22day,^HSI,QLIKE,HistoricalVolatility,GARCHGRU,1,Benchmark,3,Hybrid,783,2022-11-25,2025-11-28,-0.4755264869983571,-0.4056775004203965,-0.06984898657796058,A_lower,-1.3735002094756255,t(T-1),Bartlett,25.0,auto_floor_h-1,2.0249976377125876,0.16999052521596217,holm,pairwise_qlike_clipped_sensitivity|22day|^HSI|QLIKE|auto_floor_h-1,90,1.0,0.05,False,tested,2025-05-12
pairwise_qlike_clipped_sensitivity,22day,^HSI,QLIKE,HistoricalVolatility,GARCHTransformer,1,Benchmark,3,Hybrid,783,2022-11-25,2025-11-28,-0.4755264869983571,-0.43821504315217,-0.03731144384618708,A_lower,-1.5489264354552863,t(T-1),Bartlett,24.0,auto_floor_h-1,0.4543434682072359,0.12180398959400707,holm,pairwise_qlike_clipped_sensitivity|22day|^HSI|QLIKE|auto_floor_h-1,90,1.0,0.05,False,tested,2025-05-12
pairwise_qlike_clipped_sensitivity,22day,^HSI,QLIKE,Persistence,GARCH,1,Benchmark,1,Econometric,783,2022-11-25,2025-11-28,-0.4755264869983571,-0.5005632183778589,0.02503673137950174,B_lower,2.234983169708795,t(T-1),Bartlett,24.0,auto_floor_h-1,0.09825813291609825,0.02570011221251069,holm,pairwise_qlike_clipped_sensitivity|22day|^HSI|QLIKE|auto_floor_h-1,90,1.0,0.05,False,tested,2025-05-12
pairwise_qlike_clipped_sensitivity,22day,^HSI,QLIKE,Persistence,EGARCH,1,Benchmark,1,Econometric,783,2022-11-25,2025-11-28,-0.4755264869983571,-0.498519267645898,0.022992780647540883,B_lower,1.870418304374169,t(T-1),Bartlett,24.0,auto_floor_h-1,0.11832248073275226,0.06179909529262399,holm,pairwise_qlike_clipped_sensitivity|22day|^HSI|QLIKE|auto_floor_h-1,90,1.0,0.05,False,tested,2025-05-12
pairwise_qlike_clipped_sensitivity,22day,^HSI,QLIKE,Persistence,GJRGARCH,1,Benchmark,1,Econometric,783,2022-11-25,2025-11-28,-0.4755264869983571,-0.49560259927081135,0.02007611227245429,B_lower,1.9411835294951,t(T-1),Bartlett,24.0,auto_floor_h-1,0.08375057511159617,0.052594967357006334,holm,pairwise_qlike_clipped_sensitivity|22day|^HSI|QLIKE|auto_floor_h-1,90,1.0,0.05,False,tested,2025-05-12
pairwise_qlike_clipped_sensitivity,22day,^HSI,QLIKE,Persistence,LinearRegression,1,Benchmark,1,Machine Learning,783,2022-11-25,2025-11-28,-0.4755264869983571,-0.27468298019878445,-0.20084350679957264,A_lower,-1.5536064496771655,t(T-1),Bartlett,23.0,auto_floor_h-1,13.085650673378227,0.1206829137003275,holm,pairwise_qlike_clipped_sensitivity|22day|^HSI|QLIKE|auto_floor_h-1,90,1.0,0.05,False,tested,2025-05-12
pairwise_qlike_clipped_sensitivity,22day,^HSI,QLIKE,Persistence,RandomForest,1,Benchmark,1,Machine Learning,783,2022-11-25,2025-11-28,-0.4755264869983571,-0.44886381200745196,-0.026662674990905078,A_lower,-2.4125937144933878,t(T-1),Bartlett,23.0,auto_floor_h-1,0.09563146648229456,0.016068625792855794,holm,pairwise_qlike_clipped_sensitivity|22day|^HSI|QLIKE|auto_floor_h-1,90,1.0,0.05,False,tested,2025-05-12
pairwise_qlike_clipped_sensitivity,22day,^HSI,QLIKE,Persistence,XGBoost,1,Benchmark,1,Machine Learning,783,2022-11-25,2025-11-28,-0.4755264869983571,-0.45449112008236103,-0.02103536691599609,A_lower,-2.1490702922641054,t(T-1),Bartlett,22.0,auto_floor_h-1,0.07501717476561931,0.031935124757219754,holm,pairwise_qlike_clipped_sensitivity|22day|^HSI|QLIKE|auto_floor_h-1,90,1.0,0.05,False,tested,2025-05-12
pairwise_qlike_clipped_sensitivity,22day,^HSI,QLIKE,Persistence,LSTM,1,Benchmark,2,Deep Learning,783,2022-11-25,2025-11-28,-0.4755264869983571,-0.4222487698647316,-0.05327771713362545,A_lower,-2.130007100281647,t(T-1),Bartlett,24.0,auto_floor_h-1,0.48988131529971085,0.03348262962506427,holm,pairwise_qlike_clipped_sensitivity|22day|^HSI|QLIKE|auto_floor_h-1,90,1.0,0.05,False,tested,2025-05-12
pairwise_qlike_clipped_sensitivity,22day,^HSI,QLIKE,Persistence,GRU,1,Benchmark,2,Deep Learning,783,2022-11-25,2025-11-28,-0.4755264869983571,-0.4087394778520513,-0.06678700914630582,A_lower,-1.4046247039772122,t(T-1),Bartlett,25.0,auto_floor_h-1,1.7702114603546404,0.16052997574736427,holm,pairwise_qlike_clipped_sensitivity|22day|^HSI|QLIKE|auto_floor_h-1,90,1.0,0.05,False,tested,2025-05-12
pairwise_qlike_clipped_sensitivity,22day,^HSI,QLIKE,Persistence,Transformer,1,Benchmark,2,Deep Learning,783,2022-11-25,2025-11-28,-0.4755264869983571,-0.4700999432155474,-0.005426543782809706,A_lower,-0.25992594876220443,t(T-1),Bartlett,24.0,auto_floor_h-1,0.34127864125355667,0.7949893130533409,holm,pairwise_qlike_clipped_sensitivity|22day|^HSI|QLIKE|auto_floor_h-1,90,1.0,0.05,False,tested,2025-05-12
pairwise_qlike_clipped_sensitivity,22day,^HSI,QLIKE,Persistence,GARCHLSTM,1,Benchmark,3,Hybrid,783,2022-11-25,2025-11-28,-0.4755264869983571,-0.47788593845840915,0.0023594514600521715,B_lower,0.17659956366650537,t(T-1),Bartlett,23.0,auto_floor_h-1,0.13976698733359694,0.8598686622084979,holm,pairwise_qlike_clipped_sensitivity|22day|^HSI|QLIKE|auto_floor_h-1,90,1.0,0.05,False,tested,2025-05-12
pairwise_qlike_clipped_sensitivity,22day,^HSI,QLIKE,Persistence,GARCHGRU,1,Benchmark,3,Hybrid,783,2022-11-25,2025-11-28,-0.4755264869983571,-0.4056775004203965,-0.06984898657796058,A_lower,-1.3735002094756255,t(T-1),Bartlett,25.0,auto_floor_h-1,2.0249976377125876,0.16999052521596217,holm,pairwise_qlike_clipped_sensitivity|22day|^HSI|QLIKE|auto_floor_h-1,90,1.0,0.05,False,tested,2025-05-12
pairwise_qlike_clipped_sensitivity,22day,^HSI,QLIKE,Persistence,GARCHTransformer,1,Benchmark,3,Hybrid,783,2022-11-25,2025-11-28,-0.4755264869983571,-0.43821504315217,-0.03731144384618708,A_lower,-1.5489264354552863,t(T-1),Bartlett,24.0,auto_floor_h-1,0.4543434682072359,0.12180398959400707,holm,pairwise_qlike_clipped_sensitivity|22day|^HSI|QLIKE|auto_floor_h-1,90,1.0,0.05,False,tested,2025-05-12
pairwise_qlike_clipped_sensitivity,22day,^HSI,QLIKE,GARCH,EGARCH,1,Econometric,1,Econometric,783,2022-11-25,2025-11-28,-0.5005632183778589,-0.498519267645898,-0.0020439507319608592,A_lower,-0.3989152461144678,t(T-1),Bartlett,24.0,auto_floor_h-1,0.020556129201520404,0.6900645611671848,holm,pairwise_qlike_clipped_sensitivity|22day|^HSI|QLIKE|auto_floor_h-1,90,1.0,0.05,False,tested,2025-05-12
pairwise_qlike_clipped_sensitivity,22day,^HSI,QLIKE,GARCH,GJRGARCH,1,Econometric,1,Econometric,783,2022-11-25,2025-11-28,-0.5005632183778589,-0.49560259927081135,-0.004960619107047453,A_lower,-1.5779525182622467,t(T-1),Bartlett,23.0,auto_floor_h-1,0.007738301805405124,0.1149809255162938,holm,pairwise_qlike_clipped_sensitivity|22day|^HSI|QLIKE|auto_floor_h-1,90,1.0,0.05,False,tested,2025-05-12
pairwise_qlike_clipped_sensitivity,22day,^HSI,QLIKE,GARCH,LinearRegression,1,Econometric,1,Machine Learning,783,2022-11-25,2025-11-28,-0.5005632183778589,-0.27468298019878445,-0.22588023817907435,A_lower,-1.6653041556372674,t(T-1),Bartlett,23.0,auto_floor_h-1,14.405591803872046,0.09625262314851075,holm,pairwise_qlike_clipped_sensitivity|22day|^HSI|QLIKE|auto_floor_h-1,90,1.0,0.05,False,tested,2025-05-12
pairwise_qlike_clipped_sensitivity,22day,^HSI,QLIKE,GARCH,RandomForest,1,Econometric,1,Machine Learning,783,2022-11-25,2025-11-28,-0.5005632183778589,-0.44886381200745196,-0.05169940637040681,A_lower,-3.051647347096761,t(T-1),Bartlett,24.0,auto_floor_h-1,0.22473162180545259,0.0023528634956986724,holm,pairwise_qlike_clipped_sensitivity|22day|^HSI|QLIKE|auto_floor_h-1,90,0.1952876701429898,0.05,False,tested,2025-05-12
pairwise_qlike_clipped_sensitivity,22day,^HSI,QLIKE,GARCH,XGBoost,1,Econometric,1,Machine Learning,783,2022-11-25,2025-11-28,-0.5005632183778589,-0.45449112008236103,-0.04607209829549783,A_lower,-3.533479544857264,t(T-1),Bartlett,23.0,auto_floor_h-1,0.13311671236942624,0.0004342019600643731,holm,pairwise_qlike_clipped_sensitivity|22day|^HSI|QLIKE|auto_floor_h-1,90,0.03864397444572921,0.05,True,tested,2025-05-12
pairwise_qlike_clipped_sensitivity,22day,^HSI,QLIKE,GARCH,LSTM,1,Econometric,2,Deep Learning,783,2022-11-25,2025-11-28,-0.5005632183778589,-0.4222487698647316,-0.0783144485131272,A_lower,-2.522566302832754,t(T-1),Bartlett,25.0,auto_floor_h-1,0.7546757065777019,0.011847546135537233,holm,pairwise_qlike_clipped_sensitivity|22day|^HSI|QLIKE|auto_floor_h-1,90,0.9241085985719042,0.05,False,tested,2025-05-12
pairwise_qlike_clipped_sensitivity,22day,^HSI,QLIKE,GARCH,GRU,1,Econometric,2,Deep Learning,783,2022-11-25,2025-11-28,-0.5005632183778589,-0.4087394778520513,-0.09182374052580755,A_lower,-1.661631958136805,t(T-1),Bartlett,25.0,auto_floor_h-1,2.391123730820682,0.09698738650266508,holm,pairwise_qlike_clipped_sensitivity|22day|^HSI|QLIKE|auto_floor_h-1,90,1.0,0.05,False,tested,2025-05-12
pairwise_qlike_clipped_sensitivity,22day,^HSI,QLIKE,GARCH,Transformer,1,Econometric,2,Deep Learning,783,2022-11-25,2025-11-28,-0.5005632183778589,-0.4700999432155474,-0.030463275162311437,A_lower,-2.2438245808545103,t(T-1),Bartlett,24.0,auto_floor_h-1,0.14432353107417104,0.025122762298886464,holm,pairwise_qlike_clipped_sensitivity|22day|^HSI|QLIKE|auto_floor_h-1,90,1.0,0.05,False,tested,2025-05-12
pairwise_qlike_clipped_sensitivity,22day,^HSI,QLIKE,GARCH,GARCHLSTM,1,Econometric,3,Hybrid,783,2022-11-25,2025-11-28,-0.5005632183778589,-0.47788593845840915,-0.02267727991944957,A_lower,-1.2283323352756739,t(T-1),Bartlett,24.0,auto_floor_h-1,0.2668774716647324,0.21969178816403967,holm,pairwise_qlike_clipped_sensitivity|22day|^HSI|QLIKE|auto_floor_h-1,90,1.0,0.05,False,tested,2025-05-12
pairwise_qlike_clipped_sensitivity,22day,^HSI,QLIKE,GARCH,GARCHGRU,1,Econometric,3,Hybrid,783,2022-11-25,2025-11-28,-0.5005632183778589,-0.4056775004203965,-0.09488571795746231,A_lower,-1.6111752962764045,t(T-1),Bartlett,25.0,auto_floor_h-1,2.71567547034034,0.10754503924630426,holm,pairwise_qlike_clipped_sensitivity|22day|^HSI|QLIKE|auto_floor_h-1,90,1.0,0.05,False,tested,2025-05-12
pairwise_qlike_clipped_sensitivity,22day,^HSI,QLIKE,GARCH,GARCHTransformer,1,Econometric,3,Hybrid,783,2022-11-25,2025-11-28,-0.5005632183778589,-0.43821504315217,-0.06234817522568881,A_lower,-3.232820477429833,t(T-1),Bartlett,24.0,auto_floor_h-1,0.291236685577967,0.0012771390990831087,holm,pairwise_qlike_clipped_sensitivity|22day|^HSI|QLIKE|auto_floor_h-1,90,0.11111110162023045,0.05,False,tested,2025-05-12
pairwise_qlike_clipped_sensitivity,22day,^HSI,QLIKE,EGARCH,GJRGARCH,1,Econometric,1,Econometric,783,2022-11-25,2025-11-28,-0.498519267645898,-0.49560259927081135,-0.0029166683750865927,A_lower,-0.38730596610578333,t(T-1),Bartlett,25.0,auto_floor_h-1,0.044404552073192674,0.6986350934833492,holm,pairwise_qlike_clipped_sensitivity|22day|^HSI|QLIKE|auto_floor_h-1,90,1.0,0.05,False,tested,2025-05-12
pairwise_qlike_clipped_sensitivity,22day,^HSI,QLIKE,EGARCH,LinearRegression,1,Econometric,1,Machine Learning,783,2022-11-25,2025-11-28,-0.498519267645898,-0.27468298019878445,-0.22383628744711348,A_lower,-1.6376343538343405,t(T-1),Bartlett,23.0,auto_floor_h-1,14.628131962736177,0.10190028683137903,holm,pairwise_qlike_clipped_sensitivity|22day|^HSI|QLIKE|auto_floor_h-1,90,1.0,0.05,False,tested,2025-05-12
pairwise_qlike_clipped_sensitivity,22day,^HSI,QLIKE,EGARCH,RandomForest,1,Econometric,1,Machine Learning,783,2022-11-25,2025-11-28,-0.498519267645898,-0.44886381200745196,-0.049655455638445964,A_lower,-2.8510395878908796,t(T-1),Bartlett,24.0,auto_floor_h-1,0.2375139975766664,0.004472415678433492,holm,pairwise_qlike_clipped_sensitivity|22day|^HSI|QLIKE|auto_floor_h-1,90,0.36673808563154636,0.05,False,tested,2025-05-12
pairwise_qlike_clipped_sensitivity,22day,^HSI,QLIKE,EGARCH,XGBoost,1,Econometric,1,Machine Learning,783,2022-11-25,2025-11-28,-0.498519267645898,-0.45449112008236103,-0.044028147563536964,A_lower,-3.366559317916928,t(T-1),Bartlett,23.0,auto_floor_h-1,0.133921420354939,0.0007982954511409716,holm,pairwise_qlike_clipped_sensitivity|22day|^HSI|QLIKE|auto_floor_h-1,90,0.07024999970040549,0.05,False,tested,2025-05-12
pairwise_qlike_clipped_sensitivity,22day,^HSI,QLIKE,EGARCH,LSTM,1,Econometric,2,Deep Learning,783,2022-11-25,2025-11-28,-0.498519267645898,-0.4222487698647316,-0.07627049778116633,A_lower,-2.354574690200345,t(T-1),Bartlett,25.0,auto_floor_h-1,0.8215802315563556,0.01879023435732544,holm,pairwise_qlike_clipped_sensitivity|22day|^HSI|QLIKE|auto_floor_h-1,90,1.0,0.05,False,tested,2025-05-12
pairwise_qlike_clipped_sensitivity,22day,^HSI,QLIKE,EGARCH,GRU,1,Econometric,2,Deep Learning,783,2022-11-25,2025-11-28,-0.498519267645898,-0.4087394778520513,-0.0897797897938467,A_lower,-1.593131254134839,t(T-1),Bartlett,25.0,auto_floor_h-1,2.486656602650923,0.111534840736784,holm,pairwise_qlike_clipped_sensitivity|22day|^HSI|QLIKE|auto_floor_h-1,90,1.0,0.05,False,tested,2025-05-12
pairwise_qlike_clipped_sensitivity,22day,^HSI,QLIKE,EGARCH,Transformer,1,Econometric,2,Deep Learning,783,2022-11-25,2025-11-28,-0.498519267645898,-0.4700999432155474,-0.02841932443035058,A_lower,-1.8568577012492564,t(T-1),Bartlett,24.0,auto_floor_h-1,0.1834138028073105,0.0637072421060838,holm,pairwise_qlike_clipped_sensitivity|22day|^HSI|QLIKE|auto_floor_h-1,90,1.0,0.05,False,tested,2025-05-12
pairwise_qlike_clipped_sensitivity,22day,^HSI,QLIKE,EGARCH,GARCHLSTM,1,Econometric,3,Hybrid,783,2022-11-25,2025-11-28,-0.498519267645898,-0.47788593845840915,-0.020633329187488714,A_lower,-1.0653672166271129,t(T-1),Bartlett,25.0,auto_floor_h-1,0.2936984935697261,0.2870386105480379,holm,pairwise_qlike_clipped_sensitivity|22day|^HSI|QLIKE|auto_floor_h-1,90,1.0,0.05,False,tested,2025-05-12
pairwise_qlike_clipped_sensitivity,22day,^HSI,QLIKE,EGARCH,GARCHGRU,1,Econometric,3,Hybrid,783,2022-11-25,2025-11-28,-0.498519267645898,-0.4056775004203965,-0.09284176722550146,A_lower,-1.5551366885436178,t(T-1),Bartlett,25.0,auto_floor_h-1,2.790688897683404,0.12031811246323051,holm,pairwise_qlike_clipped_sensitivity|22day|^HSI|QLIKE|auto_floor_h-1,90,1.0,0.05,False,tested,2025-05-12
pairwise_qlike_clipped_sensitivity,22day,^HSI,QLIKE,EGARCH,GARCHTransformer,1,Econometric,3,Hybrid,783,2022-11-25,2025-11-28,-0.498519267645898,-0.43821504315217,-0.06030422449372795,A_lower,-2.7730117905149245,t(T-1),Bartlett,24.0,auto_floor_h-1,0.3703000779404634,0.005686219314191921,holm,pairwise_qlike_clipped_sensitivity|22day|^HSI|QLIKE|auto_floor_h-1,90,0.4548975451353537,0.05,False,tested,2025-05-12
pairwise_qlike_clipped_sensitivity,22day,^HSI,QLIKE,GJRGARCH,LinearRegression,1,Econometric,1,Machine Learning,783,2022-11-25,2025-11-28,-0.49560259927081135,-0.27468298019878445,-0.2209196190720269,A_lower,-1.6378260148812713,t(T-1),Bartlett,23.0,auto_floor_h-1,14.246061121693224,0.10186027721121112,holm,pairwise_qlike_clipped_sensitivity|22day|^HSI|QLIKE|auto_floor_h-1,90,1.0,0.05,False,tested,2025-05-12
pairwise_qlike_clipped_sensitivity,22day,^HSI,QLIKE,GJRGARCH,RandomForest,1,Econometric,1,Machine Learning,783,2022-11-25,2025-11-28,-0.49560259927081135,-0.44886381200745196,-0.04673878726335936,A_lower,-2.8463841957973743,t(T-1),Bartlett,24.0,auto_floor_h-1,0.21112010943360465,0.004537640761512406,holm,pairwise_qlike_clipped_sensitivity|22day|^HSI|QLIKE|auto_floor_h-1,90,0.36754890168250487,0.05,False,tested,2025-05-12
pairwise_qlike_clipped_sensitivity,22day,^HSI,QLIKE,GJRGARCH,XGBoost,1,Econometric,1,Machine Learning,783,2022-11-25,2025-11-28,-0.49560259927081135,-0.45449112008236103,-0.041111479188450366,A_lower,-3.1714958730973484,t(T-1),Bartlett,23.0,auto_floor_h-1,0.13157084585712917,0.0015757504918924468,holm,pairwise_qlike_clipped_sensitivity|22day|^HSI|QLIKE|auto_floor_h-1,90,0.13551454230275042,0.05,False,tested,2025-05-12
pairwise_qlike_clipped_sensitivity,22day,^HSI,QLIKE,GJRGARCH,LSTM,1,Econometric,2,Deep Learning,783,2022-11-25,2025-11-28,-0.49560259927081135,-0.4222487698647316,-0.07335382940607975,A_lower,-2.508764989674913,t(T-1),Bartlett,25.0,auto_floor_h-1,0.6694025819909623,0.012316670614291434,holm,pairwise_qlike_clipped_sensitivity|22day|^HSI|QLIKE|auto_floor_h-1,90,0.9483836373004404,0.05,False,tested,2025-05-12
pairwise_qlike_clipped_sensitivity,22day,^HSI,QLIKE,GJRGARCH,GRU,1,Econometric,2,Deep Learning,783,2022-11-25,2025-11-28,-0.49560259927081135,-0.4087394778520513,-0.0868631214187601,A_lower,-1.619567251665989,t(T-1),Bartlett,25.0,auto_floor_h-1,2.2523436435044957,0.10572844875464796,holm,pairwise_qlike_clipped_sensitivity|22day|^HSI|QLIKE|auto_floor_h-1,90,1.0,0.05,False,tested,2025-05-12
pairwise_qlike_clipped_sensitivity,22day,^HSI,QLIKE,GJRGARCH,Transformer,1,Econometric,2,Deep Learning,783,2022-11-25,2025-11-28,-0.49560259927081135,-0.4700999432155474,-0.025502656055263983,A_lower,-1.879803573561022,t(T-1),Bartlett,24.0,auto_floor_h-1,0.14411448956177397,0.06050641691182537,holm,pairwise_qlike_clipped_sensitivity|22day|^HSI|QLIKE|auto_floor_h-1,90,1.0,0.05,False,tested,2025-05-12
pairwise_qlike_clipped_sensitivity,22day,^HSI,QLIKE,GJRGARCH,GARCHLSTM,1,Econometric,3,Hybrid,783,2022-11-25,2025-11-28,-0.49560259927081135,-0.47788593845840915,-0.017716660812402116,A_lower,-1.0356722235135216,t(T-1),Bartlett,24.0,auto_floor_h-1,0.2291294147769256,0.300675237551184,holm,pairwise_qlike_clipped_sensitivity|22day|^HSI|QLIKE|auto_floor_h-1,90,1.0,0.05,False,tested,2025-05-12
pairwise_qlike_clipped_sensitivity,22day,^HSI,QLIKE,GJRGARCH,GARCHGRU,1,Econometric,3,Hybrid,783,2022-11-25,2025-11-28,-0.49560259927081135,-0.4056775004203965,-0.08992509885041486,A_lower,-1.5577906284014607,t(T-1),Bartlett,25.0,auto_floor_h-1,2.6091883828851916,0.11968747814107174,holm,pairwise_qlike_clipped_sensitivity|22day|^HSI|QLIKE|auto_floor_h-1,90,1.0,0.05,False,tested,2025-05-12
pairwise_qlike_clipped_sensitivity,22day,^HSI,QLIKE,GJRGARCH,GARCHTransformer,1,Econometric,3,Hybrid,783,2022-11-25,2025-11-28,-0.49560259927081135,-0.43821504315217,-0.05738755611864136,A_lower,-3.168843005075596,t(T-1),Bartlett,24.0,auto_floor_h-1,0.25680044756175424,0.0015900172435890396,holm,pairwise_qlike_clipped_sensitivity|22day|^HSI|QLIKE|auto_floor_h-1,90,0.13551454230275042,0.05,False,tested,2025-05-12
pairwise_qlike_clipped_sensitivity,22day,^HSI,QLIKE,LinearRegression,RandomForest,1,Machine Learning,1,Machine Learning,783,2022-11-25,2025-11-28,-0.27468298019878445,-0.44886381200745196,0.17418083180866756,B_lower,1.3825090239773885,t(T-1),Bartlett,23.0,auto_floor_h-1,12.428723688299991,0.16721015147553991,holm,pairwise_qlike_clipped_sensitivity|22day|^HSI|QLIKE|auto_floor_h-1,90,1.0,0.05,False,tested,2025-05-12
pairwise_qlike_clipped_sensitivity,22day,^HSI,QLIKE,LinearRegression,XGBoost,1,Machine Learning,1,Machine Learning,783,2022-11-25,2025-11-28,-0.27468298019878445,-0.45449112008236103,0.17980813988357655,B_lower,1.3769547094139103,t(T-1),Bartlett,23.0,auto_floor_h-1,13.351840852722678,0.16892029295169256,holm,pairwise_qlike_clipped_sensitivity|22day|^HSI|QLIKE|auto_floor_h-1,90,1.0,0.05,False,tested,2025-05-12
pairwise_qlike_clipped_sensitivity,22day,^HSI,QLIKE,LinearRegression,LSTM,1,Machine Learning,2,Deep Learning,783,2022-11-25,2025-11-28,-0.27468298019878445,-0.4222487698647316,0.1475657896659472,B_lower,1.2445991788177662,t(T-1),Bartlett,23.0,auto_floor_h-1,11.007130469096541,0.21365199584860498,holm,pairwise_qlike_clipped_sensitivity|22day|^HSI|QLIKE|auto_floor_h-1,90,1.0,0.05,False,tested,2025-05-12
pairwise_qlike_clipped_sensitivity,22day,^HSI,QLIKE,LinearRegression,GRU,1,Machine Learning,2,Deep Learning,783,2022-11-25,2025-11-28,-0.27468298019878445,-0.4087394778520513,0.13405649765326683,B_lower,1.4175829007480756,t(T-1),Bartlett,22.0,auto_floor_h-1,7.002297653433528,0.15671088890105397,holm,pairwise_qlike_clipped_sensitivity|22day|^HSI|QLIKE|auto_floor_h-1,90,1.0,0.05,False,tested,2025-05-12
pairwise_qlike_clipped_sensitivity,22day,^HSI,QLIKE,LinearRegression,Transformer,1,Machine Learning,2,Deep Learning,783,2022-11-25,2025-11-28,-0.27468298019878445,-0.4700999432155474,0.19541696301676292,B_lower,1.4018244208110315,t(T-1),Bartlett,23.0,auto_floor_h-1,15.215948805438764,0.16136446972234286,holm,pairwise_qlike_clipped_sensitivity|22day|^HSI|QLIKE|auto_floor_h-1,90,1.0,0.05,False,tested,2025-05-12
pairwise_qlike_clipped_sensitivity,22day,^HSI,QLIKE,LinearRegression,GARCHLSTM,1,Machine Learning,3,Hybrid,783,2022-11-25,2025-11-28,-0.27468298019878445,-0.47788593845840915,0.2032029582596248,B_lower,1.6390301972459231,t(T-1),Bartlett,23.0,auto_floor_h-1,12.035050151810946,0.10160918835666236,holm,pairwise_qlike_clipped_sensitivity|22day|^HSI|QLIKE|auto_floor_h-1,90,1.0,0.05,False,tested,2025-05-12
pairwise_qlike_clipped_sensitivity,22day,^HSI,QLIKE,LinearRegression,GARCHGRU,1,Machine Learning,3,Hybrid,783,2022-11-25,2025-11-28,-0.27468298019878445,-0.4056775004203965,0.13099452022161207,B_lower,1.5451255994779196,t(T-1),Bartlett,21.0,auto_floor_h-1,5.627823172572106,0.12272045184760691,holm,pairwise_qlike_clipped_sensitivity|22day|^HSI|QLIKE|auto_floor_h-1,90,1.0,0.05,False,tested,2025-05-12
pairwise_qlike_clipped_sensitivity,22day,^HSI,QLIKE,LinearRegression,GARCHTransformer,1,Machine Learning,3,Hybrid,783,2022-11-25,2025-11-28,-0.27468298019878445,-0.43821504315217,0.16353206295338554,B_lower,1.196299364446404,t(T-1),Bartlett,23.0,auto_floor_h-1,14.631466215132441,0.23194233840648584,holm,pairwise_qlike_clipped_sensitivity|22day|^HSI|QLIKE|auto_floor_h-1,90,1.0,0.05,False,tested,2025-05-12
pairwise_qlike_clipped_sensitivity,22day,^HSI,QLIKE,RandomForest,XGBoost,1,Machine Learning,1,Machine Learning,783,2022-11-25,2025-11-28,-0.44886381200745196,-0.45449112008236103,0.005627308074908989,B_lower,0.8081974130508226,t(T-1),Bartlett,21.0,auto_floor_h-1,0.03796017744159038,0.4192227326232824,holm,pairwise_qlike_clipped_sensitivity|22day|^HSI|QLIKE|auto_floor_h-1,90,1.0,0.05,False,tested,2025-05-12
pairwise_qlike_clipped_sensitivity,22day,^HSI,QLIKE,RandomForest,LSTM,1,Machine Learning,2,Deep Learning,783,2022-11-25,2025-11-28,-0.44886381200745196,-0.4222487698647316,-0.026615042142720383,A_lower,-1.3521099385564987,t(T-1),Bartlett,24.0,auto_floor_h-1,0.3033835775695,0.17673104866071931,holm,pairwise_qlike_clipped_sensitivity|22day|^HSI|QLIKE|auto_floor_h-1,90,1.0,0.05,False,tested,2025-05-12
pairwise_qlike_clipped_sensitivity,22day,^HSI,QLIKE,RandomForest,GRU,1,Machine Learning,2,Deep Learning,783,2022-11-25,2025-11-28,-0.44886381200745196,-0.4087394778520513,-0.04012433415540073,A_lower,-0.9295885257192624,t(T-1),Bartlett,25.0,auto_floor_h-1,1.4588005902233252,0.35287102740026144,holm,pairwise_qlike_clipped_sensitivity|22day|^HSI|QLIKE|auto_floor_h-1,90,1.0,0.05,False,tested,2025-05-12
pairwise_qlike_clipped_sensitivity,22day,^HSI,QLIKE,RandomForest,Transformer,1,Machine Learning,2,Deep Learning,783,2022-11-25,2025-11-28,-0.44886381200745196,-0.4700999432155474,0.02123613120809538,B_lower,0.9947735591609019,t(T-1),Bartlett,23.0,auto_floor_h-1,0.3568322475277811,0.32015411479121264,holm,pairwise_qlike_clipped_sensitivity|22day|^HSI|QLIKE|auto_floor_h-1,90,1.0,0.05,False,tested,2025-05-12
pairwise_qlike_clipped_sensitivity,22day,^HSI,QLIKE,RandomForest,GARCHLSTM,1,Machine Learning,3,Hybrid,783,2022-11-25,2025-11-28,-0.44886381200745196,-0.47788593845840915,0.029022126450957246,B_lower,2.5737820691726254,t(T-1),Bartlett,21.0,auto_floor_h-1,0.09955811843494672,0.010242418086534541,holm,pairwise_qlike_clipped_sensitivity|22day|^HSI|QLIKE|auto_floor_h-1,90,0.8091510288362288,0.05,False,tested,2025-05-12
pairwise_qlike_clipped_sensitivity,22day,^HSI,QLIKE,RandomForest,GARCHGRU,1,Machine Learning,3,Hybrid,783,2022-11-25,2025-11-28,-0.44886381200745196,-0.4056775004203965,-0.043186311587055506,A_lower,-0.9272597033749408,t(T-1),Bartlett,25.0,auto_floor_h-1,1.6984439379205076,0.3540778035808199,holm,pairwise_qlike_clipped_sensitivity|22day|^HSI|QLIKE|auto_floor_h-1,90,1.0,0.05,False,tested,2025-05-12
pairwise_qlike_clipped_sensitivity,22day,^HSI,QLIKE,RandomForest,GARCHTransformer,1,Machine Learning,3,Hybrid,783,2022-11-25,2025-11-28,-0.44886381200745196,-0.43821504315217,-0.010648768855281992,A_lower,-0.4663319274037742,t(T-1),Bartlett,23.0,auto_floor_h-1,0.40829142760343956,0.6411078020476407,holm,pairwise_qlike_clipped_sensitivity|22day|^HSI|QLIKE|auto_floor_h-1,90,1.0,0.05,False,tested,2025-05-12
pairwise_qlike_clipped_sensitivity,22day,^HSI,QLIKE,XGBoost,LSTM,1,Machine Learning,2,Deep Learning,783,2022-11-25,2025-11-28,-0.45449112008236103,-0.4222487698647316,-0.03224235021762936,A_lower,-1.3835118901812373,t(T-1),Bartlett,24.0,auto_floor_h-1,0.425254925216893,0.16690276875077437,holm,pairwise_qlike_clipped_sensitivity|22day|^HSI|QLIKE|auto_floor_h-1,90,1.0,0.05,False,tested,2025-05-12
pairwise_qlike_clipped_sensitivity,22day,^HSI,QLIKE,XGBoost,GRU,1,Machine Learning,2,Deep Learning,783,2022-11-25,2025-11-28,-0.45449112008236103,-0.4087394778520513,-0.04575164223030973,A_lower,-0.9525621382779567,t(T-1),Bartlett,25.0,auto_floor_h-1,1.8062942770319896,0.34110629827074745,holm,pairwise_qlike_clipped_sensitivity|22day|^HSI|QLIKE|auto_floor_h-1,90,1.0,0.05,False,tested,2025-05-12
pairwise_qlike_clipped_sensitivity,22day,^HSI,QLIKE,XGBoost,Transformer,1,Machine Learning,2,Deep Learning,783,2022-11-25,2025-11-28,-0.45449112008236103,-0.4700999432155474,0.015608823133186385,B_lower,0.8639930702407462,t(T-1),Bartlett,23.0,auto_floor_h-1,0.2555533408244877,0.3878566247248299,holm,pairwise_qlike_clipped_sensitivity|22day|^HSI|QLIKE|auto_floor_h-1,90,1.0,0.05,False,tested,2025-05-12
pairwise_qlike_clipped_sensitivity,22day,^HSI,QLIKE,XGBoost,GARCHLSTM,1,Machine Learning,3,Hybrid,783,2022-11-25,2025-11-28,-0.45449112008236103,-0.47788593845840915,0.02339481837604826,B_lower,1.8119653645056495,t(T-1),Bartlett,23.0,auto_floor_h-1,0.13052729382761405,0.07037500128530871,holm,pairwise_qlike_clipped_sensitivity|22day|^HSI|QLIKE|auto_floor_h-1,90,1.0,0.05,False,tested,2025-05-12
pairwise_qlike_clipped_sensitivity,22day,^HSI,QLIKE,XGBoost,GARCHGRU,1,Machine Learning,3,Hybrid,783,2022-11-25,2025-11-28,-0.45449112008236103,-0.4056775004203965,-0.048813619661964486,A_lower,-0.9454422311975429,t(T-1),Bartlett,25.0,auto_floor_h-1,2.0872467470320966,0.344725177774861,holm,pairwise_qlike_clipped_sensitivity|22day|^HSI|QLIKE|auto_floor_h-1,90,1.0,0.05,False,tested,2025-05-12
pairwise_qlike_clipped_sensitivity,22day,^HSI,QLIKE,XGBoost,GARCHTransformer,1,Machine Learning,3,Hybrid,783,2022-11-25,2025-11-28,-0.45449112008236103,-0.43821504315217,-0.016276076930190984,A_lower,-0.7693701115642197,t(T-1),Bartlett,24.0,auto_floor_h-1,0.350421390150404,0.44190594475416073,holm,pairwise_qlike_clipped_sensitivity|22day|^HSI|QLIKE|auto_floor_h-1,90,1.0,0.05,False,tested,2025-05-12
pairwise_qlike_clipped_sensitivity,22day,^HSI,QLIKE,LSTM,GRU,2,Deep Learning,2,Deep Learning,783,2022-11-25,2025-11-28,-0.4222487698647316,-0.4087394778520513,-0.01350929201268036,A_lower,-0.4707699165679819,t(T-1),Bartlett,25.0,auto_floor_h-1,0.6447769978105735,0.6379363334265187,holm,pairwise_qlike_clipped_sensitivity|22day|^HSI|QLIKE|auto_floor_h-1,90,1.0,0.05,False,tested,2025-05-12
pairwise_qlike_clipped_sensitivity,22day,^HSI,QLIKE,LSTM,Transformer,2,Deep Learning,2,Deep Learning,783,2022-11-25,2025-11-28,-0.4222487698647316,-0.4700999432155474,0.04785117335081574,B_lower,1.4956664153870212,t(T-1),Bartlett,25.0,auto_floor_h-1,0.8014518973297313,0.135144046393881,holm,pairwise_qlike_clipped_sensitivity|22day|^HSI|QLIKE|auto_floor_h-1,90,1.0,0.05,False,tested,2025-05-12
pairwise_qlike_clipped_sensitivity,22day,^HSI,QLIKE,LSTM,GARCHLSTM,2,Deep Learning,3,Hybrid,783,2022-11-25,2025-11-28,-0.4222487698647316,-0.47788593845840915,0.05563716859367762,B_lower,3.8961213475617016,t(T-1),Bartlett,25.0,auto_floor_h-1,0.15967129704454686,0.00010611232022646063,holm,pairwise_qlike_clipped_sensitivity|22day|^HSI|QLIKE|auto_floor_h-1,90,0.009550108820381457,0.05,True,tested,2025-05-12
pairwise_qlike_clipped_sensitivity,22day,^HSI,QLIKE,LSTM,GARCHGRU,2,Deep Learning,3,Hybrid,783,2022-11-25,2025-11-28,-0.4222487698647316,-0.4056775004203965,-0.016571269444335117,A_lower,-0.45881196199414526,t(T-1),Bartlett,25.0,auto_floor_h-1,1.0214188197183445,0.6464966955682531,holm,pairwise_qlike_clipped_sensitivity|22day|^HSI|QLIKE|auto_floor_h-1,90,1.0,0.05,False,tested,2025-05-12
pairwise_qlike_clipped_sensitivity,22day,^HSI,QLIKE,LSTM,GARCHTransformer,2,Deep Learning,3,Hybrid,783,2022-11-25,2025-11-28,-0.4222487698647316,-0.43821504315217,0.015966273287438378,B_lower,0.5698554724788853,t(T-1),Bartlett,25.0,auto_floor_h-1,0.6146663421898332,0.5689393942292246,holm,pairwise_qlike_clipped_sensitivity|22day|^HSI|QLIKE|auto_floor_h-1,90,1.0,0.05,False,tested,2025-05-12
pairwise_qlike_clipped_sensitivity,22day,^HSI,QLIKE,GRU,Transformer,2,Deep Learning,2,Deep Learning,783,2022-11-25,2025-11-28,-0.4087394778520513,-0.4700999432155474,0.061360465363496104,B_lower,1.049647356277185,t(T-1),Bartlett,25.0,auto_floor_h-1,2.6757911863116917,0.2942045501153011,holm,pairwise_qlike_clipped_sensitivity|22day|^HSI|QLIKE|auto_floor_h-1,90,1.0,0.05,False,tested,2025-05-12
pairwise_qlike_clipped_sensitivity,22day,^HSI,QLIKE,GRU,GARCHLSTM,2,Deep Learning,3,Hybrid,783,2022-11-25,2025-11-28,-0.4087394778520513,-0.47788593845840915,0.06914646060635798,B_lower,1.8179152382113646,t(T-1),Bartlett,25.0,auto_floor_h-1,1.1328030552185568,0.06945959238912956,holm,pairwise_qlike_clipped_sensitivity|22day|^HSI|QLIKE|auto_floor_h-1,90,1.0,0.05,False,tested,2025-05-12
pairwise_qlike_clipped_sensitivity,22day,^HSI,QLIKE,GRU,GARCHGRU,2,Deep Learning,3,Hybrid,783,2022-11-25,2025-11-28,-0.4087394778520513,-0.4056775004203965,-0.0030619774316547623,A_lower,-0.2238586478409163,t(T-1),Bartlett,23.0,auto_floor_h-1,0.14649337359272843,0.8229257628546407,holm,pairwise_qlike_clipped_sensitivity|22day|^HSI|QLIKE|auto_floor_h-1,90,1.0,0.05,False,tested,2025-05-12
pairwise_qlike_clipped_sensitivity,22day,^HSI,QLIKE,GRU,GARCHTransformer,2,Deep Learning,3,Hybrid,783,2022-11-25,2025-11-28,-0.4087394778520513,-0.43821504315217,0.02947556530011873,B_lower,0.5426122500895711,t(T-1),Bartlett,25.0,auto_floor_h-1,2.310504717682722,0.5875514054806155,holm,pairwise_qlike_clipped_sensitivity|22day|^HSI|QLIKE|auto_floor_h-1,90,1.0,0.05,False,tested,2025-05-12
pairwise_qlike_clipped_sensitivity,22day,^HSI,QLIKE,Transformer,GARCHLSTM,2,Deep Learning,3,Hybrid,783,2022-11-25,2025-11-28,-0.4700999432155474,-0.47788593845840915,0.007785995242861879,B_lower,0.3383975152532775,t(T-1),Bartlett,25.0,auto_floor_h-1,0.4145106555456848,0.7351544792742206,holm,pairwise_qlike_clipped_sensitivity|22day|^HSI|QLIKE|auto_floor_h-1,90,1.0,0.05,False,tested,2025-05-12
pairwise_qlike_clipped_sensitivity,22day,^HSI,QLIKE,Transformer,GARCHGRU,2,Deep Learning,3,Hybrid,783,2022-11-25,2025-11-28,-0.4700999432155474,-0.4056775004203965,-0.0644224427951509,A_lower,-1.0201018533388138,t(T-1),Bartlett,25.0,auto_floor_h-1,3.1228351995590424,0.3079956369903663,holm,pairwise_qlike_clipped_sensitivity|22day|^HSI|QLIKE|auto_floor_h-1,90,1.0,0.05,False,tested,2025-05-12
pairwise_qlike_clipped_sensitivity,22day,^HSI,QLIKE,Transformer,GARCHTransformer,2,Deep Learning,3,Hybrid,783,2022-11-25,2025-11-28,-0.4700999432155474,-0.43821504315217,-0.031884900063377374,A_lower,-3.1618594077085254,t(T-1),Bartlett,25.0,auto_floor_h-1,0.07962450988235707,0.0016281456225113052,holm,pairwise_qlike_clipped_sensitivity|22day|^HSI|QLIKE|auto_floor_h-1,90,0.13676423229094964,0.05,False,tested,2025-05-12
pairwise_qlike_clipped_sensitivity,22day,^HSI,QLIKE,GARCHLSTM,GARCHGRU,3,Hybrid,3,Hybrid,783,2022-11-25,2025-11-28,-0.47788593845840915,-0.4056775004203965,-0.07220843803801275,A_lower,-1.680256484677533,t(T-1),Bartlett,25.0,auto_floor_h-1,1.446060633017846,0.09330680371775045,holm,pairwise_qlike_clipped_sensitivity|22day|^HSI|QLIKE|auto_floor_h-1,90,1.0,0.05,False,tested,2025-05-12
pairwise_qlike_clipped_sensitivity,22day,^HSI,QLIKE,GARCHLSTM,GARCHTransformer,3,Hybrid,3,Hybrid,783,2022-11-25,2025-11-28,-0.47788593845840915,-0.43821504315217,-0.03967089530623924,A_lower,-1.7407265732273403,t(T-1),Bartlett,25.0,auto_floor_h-1,0.4066723520747464,0.08212483637221574,holm,pairwise_qlike_clipped_sensitivity|22day|^HSI|QLIKE|auto_floor_h-1,90,1.0,0.05,False,tested,2025-05-12
pairwise_qlike_clipped_sensitivity,22day,^HSI,QLIKE,GARCHGRU,GARCHTransformer,3,Hybrid,3,Hybrid,783,2022-11-25,2025-11-28,-0.4056775004203965,-0.43821504315217,0.03253754273177351,B_lower,0.539416601072348,t(T-1),Bartlett,25.0,auto_floor_h-1,2.848935708542422,0.5897529756567625,holm,pairwise_qlike_clipped_sensitivity|22day|^HSI|QLIKE|auto_floor_h-1,90,1.0,0.05,False,tested,2025-05-12
pairwise_qlike_clipped_sensitivity,22day,^HSI,QLIKE,HistoricalVolatility,Persistence,1,Benchmark,1,Benchmark,783,2022-11-25,2025-11-28,-0.4755264869983571,-0.4755264869983571,0.0,equal,,t(T-1),Bartlett,,fixed_21,,,holm,pairwise_qlike_clipped_sensitivity|22day|^HSI|QLIKE|fixed_21,90,,0.05,,identical_forecasts,2025-05-12
pairwise_qlike_clipped_sensitivity,22day,^HSI,QLIKE,HistoricalVolatility,GARCH,1,Benchmark,1,Econometric,783,2022-11-25,2025-11-28,-0.4755264869983571,-0.5005632183778589,0.02503673137950174,B_lower,2.2700731482368552,t(T-1),Bartlett,21.0,fixed_21,0.09524393246019673,0.023474501507891855,holm,pairwise_qlike_clipped_sensitivity|22day|^HSI|QLIKE|fixed_21,90,1.0,0.05,False,tested,2025-05-12
pairwise_qlike_clipped_sensitivity,22day,^HSI,QLIKE,HistoricalVolatility,EGARCH,1,Benchmark,1,Econometric,783,2022-11-25,2025-11-28,-0.4755264869983571,-0.498519267645898,0.022992780647540883,B_lower,1.90671261408189,t(T-1),Bartlett,21.0,fixed_21,0.11386081154741576,0.05692404853678276,holm,pairwise_qlike_clipped_sensitivity|22day|^HSI|QLIKE|fixed_21,90,1.0,0.05,False,tested,2025-05-12
pairwise_qlike_clipped_sensitivity,22day,^HSI,QLIKE,HistoricalVolatility,GJRGARCH,1,Benchmark,1,Econometric,783,2022-11-25,2025-11-28,-0.4755264869983571,-0.49560259927081135,0.02007611227245429,B_lower,1.9590869445368746,t(T-1),Bartlett,21.0,fixed_21,0.08222683471288961,0.05045757397091679,holm,pairwise_qlike_clipped_sensitivity|22day|^HSI|QLIKE|fixed_21,90,1.0,0.05,False,tested,2025-05-12
pairwise_qlike_clipped_sensitivity,22day,^HSI,QLIKE,HistoricalVolatility,LinearRegression,1,Benchmark,1,Machine Learning,783,2022-11-25,2025-11-28,-0.4755264869983571,-0.27468298019878445,-0.20084350679957264,A_lower,-1.5815956638595137,t(T-1),Bartlett,21.0,fixed_21,12.626599988229492,0.11414624982690809,holm,pairwise_qlike_clipped_sensitivity|22day|^HSI|QLIKE|fixed_21,90,1.0,0.05,False,tested,2025-05-12
pairwise_qlike_clipped_sensitivity,22day,^HSI,QLIKE,HistoricalVolatility,RandomForest,1,Benchmark,1,Machine Learning,783,2022-11-25,2025-11-28,-0.4755264869983571,-0.44886381200745196,-0.026662674990905078,A_lower,-2.4265592725956404,t(T-1),Bartlett,21.0,fixed_21,0.09453386001915673,0.015467817698832233,holm,pairwise_qlike_clipped_sensitivity|22day|^HSI|QLIKE|fixed_21,90,1.0,0.05,False,tested,2025-05-12
pairwise_qlike_clipped_sensitivity,22day,^HSI,QLIKE,HistoricalVolatility,XGBoost,1,Benchmark,1,Machine Learning,783,2022-11-25,2025-11-28,-0.4755264869983571,-0.45449112008236103,-0.02103536691599609,A_lower,-2.159241964095336,t(T-1),Bartlett,21.0,fixed_21,0.07431206359885753,0.031134837481148824,holm,pairwise_qlike_clipped_sensitivity|22day|^HSI|QLIKE|fixed_21,90,1.0,0.05,False,tested,2025-05-12
pairwise_qlike_clipped_sensitivity,22day,^HSI,QLIKE,HistoricalVolatility,LSTM,1,Benchmark,2,Deep Learning,783,2022-11-25,2025-11-28,-0.4755264869983571,-0.4222487698647316,-0.05327771713362545,A_lower,-2.1555931631818823,t(T-1),Bartlett,21.0,fixed_21,0.4783209274856331,0.03141991206498532,holm,pairwise_qlike_clipped_sensitivity|22day|^HSI|QLIKE|fixed_21,90,1.0,0.05,False,tested,2025-05-12
pairwise_qlike_clipped_sensitivity,22day,^HSI,QLIKE,HistoricalVolatility,GRU,1,Benchmark,2,Deep Learning,783,2022-11-25,2025-11-28,-0.4755264869983571,-0.4087394778520513,-0.06678700914630582,A_lower,-1.4651185402025741,t(T-1),Bartlett,21.0,fixed_21,1.627047472184307,0.14329050084766093,holm,pairwise_qlike_clipped_sensitivity|22day|^HSI|QLIKE|fixed_21,90,1.0,0.05,False,tested,2025-05-12
pairwise_qlike_clipped_sensitivity,22day,^HSI,QLIKE,HistoricalVolatility,Transformer,1,Benchmark,2,Deep Learning,783,2022-11-25,2025-11-28,-0.4755264869983571,-0.4700999432155474,-0.005426543782809706,A_lower,-0.26331320548326786,t(T-1),Bartlett,21.0,fixed_21,0.3325547111546684,0.7923785456279631,holm,pairwise_qlike_clipped_sensitivity|22day|^HSI|QLIKE|fixed_21,90,1.0,0.05,False,tested,2025-05-12
pairwise_qlike_clipped_sensitivity,22day,^HSI,QLIKE,HistoricalVolatility,GARCHLSTM,1,Benchmark,3,Hybrid,783,2022-11-25,2025-11-28,-0.4755264869983571,-0.47788593845840915,0.0023594514600521715,B_lower,0.17569601896936463,t(T-1),Bartlett,21.0,fixed_21,0.14120823162786622,0.8605782476741483,holm,pairwise_qlike_clipped_sensitivity|22day|^HSI|QLIKE|fixed_21,90,1.0,0.05,False,tested,2025-05-12
pairwise_qlike_clipped_sensitivity,22day,^HSI,QLIKE,HistoricalVolatility,GARCHGRU,1,Benchmark,3,Hybrid,783,2022-11-25,2025-11-28,-0.4755264869983571,-0.4056775004203965,-0.06984898657796058,A_lower,-1.4282399503989638,t(T-1),Bartlett,21.0,fixed_21,1.872749229726176,0.15362205899932416,holm,pairwise_qlike_clipped_sensitivity|22day|^HSI|QLIKE|fixed_21,90,1.0,0.05,False,tested,2025-05-12
pairwise_qlike_clipped_sensitivity,22day,^HSI,QLIKE,HistoricalVolatility,GARCHTransformer,1,Benchmark,3,Hybrid,783,2022-11-25,2025-11-28,-0.4755264869983571,-0.43821504315217,-0.03731144384618708,A_lower,-1.5678137291295235,t(T-1),Bartlett,21.0,fixed_21,0.44346254630211573,0.1173291427544789,holm,pairwise_qlike_clipped_sensitivity|22day|^HSI|QLIKE|fixed_21,90,1.0,0.05,False,tested,2025-05-12
pairwise_qlike_clipped_sensitivity,22day,^HSI,QLIKE,Persistence,GARCH,1,Benchmark,1,Econometric,783,2022-11-25,2025-11-28,-0.4755264869983571,-0.5005632183778589,0.02503673137950174,B_lower,2.2700731482368552,t(T-1),Bartlett,21.0,fixed_21,0.09524393246019673,0.023474501507891855,holm,pairwise_qlike_clipped_sensitivity|22day|^HSI|QLIKE|fixed_21,90,1.0,0.05,False,tested,2025-05-12
pairwise_qlike_clipped_sensitivity,22day,^HSI,QLIKE,Persistence,EGARCH,1,Benchmark,1,Econometric,783,2022-11-25,2025-11-28,-0.4755264869983571,-0.498519267645898,0.022992780647540883,B_lower,1.90671261408189,t(T-1),Bartlett,21.0,fixed_21,0.11386081154741576,0.05692404853678276,holm,pairwise_qlike_clipped_sensitivity|22day|^HSI|QLIKE|fixed_21,90,1.0,0.05,False,tested,2025-05-12
pairwise_qlike_clipped_sensitivity,22day,^HSI,QLIKE,Persistence,GJRGARCH,1,Benchmark,1,Econometric,783,2022-11-25,2025-11-28,-0.4755264869983571,-0.49560259927081135,0.02007611227245429,B_lower,1.9590869445368746,t(T-1),Bartlett,21.0,fixed_21,0.08222683471288961,0.05045757397091679,holm,pairwise_qlike_clipped_sensitivity|22day|^HSI|QLIKE|fixed_21,90,1.0,0.05,False,tested,2025-05-12
pairwise_qlike_clipped_sensitivity,22day,^HSI,QLIKE,Persistence,LinearRegression,1,Benchmark,1,Machine Learning,783,2022-11-25,2025-11-28,-0.4755264869983571,-0.27468298019878445,-0.20084350679957264,A_lower,-1.5815956638595137,t(T-1),Bartlett,21.0,fixed_21,12.626599988229492,0.11414624982690809,holm,pairwise_qlike_clipped_sensitivity|22day|^HSI|QLIKE|fixed_21,90,1.0,0.05,False,tested,2025-05-12
pairwise_qlike_clipped_sensitivity,22day,^HSI,QLIKE,Persistence,RandomForest,1,Benchmark,1,Machine Learning,783,2022-11-25,2025-11-28,-0.4755264869983571,-0.44886381200745196,-0.026662674990905078,A_lower,-2.4265592725956404,t(T-1),Bartlett,21.0,fixed_21,0.09453386001915673,0.015467817698832233,holm,pairwise_qlike_clipped_sensitivity|22day|^HSI|QLIKE|fixed_21,90,1.0,0.05,False,tested,2025-05-12
pairwise_qlike_clipped_sensitivity,22day,^HSI,QLIKE,Persistence,XGBoost,1,Benchmark,1,Machine Learning,783,2022-11-25,2025-11-28,-0.4755264869983571,-0.45449112008236103,-0.02103536691599609,A_lower,-2.159241964095336,t(T-1),Bartlett,21.0,fixed_21,0.07431206359885753,0.031134837481148824,holm,pairwise_qlike_clipped_sensitivity|22day|^HSI|QLIKE|fixed_21,90,1.0,0.05,False,tested,2025-05-12
pairwise_qlike_clipped_sensitivity,22day,^HSI,QLIKE,Persistence,LSTM,1,Benchmark,2,Deep Learning,783,2022-11-25,2025-11-28,-0.4755264869983571,-0.4222487698647316,-0.05327771713362545,A_lower,-2.1555931631818823,t(T-1),Bartlett,21.0,fixed_21,0.4783209274856331,0.03141991206498532,holm,pairwise_qlike_clipped_sensitivity|22day|^HSI|QLIKE|fixed_21,90,1.0,0.05,False,tested,2025-05-12
pairwise_qlike_clipped_sensitivity,22day,^HSI,QLIKE,Persistence,GRU,1,Benchmark,2,Deep Learning,783,2022-11-25,2025-11-28,-0.4755264869983571,-0.4087394778520513,-0.06678700914630582,A_lower,-1.4651185402025741,t(T-1),Bartlett,21.0,fixed_21,1.627047472184307,0.14329050084766093,holm,pairwise_qlike_clipped_sensitivity|22day|^HSI|QLIKE|fixed_21,90,1.0,0.05,False,tested,2025-05-12
pairwise_qlike_clipped_sensitivity,22day,^HSI,QLIKE,Persistence,Transformer,1,Benchmark,2,Deep Learning,783,2022-11-25,2025-11-28,-0.4755264869983571,-0.4700999432155474,-0.005426543782809706,A_lower,-0.26331320548326786,t(T-1),Bartlett,21.0,fixed_21,0.3325547111546684,0.7923785456279631,holm,pairwise_qlike_clipped_sensitivity|22day|^HSI|QLIKE|fixed_21,90,1.0,0.05,False,tested,2025-05-12
pairwise_qlike_clipped_sensitivity,22day,^HSI,QLIKE,Persistence,GARCHLSTM,1,Benchmark,3,Hybrid,783,2022-11-25,2025-11-28,-0.4755264869983571,-0.47788593845840915,0.0023594514600521715,B_lower,0.17569601896936463,t(T-1),Bartlett,21.0,fixed_21,0.14120823162786622,0.8605782476741483,holm,pairwise_qlike_clipped_sensitivity|22day|^HSI|QLIKE|fixed_21,90,1.0,0.05,False,tested,2025-05-12
pairwise_qlike_clipped_sensitivity,22day,^HSI,QLIKE,Persistence,GARCHGRU,1,Benchmark,3,Hybrid,783,2022-11-25,2025-11-28,-0.4755264869983571,-0.4056775004203965,-0.06984898657796058,A_lower,-1.4282399503989638,t(T-1),Bartlett,21.0,fixed_21,1.872749229726176,0.15362205899932416,holm,pairwise_qlike_clipped_sensitivity|22day|^HSI|QLIKE|fixed_21,90,1.0,0.05,False,tested,2025-05-12
pairwise_qlike_clipped_sensitivity,22day,^HSI,QLIKE,Persistence,GARCHTransformer,1,Benchmark,3,Hybrid,783,2022-11-25,2025-11-28,-0.4755264869983571,-0.43821504315217,-0.03731144384618708,A_lower,-1.5678137291295235,t(T-1),Bartlett,21.0,fixed_21,0.44346254630211573,0.1173291427544789,holm,pairwise_qlike_clipped_sensitivity|22day|^HSI|QLIKE|fixed_21,90,1.0,0.05,False,tested,2025-05-12
pairwise_qlike_clipped_sensitivity,22day,^HSI,QLIKE,GARCH,EGARCH,1,Econometric,1,Econometric,783,2022-11-25,2025-11-28,-0.5005632183778589,-0.498519267645898,-0.0020439507319608592,A_lower,-0.4109704633498897,t(T-1),Bartlett,21.0,fixed_21,0.0193678489068369,0.6812067842178503,holm,pairwise_qlike_clipped_sensitivity|22day|^HSI|QLIKE|fixed_21,90,1.0,0.05,False,tested,2025-05-12
pairwise_qlike_clipped_sensitivity,22day,^HSI,QLIKE,GARCH,GJRGARCH,1,Econometric,1,Econometric,783,2022-11-25,2025-11-28,-0.5005632183778589,-0.49560259927081135,-0.004960619107047453,A_lower,-1.610200110648679,t(T-1),Bartlett,21.0,fixed_21,0.007431454467584987,0.1077577323571593,holm,pairwise_qlike_clipped_sensitivity|22day|^HSI|QLIKE|fixed_21,90,1.0,0.05,False,tested,2025-05-12
pairwise_qlike_clipped_sensitivity,22day,^HSI,QLIKE,GARCH,LinearRegression,1,Econometric,1,Machine Learning,783,2022-11-25,2025-11-28,-0.5005632183778589,-0.27468298019878445,-0.22588023817907435,A_lower,-1.6973780050950014,t(T-1),Bartlett,21.0,fixed_21,13.866316080038438,0.09002310705151069,holm,pairwise_qlike_clipped_sensitivity|22day|^HSI|QLIKE|fixed_21,90,1.0,0.05,False,tested,2025-05-12
pairwise_qlike_clipped_sensitivity,22day,^HSI,QLIKE,GARCH,RandomForest,1,Econometric,1,Machine Learning,783,2022-11-25,2025-11-28,-0.5005632183778589,-0.44886381200745196,-0.05169940637040681,A_lower,-3.0853569837049912,t(T-1),Bartlett,21.0,fixed_21,0.21984775460853323,0.002104697322340235,holm,pairwise_qlike_clipped_sensitivity|22day|^HSI|QLIKE|fixed_21,90,0.1746898777542395,0.05,False,tested,2025-05-12
pairwise_qlike_clipped_sensitivity,22day,^HSI,QLIKE,GARCH,XGBoost,1,Econometric,1,Machine Learning,783,2022-11-25,2025-11-28,-0.5005632183778589,-0.45449112008236103,-0.04607209829549783,A_lower,-3.5613458276687293,t(T-1),Bartlett,21.0,fixed_21,0.13104167922782733,0.00039127647103056224,holm,pairwise_qlike_clipped_sensitivity|22day|^HSI|QLIKE|fixed_21,90,0.03482360592172004,0.05,True,tested,2025-05-12
pairwise_qlike_clipped_sensitivity,22day,^HSI,QLIKE,GARCH,LSTM,1,Econometric,2,Deep Learning,783,2022-11-25,2025-11-28,-0.5005632183778589,-0.4222487698647316,-0.0783144485131272,A_lower,-2.5937277645728605,t(T-1),Bartlett,21.0,fixed_21,0.7138332414560292,0.00967177019139834,holm,pairwise_qlike_clipped_sensitivity|22day|^HSI|QLIKE|fixed_21,90,0.7640698451204688,0.05,False,tested,2025-05-12
pairwise_qlike_clipped_sensitivity,22day,^HSI,QLIKE,GARCH,GRU,1,Econometric,2,Deep Learning,783,2022-11-25,2025-11-28,-0.5005632183778589,-0.4087394778520513,-0.09182374052580755,A_lower,-1.7387857403299019,t(T-1),Bartlett,21.0,fixed_21,2.1836326664839403,0.08246600461455732,holm,pairwise_qlike_clipped_sensitivity|22day|^HSI|QLIKE|fixed_21,90,1.0,0.05,False,tested,2025-05-12
pairwise_qlike_clipped_sensitivity,22day,^HSI,QLIKE,GARCH,Transformer,1,Econometric,2,Deep Learning,783,2022-11-25,2025-11-28,-0.5005632183778589,-0.4700999432155474,-0.030463275162311437,A_lower,-2.2710844510420807,t(T-1),Bartlett,21.0,fixed_21,0.1408796879032058,0.023412924144423315,holm,pairwise_qlike_clipped_sensitivity|22day|^HSI|QLIKE|fixed_21,90,1.0,0.05,False,tested,2025-05-12
pairwise_qlike_clipped_sensitivity,22day,^HSI,QLIKE,GARCH,GARCHLSTM,1,Econometric,3,Hybrid,783,2022-11-25,2025-11-28,-0.5005632183778589,-0.47788593845840915,-0.02267727991944957,A_lower,-1.2540864256868596,t(T-1),Bartlett,21.0,fixed_21,0.25602875813888337,0.21018533569115058,holm,pairwise_qlike_clipped_sensitivity|22day|^HSI|QLIKE|fixed_21,90,1.0,0.05,False,tested,2025-05-12
pairwise_qlike_clipped_sensitivity,22day,^HSI,QLIKE,GARCH,GARCHGRU,1,Econometric,3,Hybrid,783,2022-11-25,2025-11-28,-0.5005632183778589,-0.4056775004203965,-0.09488571795746231,A_lower,-1.6783833567166315,t(T-1),Bartlett,21.0,fixed_21,2.502540586089486,0.0936718167583299,holm,pairwise_qlike_clipped_sensitivity|22day|^HSI|QLIKE|fixed_21,90,1.0,0.05,False,tested,2025-05-12
pairwise_qlike_clipped_sensitivity,22day,^HSI,QLIKE,GARCH,GARCHTransformer,1,Econometric,3,Hybrid,783,2022-11-25,2025-11-28,-0.5005632183778589,-0.43821504315217,-0.06234817522568881,A_lower,-3.2958784686827896,t(T-1),Bartlett,21.0,fixed_21,0.28019919169141183,0.0010253780709595939,holm,pairwise_qlike_clipped_sensitivity|22day|^HSI|QLIKE|fixed_21,90,0.08818251410252508,0.05,False,tested,2025-05-12
pairwise_qlike_clipped_sensitivity,22day,^HSI,QLIKE,EGARCH,GJRGARCH,1,Econometric,1,Econometric,783,2022-11-25,2025-11-28,-0.498519267645898,-0.49560259927081135,-0.0029166683750865927,A_lower,-0.40850606384647525,t(T-1),Bartlett,21.0,fixed_21,0.03991524986991975,0.6830140152679411,holm,pairwise_qlike_clipped_sensitivity|22day|^HSI|QLIKE|fixed_21,90,1.0,0.05,False,tested,2025-05-12
pairwise_qlike_clipped_sensitivity,22day,^HSI,QLIKE,EGARCH,LinearRegression,1,Econometric,1,Machine Learning,783,2022-11-25,2025-11-28,-0.498519267645898,-0.27468298019878445,-0.22383628744711348,A_lower,-1.6689671928699559,t(T-1),Bartlett,21.0,fixed_21,14.084036778295111,0.09552414547053287,holm,pairwise_qlike_clipped_sensitivity|22day|^HSI|QLIKE|fixed_21,90,1.0,0.05,False,tested,2025-05-12
pairwise_qlike_clipped_sensitivity,22day,^HSI,QLIKE,EGARCH,RandomForest,1,Econometric,1,Machine Learning,783,2022-11-25,2025-11-28,-0.498519267645898,-0.44886381200745196,-0.049655455638445964,A_lower,-2.889231776249137,t(T-1),Bartlett,21.0,fixed_21,0.23127619807803274,0.003968619483152677,holm,pairwise_qlike_clipped_sensitivity|22day|^HSI|QLIKE|fixed_21,90,0.32542679761851956,0.05,False,tested,2025-05-12
pairwise_qlike_clipped_sensitivity,22day,^HSI,QLIKE,EGARCH,XGBoost,1,Econometric,1,Machine Learning,783,2022-11-25,2025-11-28,-0.498519267645898,-0.45449112008236103,-0.044028147563536964,A_lower,-3.3952062624450825,t(T-1),Bartlett,21.0,fixed_21,0.13167103891311094,0.0007203534119793089,holm,pairwise_qlike_clipped_sensitivity|22day|^HSI|QLIKE|fixed_21,90,0.06339110025417918,0.05,False,tested,2025-05-12
pairwise_qlike_clipped_sensitivity,22day,^HSI,QLIKE,EGARCH,LSTM,1,Econometric,2,Deep Learning,783,2022-11-25,2025-11-28,-0.498519267645898,-0.4222487698647316,-0.07627049778116633,A_lower,-2.4288006110433686,t(T-1),Bartlett,21.0,fixed_21,0.7721313691545946,0.015373261122349411,holm,pairwise_qlike_clipped_sensitivity|22day|^HSI|QLIKE|fixed_21,90,1.0,0.05,False,tested,2025-05-12
pairwise_qlike_clipped_sensitivity,22day,^HSI,QLIKE,EGARCH,GRU,1,Econometric,2,Deep Learning,783,2022-11-25,2025-11-28,-0.498519267645898,-0.4087394778520513,-0.0897797897938467,A_lower,-1.6675309331151562,t(T-1),Bartlett,21.0,fixed_21,2.269713980047165,0.09580924925278538,holm,pairwise_qlike_clipped_sensitivity|22day|^HSI|QLIKE|fixed_21,90,1.0,0.05,False,tested,2025-05-12
pairwise_qlike_clipped_sensitivity,22day,^HSI,QLIKE,EGARCH,Transformer,1,Econometric,2,Deep Learning,783,2022-11-25,2025-11-28,-0.498519267645898,-0.4700999432155474,-0.02841932443035058,A_lower,-1.9009548591767385,t(T-1),Bartlett,21.0,fixed_21,0.17500306449076697,0.057675328923262964,holm,pairwise_qlike_clipped_sensitivity|22day|^HSI|QLIKE|fixed_21,90,1.0,0.05,False,tested,2025-05-12
pairwise_qlike_clipped_sensitivity,22day,^HSI,QLIKE,EGARCH,GARCHLSTM,1,Econometric,3,Hybrid,783,2022-11-25,2025-11-28,-0.498519267645898,-0.47788593845840915,-0.020633329187488714,A_lower,-1.0981849392709977,t(T-1),Bartlett,21.0,fixed_21,0.2764072367414173,0.2724617502417812,holm,pairwise_qlike_clipped_sensitivity|22day|^HSI|QLIKE|fixed_21,90,1.0,0.05,False,tested,2025-05-12
pairwise_qlike_clipped_sensitivity,22day,^HSI,QLIKE,EGARCH,GARCHGRU,1,Econometric,3,Hybrid,783,2022-11-25,2025-11-28,-0.498519267645898,-0.4056775004203965,-0.09284176722550146,A_lower,-1.6194574317521446,t(T-1),Bartlett,21.0,fixed_21,2.5734129702383632,0.10575206278056823,holm,pairwise_qlike_clipped_sensitivity|22day|^HSI|QLIKE|fixed_21,90,1.0,0.05,False,tested,2025-05-12
pairwise_qlike_clipped_sensitivity,22day,^HSI,QLIKE,EGARCH,GARCHTransformer,1,Econometric,3,Hybrid,783,2022-11-25,2025-11-28,-0.498519267645898,-0.43821504315217,-0.06030422449372795,A_lower,-2.8494140161677817,t(T-1),Bartlett,21.0,fixed_21,0.35070836385389437,0.004495093653853166,holm,pairwise_qlike_clipped_sensitivity|22day|^HSI|QLIKE|fixed_21,90,0.3596074923082533,0.05,False,tested,2025-05-12
pairwise_qlike_clipped_sensitivity,22day,^HSI,QLIKE,GJRGARCH,LinearRegression,1,Econometric,1,Machine Learning,783,2022-11-25,2025-11-28,-0.49560259927081135,-0.27468298019878445,-0.2209196190720269,A_lower,-1.6680826585415571,t(T-1),Bartlett,21.0,fixed_21,13.733941671169081,0.0956996487396966,holm,pairwise_qlike_clipped_sensitivity|22day|^HSI|QLIKE|fixed_21,90,1.0,0.05,False,tested,2025-05-12
pairwise_qlike_clipped_sensitivity,22day,^HSI,QLIKE,GJRGARCH,RandomForest,1,Econometric,1,Machine Learning,783,2022-11-25,2025-11-28,-0.49560259927081135,-0.44886381200745196,-0.04673878726335936,A_lower,-2.8688569762494667,t(T-1),Bartlett,21.0,fixed_21,0.20782550576426523,0.004230570530083981,holm,pairwise_qlike_clipped_sensitivity|22day|^HSI|QLIKE|fixed_21,90,0.3426762129368025,0.05,False,tested,2025-05-12
pairwise_qlike_clipped_sensitivity,22day,^HSI,QLIKE,GJRGARCH,XGBoost,1,Econometric,1,Machine Learning,783,2022-11-25,2025-11-28,-0.49560259927081135,-0.45449112008236103,-0.041111479188450366,A_lower,-3.1956833860429112,t(T-1),Bartlett,21.0,fixed_21,0.12958671428000698,0.0014510147621751535,holm,pairwise_qlike_clipped_sensitivity|22day|^HSI|QLIKE|fixed_21,90,0.12188524002271289,0.05,False,tested,2025-05-12
pairwise_qlike_clipped_sensitivity,22day,^HSI,QLIKE,GJRGARCH,LSTM,1,Econometric,2,Deep Learning,783,2022-11-25,2025-11-28,-0.49560259927081135,-0.4222487698647316,-0.07335382940607975,A_lower,-2.574104398481613,t(T-1),Bartlett,21.0,fixed_21,0.635850519621406,0.010232962495977242,holm,pairwise_qlike_clipped_sensitivity|22day|^HSI|QLIKE|fixed_21,90,0.7981710746862248,0.05,False,tested,2025-05-12
pairwise_qlike_clipped_sensitivity,22day,^HSI,QLIKE,GJRGARCH,GRU,1,Econometric,2,Deep Learning,783,2022-11-25,2025-11-28,-0.49560259927081135,-0.4087394778520513,-0.0868631214187601,A_lower,-1.6928291671276636,t(T-1),Bartlett,21.0,fixed_21,2.0616092725173796,0.09088629182222555,holm,pairwise_qlike_clipped_sensitivity|22day|^HSI|QLIKE|fixed_21,90,1.0,0.05,False,tested,2025-05-12
pairwise_qlike_clipped_sensitivity,22day,^HSI,QLIKE,GJRGARCH,Transformer,1,Econometric,2,Deep Learning,783,2022-11-25,2025-11-28,-0.49560259927081135,-0.4700999432155474,-0.025502656055263983,A_lower,-1.9043112524748942,t(T-1),Bartlett,21.0,fixed_21,0.14042897383596764,0.057236384219697393,holm,pairwise_qlike_clipped_sensitivity|22day|^HSI|QLIKE|fixed_21,90,1.0,0.05,False,tested,2025-05-12
pairwise_qlike_clipped_sensitivity,22day,^HSI,QLIKE,GJRGARCH,GARCHLSTM,1,Econometric,3,Hybrid,783,2022-11-25,2025-11-28,-0.49560259927081135,-0.47788593845840915,-0.017716660812402116,A_lower,-1.0562570866728647,t(T-1),Bartlett,21.0,fixed_21,0.22028566261068255,0.29117697487534905,holm,pairwise_qlike_clipped_sensitivity|22day|^HSI|QLIKE|fixed_21,90,1.0,0.05,False,tested,2025-05-12
pairwise_qlike_clipped_sensitivity,22day,^HSI,QLIKE,GJRGARCH,GARCHGRU,1,Econometric,3,Hybrid,783,2022-11-25,2025-11-28,-0.49560259927081135,-0.4056775004203965,-0.08992509885041486,A_lower,-1.6194898050514133,t(T-1),Bartlett,21.0,fixed_21,2.414166243527757,0.10574510127655473,holm,pairwise_qlike_clipped_sensitivity|22day|^HSI|QLIKE|fixed_21,90,1.0,0.05,False,tested,2025-05-12
pairwise_qlike_clipped_sensitivity,22day,^HSI,QLIKE,GJRGARCH,GARCHTransformer,1,Econometric,3,Hybrid,783,2022-11-25,2025-11-28,-0.49560259927081135,-0.43821504315217,-0.05738755611864136,A_lower,-3.2193231336383494,t(T-1),Bartlett,21.0,fixed_21,0.2488101437933233,0.0013379732140391587,holm,pairwise_qlike_clipped_sensitivity|22day|^HSI|QLIKE|fixed_21,90,0.1137277231933285,0.05,False,tested,2025-05-12
pairwise_qlike_clipped_sensitivity,22day,^HSI,QLIKE,LinearRegression,RandomForest,1,Machine Learning,1,Machine Learning,783,2022-11-25,2025-11-28,-0.27468298019878445,-0.44886381200745196,0.17418083180866756,B_lower,1.407556690611485,t(T-1),Bartlett,21.0,fixed_21,11.990317728994539,0.15965973987037074,holm,pairwise_qlike_clipped_sensitivity|22day|^HSI|QLIKE|fixed_21,90,1.0,0.05,False,tested,2025-05-12
pairwise_qlike_clipped_sensitivity,22day,^HSI,QLIKE,LinearRegression,XGBoost,1,Machine Learning,1,Machine Learning,783,2022-11-25,2025-11-28,-0.27468298019878445,-0.45449112008236103,0.17980813988357655,B_lower,1.4022819871208645,t(T-1),Bartlett,21.0,fixed_21,12.87388863162024,0.16122788949720876,holm,pairwise_qlike_clipped_sensitivity|22day|^HSI|QLIKE|fixed_21,90,1.0,0.05,False,tested,2025-05-12
pairwise_qlike_clipped_sensitivity,22day,^HSI,QLIKE,LinearRegression,LSTM,1,Machine Learning,2,Deep Learning,783,2022-11-25,2025-11-28,-0.27468298019878445,-0.4222487698647316,0.1475657896659472,B_lower,1.2599020850133504,t(T-1),Bartlett,21.0,fixed_21,10.74136674780857,0.2080805482798914,holm,pairwise_qlike_clipped_sensitivity|22day|^HSI|QLIKE|fixed_21,90,1.0,0.05,False,tested,2025-05-12
pairwise_qlike_clipped_sensitivity,22day,^HSI,QLIKE,LinearRegression,GRU,1,Machine Learning,2,Deep Learning,783,2022-11-25,2025-11-28,-0.27468298019878445,-0.4087394778520513,0.13405649765326683,B_lower,1.4224724244325797,t(T-1),Bartlett,21.0,fixed_21,6.954241809319524,0.15528790553224192,holm,pairwise_qlike_clipped_sensitivity|22day|^HSI|QLIKE|fixed_21,90,1.0,0.05,False,tested,2025-05-12
pairwise_qlike_clipped_sensitivity,22day,^HSI,QLIKE,LinearRegression,Transformer,1,Machine Learning,2,Deep Learning,783,2022-11-25,2025-11-28,-0.27468298019878445,-0.4700999432155474,0.19541696301676292,B_lower,1.4290093211115864,t(T-1),Bartlett,21.0,fixed_21,14.642531199380915,0.15340087302773314,holm,pairwise_qlike_clipped_sensitivity|22day|^HSI|QLIKE|fixed_21,90,1.0,0.05,False,tested,2025-05-12
pairwise_qlike_clipped_sensitivity,22day,^HSI,QLIKE,LinearRegression,GARCHLSTM,1,Machine Learning,3,Hybrid,783,2022-11-25,2025-11-28,-0.27468298019878445,-0.47788593845840915,0.2032029582596248,B_lower,1.6641374607658979,t(T-1),Bartlett,21.0,fixed_21,11.674637930660039,0.09648557975334186,holm,pairwise_qlike_clipped_sensitivity|22day|^HSI|QLIKE|fixed_21,90,1.0,0.05,False,tested,2025-05-12
pairwise_qlike_clipped_sensitivity,22day,^HSI,QLIKE,LinearRegression,GARCHGRU,1,Machine Learning,3,Hybrid,783,2022-11-25,2025-11-28,-0.27468298019878445,-0.4056775004203965,0.13099452022161207,B_lower,1.5451255994779196,t(T-1),Bartlett,21.0,fixed_21,5.627823172572106,0.12272045184760691,holm,pairwise_qlike_clipped_sensitivity|22day|^HSI|QLIKE|fixed_21,90,1.0,0.05,False,tested,2025-05-12
pairwise_qlike_clipped_sensitivity,22day,^HSI,QLIKE,LinearRegression,GARCHTransformer,1,Machine Learning,3,Hybrid,783,2022-11-25,2025-11-28,-0.27468298019878445,-0.43821504315217,0.16353206295338554,B_lower,1.2182785638232243,t(T-1),Bartlett,21.0,fixed_21,14.108290304978766,0.22348555679782925,holm,pairwise_qlike_clipped_sensitivity|22day|^HSI|QLIKE|fixed_21,90,1.0,0.05,False,tested,2025-05-12
pairwise_qlike_clipped_sensitivity,22day,^HSI,QLIKE,RandomForest,XGBoost,1,Machine Learning,1,Machine Learning,783,2022-11-25,2025-11-28,-0.44886381200745196,-0.45449112008236103,0.005627308074908989,B_lower,0.8081974130508226,t(T-1),Bartlett,21.0,fixed_21,0.03796017744159038,0.4192227326232824,holm,pairwise_qlike_clipped_sensitivity|22day|^HSI|QLIKE|fixed_21,90,1.0,0.05,False,tested,2025-05-12
pairwise_qlike_clipped_sensitivity,22day,^HSI,QLIKE,RandomForest,LSTM,1,Machine Learning,2,Deep Learning,783,2022-11-25,2025-11-28,-0.44886381200745196,-0.4222487698647316,-0.026615042142720383,A_lower,-1.374903177139531,t(T-1),Bartlett,21.0,fixed_21,0.2934079299345144,0.16955526189686393,holm,pairwise_qlike_clipped_sensitivity|22day|^HSI|QLIKE|fixed_21,90,1.0,0.05,False,tested,2025-05-12
pairwise_qlike_clipped_sensitivity,22day,^HSI,QLIKE,RandomForest,GRU,1,Machine Learning,2,Deep Learning,783,2022-11-25,2025-11-28,-0.44886381200745196,-0.4087394778520513,-0.04012433415540073,A_lower,-0.9779456641245082,t(T-1),Bartlett,21.0,fixed_21,1.3180988712991204,0.32840363158602454,holm,pairwise_qlike_clipped_sensitivity|22day|^HSI|QLIKE|fixed_21,90,1.0,0.05,False,tested,2025-05-12
pairwise_qlike_clipped_sensitivity,22day,^HSI,QLIKE,RandomForest,Transformer,1,Machine Learning,2,Deep Learning,783,2022-11-25,2025-11-28,-0.44886381200745196,-0.4700999432155474,0.02123613120809538,B_lower,0.9997498474513048,t(T-1),Bartlett,21.0,fixed_21,0.3532887994619842,0.31774083135608255,holm,pairwise_qlike_clipped_sensitivity|22day|^HSI|QLIKE|fixed_21,90,1.0,0.05,False,tested,2025-05-12
pairwise_qlike_clipped_sensitivity,22day,^HSI,QLIKE,RandomForest,GARCHLSTM,1,Machine Learning,3,Hybrid,783,2022-11-25,2025-11-28,-0.44886381200745196,-0.47788593845840915,0.029022126450957246,B_lower,2.5737820691726254,t(T-1),Bartlett,21.0,fixed_21,0.09955811843494672,0.010242418086534541,holm,pairwise_qlike_clipped_sensitivity|22day|^HSI|QLIKE|fixed_21,90,0.7981710746862248,0.05,False,tested,2025-05-12
pairwise_qlike_clipped_sensitivity,22day,^HSI,QLIKE,RandomForest,GARCHGRU,1,Machine Learning,3,Hybrid,783,2022-11-25,2025-11-28,-0.44886381200745196,-0.4056775004203965,-0.043186311587055506,A_lower,-0.9715969859559387,t(T-1),Bartlett,21.0,fixed_21,1.5469692176356606,0.3315515051669796,holm,pairwise_qlike_clipped_sensitivity|22day|^HSI|QLIKE|fixed_21,90,1.0,0.05,False,tested,2025-05-12
pairwise_qlike_clipped_sensitivity,22day,^HSI,QLIKE,RandomForest,GARCHTransformer,1,Machine Learning,3,Hybrid,783,2022-11-25,2025-11-28,-0.44886381200745196,-0.43821504315217,-0.010648768855281992,A_lower,-0.4685982919294844,t(T-1),Bartlett,21.0,fixed_21,0.4043515945402793,0.6394873914836101,holm,pairwise_qlike_clipped_sensitivity|22day|^HSI|QLIKE|fixed_21,90,1.0,0.05,False,tested,2025-05-12
pairwise_qlike_clipped_sensitivity,22day,^HSI,QLIKE,XGBoost,LSTM,1,Machine Learning,2,Deep Learning,783,2022-11-25,2025-11-28,-0.45449112008236103,-0.4222487698647316,-0.03224235021762936,A_lower,-1.4162854906449043,t(T-1),Bartlett,21.0,fixed_21,0.4058013916712978,0.1570901282309775,holm,pairwise_qlike_clipped_sensitivity|22day|^HSI|QLIKE|fixed_21,90,1.0,0.05,False,tested,2025-05-12
pairwise_qlike_clipped_sensitivity,22day,^HSI,QLIKE,XGBoost,GRU,1,Machine Learning,2,Deep Learning,783,2022-11-25,2025-11-28,-0.45449112008236103,-0.4087394778520513,-0.04575164223030973,A_lower,-1.0004698635628582,t(T-1),Bartlett,21.0,fixed_21,1.6374464820031127,0.31739264664257827,holm,pairwise_qlike_clipped_sensitivity|22day|^HSI|QLIKE|fixed_21,90,1.0,0.05,False,tested,2025-05-12
pairwise_qlike_clipped_sensitivity,22day,^HSI,QLIKE,XGBoost,Transformer,1,Machine Learning,2,Deep Learning,783,2022-11-25,2025-11-28,-0.45449112008236103,-0.4700999432155474,0.015608823133186385,B_lower,0.8695161435991432,t(T-1),Bartlett,21.0,fixed_21,0.25231715665151366,0.3848316838642201,holm,pairwise_qlike_clipped_sensitivity|22day|^HSI|QLIKE|fixed_21,90,1.0,0.05,False,tested,2025-05-12
pairwise_qlike_clipped_sensitivity,22day,^HSI,QLIKE,XGBoost,GARCHLSTM,1,Machine Learning,3,Hybrid,783,2022-11-25,2025-11-28,-0.45449112008236103,-0.47788593845840915,0.02339481837604826,B_lower,1.8287165753572512,t(T-1),Bartlett,21.0,fixed_21,0.12814696215121954,0.06782281074466051,holm,pairwise_qlike_clipped_sensitivity|22day|^HSI|QLIKE|fixed_21,90,1.0,0.05,False,tested,2025-05-12
pairwise_qlike_clipped_sensitivity,22day,^HSI,QLIKE,XGBoost,GARCHGRU,1,Machine Learning,3,Hybrid,783,2022-11-25,2025-11-28,-0.45449112008236103,-0.4056775004203965,-0.048813619661964486,A_lower,-0.988006058638072,t(T-1),Bartlett,21.0,fixed_21,1.9112811317066196,0.3234552763913724,holm,pairwise_qlike_clipped_sensitivity|22day|^HSI|QLIKE|fixed_21,90,1.0,0.05,False,tested,2025-05-12
pairwise_qlike_clipped_sensitivity,22day,^HSI,QLIKE,XGBoost,GARCHTransformer,1,Machine Learning,3,Hybrid,783,2022-11-25,2025-11-28,-0.45449112008236103,-0.43821504315217,-0.016276076930190984,A_lower,-0.7792280777372417,t(T-1),Bartlett,21.0,fixed_21,0.34161115514681917,0.43608111753988427,holm,pairwise_qlike_clipped_sensitivity|22day|^HSI|QLIKE|fixed_21,90,1.0,0.05,False,tested,2025-05-12
pairwise_qlike_clipped_sensitivity,22day,^HSI,QLIKE,LSTM,GRU,2,Deep Learning,2,Deep Learning,783,2022-11-25,2025-11-28,-0.4222487698647316,-0.4087394778520513,-0.01350929201268036,A_lower,-0.4940380091684737,t(T-1),Bartlett,21.0,fixed_21,0.5854721144876271,0.6214180740267129,holm,pairwise_qlike_clipped_sensitivity|22day|^HSI|QLIKE|fixed_21,90,1.0,0.05,False,tested,2025-05-12
pairwise_qlike_clipped_sensitivity,22day,^HSI,QLIKE,LSTM,Transformer,2,Deep Learning,2,Deep Learning,783,2022-11-25,2025-11-28,-0.4222487698647316,-0.4700999432155474,0.04785117335081574,B_lower,1.5480919027467872,t(T-1),Bartlett,21.0,fixed_21,0.7480893411424476,0.12200475241487294,holm,pairwise_qlike_clipped_sensitivity|22day|^HSI|QLIKE|fixed_21,90,1.0,0.05,False,tested,2025-05-12
pairwise_qlike_clipped_sensitivity,22day,^HSI,QLIKE,LSTM,GARCHLSTM,2,Deep Learning,3,Hybrid,783,2022-11-25,2025-11-28,-0.4222487698647316,-0.47788593845840915,0.05563716859367762,B_lower,4.015165002394653,t(T-1),Bartlett,21.0,fixed_21,0.1503436218499446,6.51258830469127e-05,holm,pairwise_qlike_clipped_sensitivity|22day|^HSI|QLIKE|fixed_21,90,0.0058613294742221435,0.05,True,tested,2025-05-12
pairwise_qlike_clipped_sensitivity,22day,^HSI,QLIKE,LSTM,GARCHGRU,2,Deep Learning,3,Hybrid,783,2022-11-25,2025-11-28,-0.4222487698647316,-0.4056775004203965,-0.016571269444335117,A_lower,-0.47159244155661845,t(T-1),Bartlett,21.0,fixed_21,0.9668066927514462,0.637349268296606,holm,pairwise_qlike_clipped_sensitivity|22day|^HSI|QLIKE|fixed_21,90,1.0,0.05,False,tested,2025-05-12
pairwise_qlike_clipped_sensitivity,22day,^HSI,QLIKE,LSTM,GARCHTransformer,2,Deep Learning,3,Hybrid,783,2022-11-25,2025-11-28,-0.4222487698647316,-0.43821504315217,0.015966273287438378,B_lower,0.5864625531445696,t(T-1),Bartlett,21.0,fixed_21,0.5803477510844305,0.557733963252999,holm,pairwise_qlike_clipped_sensitivity|22day|^HSI|QLIKE|fixed_21,90,1.0,0.05,False,tested,2025-05-12
pairwise_qlike_clipped_sensitivity,22day,^HSI,QLIKE,GRU,Transformer,2,Deep Learning,2,Deep Learning,783,2022-11-25,2025-11-28,-0.4087394778520513,-0.4700999432155474,0.061360465363496104,B_lower,1.1001243808034593,t(T-1),Bartlett,21.0,fixed_21,2.4358776593610676,0.271616470086002,holm,pairwise_qlike_clipped_sensitivity|22day|^HSI|QLIKE|fixed_21,90,1.0,0.05,False,tested,2025-05-12
pairwise_qlike_clipped_sensitivity,22day,^HSI,QLIKE,GRU,GARCHLSTM,2,Deep Learning,3,Hybrid,783,2022-11-25,2025-11-28,-0.4087394778520513,-0.47788593845840915,0.06914646060635798,B_lower,1.9093564240721586,t(T-1),Bartlett,21.0,fixed_21,1.0268988280671907,0.05658182301744748,holm,pairwise_qlike_clipped_sensitivity|22day|^HSI|QLIKE|fixed_21,90,1.0,0.05,False,tested,2025-05-12
pairwise_qlike_clipped_sensitivity,22day,^HSI,QLIKE,GRU,GARCHGRU,2,Deep Learning,3,Hybrid,783,2022-11-25,2025-11-28,-0.4087394778520513,-0.4056775004203965,-0.0030619774316547623,A_lower,-0.2216159078932833,t(T-1),Bartlett,21.0,fixed_21,0.14947338509091376,0.8246707552251787,holm,pairwise_qlike_clipped_sensitivity|22day|^HSI|QLIKE|fixed_21,90,1.0,0.05,False,tested,2025-05-12
pairwise_qlike_clipped_sensitivity,22day,^HSI,QLIKE,GRU,GARCHTransformer,2,Deep Learning,3,Hybrid,783,2022-11-25,2025-11-28,-0.4087394778520513,-0.43821504315217,0.02947556530011873,B_lower,0.5675918119410426,t(T-1),Bartlett,21.0,fixed_21,2.111610460024087,0.5704750774871986,holm,pairwise_qlike_clipped_sensitivity|22day|^HSI|QLIKE|fixed_21,90,1.0,0.05,False,tested,2025-05-12
pairwise_qlike_clipped_sensitivity,22day,^HSI,QLIKE,Transformer,GARCHLSTM,2,Deep Learning,3,Hybrid,783,2022-11-25,2025-11-28,-0.4700999432155474,-0.47788593845840915,0.007785995242861879,B_lower,0.35167030379666825,t(T-1),Bartlett,21.0,fixed_21,0.38381207773375214,0.7251802702085078,holm,pairwise_qlike_clipped_sensitivity|22day|^HSI|QLIKE|fixed_21,90,1.0,0.05,False,tested,2025-05-12
pairwise_qlike_clipped_sensitivity,22day,^HSI,QLIKE,Transformer,GARCHGRU,2,Deep Learning,3,Hybrid,783,2022-11-25,2025-11-28,-0.4700999432155474,-0.4056775004203965,-0.0644224427951509,A_lower,-1.0628638391140013,t(T-1),Bartlett,21.0,fixed_21,2.876609270821658,0.2881718099045683,holm,pairwise_qlike_clipped_sensitivity|22day|^HSI|QLIKE|fixed_21,90,1.0,0.05,False,tested,2025-05-12
pairwise_qlike_clipped_sensitivity,22day,^HSI,QLIKE,Transformer,GARCHTransformer,2,Deep Learning,3,Hybrid,783,2022-11-25,2025-11-28,-0.4700999432155474,-0.43821504315217,-0.031884900063377374,A_lower,-3.3262561222454927,t(T-1),Bartlett,21.0,fixed_21,0.07194829529786848,0.0009212886803944239,holm,pairwise_qlike_clipped_sensitivity|22day|^HSI|QLIKE|fixed_21,90,0.08015211519431488,0.05,False,tested,2025-05-12
pairwise_qlike_clipped_sensitivity,22day,^HSI,QLIKE,GARCHLSTM,GARCHGRU,3,Hybrid,3,Hybrid,783,2022-11-25,2025-11-28,-0.47788593845840915,-0.4056775004203965,-0.07220843803801275,A_lower,-1.7407924501942604,t(T-1),Bartlett,21.0,fixed_21,1.3472359854524651,0.08211327637976842,holm,pairwise_qlike_clipped_sensitivity|22day|^HSI|QLIKE|fixed_21,90,1.0,0.05,False,tested,2025-05-12
pairwise_qlike_clipped_sensitivity,22day,^HSI,QLIKE,GARCHLSTM,GARCHTransformer,3,Hybrid,3,Hybrid,783,2022-11-25,2025-11-28,-0.47788593845840915,-0.43821504315217,-0.03967089530623924,A_lower,-1.8053437227431866,t(T-1),Bartlett,21.0,fixed_21,0.3780819683934278,0.07140539924169279,holm,pairwise_qlike_clipped_sensitivity|22day|^HSI|QLIKE|fixed_21,90,1.0,0.05,False,tested,2025-05-12
pairwise_qlike_clipped_sensitivity,22day,^HSI,QLIKE,GARCHGRU,GARCHTransformer,3,Hybrid,3,Hybrid,783,2022-11-25,2025-11-28,-0.4056775004203965,-0.43821504315217,0.03253754273177351,B_lower,0.5606710099447838,t(T-1),Bartlett,21.0,fixed_21,2.63702995370394,0.5751824319197714,holm,pairwise_qlike_clipped_sensitivity|22day|^HSI|QLIKE|fixed_21,90,1.0,0.05,False,tested,2025-05-12
