Date,egarch_forecast_h5
2005-03-02,0.1055661632746449
2005-03-03,0.10341773134775033
2005-03-04,0.10608968479297609
2005-03-07,0.10426124157725988
2005-03-08,0.10353078444928904
2005-03-09,0.11197847082078692
2005-03-10,0.10964223887118954
2005-03-11,0.11414861219292455
2005-03-14,0.11250752547440518
2005-03-15,0.11666559811043371
2005-03-16,0.12140328156863611
2005-03-17,0.10845424259576462
2005-03-18,0.10486324950969848
2005-03-21,0.10290849042979741
2005-03-22,0.10717321356991708
2005-03-23,0.10202898819965925
2005-03-24,0.0985693779530977
2005-03-25,0.09678964183506938
2005-03-28,0.09586503094277822
2005-03-29,0.09599640302861147
2005-03-30,0.11038816435581458
2005-03-31,0.10707961499621524
2005-04-01,0.10473753656481545
2005-04-04,0.10394612475031242
2005-04-05,0.1006899560121219
2005-04-06,0.09762024731047089
2005-04-07,0.09680591494180182
2005-04-08,0.09919888509714954
2005-04-11,0.09730475729299967
2005-04-12,0.09891568390306876
2005-04-13,0.10940648052977085
2005-04-14,0.1116430908617669
2005-04-15,0.13107476022078113
2005-04-18,0.12910202736420995
2005-04-19,0.13000486938542186
2005-04-20,0.14056769397421334
2005-04-21,0.15864370096432293
2005-04-22,0.1528029910788963
2005-04-25,0.15494870828614754
2005-04-26,0.1571751228233294
2005-04-27,0.1550380853890258
2005-04-28,0.16078598156987747
2005-04-29,0.16670966406615345
2005-05-02,0.16427744282807938
2005-05-03,0.1586831215033217
2005-05-04,0.16630110498928333
2005-05-05,0.16337130373399888
2005-05-06,0.1559980697812021
2005-05-09,0.153407539910484
2005-05-10,0.1483308456923066
2005-05-11,0.14754628667814373
2005-05-12,0.15136537640523667
2005-05-13,0.14503769913534292
2005-05-16,0.13429752220426425
2005-05-17,0.13350516896672865
2005-05-18,0.1356312307766018
2005-05-19,0.13167050022476498
2005-05-20,0.12886713985001289
2005-05-23,0.12226437426619918
2005-05-24,0.11290287973486997
2005-05-25,0.11165381394076179
2005-05-26,0.11376896460520579
2005-05-27,0.10316289097699465
2005-05-30,0.10081267302902897
2005-05-31,0.10408829867911022
2005-06-01,0.1079880005624019
2005-06-02,0.09957415925425256
2005-06-03,0.10271629989455607
2005-06-06,0.09471249617204106
2005-06-07,0.09168245835083096
2005-06-08,0.08509941704222045
2005-06-09,0.08395650106830337
2005-06-10,0.07632452284633302
2005-06-13,0.07336209153373813
2005-06-14,0.07293388824294637
2005-06-15,0.07101982376599018
2005-06-16,0.07209358086972252
2005-06-17,0.07358632691003343
2005-06-20,0.06934326135102577
2005-06-21,0.06920454584371981
2005-06-22,0.06766839566691768
2005-06-23,0.07896836711538342
2005-06-24,0.07978662979565232
2005-06-27,0.07826952170902592
2005-06-28,0.08370353932918886
2005-06-29,0.08152135744633984
2005-06-30,0.08711806910888785
2005-07-01,0.08597574844659311
2005-07-04,0.08233873027633487
2005-07-05,0.08923929150490952
2005-07-06,0.09583094502846333
2005-07-07,0.09420745523508894
2005-07-08,0.10491040899662396
2005-07-11,0.1060611634788572
2005-07-12,0.10360827146135526
2005-07-13,0.10155815281014921
2005-07-14,0.10051325845964834
2005-07-15,0.09897927410472117
2005-07-18,0.09505921916824903
2005-07-19,0.09523122197352578
2005-07-20,0.09631804339099032
2005-07-21,0.09523310134930946
2005-07-22,0.09687880872364982
2005-07-25,0.09453284025663058
2005-07-26,0.09305211453651442
2005-07-27,0.09382837262599582
2005-07-28,0.09159834154628627
2005-07-29,0.09314535096744266
2005-08-01,0.09043687975166391
2005-08-02,0.08606930354133167
2005-08-03,0.08113922609817695
2005-08-04,0.08690898042531758
2005-08-05,0.0925210194943164
2005-08-08,0.09190789689987666
2005-08-09,0.09537549710901622
2005-08-10,0.09248805097327187
2005-08-11,0.09337103247122552
2005-08-12,0.09536463744517511
2005-08-15,0.0917740046414283
2005-08-16,0.10242684712836062
2005-08-17,0.09928436969611304
2005-08-18,0.09753306649659424
2005-08-19,0.09404138245305217
2005-08-22,0.09089771951363297
2005-08-23,0.0878148961230029
2005-08-24,0.09225898357693642
2005-08-25,0.0881758080816141
2005-08-26,0.09171364449231037
2005-08-29,0.09091879027729326
2005-08-30,0.08764056426187022
2005-08-31,0.0956359065730108
2005-09-01,0.0906064679363286
2005-09-02,0.09071729141255241
2005-09-05,0.08580010314923588
2005-09-06,0.09739734374414588
2005-09-07,0.09594974039786622
2005-09-08,0.08796553492050703
2005-09-09,0.09324690670135956
2005-09-12,0.09151591619841377
2005-09-13,0.09721194767491774
2005-09-14,0.097134604890439
2005-09-15,0.09454349775756662
2005-09-16,0.09738180368804132
2005-09-19,0.09995414800115028
2005-09-20,0.10303106301938413
2005-09-21,0.10810812889784804
2005-09-22,0.10686970907209102
2005-09-23,0.09945021074854553
2005-09-26,0.09715854967384993
2005-09-27,0.09493492491843353
2005-09-28,0.09336796044510476
2005-09-29,0.09048805801720791
2005-09-30,0.08814895336486675
2005-10-03,0.0868581371497148
2005-10-04,0.09241432649660078
2005-10-05,0.11122953132210783
2005-10-06,0.10884002690529629
2005-10-07,0.1075065978455793
2005-10-10,0.11162089712868617
2005-10-11,0.10698341253527802
2005-10-12,0.10793926377863322
2005-10-13,0.10262221694046456
2005-10-14,0.10339429906322575
2005-10-17,0.10162438277577229
2005-10-18,0.10979990429459582
2005-10-19,0.1248858435637187
2005-10-20,0.1396140190259746
2005-10-21,0.13594861693018717
2005-10-24,0.14858712681941105
2005-10-25,0.1467383923345553
2005-10-26,0.1464122904747203
2005-10-27,0.14847404463468672
2005-10-28,0.1540055687917107
2005-10-31,0.15461125597736938
2005-11-01,0.15320747308366706
2005-11-02,0.15466253049166886
2005-11-03,0.1534079202628566
2005-11-04,0.1494226489903949
2005-11-07,0.14729505227438722
2005-11-08,0.14421882893359228
2005-11-09,0.14220243326334722
2005-11-10,0.14220848534113625
2005-11-11,0.1315178266750047
2005-11-14,0.11959503535291154
2005-11-15,0.12001921399878213
2005-11-16,0.10462576812394683
2005-11-17,0.11074446166406274
2005-11-18,0.11001573780974909
2005-11-21,0.10586780116774576
2005-11-22,0.09156013661051911
2005-11-23,0.08824129476362945
2005-11-24,0.08500203490499462
2005-11-25,0.07703568184663379
2005-11-28,0.08378368527128126
2005-11-29,0.08175358572955692
2005-11-30,0.085549530930628
2005-12-01,0.09837215812547559
2005-12-02,0.09557322953769352
2005-12-05,0.09062547608862763
2005-12-06,0.08857308203683173
2005-12-07,0.09099356225809029
2005-12-08,0.08922966996019711
2005-12-09,0.08816102148120929
2005-12-12,0.08036658055299714
2005-12-13,0.08203315193878412
2005-12-14,0.08107373790146864
2005-12-15,0.07874254259495704
2005-12-16,0.07827731018287865
2005-12-19,0.08235994341257066
2005-12-20,0.08078847065884799
2005-12-21,0.0748951374638066
2005-12-22,0.07646719138922775
2005-12-23,0.07195153649042949
2005-12-26,0.05771872895483814
2005-12-27,0.07049843513710091
2005-12-28,0.0688910310895576
2005-12-29,0.0692850281708449
2005-12-30,0.07046217564878392
2006-01-02,0.06886611026888048
2006-01-03,0.09399046661854576
2006-01-04,0.09414915832758575
2006-01-05,0.09028292995702622
2006-01-06,0.09670222090491579
2006-01-09,0.09679373999731211
2006-01-10,0.09443915597450843
2006-01-11,0.09266424947889569
2006-01-12,0.09656135808780876
2006-01-13,0.09428098061877477
2006-01-16,0.09212224888626384
2006-01-17,0.09314938690846501
2006-01-18,0.09456204071661575
2006-01-19,0.0913433994823409
2006-01-20,0.11766818828237316
2006-01-23,0.11562331394103945
2006-01-24,0.11343349353604086
2006-01-25,0.11225269616577355
2006-01-26,0.1018781794277836
2006-01-27,0.10499771985904768
2006-01-30,0.10317966429994678
2006-01-31,0.09921641644081872
2006-02-01,0.09749404757025631
2006-02-02,0.10482457934025408
2006-02-03,0.10608370959808659
2006-02-06,0.10162049251748011
2006-02-07,0.10719171367737018
2006-02-08,0.11271158225889735
2006-02-09,0.11100744931691699
2006-02-10,0.10894454521150984
2006-02-13,0.10793960493607123
2006-02-14,0.09591618621470545
2006-02-15,0.09558417581327756
2006-02-16,0.09887841985428163
2006-02-17,0.09794390557200783
2006-02-20,0.09341887708177628
2006-02-21,0.08960565636665072
2006-02-22,0.09409855173506054
2006-02-23,0.09434997244294455
2006-02-24,0.09197601914782924
2006-02-27,0.0871106859230101
2006-02-28,0.09568788420931493
2006-03-01,0.10111205427110158
2006-03-02,0.09626486701229212
2006-03-03,0.09041141343932395
2006-03-06,0.09516323111448108
2006-03-07,0.09361345934575127
2006-03-08,0.09161666659193439
2006-03-09,0.08757375687433588
2006-03-10,0.09083728741208863
2006-03-13,0.08609454113795659
2006-03-14,0.0956793620319622
2006-03-15,0.09594387410150314
2006-03-16,0.09374022639825713
2006-03-17,0.08895385166292777
2006-03-20,0.08748585027103227
2006-03-21,0.09066285978494669
2006-03-22,0.09307402157112568
2006-03-23,0.08589405453119174
2006-03-24,0.07935315999259196
2006-03-27,0.07827837364837748
2006-03-28,0.0827854338798868
2006-03-29,0.08449186803631063
2006-03-30,0.08385285589101056
2006-03-31,0.08550959412620487
2006-04-03,0.08272356030697581
2006-04-04,0.08286360143547654
2006-04-05,0.082972238267155
2006-04-06,0.07507328055467397
2006-04-07,0.08561502342064316
2006-04-10,0.0831975850598521
2006-04-11,0.08963187445822254
2006-04-12,0.08680554020464049
2006-04-13,0.08264607787313692
2006-04-14,0.07882937346989921
2006-04-17,0.07895923438217889
2006-04-18,0.10355307674041361
2006-04-19,0.10249912901007639
2006-04-20,0.09811609133290997
2006-04-21,0.09329584534912708
2006-04-24,0.09293846104129333
2006-04-25,0.0941973854985356
2006-04-26,0.09370024625582846
2006-04-27,0.09129105115479286
2006-04-28,0.08856161919846005
2006-05-01,0.09015012691192835
2006-05-02,0.08646088277347058
2006-05-03,0.08794690298276196
2006-05-04,0.08372874318999377
2006-05-05,0.09335222778518569
2006-05-08,0.0922982377942425
2006-05-09,0.090863903060998
2006-05-10,0.08966749608315439
2006-05-11,0.0875004079935491
2006-05-12,0.0993406407298858
2006-05-15,0.09750712919474008
2006-05-16,0.09689323578208868
2006-05-17,0.1184933665578165
2006-05-18,0.12039099791034441
2006-05-19,0.11931827893074122
2006-05-22,0.1188420069218948
2006-05-23,0.11930834049876356
2006-05-24,0.11612251134704636
2006-05-25,0.12286512013009142
2006-05-26,0.12321332573925661
2006-05-29,0.12098378655214259
2006-05-30,0.13319540161951482
2006-05-31,0.1361875500940446
2006-06-01,0.1446275495585
2006-06-02,0.1418339129392263
2006-06-05,0.15347829519280456
2006-06-06,0.14603688097848194
2006-06-07,0.14703703762030626
2006-06-08,0.1442298031741488
2006-06-09,0.1325228699131823
2006-06-12,0.13953309509298922
2006-06-13,0.1460770009668986
2006-06-14,0.14534716729708322
2006-06-15,0.16689135850369535
2006-06-16,0.1652581945465966
2006-06-19,0.16486843349999325
2006-06-20,0.16044048520703053
2006-06-21,0.16419000888887686
2006-06-22,0.15534904202839164
2006-06-23,0.15022059660342066
2006-06-26,0.1441393566897879
2006-06-27,0.14835367232113247
2006-06-28,0.13568858264428912
2006-06-29,0.16020220781305802
2006-06-30,0.15595961853289117
2006-07-03,0.15791793272039117
2006-07-04,0.15491396624633805
2006-07-05,0.1517959222882483
2006-07-06,0.14479344424264923
2006-07-07,0.1464085133820332
2006-07-10,0.1255322035031888
2006-07-11,0.12421300947392364
2006-07-12,0.1283851627370427
2006-07-13,0.138624193108086
2006-07-14,0.1356038878698498
2006-07-17,0.13233386682541348
2006-07-18,0.1299411255973062
2006-07-19,0.14816767749403933
2006-07-20,0.14832874760204864
2006-07-21,0.15004961316218005
2006-07-24,0.14672151382668827
2006-07-25,0.14604453769127138
2006-07-26,0.14080192715108186
2006-07-27,0.14048566804917698
2006-07-28,0.1462242955331353
2006-07-31,0.14383474331644652
2006-08-01,0.1421871370808073
2006-08-02,0.14139625879982046
2006-08-03,0.13939896307266517
2006-08-04,0.1324720028145136
2006-08-07,0.12450707803707091
2006-08-08,0.12302001833928951
2006-08-09,0.12392649238052653
2006-08-10,0.12425055964384413
2006-08-11,0.10839596257271558
2006-08-14,0.10207950442497521
2006-08-15,0.11320423958350899
2006-08-16,0.10258630572304028
2006-08-17,0.09830786524133325
2006-08-18,0.09805696206521225
2006-08-21,0.09757705420028984
2006-08-22,0.08589120850054391
2006-08-23,0.08794814883312789
2006-08-24,0.08553496048705223
2006-08-25,0.08243584371520378
2006-08-28,0.08365354815356144
2006-08-29,0.08249962756556571
2006-08-30,0.08042835214064599
2006-08-31,0.07892802636837541
2006-09-01,0.08039744279582209
2006-09-04,0.07783475131367792
2006-09-05,0.0757029535442928
2006-09-06,0.08653867553985953
2006-09-07,0.0759294468529662
2006-09-08,0.07231621878292922
2006-09-11,0.0701514503118592
2006-09-12,0.08061137502547241
2006-09-13,0.08012847404381923
2006-09-14,0.07952031845341317
2006-09-15,0.07725853769993882
2006-09-18,0.07543238526164603
2006-09-19,0.07587973032699911
2006-09-20,0.07691753814006529
2006-09-21,0.07987997497719986
2006-09-22,0.08047748861766209
2006-09-25,0.08740415990300622
2006-09-26,0.09054839459025635
2006-09-27,0.0887885172376577
2006-09-28,0.08779662679128199
2006-09-29,0.08057131713871506
2006-10-02,0.08024478866145841
2006-10-03,0.07817798485357962
2006-10-04,0.09186811677030657
2006-10-05,0.08374103851201385
2006-10-06,0.0831188271936607
2006-10-09,0.08117304234790162
2006-10-10,0.08004724896263277
2006-10-11,0.0804124536867265
2006-10-12,0.08897153733576989
2006-10-13,0.08559859683211062
2006-10-16,0.08298960964989847
2006-10-17,0.08382091281681779
2006-10-18,0.07719593091796322
2006-10-19,0.07173648410285417
2006-10-20,0.07050136522095111
2006-10-23,0.0743642901453374
2006-10-24,0.07267670076113111
2006-10-25,0.0729467710834783
2006-10-26,0.07510840187839586
2006-10-27,0.07265937739275301
2006-10-30,0.07074659726993658
2006-10-31,0.06904912268273247
2006-11-01,0.07603968059922374
2006-11-02,0.07434958060153275
2006-11-03,0.07421232033819379
2006-11-06,0.0807550086355794
2006-11-07,0.07944781320943911
2006-11-08,0.07823926818307221
2006-11-09,0.08049663534641965
2006-11-10,0.07948575429104265
2006-11-13,0.07898660781941381
2006-11-14,0.0830253645661015
2006-11-15,0.07981231371989725
2006-11-16,0.07940585603049176
2006-11-17,0.07714678947786112
2006-11-20,0.0745467307129789
2006-11-21,0.06813218606478628
2006-11-22,0.0679671873852097
2006-11-23,0.06711536944637658
2006-11-24,0.06466106956830958
2006-11-27,0.08543220464595369
2006-11-28,0.08557749001773747
2006-11-29,0.08475372610950917
2006-11-30,0.08280033837544973
2006-12-01,0.0823409135769936
2006-12-04,0.08849435617384001
2006-12-05,0.0884348873865635
2006-12-06,0.08690880446447906
2006-12-07,0.0857758383521648
2006-12-08,0.08463060756340246
2006-12-11,0.08343335950272804
2006-12-12,0.08249416983528451
2006-12-13,0.08123240984321983
2006-12-14,0.08826903451295004
2006-12-15,0.08684595726490953
2006-12-18,0.08803818222312657
2006-12-19,0.08643367988096078
2006-12-20,0.07310007933542435
2006-12-21,0.0734770515346914
2006-12-22,0.0707791390324136
2006-12-25,0.06905921015435963
2006-12-26,0.07015051917951991
2006-12-27,0.06967484315235986
2006-12-28,0.06792063823677394
2006-12-29,0.07051153298435496
2007-01-02,0.06726835663986815
2007-01-03,0.06642392376888481
2007-01-04,0.06462629094648588
2007-01-05,0.06994319680058475
2007-01-08,0.06920626450640982
2007-01-09,0.061534431623015
2007-01-10,0.06079118203680424
2007-01-11,0.0653842338593859
2007-01-12,0.06745754885952578
2007-01-15,0.06589452207452788
2007-01-16,0.0634777286069209
2007-01-17,0.06005543815669044
2007-01-18,0.06165806654747804
2007-01-19,0.06035067292630615
2007-01-22,0.06048704080007541
2007-01-23,0.06124931698362785
2007-01-24,0.0685145340531957
2007-01-25,0.08289049440720073
2007-01-26,0.08199224078393562
2007-01-29,0.08065565356751808
2007-01-30,0.08126730827334638
2007-01-31,0.08478933768218169
2007-02-01,0.08715582793404128
2007-02-02,0.08536127235204395
2007-02-05,0.08147517416715566
2007-02-06,0.07813957261677554
2007-02-07,0.07684540242089534
2007-02-08,0.07683495743831557
2007-02-09,0.08250905761802031
2007-02-12,0.0829471649257876
2007-02-13,0.08760075946659483
2007-02-14,0.09077349387215486
2007-02-15,0.08861061510551586
2007-02-16,0.08249715282648462
2007-02-19,0.07186914975439158
2007-02-20,0.07197063111608795
2007-02-21,0.07160205450013898
2007-02-22,0.06800952835279615
2007-02-23,0.06599578913154695
2007-02-26,0.06295005223465577
2007-02-27,0.15237110618062885
2007-02-28,0.15229292500281275
2007-03-01,0.15101307544385478
2007-03-02,0.15748675520882793
2007-03-05,0.16202157995518565
2007-03-06,0.17104453843400422
2007-03-07,0.16856210203849772
2007-03-08,0.16778811716816316
2007-03-09,0.16280483821930775
2007-03-12,0.1609491834044837
2007-03-13,0.18156654157578694
2007-03-14,0.18160794075929013
2007-03-15,0.18006202476471456
2007-03-16,0.1796977709537153
2007-03-19,0.18410129403429681
2007-03-20,0.1844564748896172
2007-03-21,0.1959920444315297
2007-03-22,0.15243492983510515
2007-03-23,0.1484139114552657
2007-03-26,0.14569560234297194
2007-03-27,0.14258715323643084
2007-03-28,0.1423549487581939
2007-03-29,0.13159111060824355
2007-03-30,0.12949779844287623
2007-04-02,0.12600222259543387
2007-04-03,0.13115791910978067
2007-04-04,0.1289757189018096
2007-04-05,0.1077686324188444
2007-04-06,0.10362014651936226
2007-04-09,0.10134186568741957
2007-04-10,0.09986880999999755
2007-04-11,0.09680172603853346
2007-04-12,0.09746555186275513
2007-04-13,0.07887517754654913
2007-04-16,0.08958454222233062
2007-04-17,0.08797157757044903
2007-04-18,0.0862504192694618
2007-04-19,0.08250997868242621
2007-04-20,0.08620543859289542
2007-04-23,0.08540757034012557
2007-04-24,0.0839491396822348
2007-04-25,0.09239296106482191
2007-04-26,0.0857576921816898
2007-04-27,0.0841910418812004
2007-04-30,0.09018074105071079
2007-05-01,0.08916509054580318
2007-05-02,0.09250950035227846
2007-05-03,0.09284136391029842
2007-05-04,0.08924917547054427
2007-05-07,0.08628349777344005
2007-05-08,0.08492775159912541
2007-05-09,0.07716442572692032
2007-05-10,0.09588644091350351
2007-05-11,0.1031243471594111
2007-05-14,0.10238028988084753
2007-05-15,0.0960542703974149
2007-05-16,0.10151149083145915
2007-05-17,0.10019281252286437
2007-05-18,0.09736658320997787
2007-05-21,0.09545583099080675
2007-05-22,0.09434527780770045
2007-05-23,0.08987242364500148
2007-05-24,0.09828549898790812
2007-05-25,0.09770948066610513
2007-05-28,0.09494384848631154
2007-05-29,0.09333333150326165
2007-05-30,0.098240265973146
2007-05-31,0.09661680361717259
2007-06-01,0.09663191864764271
2007-06-04,0.08305367554409986
2007-06-05,0.07967878422881179
2007-06-06,0.08772354060692837
2007-06-07,0.11328340606333283
2007-06-08,0.11833297922069272
2007-06-11,0.11545443729960234
2007-06-12,0.12180771342913208
2007-06-13,0.13591023197392557
2007-06-14,0.13531441634763508
2007-06-15,0.13624043610716113
2007-06-18,0.1302850696576767
2007-06-19,0.12684077585567094
2007-06-20,0.1388070478941426
2007-06-21,0.1394754181702218
2007-06-22,0.14758124602535846
2007-06-25,0.14605650992351182
2007-06-26,0.1449036578723357
2007-06-27,0.14822916950252218
2007-06-28,0.14494934303131665
2007-06-29,0.14026612811379816
2007-07-02,0.13362774651767584
2007-07-03,0.1270503351472384
2007-07-04,0.12499322653208442
2007-07-05,0.11757405262058086
2007-07-06,0.10544920078655576
2007-07-09,0.10219850549888944
2007-07-10,0.11563874922173879
2007-07-11,0.11704636944355568
2007-07-12,0.1394360403145163
2007-07-13,0.12948625938861955
2007-07-16,0.12619262866098793
2007-07-17,0.11616806891352927
2007-07-18,0.11470419657606462
2007-07-19,0.1144340580441872
2007-07-20,0.12167390504329068
2007-07-23,0.12170945583024144
2007-07-24,0.14658716140349304
2007-07-25,0.14098289694743982
2007-07-26,0.16984844077506972
2007-07-27,0.18127484177617112
2007-07-30,0.18478560416169953
2007-07-31,0.19035094213231954
2007-08-01,0.19094359810772887
2007-08-02,0.18218092769566202
2007-08-03,0.21029326386589658
2007-08-06,0.22165777794806438
2007-08-07,0.21900638923486673
2007-08-08,0.22513901084685814
2007-08-09,0.2547035087270227
2007-08-10,0.24859387490616283
2007-08-13,0.24459250171669353
2007-08-14,0.25079580865369244
2007-08-15,0.25628141276956
2007-08-16,0.24353573442543228
2007-08-17,0.26049391195206734
2007-08-20,0.2437825236152881
2007-08-21,0.23409633791045825
2007-08-22,0.23476645982294633
2007-08-23,0.22771921001502493
2007-08-24,0.23054927237735032
2007-08-27,0.23167399148588613
2007-08-28,0.2331926504628784
2007-08-29,0.23470364832887494
2007-08-30,0.23070429174082424
2007-08-31,0.22875772375901351
2007-09-03,0.20055164220588204
2007-09-04,0.2030117248353126
2007-09-05,0.20698700492975233
2007-09-06,0.19588734579011804
2007-09-07,0.2020410149115927
2007-09-10,0.19854829101127494
2007-09-11,0.18768639076804966
2007-09-12,0.18379550959367286
2007-09-13,0.18542295100706016
2007-09-14,0.17797764326553198
2007-09-17,0.1777274043336364
2007-09-18,0.2074864827577604
2007-09-19,0.20449562535038304
2007-09-20,0.18813659601013505
2007-09-21,0.17227455291332378
2007-09-24,0.17137589528595387
2007-09-25,0.16392862019513796
2007-09-26,0.16356975696401654
2007-09-27,0.15857415220193116
2007-09-28,0.1528840208026108
2007-10-01,0.16093743929931612
2007-10-02,0.14767290432602836
2007-10-03,0.1478584867645257
2007-10-04,0.13888956394848886
2007-10-05,0.1437612373215432
2007-10-08,0.14091403473750344
2007-10-09,0.14343330776305088
2007-10-10,0.1409972262135271
2007-10-11,0.10386205817275043
2007-10-12,0.10190108930598916
2007-10-15,0.10541107179209654
2007-10-16,0.1073437363069939
2007-10-17,0.10341653062788216
2007-10-18,0.10105661671418335
2007-10-19,0.14355191126670036
2007-10-22,0.14132660397569297
2007-10-23,0.14425347174456077
2007-10-24,0.13558164930073002
2007-10-25,0.1330558703196693
2007-10-26,0.14288635181928022
2007-10-29,0.1416411613679583
2007-10-30,0.1400831111288265
2007-10-31,0.14710993007511777
2007-11-01,0.17963578879667483
2007-11-02,0.17596666293790625
2007-11-05,0.174304038238593
2007-11-06,0.1799020859392723
2007-11-07,0.2133694819168129
2007-11-08,0.20813104586306233
2007-11-09,0.21613377256139002
2007-11-12,0.21803094422913183
2007-11-13,0.22953380370276985
2007-11-14,0.228187643505895
2007-11-15,0.23106682767498113
2007-11-16,0.22866274560756755
2007-11-19,0.23925251097486114
2007-11-20,0.2312781501180777
2007-11-21,0.23945287999327045
2007-11-22,0.23438671805034691
2007-11-23,0.23989762265918835
2007-11-26,0.24134011469649852
2007-11-27,0.2467804870591425
2007-11-28,0.26949948485846925
2007-11-29,0.2611953602908916
2007-11-30,0.23971115072908147
2007-12-03,0.2385587068860983
2007-12-04,0.23260035236137971
2007-12-05,0.23657426505815712
2007-12-06,0.22272386138091724
2007-12-07,0.21856150356591092
2007-12-10,0.21322019946329987
2007-12-11,0.23534211365969562
2007-12-12,0.22634786396908502
2007-12-13,0.2223395425688357
2007-12-14,0.22229080376359034
2007-12-17,0.2296611757475107
2007-12-18,0.22121062040929626
2007-12-19,0.20275514842739567
2007-12-20,0.19550511170307078
2007-12-21,0.1824272607529879
2007-12-24,0.18343395716167007
2007-12-25,0.1780984517894152
2007-12-26,0.173541498209559
2007-12-27,0.1817626375310324
2007-12-28,0.1716903799778329
2007-12-31,0.16564761725463184
2008-01-02,0.1753397868196183
2008-01-03,0.17078959318952636
2008-01-04,0.1777949121729205
2008-01-07,0.17346041750042665
2008-01-08,0.18892167950353966
2008-01-09,0.18977473190211377
2008-01-10,0.1830901385933284
2008-01-11,0.1896048324657034
2008-01-14,0.1928060379699903
2008-01-15,0.21725239705803165
2008-01-16,0.20763637635808335
2008-01-17,0.23650251506682557
2008-01-18,0.23513978795648116
2008-01-21,0.230353881034112
2008-01-22,0.22813489050981617
2008-01-23,0.24254174780942486
2008-01-24,0.24206813511087122
2008-01-25,0.2451312488433837
2008-01-28,0.2530320549681646
2008-01-29,0.23666897921676663
2008-01-30,0.23425445110964557
2008-01-31,0.2345154877777707
2008-02-01,0.232893876353857
2008-02-04,0.23418234285204642
2008-02-05,0.2633857812090803
2008-02-06,0.2594879722349132
2008-02-07,0.24350163253041485
2008-02-08,0.2404024172773223
2008-02-11,0.21669148854793102
2008-02-12,0.2146520298564693
2008-02-13,0.22066404449139576
2008-02-14,0.22301174322940712
2008-02-15,0.20688894641803962
2008-02-18,0.20069159099737374
2008-02-19,0.19073006910859294
2008-02-20,0.18297612698476184
2008-02-21,0.18888200863632928
2008-02-22,0.1893858058805845
2008-02-25,0.18864513072192696
2008-02-26,0.18455848050771467
2008-02-27,0.17817205278990694
2008-02-28,0.14435285152729457
2008-02-29,0.17901891213114313
2008-03-03,0.1726481614903498
2008-03-04,0.17022205188208686
2008-03-05,0.16761845622588628
2008-03-06,0.18881792091183736
2008-03-07,0.18516530903387862
2008-03-10,0.18924960192755386
2008-03-11,0.23688261351331263
2008-03-12,0.23790148595785562
2008-03-13,0.2345371208341978
2008-03-14,0.24705708805060977
2008-03-17,0.2434640293517806
2008-03-18,0.2913610505886948
2008-03-19,0.3025028482285647
2008-03-20,0.3137795212132753
2008-03-21,0.30766816871845915
2008-03-24,0.3102733215020269
2008-03-25,0.2906618238619699
2008-03-26,0.29077236862434713
2008-03-27,0.2918699452654517
2008-03-28,0.2906117079385758
2008-03-31,0.2795373924131638
2008-04-01,0.3100908225460746
2008-04-02,0.3015879161355547
2008-04-03,0.2706684790246744
2008-04-04,0.26502585943588364
2008-04-07,0.26210498253889275
2008-04-08,0.25159351550227516
2008-04-09,0.25096600904519273
2008-04-10,0.20648248055853444
2008-04-11,0.20632963466505985
2008-04-14,0.1882387539323516
2008-04-15,0.1866717691375249
2008-04-16,0.20032187324425066
2008-04-17,0.1958176953902734
2008-04-18,0.20669132386181982
2008-04-21,0.19957277553654693
2008-04-22,0.20009813923589181
2008-04-23,0.19712128829380052
2008-04-24,0.15631175737062628
2008-04-25,0.1569594722757989
2008-04-28,0.15464116437475156
2008-04-29,0.15380984205865164
2008-04-30,0.15333149439381663
2008-05-01,0.1668788102490672
2008-05-02,0.16256638193638762
2008-05-05,0.1616857326709036
2008-05-06,0.14865164718766294
2008-05-07,0.1655514105318596
2008-05-08,0.1631378023643868
2008-05-09,0.14594319909178696
2008-05-12,0.151379767122696
2008-05-13,0.1354496799582195
2008-05-14,0.13456954611382196
2008-05-15,0.13718875659696844
2008-05-16,0.13377858975796725
2008-05-19,0.12940407104291163
2008-05-20,0.1331322825321604
2008-05-21,0.14833034539916853
2008-05-22,0.1455021748028943
2008-05-23,0.15560804956064445
2008-05-26,0.14108498454206903
2008-05-27,0.14208234134455688
2008-05-28,0.1402063895649152
2008-05-29,0.1382551912832801
2008-05-30,0.12135479714023607
2008-06-02,0.12835011033931443
2008-06-03,0.12788699961176822
2008-06-04,0.1201808176645424
2008-06-05,0.14255529897732352
2008-06-06,0.18905510176166215
2008-06-09,0.18113461875275144
2008-06-10,0.17875308709975868
2008-06-11,0.19078030268772161
2008-06-12,0.18641827437780148
2008-06-13,0.18762654950951763
2008-06-16,0.18391921348221557
2008-06-17,0.179222952505771
2008-06-18,0.18286324868566806
2008-06-19,0.17993808149898488
2008-06-20,0.1946860760415854
2008-06-23,0.19066573444887996
2008-06-24,0.18939881880593676
2008-06-25,0.18586840201603894
2008-06-26,0.21923232572866155
2008-06-27,0.21762435210323464
2008-06-30,0.2038422734476148
2008-07-01,0.17253254553390007
2008-07-02,0.18817863239487337
2008-07-03,0.18431050854139153
2008-07-04,0.17208281788004604
2008-07-07,0.17469189949012387
2008-07-08,0.18022193671981143
2008-07-09,0.20250979039790137
2008-07-10,0.20078131082752165
2008-07-11,0.20257569961859326
2008-07-14,0.20407256567702095
2008-07-15,0.19831446116574705
2008-07-16,0.22063683155109218
2008-07-17,0.22401784420976453
2008-07-18,0.21886794552803918
2008-07-21,0.18993262998907695
2008-07-22,0.1961088697311381
2008-07-23,0.19397517957522056
2008-07-24,0.21586980047647897
2008-07-25,0.20403122680217936
2008-07-28,0.21680812815088668
2008-07-29,0.23537010952948303
2008-07-30,0.24114190562692991
2008-07-31,0.23968103622248843
2008-08-01,0.22359366635699796
2008-08-04,0.22369485735163178
2008-08-05,0.24668673023206697
2008-08-06,0.24093541593618073
2008-08-07,0.24816932165965566
2008-08-08,0.25092038846889914
2008-08-11,0.24535339768790218
2008-08-12,0.24827631765231456
2008-08-13,0.2447188658534091
2008-08-14,0.23833320070767725
2008-08-15,0.23529223945700917
2008-08-18,0.22969972183665296
2008-08-19,0.23093307618926628
2008-08-20,0.22094765029349303
2008-08-21,0.20375203449953333
2008-08-22,0.1997737651723918
2008-08-25,0.2103590589803255
2008-08-26,0.2066533000639629
2008-08-27,0.20535218227318416
2008-08-28,0.19030126952955206
2008-08-29,0.197645920612034
2008-09-01,0.18333074849621006
2008-09-02,0.16350008588510728
2008-09-03,0.15933878474737667
2008-09-04,0.19591168549160567
2008-09-05,0.19274692890382106
2008-09-08,0.20779661291296023
2008-09-09,0.2483048005660759
2008-09-10,0.23992214958139638
2008-09-11,0.24297417005516553
2008-09-12,0.23693794292054743
2008-09-15,0.3027875226104987
2008-09-16,0.3066411699349053
2008-09-17,0.35321277310710497
2008-09-18,0.38844355927806196
2008-09-19,0.4161998399391998
2008-09-22,0.43922341580528057
2008-09-23,0.43589205895453353
2008-09-24,0.42728728460102455
2008-09-25,0.43101462972985155
2008-09-26,0.42472108685828525
2008-09-29,0.542649087160063
2008-09-30,0.5789829199086143
2008-10-01,0.565475378733507
2008-10-02,0.572576987041724
2008-10-03,0.5691845674533936
2008-10-06,0.5867327737112406
2008-10-07,0.6287649277673613
2008-10-08,0.6005374560451371
2008-10-09,0.671572626115454
2008-10-10,0.6437702213961443
2008-10-13,0.753203705171316
2008-10-14,0.7301753534461839
2008-10-15,0.8037581888427615
2008-10-16,0.811804653837158
2008-10-17,0.7998497807043257
2008-10-20,0.8129451109842799
2008-10-21,0.817118835755302
2008-10-22,0.7911189752900029
2008-10-23,0.7613295314771399
2008-10-24,0.7707139933605825
2008-10-27,0.7633427308954279
2008-10-28,0.8573006426322342
2008-10-29,0.8363910323867922
2008-10-30,0.8112379332176695
2008-10-31,0.805051727159716
2008-11-03,0.7496374737361172
2008-11-04,0.7629083888998875
2008-11-05,0.6969792934849759
2008-11-06,0.7239489103467672
2008-11-07,0.652856410155367
2008-11-10,0.6306492702994236
2008-11-11,0.6312717553181478
2008-11-12,0.6449461688733641
2008-11-13,0.6849988321467938
2008-11-14,0.6680490918875952
2008-11-17,0.6691012826714463
2008-11-18,0.6487347375502814
2008-11-19,0.6836996871720514
2008-11-20,0.6451549104205743
2008-11-21,0.682855282900581
2008-11-24,0.7182523116578244
2008-11-25,0.7006893287553758
2008-11-26,0.7078469827463733
2008-11-27,0.6826929378841264
2008-11-28,0.6507372487512306
2008-12-01,0.7233624713664002
2008-12-02,0.7283170788361714
2008-12-03,0.724810456814125
2008-12-04,0.7263373829252521
2008-12-05,0.7137720173994346
2008-12-08,0.6872179157625045
2008-12-09,0.6719667104309174
2008-12-10,0.6617987127645284
2008-12-11,0.666625111584477
2008-12-12,0.6252206277408541
2008-12-15,0.5770008308913419
2008-12-16,0.5709888019268569
2008-12-17,0.5254400966301422
2008-12-18,0.5276489439226189
2008-12-19,0.5078010012251049
2008-12-22,0.5102185341366735
2008-12-23,0.5063488748895397
2008-12-24,0.3909009271467214
2008-12-25,0.3611555524677257
2008-12-26,0.34720894893447934
2008-12-29,0.3290420514451168
2008-12-30,0.31942103801146754
2008-12-31,0.2954705654143452
2009-01-02,0.30984851822996456
2009-01-05,0.30386936561118705
2009-01-06,0.2850779482967037
2009-01-07,0.3082110713777221
2009-01-08,0.3004957295707348
2009-01-09,0.26147990605591576
2009-01-12,0.27399445121345856
2009-01-13,0.2575534634108542
2009-01-14,0.29099297616686554
2009-01-15,0.2766703163588182
2009-01-16,0.272974446325171
2009-01-19,0.2674078290794641
2009-01-20,0.3406398339171533
2009-01-21,0.3788937006768537
2009-01-22,0.3787473875172652
2009-01-23,0.36518318318730403
2009-01-26,0.35738338340937437
2009-01-27,0.34149216386227843
2009-01-28,0.36464093298800526
2009-01-29,0.387037465436521
2009-01-30,0.38164128879291254
2009-02-02,0.37474822471167113
2009-02-03,0.37024699015667306
2009-02-04,0.35981234973978926
2009-02-05,0.36314290697919155
2009-02-06,0.3594608953348386
2009-02-09,0.353155998433112
2009-02-10,0.40416577554693445
2009-02-11,0.4004278945416271
2009-02-12,0.34950839265481687
2009-02-13,0.3185908311852523
2009-02-16,0.3080302188227995
2009-02-17,0.3591515906237245
2009-02-18,0.3528155338821762
2009-02-19,0.35158371882899636
2009-02-20,0.33452007031996633
2009-02-23,0.34379768865828164
2009-02-24,0.3676607010224468
2009-02-25,0.36527608813925055
2009-02-26,0.36517323696496373
2009-02-27,0.3744938160295923
2009-03-02,0.41455551527911344
2009-03-03,0.39937864374147175
2009-03-04,0.40748419710424627
2009-03-05,0.40704126630836357
2009-03-06,0.39772419884170923
2009-03-09,0.3953540294073248
2009-03-10,0.45988345169245975
2009-03-11,0.4524858261989565
2009-03-12,0.4505102889835916
2009-03-13,0.44524791036115646
2009-03-16,0.4370416563685447
2009-03-17,0.4516869625955608
2009-03-18,0.4404477275418884
2009-03-19,0.4197625334614909
2009-03-20,0.42331015400379
2009-03-23,0.4959415662242348
2009-03-24,0.4924218660146096
2009-03-25,0.4596790968277006
2009-03-26,0.46499263560021875
2009-03-27,0.4623142073919282
2009-03-30,0.4589020519133174
2009-03-31,0.45663324184186543
2009-04-01,0.45619851169880193
2009-04-02,0.4192889133404705
2009-04-03,0.41534266998281183
2009-04-06,0.3892356475058173
2009-04-07,0.39886756093822556
2009-04-08,0.3979350610326314
2009-04-09,0.40933687746743497
2009-04-10,0.39588350086387547
2009-04-13,0.38892680065104906
2009-04-14,0.3897328366701225
2009-04-15,0.31455175242754535
2009-04-16,0.30971555298496894
2009-04-17,0.30428044569808976
2009-04-20,0.3407506683581901
2009-04-21,0.3418121749048523
2009-04-22,0.31662367085641857
2009-04-23,0.31137687281729376
2009-04-24,0.3122565403941634
2009-04-27,0.29691504283191
2009-04-28,0.2902023235101412
2009-04-29,0.3003594197019948
2009-04-30,0.28443719735442297
2009-05-01,0.27910480386005027
2009-05-04,0.2807177024387546
2009-05-05,0.27661632927291974
2009-05-06,0.28418176589814464
2009-05-07,0.27911116922658913
2009-05-08,0.29121580104193934
2009-05-11,0.2979119461894561
2009-05-12,0.2921670844312845
2009-05-13,0.27399369977704346
2009-05-14,0.263929900461266
2009-05-15,0.26462682063730536
2009-05-18,0.2871745584945244
2009-05-19,0.27592895839031145
2009-05-20,0.27064358116995296
2009-05-21,0.2781843483714529
2009-05-22,0.26429579730993485
2009-05-25,0.2598056741409974
2009-05-26,0.2786890661572359
2009-05-27,0.2654779975703031
2009-05-28,0.2705160539562361
2009-05-29,0.26706225666983446
2009-06-01,0.28153717114928317
2009-06-02,0.26439802129894246
2009-06-03,0.25914734300633574
2009-06-04,0.25967273596161955
2009-06-05,0.23914281635473614
2009-06-08,0.23266119178655373
2009-06-09,0.22700268015644715
2009-06-10,0.20102732446915242
2009-06-11,0.20033386763323355
2009-06-12,0.19691704045682615
2009-06-15,0.21190124241338984
2009-06-16,0.2174054831869191
2009-06-17,0.2143858314878886
2009-06-18,0.1970255269183072
2009-06-19,0.1836417953070583
2009-06-22,0.21488308817376214
2009-06-23,0.20611310397216084
2009-06-24,0.18650700246576796
2009-06-25,0.2043970444908401
2009-06-26,0.19523932903821106
2009-06-29,0.19314346692470338
2009-06-30,0.19489314885829914
2009-07-01,0.1929268229038898
2009-07-02,0.22560777546393096
2009-07-03,0.22144271962038095
2009-07-06,0.2169478131271186
2009-07-07,0.23094858648581904
2009-07-08,0.2133057224959593
2009-07-09,0.20657854959117447
2009-07-10,0.20578205405248584
2009-07-13,0.22534436698966095
2009-07-14,0.2241553318499468
2009-07-15,0.22873688167477202
2009-07-16,0.22850489390067172
2009-07-17,0.2236532821300918
2009-07-20,0.21590233735108247
2009-07-21,0.2128313931605878
2009-07-22,0.20776063335900966
2009-07-23,0.22535558229789648
2009-07-24,0.22181853919756886
2009-07-27,0.19561800762314846
2009-07-28,0.1938948002748106
2009-07-29,0.19356635938364944
2009-07-30,0.18679467116908824
2009-07-31,0.1839170783592666
2009-08-03,0.19292333074142226
2009-08-04,0.19100401340073184
2009-08-05,0.17080676209092474
2009-08-06,0.17074829092567323
2009-08-07,0.1486828307544871
2009-08-10,0.14470506196981506
2009-08-11,0.15363718530304912
2009-08-12,0.15522514285492284
2009-08-13,0.1557984532628648
2009-08-14,0.15857003185466909
2009-08-17,0.16984970198757746
2009-08-18,0.17252388817016798
2009-08-19,0.17180127123854425
2009-08-20,0.1763072646702288
2009-08-21,0.18949946635932155
2009-08-24,0.18110493667822833
2009-08-25,0.17856387948852379
2009-08-26,0.16724059935247715
2009-08-27,0.16476673860167892
2009-08-28,0.16314046038158467
2009-08-31,0.1649800306197035
2009-09-01,0.1826013812228593
2009-09-02,0.18053662373352597
2009-09-03,0.17745311424201007
2009-09-04,0.1800757035394098
2009-09-07,0.1755803747827348
2009-09-08,0.17560443412768423
2009-09-09,0.15627483975627382
2009-09-10,0.1577876782139873
2009-09-11,0.15395236488854466
2009-09-14,0.15018497551265206
2009-09-15,0.1344402024846062
2009-09-16,0.1472851043990023
2009-09-17,0.14584848669040407
2009-09-18,0.1439132036991323
2009-09-21,0.14331884479132073
2009-09-22,0.14479639225981455
2009-09-23,0.1476656575577559
2009-09-24,0.13210218358119213
2009-09-25,0.13395627704828833
2009-09-28,0.1482768704699589
2009-09-29,0.13964128335233275
2009-09-30,0.1380584406309102
2009-10-01,0.17091559594109948
2009-10-02,0.16715326589018709
2009-10-05,0.1733169952423942
2009-10-06,0.1802365023756417
2009-10-07,0.17636486722737865
2009-10-08,0.17659299654167784
2009-10-09,0.16776355496853082
2009-10-12,0.16629009503378303
2009-10-13,0.16439072286237189
2009-10-14,0.17808511583724687
2009-10-15,0.1752761728794133
2009-10-16,0.17424007780706888
2009-10-19,0.17457162499558304
2009-10-20,0.17396048136563802
2009-10-21,0.1669919565267348
2009-10-22,0.1707397047215414
2009-10-23,0.17747485679371158
2009-10-26,0.1613978551783228
2009-10-27,0.15803291307855125
2009-10-28,0.16980804470539662
2009-10-29,0.1858160844180345
2009-10-30,0.21732141998857657
2009-11-02,0.21378408653553416
2009-11-03,0.2078813956651434
2009-11-04,0.20318889715188257
2009-11-05,0.21639099616935092
2009-11-06,0.20491720474820851
2009-11-09,0.22071670911613867
2009-11-10,0.2159091480932095
2009-11-11,0.21178500878917395
2009-11-12,0.21455819851065644
2009-11-13,0.2113905028733701
2009-11-16,0.21522944238117808
2009-11-17,0.20822030193552177
2009-11-18,0.20162578746180856
2009-11-19,0.20879371756851486
2009-11-20,0.19635243950992548
2009-11-23,0.18883308582231229
2009-11-24,0.15955127623717436
2009-11-25,0.15659716719445388
2009-11-26,0.15425037514440654
2009-11-27,0.16957995997208236
2009-11-30,0.15568425258876242
2009-12-01,0.16197978814784256
2009-12-02,0.14031600804666794
2009-12-03,0.1438848926135616
2009-12-04,0.14310157153564024
2009-12-07,0.13667703187585736
2009-12-08,0.14267409575708973
2009-12-09,0.13244680236384226
2009-12-10,0.13354411617839815
2009-12-11,0.13195045133417932
2009-12-14,0.12617216762389177
2009-12-15,0.12734670116136507
2009-12-16,0.11571273132511892
2009-12-17,0.12617978933341492
2009-12-18,0.12613989119457014
2009-12-21,0.13223869373148156
2009-12-22,0.11741803639673545
2009-12-23,0.1148260644561462
2009-12-24,0.10813728924460207
2009-12-25,0.10588774067257826
2009-12-28,0.10007746614833002
2009-12-29,0.09739986152259356
2009-12-30,0.09547092384015203
2009-12-31,0.09830426105328716
2010-01-04,0.11647275813734302
2010-01-05,0.11361543193002524
2010-01-06,0.11105301554345509
2010-01-07,0.10826067284418964
2010-01-08,0.10561760439479534
2010-01-11,0.10440866213964639
2010-01-12,0.10396014577652117
2010-01-13,0.10723003339996476
2010-01-14,0.09995709324930674
2010-01-15,0.10933900391292034
2010-01-18,0.10682922157248208
2010-01-19,0.11674213402158566
2010-01-20,0.12437496783875152
2010-01-21,0.14662226114476992
2010-01-22,0.17254289701556397
2010-01-25,0.170573029224547
2010-01-26,0.16567360400313877
2010-01-27,0.1550701452139272
2010-01-28,0.16255128674746086
2010-01-29,0.16685250956164244
2010-02-01,0.1745228531819687
2010-02-02,0.18110391548974916
2010-02-03,0.1803898020316223
2010-02-04,0.2179315135577894
2010-02-05,0.21246110332828488
2010-02-08,0.21377577305344989
2010-02-09,0.21505285166698238
2010-02-10,0.21218160795352511
2010-02-11,0.20975279507768116
2010-02-12,0.20422354308167925
2010-02-15,0.1907748243418101
2010-02-16,0.18864232316383994
2010-02-17,0.18660278575065184
2010-02-18,0.18610838102577992
2010-02-19,0.18303448672219416
2010-02-22,0.1764143639748612
2010-02-23,0.18049548419183642
2010-02-24,0.17760805944971345
2010-02-25,0.17042758986456863
2010-02-26,0.16692486452533892
2010-03-01,0.13385220668071143
2010-03-02,0.13119984586007333
2010-03-03,0.12524889152627447
2010-03-04,0.11666513262119313
2010-03-05,0.12925244931956265
2010-03-08,0.12296677503954972
2010-03-09,0.12037668874364231
2010-03-10,0.12104740558142517
2010-03-11,0.10478667952054906
2010-03-12,0.10174610356885673
2010-03-15,0.09733586596996431
2010-03-16,0.10199767227071171
2010-03-17,0.1039936090865381
2010-03-18,0.09407305424719768
2010-03-19,0.09050627004052235
2010-03-22,0.09192173520506274
2010-03-23,0.09575331493602314
2010-03-24,0.09227293281161014
2010-03-25,0.09098963107070922
2010-03-26,0.08869064361753565
2010-03-29,0.09048806579744337
2010-03-30,0.07555581695052122
2010-03-31,0.07624087693228786
2010-04-01,0.08187109826578094
2010-04-02,0.07852557953805286
2010-04-05,0.08322670527546157
2010-04-06,0.08193457406075165
2010-04-07,0.08587569444860506
2010-04-08,0.08180405250906574
2010-04-09,0.08292677077309009
2010-04-12,0.08198213749319014
2010-04-13,0.07855005790267998
2010-04-14,0.08875880013387077
2010-04-15,0.08341026209634281
2010-04-16,0.10512071577396782
2010-04-19,0.1050930574427764
2010-04-20,0.10958363195972394
2010-04-21,0.10600083867863995
2010-04-22,0.10495004975311018
2010-04-23,0.1079332423296378
2010-04-26,0.10599161363779476
2010-04-27,0.14225830603580006
2010-04-28,0.14065523608963568
2010-04-29,0.1489639623298912
2010-04-30,0.16280047551115207
2010-05-03,0.1692519428680904
2010-05-04,0.1940477185118677
2010-05-05,0.19387367944046915
2010-05-06,0.23372857122432383
2010-05-07,0.23743369767634143
2010-05-10,0.2914525835209733
2010-05-11,0.2808461722413508
2010-05-12,0.2826841306407985
2010-05-13,0.28357539198083387
2010-05-14,0.2917396431922726
2010-05-17,0.28619387480187886
2010-05-18,0.29043155106783786
2010-05-19,0.2868226675164627
2010-05-20,0.3167880450246214
2010-05-21,0.3189954087059015
2010-05-24,0.31859379571307855
2010-05-25,0.3082737222154095
2010-05-26,0.30254270528760085
2010-05-27,0.3181395736311129
2010-05-28,0.3191777442990219
2010-05-31,0.2940680082063388
2010-06-01,0.2972377681854684
2010-06-02,0.2770096511265594
2010-06-03,0.27253857225548633
2010-06-04,0.30238449300170517
2010-06-07,0.3015294507910442
2010-06-08,0.2943779374005485
2010-06-09,0.2917020949162568
2010-06-10,0.30957628862404074
2010-06-11,0.3046472909683193
2010-06-14,0.26881949798098465
2010-06-15,0.27915460163426253
2010-06-16,0.27083526672999075
2010-06-17,0.26700913478578736
2010-06-18,0.2626048422808756
2010-06-21,0.2368780630526743
2010-06-22,0.24191721038265707
2010-06-23,0.2399965714161942
2010-06-24,0.24230073976941088
2010-06-25,0.2238803667841937
2010-06-28,0.22069305725817145
2010-06-29,0.22512424152824415
2010-06-30,0.2215440324785044
2010-07-01,0.21619606356542626
2010-07-02,0.21350573570371412
2010-07-05,0.18579609083165805
2010-07-06,0.1839492241102819
2010-07-07,0.22014775730262348
2010-07-08,0.20720187371420518
2010-07-09,0.20647839701304363
2010-07-12,0.20259992499061605
2010-07-13,0.21109605484323127
2010-07-14,0.20687232649481854
2010-07-15,0.19673599218316654
2010-07-16,0.2285129039773793
2010-07-19,0.21975157630496187
2010-07-20,0.22294745923234982
2010-07-21,0.22868543634401559
2010-07-22,0.22022841387140363
2010-07-23,0.217238552273531
2010-07-26,0.21971427991950387
2010-07-27,0.2160201353375722
2010-07-28,0.21632893952843205
2010-07-29,0.21410124631655106
2010-07-30,0.1835742477961874
2010-08-02,0.2003801806661358
2010-08-03,0.1977156951499918
2010-08-04,0.19706327129867568
2010-08-05,0.18801566550678894
2010-08-06,0.1869389645327807
2010-08-09,0.18688065298758497
2010-08-10,0.15915174659343287
2010-08-11,0.19493129952603747
2010-08-12,0.19004760829590384
2010-08-13,0.18382456509030537
2010-08-16,0.16401830991763613
2010-08-17,0.16780456269710048
2010-08-18,0.1610539533540365
2010-08-19,0.174532750090034
2010-08-20,0.17200318783697116
2010-08-23,0.16988718093817068
2010-08-24,0.17996137771103213
2010-08-25,0.16233877077834108
2010-08-26,0.1631384356404317
2010-08-27,0.1746432327832768
2010-08-30,0.1847969753905263
2010-08-31,0.18085559482642696
2010-09-01,0.21297211709510844
2010-09-02,0.21346172873944413
2010-09-03,0.19561909813927308
2010-09-06,0.1905649757044909
2010-09-07,0.19504701872259236
2010-09-08,0.1938004560140895
2010-09-09,0.18818531394700436
2010-09-10,0.186835919880584
2010-09-13,0.18239342433421366
2010-09-14,0.17928380779436826
2010-09-15,0.17720693697911435
2010-09-16,0.16806525300474026
2010-09-17,0.16575612637155993
2010-09-20,0.17430728936774698
2010-09-21,0.16378864255402634
2010-09-22,0.15626530159642804
2010-09-23,0.1601863753191188
2010-09-24,0.15152322551887018
2010-09-27,0.1484751820480036
2010-09-28,0.1408529801729047
2010-09-29,0.1390481199551281
2010-09-30,0.13210669250966753
2010-10-01,0.13004863128152386
2010-10-04,0.1324807728441421
2010-10-05,0.1553228567614671
2010-10-06,0.1471493160887061
2010-10-07,0.14551745906485475
2010-10-08,0.1462557069936006
2010-10-11,0.14327913200303194
2010-10-12,0.14275561763405378
2010-10-13,0.1352669033103687
2010-10-14,0.1350036112326048
2010-10-15,0.13251330737349898
2010-10-18,0.13220499553262324
2010-10-19,0.12906884782734823
2010-10-20,0.13396168471751563
2010-10-21,0.13034856519108978
2010-10-22,0.12845955726128472
2010-10-25,0.12631537709903426
2010-10-26,0.12365376859446903
2010-10-27,0.12031287725999339
2010-10-28,0.09584583057054856
2010-10-29,0.09433796062624669
2010-11-01,0.09270670498363486
2010-11-02,0.09540055105684213
2010-11-03,0.09574943661532631
2010-11-04,0.12167785225354506
2010-11-05,0.11859716370299707
2010-11-08,0.11694256264687794
2010-11-09,0.1218542999633822
2010-11-10,0.11938213712205263
2010-11-11,0.10718081915389208
2010-11-12,0.11245489202084875
2010-11-15,0.11064865387547493
2010-11-16,0.12933672708699195
2010-11-17,0.12536514402600735
2010-11-18,0.13963361837730714
2010-11-19,0.1371015227487779
2010-11-22,0.13572979427837442
2010-11-23,0.1478371201244673
2010-11-24,0.15931007179381818
2010-11-25,0.1541040112109268
2010-11-26,0.15608762689865296
2010-11-29,0.13973078987825055
2010-11-30,0.140726858232682
2010-12-01,0.16422075865605776
2010-12-02,0.16875923530474635
2010-12-03,0.16569850627526275
2010-12-06,0.16271171425513778
2010-12-07,0.15540960596028358
2010-12-08,0.1540257901001825
2010-12-09,0.14348677594750422
2010-12-10,0.14457459949098186
2010-12-13,0.13296464140592393
2010-12-14,0.1308532191081623
2010-12-15,0.13237390626842166
2010-12-16,0.12466801149664368
2010-12-17,0.11229292294755211
2010-12-20,0.11159899163320307
2010-12-21,0.11103589100237374
2010-12-22,0.11084345161752789
2010-12-23,0.10843129404871381
2010-12-24,0.07905087609636763
2010-12-27,0.06393390204472568
2010-12-28,0.06182630997517277
2010-12-29,0.059781676913707685
2010-12-30,0.0603225699868548
2010-12-31,0.05791020729105367
2011-01-03,0.07225227813203103
2011-01-04,0.06860029217010544
2011-01-05,0.07102184125426168
2011-01-06,0.07126957332812373
2011-01-07,0.06902407553007678
2011-01-10,0.0654951184765778
2011-01-11,0.06629840904022061
2011-01-12,0.07513723208867433
2011-01-13,0.0719366817212119
2011-01-14,0.07701329898300764
2011-01-17,0.07494503434221324
2011-01-18,0.07372829947808894
2011-01-19,0.08526520457250392
2011-01-20,0.08441592031121459
2011-01-21,0.08386076011686946
2011-01-24,0.08680892540339787
2011-01-25,0.08522657963875412
2011-01-26,0.07732532531920883
2011-01-27,0.07665122934697097
2011-01-28,0.10455751840362869
2011-01-31,0.10797158396635877
2011-02-01,0.1264330606338965
2011-02-02,0.12548192474062078
2011-02-03,0.12314981820618565
2011-02-04,0.11835965212523382
2011-02-07,0.12000886320622009
2011-02-08,0.1174858636651334
2011-02-09,0.11703548909125593
2011-02-10,0.11514041565817677
2011-02-11,0.11130129157426341
2011-02-14,0.11033573150990134
2011-02-15,0.1106151750471726
2011-02-16,0.11158783579606446
2011-02-17,0.11122412673416708
2011-02-18,0.10945641438518619
2011-02-21,0.10785281303259518
2011-02-22,0.122088020903895
2011-02-23,0.12136992608871193
2011-02-24,0.10597778193229974
2011-02-25,0.11320573309442349
2011-02-28,0.11396862372757882
2011-03-01,0.13051440789634688
2011-03-02,0.12687217720462746
2011-03-03,0.14322917982130878
2011-03-04,0.1452220666851931
2011-03-07,0.14857937757618894
2011-03-08,0.15066961630478917
2011-03-09,0.148268841254779
2011-03-10,0.16690452455778312
2011-03-11,0.16607831427767128
2011-03-14,0.1663715447060156
2011-03-15,0.17213236718619412
2011-03-16,0.18996702430578521
2011-03-17,0.18317709734166518
2011-03-18,0.17952401984763972
2011-03-21,0.18889740645903755
2011-03-22,0.18235714070942088
2011-03-23,0.17905446164035857
2011-03-24,0.17371315831147727
2011-03-25,0.17171872145800787
2011-03-28,0.15999877192563908
2011-03-29,0.15943499768641056
2011-03-30,0.15795787176238013
2011-03-31,0.15294890982983136
2011-04-01,0.15324633440096747
2011-04-04,0.13661612197938347
2011-04-05,0.1324644011703837
2011-04-06,0.12974273164261005
2011-04-07,0.12304524440351501
2011-04-08,0.10419338846645389
2011-04-11,0.09402358084072787
2011-04-12,0.09834982254930173
2011-04-13,0.08225301583878313
2011-04-14,0.07912988767210206
2011-04-15,0.07956214195500161
2011-04-18,0.0867052247369568
2011-04-19,0.08769515375324072
2011-04-20,0.10262603144732288
2011-04-21,0.10081254564533376
2011-04-22,0.09566887771059399
2011-04-25,0.0938435304827865
2011-04-26,0.09901962727399827
2011-04-27,0.10130898015919114
2011-04-28,0.10128579522225153
2011-04-29,0.09951709766719154
2011-05-02,0.09877368805705833
2011-05-03,0.09822639179830964
2011-05-04,0.10194224182670888
2011-05-05,0.10564431970782875
2011-05-06,0.10540377982388961
2011-05-09,0.10603692723588162
2011-05-10,0.10920762069911547
2011-05-11,0.11315874328490781
2011-05-12,0.11166538006665015
2011-05-13,0.10712714409330566
2011-05-16,0.10864766143838257
2011-05-17,0.1059342499422505
2011-05-18,0.11065921971341505
2011-05-19,0.10450675765897573
2011-05-20,0.1075045422404579
2011-05-23,0.1179420159098074
2011-05-24,0.11529385227592544
2011-05-25,0.11418110377068492
2011-05-26,0.11358147069279155
2011-05-27,0.11075943380833567
2011-05-30,0.10433110306404055
2011-05-31,0.11197623302035405
2011-06-01,0.1436128411532035
2011-06-02,0.13918726040845122
2011-06-03,0.13967794574932327
2011-06-06,0.14511262681171871
2011-06-07,0.14019298435659977
2011-06-08,0.13835172334878967
2011-06-09,0.14029710309509108
2011-06-10,0.14851290668464484
2011-06-13,0.1453450560249124
2011-06-14,0.1512181983258696
2011-06-15,0.16244059345198372
2011-06-16,0.15949026965029198
2011-06-17,0.15677346619804686
2011-06-20,0.1561044963470193
2011-06-21,0.16437698766869321
2011-06-22,0.16565228528081313
2011-06-23,0.16055119635899093
2011-06-24,0.14804225999754897
2011-06-27,0.15214297472539223
2011-06-28,0.1559109190210065
2011-06-29,0.15358394010088136
2011-06-30,0.1582618473134748
2011-07-01,0.1672468719093553
2011-07-04,0.1614661173470675
2011-07-05,0.15217125023394293
2011-07-06,0.14938788392719676
2011-07-07,0.14848986562484023
2011-07-08,0.1387696403042795
2011-07-11,0.1568942992287927
2011-07-12,0.156054663804935
2011-07-13,0.1527206545783182
2011-07-14,0.14772539607856586
2011-07-15,0.14596908565616148
2011-07-18,0.1492070235260713
2011-07-19,0.1573467619121141
2011-07-20,0.151407955155183
2011-07-21,0.15444162246737617
2011-07-22,0.14823816777556803
2011-07-25,0.14507590661994135
2011-07-26,0.13634700266276278
2011-07-27,0.1598508025717933
2011-07-28,0.15825726690841152
2011-07-29,0.15916276589533013
2011-08-01,0.154399892228425
2011-08-02,0.18445834949433954
2011-08-03,0.17271963658038134
2011-08-04,0.25696639209349237
2011-08-05,0.251356614743559
2011-08-08,0.3660078063077303
2011-08-09,0.40804733515658664
2011-08-10,0.44163803148843983
2011-08-11,0.47090778832319735
2011-08-12,0.4629495596233499
2011-08-15,0.4625924558523223
2011-08-16,0.45842961046015906
2011-08-17,0.45152118240800143
2011-08-18,0.4842101819724795
2011-08-19,0.47927131861152705
2011-08-22,0.47298965891770456
2011-08-23,0.4898068659345293
2011-08-24,0.48793304260717185
2011-08-25,0.4819564287478614
2011-08-26,0.48343812958563015
2011-08-29,0.46586201953994744
2011-08-30,0.4601545350377505
2011-08-31,0.39310212068598477
2011-09-01,0.36120032123882184
2011-09-02,0.34189837869298567
2011-09-05,0.29979367027126436
2011-09-06,0.29813132149802307
2011-09-07,0.3098756073983937
2011-09-08,0.30810278464633645
2011-09-09,0.32599635276105576
2011-09-12,0.2829072071877834
2011-09-13,0.27736382500210865
2011-09-14,0.2803614222523166
2011-09-15,0.26317215537064426
2011-09-16,0.25593356801382566
2011-09-19,0.2516580162747729
2011-09-20,0.24278613595827075
2011-09-21,0.2536533305949034
2011-09-22,0.28298920299431546
2011-09-23,0.2793627214206384
2011-09-26,0.289307605730587
2011-09-27,0.2757741311700579
2011-09-28,0.28723887007836846
2011-09-29,0.28360926412615123
2011-09-30,0.28591435984274677
2011-10-03,0.30452508126921707
2011-10-04,0.30118000569380554
2011-10-05,0.3055248748803607
2011-10-06,0.31004921351801684
2011-10-07,0.3047920008481153
2011-10-10,0.32578374868276927
2011-10-11,0.3180139410537525
2011-10-12,0.31540578822437343
2011-10-13,0.3115226751516013
2011-10-14,0.3012922212888512
2011-10-17,0.2897522236506329
2011-10-18,0.2990417644899573
2011-10-19,0.29040261946308205
2011-10-20,0.28457851077693974
2011-10-21,0.2844759999120079
2011-10-24,0.2853113954330753
2011-10-25,0.28324648088837234
2011-10-26,0.266400772446848
2011-10-27,0.287158735241858
2011-10-28,0.27401899613933567
2011-10-31,0.2854084150635625
2011-11-01,0.3037592959546564
2011-11-02,0.2856854715529804
2011-11-03,0.29274169209487966
2011-11-04,0.28813849305249545
2011-11-07,0.2848857274542763
2011-11-08,0.27933117272040614
2011-11-09,0.3090862730551647
2011-11-10,0.29909429232359347
2011-11-11,0.30415272117967024
2011-11-14,0.3027658487898913
2011-11-15,0.2927705667429112
2011-11-16,0.2956438734682512
2011-11-17,0.293862285688001
2011-11-18,0.28782180495629434
2011-11-21,0.2737940822073394
2011-11-22,0.27049493236565686
2011-11-23,0.27185222751202387
2011-11-24,0.24845560237158862
2011-11-25,0.23987236782477106
2011-11-28,0.25778781286512426
2011-11-29,0.2522517838185299
2011-11-30,0.3011009520078331
2011-12-01,0.2932331907903902
2011-12-02,0.2597494608948701
2011-12-05,0.2585523798759996
2011-12-06,0.2460490460064146
2011-12-07,0.24011590019243326
2011-12-08,0.25464152241320204
2011-12-09,0.25656181806978856
2011-12-12,0.2564232457563744
2011-12-13,0.25694674263986395
2011-12-14,0.25170743477996477
2011-12-15,0.24829393246550915
2011-12-16,0.23378884152897406
2011-12-19,0.23828617701682556
2011-12-20,0.2646773581373247
2011-12-21,0.2420077244906574
2011-12-22,0.2422131959653058
2011-12-23,0.19604289781275192
2011-12-26,0.19188818020683754
2011-12-27,0.18870628456949926
2011-12-28,0.1922855872071188
2011-12-29,0.19538214759160774
2011-12-30,0.19466979581802618
2012-01-02,0.1769883602961607
2012-01-03,0.17871050624759258
2012-01-04,0.16828806573357016
2012-01-05,0.16339219663544674
2012-01-06,0.1578013959343528
2012-01-09,0.1554677983212213
2012-01-10,0.158857903837403
2012-01-11,0.15139294780793844
2012-01-12,0.1126748121375323
2012-01-13,0.11372330081126028
2012-01-16,0.10801385790753039
2012-01-17,0.10312614693487844
2012-01-18,0.11272622337972105
2012-01-19,0.11322886559183623
2012-01-20,0.10260404045885253
2012-01-23,0.094298016989882
2012-01-24,0.09205530480540745
2012-01-25,0.0984503944304973
2012-01-26,0.08640368793897345
2012-01-27,0.0853621938284427
2012-01-30,0.08517436788966759
2012-01-31,0.08308604656675014
2012-02-01,0.0900959630517025
2012-02-02,0.08288333035909362
2012-02-03,0.10127825507051051
2012-02-06,0.0992164935791903
2012-02-07,0.09612320625427347
2012-02-08,0.09530547150218557
2012-02-09,0.09320725707738702
2012-02-10,0.09028010457496904
2012-02-13,0.0923650518584729
2012-02-14,0.09118863345892564
2012-02-15,0.09396813404581499
2012-02-16,0.10391782039343182
2012-02-17,0.09870448497393534
2012-02-20,0.0951693478224979
2012-02-21,0.09274594220703476
2012-02-22,0.09346342227476805
2012-02-23,0.09424695986416456
2012-02-24,0.08826502465663211
2012-02-27,0.0869130612975305
2012-02-28,0.07231056040713323
2012-02-29,0.0754852962968642
2012-03-01,0.07862782038223193
2012-03-02,0.07950810274019882
2012-03-05,0.08093431946149438
2012-03-06,0.09981679294397028
2012-03-07,0.10056002433620283
2012-03-08,0.10741570769362806
2012-03-09,0.10520795640147262
2012-03-12,0.09646018344175593
2012-03-13,0.11977673199828089
2012-03-14,0.11769959854101288
2012-03-15,0.11931064590203412
2012-03-16,0.11641444965697492
2012-03-19,0.1154096150352084
2012-03-20,0.11493451288138294
2012-03-21,0.11446393010070667
2012-03-22,0.11806735723051211
2012-03-23,0.11615220822990409
2012-03-26,0.1269092502374195
2012-03-27,0.12632218003190657
2012-03-28,0.12656488782665726
2012-03-29,0.11379692704273017
2012-03-30,0.11123720680390163
2012-04-02,0.11002824736403989
2012-04-03,0.10961860297279519
2012-04-04,0.11834314864651063
2012-04-05,0.09905233726539675
2012-04-06,0.09661305484973474
2012-04-09,0.10598884285032602
2012-04-10,0.1270030737399533
2012-04-11,0.12880709973847998
2012-04-12,0.13898463501379407
2012-04-13,0.14817177438057874
2012-04-16,0.14286135894976534
2012-04-17,0.15481448681966162
2012-04-18,0.14698629522260467
2012-04-19,0.14685171453410867
2012-04-20,0.14302565031417744
2012-04-23,0.14683936898415217
2012-04-24,0.14475725326717853
2012-04-25,0.15248631392105147
2012-04-26,0.15315078548008432
2012-04-27,0.14673398585403094
2012-04-30,0.14635988395216018
2012-05-01,0.147110259672601
2012-05-02,0.14073167863038583
2012-05-03,0.13213799175465532
2012-05-04,0.14555428880497803
2012-05-07,0.13473623858420464
2012-05-08,0.1282664969946686
2012-05-09,0.1305687400154736
2012-05-10,0.11755200243773085
2012-05-11,0.11668623285802188
2012-05-14,0.12429151458726037
2012-05-15,0.12525412268597663
2012-05-16,0.1220534385340973
2012-05-17,0.1367233456257167
2012-05-18,0.13143914295960055
2012-05-21,0.14370435029207673
2012-05-22,0.13975569063067111
2012-05-23,0.13702782908189523
2012-05-24,0.13260055076181404
2012-05-25,0.1311439240083459
2012-05-28,0.12647123100055432
2012-05-29,0.12142140344064313
2012-05-30,0.13582492960777695
2012-05-31,0.13314971246044552
2012-06-01,0.16537140567241027
2012-06-04,0.16116033083294054
2012-06-05,0.16086116049300048
2012-06-06,0.18101102049941456
2012-06-07,0.17592693000147852
2012-06-08,0.17694962187818572
2012-06-11,0.17678794719376453
2012-06-12,0.1798942385069557
2012-06-13,0.17285746981578212
2012-06-14,0.17703550113213876
2012-06-15,0.18112383040038407
2012-06-18,0.17734433843236866
2012-06-19,0.18032152762140558
2012-06-20,0.17827790546148775
2012-06-21,0.1967524871179291
2012-06-22,0.19100756056643706
2012-06-25,0.2012221286286031
2012-06-26,0.18090463720576494
2012-06-27,0.18348957489653622
2012-06-28,0.17994068655432424
2012-06-29,0.18929825133179012
2012-07-02,0.18575507026823931
2012-07-03,0.1834676292362524
2012-07-04,0.17475375369512944
2012-07-05,0.17005218106351022
2012-07-06,0.17218936596018702
2012-07-09,0.1667677364957312
2012-07-10,0.16573049682833008
2012-07-11,0.16285191163029097
2012-07-12,0.1603363225235339
2012-07-13,0.1727915487228369
2012-07-16,0.153246979289387
2012-07-17,0.15274627549876452
2012-07-18,0.14425477372323728
2012-07-19,0.14141522076687568
2012-07-20,0.1443677855984975
2012-07-23,0.14821495268367071
2012-07-24,0.12809695612055325
2012-07-25,0.12430073302252903
2012-07-26,0.13884040505831796
2012-07-27,0.1578864537793955
2012-07-30,0.1536958795940655
2012-07-31,0.14944134669322753
2012-08-01,0.14781427202402597
2012-08-02,0.14829033857865737
2012-08-03,0.16600410280490496
2012-08-06,0.16220183070382752
2012-08-07,0.15221042999552836
2012-08-08,0.14854825946948427
2012-08-09,0.14392135448643367
2012-08-10,0.14033372457873033
2012-08-13,0.1387127349596203
2012-08-14,0.13318424254379854
2012-08-15,0.12790658851202705
2012-08-16,0.12739942517476577
2012-08-17,0.12598680859025374
2012-08-20,0.11214681558254491
2012-08-21,0.09293551274085608
2012-08-22,0.09151868523084179
2012-08-23,0.09666140204615273
2012-08-24,0.09914317704870888
2012-08-27,0.09465959560647286
2012-08-28,0.06823444248248177
2012-08-29,0.06578642368877873
2012-08-30,0.07201901388189301
2012-08-31,0.07367151488866093
2012-09-03,0.07247391260155031
2012-09-04,0.07107305552471599
2012-09-05,0.06987407586093418
2012-09-06,0.10639205235282344
2012-09-07,0.10628329976430044
2012-09-10,0.10607235226159796
2012-09-11,0.10510083751730012
2012-09-12,0.10398920960927333
2012-09-13,0.12170699142911906
2012-09-14,0.1214672606952724
2012-09-17,0.11790472338764448
2012-09-18,0.11494678634083916
2012-09-19,0.11263349905707529
2012-09-20,0.1117680518580219
2012-09-21,0.11022062091323763
2012-09-24,0.10711953814333221
2012-09-25,0.11444435073978011
2012-09-26,0.11746613069004487
2012-09-27,0.12318605230387955
2012-09-28,0.12376973534621098
2012-10-01,0.10215174896627145
2012-10-02,0.09919649476267679
2012-10-03,0.09665789679903558
2012-10-04,0.09972335706137536
2012-10-05,0.09839997022202374
2012-10-08,0.0824368165121418
2012-10-09,0.09168648884619318
2012-10-10,0.09440668631040063
2012-10-11,0.09204835953391892
2012-10-12,0.09214584220098777
2012-10-15,0.09771591252704077
2012-10-16,0.10549368811830453
2012-10-17,0.10540425556163348
2012-10-18,0.0987462236588766
2012-10-19,0.11857371655609417
2012-10-22,0.1110538626260749
2012-10-23,0.12492231762093006
2012-10-24,0.12365481984065158
2012-10-25,0.12211552908564653
2012-10-26,0.11948854195719706
2012-10-29,0.11496594417110075
2012-10-30,0.11330180441151666
2012-10-31,0.11118987372433664
2012-11-01,0.11451156200261381
2012-11-02,0.1193545024798643
2012-11-05,0.11827711119051838
2012-11-06,0.12154703098377816
2012-11-07,0.15234330900220758
2012-11-08,0.15639302218561763
2012-11-09,0.152768829264917
2012-11-12,0.14944838499149107
2012-11-13,0.13897336323665538
2012-11-14,0.14976246959054446
2012-11-15,0.1397011871074792
2012-11-16,0.13892821621335033
2012-11-19,0.15915325279972709
2012-11-20,0.15595413830700763
2012-11-21,0.15393898690002683
2012-11-22,0.15180381553269065
2012-11-23,0.16027817398217836
2012-11-26,0.1546849845158024
2012-11-27,0.15234081936035432
2012-11-28,0.15471809629301414
2012-11-29,0.15189659524769494
2012-11-30,0.12631025668910748
2012-12-03,0.12040008718498403
2012-12-04,0.1190339991319817
2012-12-05,0.11752661224024537
2012-12-06,0.11640598238762012
2012-12-07,0.10573961532288129
2012-12-10,0.10422625405297112
2012-12-11,0.10594674951120199
2012-12-12,0.08032597942447231
2012-12-13,0.08487590671424364
2012-12-14,0.08641588602392826
2012-12-17,0.09800028233855618
2012-12-18,0.09903354965437719
2012-12-19,0.10397161233882365
2012-12-20,0.10361989066239322
2012-12-21,0.1076670932033737
2012-12-24,0.10508464339510842
2012-12-25,0.10251874539327435
2012-12-26,0.10281740618018227
2012-12-27,0.10116288669366295
2012-12-28,0.11099859007165529
2012-12-31,0.1290198619327012
2013-01-02,0.16287912954467162
2013-01-03,0.1596892606174242
2013-01-04,0.15698236199285473
2013-01-07,0.15639329733061422
2013-01-08,0.1538595446753112
2013-01-09,0.15107439146922855
2013-01-10,0.1482801195620625
2013-01-11,0.1409678616201135
2013-01-14,0.13700468014806177
2013-01-15,0.1337769675064868
2013-01-16,0.1281107637931027
2013-01-17,0.12939826028341161
2013-01-18,0.12919807679309533
2013-01-21,0.1271872970888405
2013-01-22,0.12789796321269933
2013-01-23,0.12103866599463968
2013-01-24,0.10560302975872574
2013-01-25,0.06635489287029835
2013-01-28,0.06569849990620222
2013-01-29,0.06614705576600828
2013-01-30,0.0675168878622236
2013-01-31,0.06699458116764212
2013-02-01,0.07788385779331568
2013-02-04,0.08821403364430147
2013-02-05,0.09754496853928375
2013-02-06,0.09443794698990313
2013-02-07,0.09342441021593084
2013-02-08,0.09487376402474354
2013-02-11,0.0918125828130765
2013-02-12,0.08923453129677306
2013-02-13,0.08764578120218856
2013-02-14,0.08494434468343526
2013-02-15,0.08403138034449334
2013-02-18,0.08313166325114701
2013-02-19,0.08622583942054268
2013-02-20,0.1003872408394493
2013-02-21,0.10219949616846538
2013-02-22,0.10704767468324837
2013-02-25,0.13117310955603412
2013-02-26,0.1269100509055878
2013-02-27,0.13074828414904222
2013-02-28,0.12340220452349548
2013-03-01,0.12162973624072448
2013-03-04,0.12107440443375081
2013-03-05,0.12535688736013084
2013-03-06,0.12302569446544918
2013-03-07,0.12130622356895578
2013-03-08,0.12136155120267435
2013-03-11,0.12110741971206955
2013-03-12,0.12093607326189326
2013-03-13,0.11938314901523273
2013-03-14,0.11857166041988507
2013-03-15,0.11011993023333413
2013-03-18,0.11066887968599518
2013-03-19,0.10646427425383659
2013-03-20,0.08992700256176478
2013-03-21,0.094236507922005
2013-03-22,0.08843135409959683
2013-03-25,0.08837525962461805
2013-03-26,0.09354170808362597
2013-03-27,0.09008540378465386
2013-03-28,0.08441330038916114
2013-03-29,0.08237437531777414
2013-04-01,0.08365357430040572
2013-04-02,0.08430175787427756
2013-04-03,0.09468235567784387
2013-04-04,0.09443075531420697
2013-04-05,0.09521479941850373
2013-04-08,0.09622395545725032
2013-04-09,0.09624721007418419
2013-04-10,0.10570799325984345
2013-04-11,0.10483964746784831
2013-04-12,0.10207303773664524
2013-04-15,0.13560559928967958
2013-04-16,0.14443455843965375
2013-04-17,0.1555429545883969
2013-04-18,0.15401590308555163
2013-04-19,0.1571090337306242
2013-04-22,0.15490760760340466
2013-04-23,0.15933114084509953
2013-04-24,0.1552004013564916
2013-04-25,0.15348690068938245
2013-04-26,0.1476645267931074
2013-04-29,0.14895089289327146
2013-04-30,0.14683977440966278
2013-05-01,0.1499129483106805
2013-05-02,0.15422965300467267
2013-05-03,0.1534203174244399
2013-05-06,0.15097692968753007
2013-05-07,0.15088350177349782
2013-05-08,0.12858806330110065
2013-05-09,0.1188796224643497
2013-05-10,0.10845260765754106
2013-05-13,0.1039657239267056
2013-05-14,0.10733751624453834
2013-05-15,0.10656067140375697
2013-05-16,0.10256741308976217
2013-05-17,0.11071047660029815
2013-05-20,0.10749072322537902
2013-05-21,0.10525355703713807
2013-05-22,0.10843030976989493
2013-05-23,0.10784770539061529
2013-05-24,0.1009192434973937
2013-05-27,0.09399198159176309
2013-05-28,0.090092895394762
2013-05-29,0.0952217499706165
2013-05-30,0.092670231371848
2013-05-31,0.1094969193678675
2013-06-03,0.11025194118323539
2013-06-04,0.11073407062480459
2013-06-05,0.12480971230585572
2013-06-06,0.12367694179549851
2013-06-07,0.13251502376838376
2013-06-10,0.12862407643700263
2013-06-11,0.13016112041498182
2013-06-12,0.13434187736376638
2013-06-13,0.1468033817170214
2013-06-14,0.14477928730701622
2013-06-17,0.14598165100926785
2013-06-18,0.14732724440291395
2013-06-19,0.15842385357385436
2013-06-20,0.18674766358523065
2013-06-21,0.1815852725851413
2013-06-24,0.18713265812988014
2013-06-25,0.18346573785683282
2013-06-26,0.18384255700879226
2013-06-27,0.1829003751699169
2013-06-28,0.17525974738299255
2013-07-01,0.1716926322653884
2013-07-02,0.16359579885592146
2013-07-03,0.16118345959662533
2013-07-04,0.15497540443792554
2013-07-05,0.15748160239336947
2013-07-08,0.14960103380805445
2013-07-09,0.15015017732982092
2013-07-10,0.14591876616346486
2013-07-11,0.15283760959909717
2013-07-12,0.1444188206916902
2013-07-15,0.11402326448760747
2013-07-16,0.11345034657541289
2013-07-17,0.10497019323225089
2013-07-18,0.10082223044399806
2013-07-19,0.09364017211972438
2013-07-22,0.089924500723095
2013-07-23,0.08825069702135585
2013-07-24,0.08767545519344637
2013-07-25,0.08663457111670336
2013-07-26,0.08484389266508413
2013-07-29,0.08649389340075216
2013-07-30,0.07783811245016978
2013-07-31,0.07424790990034721
2013-08-01,0.0863263473524794
2013-08-02,0.08496905229961271
2013-08-05,0.0714255867059312
2013-08-06,0.07469870783339504
2013-08-07,0.07572717239018499
2013-08-08,0.07554815199799468
2013-08-09,0.076041205366608
2013-08-12,0.07301872601078965
2013-08-13,0.07297498769805508
2013-08-14,0.07614733576330933
2013-08-15,0.0961881702060423
2013-08-16,0.09525689857888572
2013-08-19,0.0978898721791158
2013-08-20,0.09789392517121044
2013-08-21,0.09939997337992183
2013-08-22,0.10511419479050364
2013-08-23,0.10484094169272333
2013-08-26,0.09663256464515427
2013-08-27,0.11689940694684785
2013-08-28,0.11477205081990027
2013-08-29,0.11101906658457857
2013-08-30,0.10999395014230372
2013-09-02,0.10768694628373204
2013-09-03,0.1073050460178931
2013-09-04,0.11165238724624589
2013-09-05,0.10952841496567793
2013-09-06,0.10642940176981987
2013-09-09,0.10249810833268742
2013-09-10,0.10611195145994708
2013-09-11,0.10358423735673308
2013-09-12,0.10309792272749647
2013-09-13,0.10041539277371443
2013-09-16,0.09862916350694818
2013-09-17,0.09794345355546188
2013-09-18,0.1086058495688009
2013-09-19,0.09314802452384147
2013-09-20,0.09785686460820966
2013-09-23,0.09888980884035697
2013-09-24,0.09731428372445232
2013-09-25,0.09751190120763881
2013-09-26,0.09596271612091321
2013-09-27,0.0932088502399153
2013-09-30,0.09633358844632099
2013-10-01,0.10134182697371119
2013-10-02,0.09351887847694453
2013-10-03,0.09809423949610618
2013-10-04,0.10048738755783458
2013-10-07,0.10616694590190348
2013-10-08,0.11730782492744138
2013-10-09,0.1130767920041257
2013-10-10,0.14117986487751327
2013-10-11,0.1350871135547054
2013-10-14,0.13386227694783653
2013-10-15,0.1344574738045332
2013-10-16,0.14374218061028302
2013-10-17,0.1449165743538118
2013-10-18,0.14544472344365836
2013-10-21,0.14193779623081626
2013-10-22,0.1419982799295781
2013-10-23,0.14119479948764527
2013-10-24,0.13714926160045326
2013-10-25,0.13719399694785606
2013-10-28,0.1316423480832623
2013-10-29,0.13122368087494735
2013-10-30,0.1291872421526243
2013-10-31,0.12240274865189292
2013-11-01,0.12180333930552233
2013-11-04,0.09696541730781146
2013-11-05,0.09479847461662759
2013-11-06,0.09391456587620567
2013-11-07,0.10632644141639655
2013-11-08,0.10967917907052253
2013-11-11,0.10380536310839858
2013-11-12,0.10069373684354485
2013-11-13,0.10484943945485575
2013-11-14,0.10370620107251237
2013-11-15,0.10304120030354506
2013-11-18,0.10248902002900664
2013-11-19,0.10089468164878665
2013-11-20,0.10133794753032177
2013-11-21,0.10403151149652225
2013-11-22,0.103774958974883
2013-11-25,0.1012501389645766
2013-11-26,0.09922545016810048
2013-11-27,0.09790415244779796
2013-11-28,0.09588305151595922
2013-11-29,0.09409323058953602
2013-12-02,0.0830328089147613
2013-12-03,0.07080664043377448
2013-12-04,0.06989995323420513
2013-12-05,0.07200018623191454
2013-12-06,0.08064385666894966
2013-12-09,0.07754448517653424
2013-12-10,0.07657165169870937
2013-12-11,0.08907381906572386
2013-12-12,0.09008595871655516
2013-12-13,0.08677922740593862
2013-12-16,0.08583691524810871
2013-12-17,0.08443604792842188
2013-12-18,0.10714172102650084
2013-12-19,0.10503726742558162
2013-12-20,0.10516607284186917
2013-12-23,0.1065310185006755
2013-12-24,0.10556279399299963
2013-12-25,0.10334278055289617
2013-12-26,0.10404396317118687
2013-12-27,0.1023786734555865
2013-12-30,0.10013675532439233
2013-12-31,0.09355701266911204
2014-01-02,0.10054412609451104
2014-01-03,0.09888529456445472
2014-01-06,0.09081816406523328
2014-01-07,0.09282272925589034
2014-01-08,0.09159009528057382
2014-01-09,0.08759651180285034
2014-01-10,0.0867572152585711
2014-01-13,0.08442162539377096
2014-01-14,0.09450924835904873
2014-01-15,0.09475029440217025
2014-01-16,0.09188963043670027
2014-01-17,0.09243837808007695
2014-01-20,0.09042543365070625
2014-01-21,0.08850566564367895
2014-01-22,0.08660533383067072
2014-01-23,0.094346473243774
2014-01-24,0.1264532684920448
2014-01-27,0.1235221334880723
2014-01-28,0.12462725243615
2014-01-29,0.13178567319235107
2014-01-30,0.13692500633410004
2014-01-31,0.1386463551238621
2014-02-03,0.16711350617406978
2014-02-04,0.1676019789264457
2014-02-05,0.15974543737880476
2014-02-06,0.1626955947914256
2014-02-07,0.16966635692308377
2014-02-10,0.1662406854261578
2014-02-11,0.1702290003138086
2014-02-12,0.16757017193211013
2014-02-13,0.1675706318893396
2014-02-14,0.16700210069288182
2014-02-17,0.16172931243731892
2014-02-18,0.14332689921508293
2014-02-19,0.14470296816419864
2014-02-20,0.1443177945012519
2014-02-21,0.13886774276836142
2014-02-24,0.13519065161685678
2014-02-25,0.1321921030886434
2014-02-26,0.1049119674264595
2014-02-27,0.10273852987935617
2014-02-28,0.1016103794964139
2014-03-03,0.0981787817117381
2014-03-04,0.10594113851305523
2014-03-05,0.10351629349487011
2014-03-06,0.09452617951714082
2014-03-07,0.09248852935285223
2014-03-10,0.0886524568963119
2014-03-11,0.08940402933741115
2014-03-12,0.08796705995617089
2014-03-13,0.10056287247060128
2014-03-14,0.09781038097351906
2014-03-17,0.10336279886621921
2014-03-18,0.10621207242573473
2014-03-19,0.10676390529249397
2014-03-20,0.10898767737899934
2014-03-21,0.10868747356239435
2014-03-24,0.10812582826685775
2014-03-25,0.1082376332437526
2014-03-26,0.10966773063559444
2014-03-27,0.09505636425949815
2014-03-28,0.09628351004311689
2014-03-31,0.10065560411246953
2014-04-01,0.10395900742429742
2014-04-02,0.1024561577616107
2014-04-03,0.09997523258656232
2014-04-04,0.11308841372403765
2014-04-07,0.11466928842046699
2014-04-08,0.1134071430413677
2014-04-09,0.11706731631988718
2014-04-10,0.14223767062189316
2014-04-11,0.14604179164396391
2014-04-14,0.14584477908318794
2014-04-15,0.14695595043457935
2014-04-16,0.15113780492104376
2014-04-17,0.14668266828756624
2014-04-18,0.14184016718338022
2014-04-21,0.14088816904813134
2014-04-22,0.13937174601733948
2014-04-23,0.1359363225673802
2014-04-24,0.13226789897964364
2014-04-25,0.13640333185054374
2014-04-28,0.13524616705086737
2014-04-29,0.12899604455373656
2014-04-30,0.12272927337102252
2014-05-01,0.12067081880813237
2014-05-02,0.11409410583411245
2014-05-05,0.08758022444159001
2014-05-06,0.08978258194550853
2014-05-07,0.0879829007011397
2014-05-08,0.08371198344818946
2014-05-09,0.0742049751340208
2014-05-12,0.08356266988043584
2014-05-13,0.08124198461750326
2014-05-14,0.08260919427078561
2014-05-15,0.09115845625447334
2014-05-16,0.09026598550934373
2014-05-19,0.09012560082337973
2014-05-20,0.09002030109844418
2014-05-21,0.09518857550085356
2014-05-22,0.0918996130622199
2014-05-23,0.09215971766096273
2014-05-26,0.09068132182758291
2014-05-27,0.09310660407809677
2014-05-28,0.09149845944398662
2014-05-29,0.08837443760668316
2014-05-30,0.08529458013292374
2014-06-02,0.08324930877082994
2014-06-03,0.08206116005151401
2014-06-04,0.07471419446994995
2014-06-05,0.07931395026186655
2014-06-06,0.07919047221904102
2014-06-09,0.07110853382858393
2014-06-10,0.0688825162384186
2014-06-11,0.06927835588404824
2014-06-12,0.07253841879352636
2014-06-13,0.06736251498208436
2014-06-16,0.06559557354566826
2014-06-17,0.06331471687857838
2014-06-18,0.07051041996451955
2014-06-19,0.06622844350714062
2014-06-20,0.06546248496004468
2014-06-23,0.061590649159234345
2014-06-24,0.0678632150995766
2014-06-25,0.07019304055737564
2014-06-26,0.06960843771170398
2014-06-27,0.06858586636208938
2014-06-30,0.06395123406388643
2014-07-01,0.06787588864825582
2014-07-02,0.06600706781183668
2014-07-03,0.0697335187252721
2014-07-04,0.06754494188274002
2014-07-07,0.06563120723043837
2014-07-08,0.07149722382909775
2014-07-09,0.07333490072093683
2014-07-10,0.07535557866490011
2014-07-11,0.06882109511999296
2014-07-14,0.0711593019166068
2014-07-15,0.07071960458871229
2014-07-16,0.07224704482805694
2014-07-17,0.08491126885563835
2014-07-18,0.09291296913348854
2014-07-21,0.09197498600019735
2014-07-22,0.09327429505495745
2014-07-23,0.09184933126907693
2014-07-24,0.08722441156205847
2014-07-25,0.08937054106959122
2014-07-28,0.08592488553358155
2014-07-29,0.08784925696880863
2014-07-30,0.0852013588057554
2014-07-31,0.11546645911839695
2014-08-01,0.11390929867382737
2014-08-04,0.115781999214035
2014-08-05,0.12260951651260617
2014-08-06,0.11934189553561293
2014-08-07,0.12090077662713833
2014-08-08,0.12837855280169308
2014-08-11,0.12044946751725362
2014-08-12,0.11385348640790774
2014-08-13,0.11616686937510728
2014-08-14,0.1150599133940572
2014-08-15,0.11304749169459424
2014-08-18,0.11767784717944935
2014-08-19,0.11769207777131235
2014-08-20,0.11637944165011456
2014-08-21,0.1146559123476407
2014-08-22,0.11443088445490479
2014-08-25,0.09314333140688746
2014-08-26,0.09078826310413422
2014-08-27,0.0861298940027921
2014-08-28,0.07947127516528543
2014-08-29,0.079758524770137
2014-09-01,0.07606543546019635
2014-09-02,0.06445018941484888
2014-09-03,0.06348383313161762
2014-09-04,0.0628624362338415
2014-09-05,0.0619490648724338
2014-09-08,0.06162006015637408
2014-09-09,0.0678381284277047
2014-09-10,0.062278048567241354
2014-09-11,0.05805681219127287
2014-09-12,0.06298878801954247
2014-09-15,0.06112520154093971
2014-09-16,0.06801911919840342
2014-09-17,0.06437866155363887
2014-09-18,0.06715283554661935
2014-09-19,0.06577946983187867
2014-09-22,0.07387305975550276
2014-09-23,0.0773065326281104
2014-09-24,0.08315523689081193
2014-09-25,0.10639984870906381
2014-09-26,0.11123674038421334
2014-09-29,0.10993695019353593
2014-09-30,0.10812807171088941
2014-10-01,0.12105575488144474
2014-10-02,0.11652765650231561
2014-10-03,0.12352735259032659
2014-10-06,0.12206443045765665
2014-10-07,0.13588490757306293
2014-10-08,0.15200549854655562
2014-10-09,0.1721365919327559
2014-10-10,0.17801917967168965
2014-10-13,0.18918105445465458
2014-10-14,0.1845874190951974
2014-10-15,0.1841138897103739
2014-10-16,0.17934017479999248
2014-10-17,0.18442165300260813
2014-10-20,0.1782121443948317
2014-10-21,0.19122445283345932
2014-10-22,0.19228788366633917
2014-10-23,0.19720580936290089
2014-10-24,0.19194661836680546
2014-10-27,0.18909715672302221
2014-10-28,0.19075385590278052
2014-10-29,0.18780596544750677
2014-10-30,0.18102000777090618
2014-10-31,0.17685630159260193
2014-11-03,0.1586639499585775
2014-11-04,0.15268361093784052
2014-11-05,0.14234668160244335
2014-11-06,0.1413714251317781
2014-11-07,0.13583000622509983
2014-11-10,0.13504225210965412
2014-11-11,0.12581606217282637
2014-11-12,0.1208369312755651
2014-11-13,0.09945954032641219
2014-11-14,0.09476986455437258
2014-11-17,0.08350450963370545
2014-11-18,0.08234420189114562
2014-11-19,0.08159641577333746
2014-11-20,0.07000392291126782
2014-11-21,0.07285931882963276
2014-11-24,0.06967910481348835
2014-11-25,0.05689533937145839
2014-11-26,0.056766782753675644
2014-11-27,0.054881555800707485
2014-11-28,0.05216021048316931
2014-12-01,0.05878639072219295
2014-12-02,0.06401997582656546
2014-12-03,0.0638137330714239
2014-12-04,0.0630086670871149
2014-12-05,0.06201862623719795
2014-12-08,0.0692943842859685
2014-12-09,0.06801390076860689
2014-12-10,0.09545033793351256
2014-12-11,0.09475853027100092
2014-12-12,0.1154590192854801
2014-12-15,0.11784722649404974
2014-12-16,0.12131163021707107
2014-12-17,0.14579688325704668
2014-12-18,0.17321054629579002
2014-12-19,0.1703705954110173
2014-12-22,0.16842652353923965
2014-12-23,0.16543084433723176
2014-12-24,0.1612269870188747
2014-12-25,0.15743167171977368
2014-12-26,0.15587074433098017
2014-12-29,0.15397665676475195
2014-12-30,0.15493375727376615
2014-12-31,0.1588589291901872
2015-01-02,0.1574182107408993
2015-01-05,0.16482486448224096
2015-01-06,0.16806467989443286
2015-01-07,0.16548342932078022
2015-01-08,0.1779188747978463
2015-01-09,0.1778158585331099
2015-01-12,0.16678242418940786
2015-01-13,0.1434338913672459
2015-01-14,0.14285275264135366
2015-01-15,0.14711041366431438
2015-01-16,0.15570936362019633
2015-01-19,0.15190848617811048
2015-01-20,0.14919395051977472
2015-01-21,0.1489355820488361
2015-01-22,0.1602169374728706
2015-01-23,0.1599928959200852
2015-01-26,0.15382231902241586
2015-01-27,0.16354988620687724
2015-01-28,0.1608322376280566
2015-01-29,0.16091662106764845
2015-01-30,0.1650219634104807
2015-02-02,0.1613727859075939
2015-02-03,0.16803585958386869
2015-02-04,0.16365140820329208
2015-02-05,0.1669748341426947
2015-02-06,0.16427750850431527
2015-02-09,0.1601042035014675
2015-02-10,0.15859330499930122
2015-02-11,0.1551561557824271
2015-02-12,0.15873309654858517
2015-02-13,0.1571565288689298
2015-02-16,0.14557872194573926
2015-02-17,0.14245229338133839
2015-02-18,0.14033462289593024
2015-02-19,0.13095645372456605
2015-02-20,0.12426177236518603
2015-02-23,0.11872861143310984
2015-02-24,0.10938951075997216
2015-02-25,0.09876988092606474
2015-02-26,0.08562234647870678
2015-02-27,0.08463921075569653
2015-03-02,0.08044329825921727
2015-03-03,0.08239023975897489
2015-03-04,0.08228575813796747
2015-03-05,0.07200043848946165
2015-03-06,0.09308799063660211
2015-03-09,0.08684056426225596
2015-03-10,0.11071087948332393
2015-03-11,0.10886272942821543
2015-03-12,0.11986982033586097
2015-03-13,0.12186815509117067
2015-03-16,0.1325852247126929
2015-03-17,0.12973493267193192
2015-03-18,0.13823553717608797
2015-03-19,0.1381595071087123
2015-03-20,0.14164939668906065
2015-03-23,0.13971445674108185
2015-03-24,0.14080438796023725
2015-03-25,0.15206385386537632
2015-03-26,0.14880226276467592
2015-03-27,0.14620017577748234
2015-03-30,0.15387093715244554
2015-03-31,0.150092958953929
2015-04-01,0.14899234698978583
2015-04-02,0.1354315333571381
2015-04-03,0.13320330062441618
2015-04-06,0.1274010578826011
2015-04-07,0.12523842087195067
2015-04-08,0.11574014261181666
2015-04-09,0.11488321835064451
2015-04-10,0.10802946908770752
2015-04-13,0.10839568036299577
2015-04-14,0.10210254595282492
2015-04-15,0.1031517100691075
2015-04-16,0.09968011938588756
2015-04-17,0.09892874158901452
2015-04-20,0.10506260016314287
2015-04-21,0.1028565103181953
2015-04-22,0.09554084470235685
2015-04-23,0.08946729364934859
2015-04-24,0.08702882826298558
2015-04-27,0.08761243073105983
2015-04-28,0.08685932819138206
2015-04-29,0.08489142146317144
2015-04-30,0.09458479087453309
2015-05-01,0.10393498869883339
2015-05-04,0.10182023681125096
2015-05-05,0.11117858685618118
2015-05-06,0.11130850742807656
2015-05-07,0.11023805311010525
2015-05-08,0.12130105248451337
2015-05-11,0.12236044063199868
2015-05-12,0.1152973984808511
2015-05-13,0.10877287877934864
2015-05-14,0.11670288455373276
2015-05-15,0.11296992750188711
2015-05-18,0.11161850691348026
2015-05-19,0.10946102233146736
2015-05-20,0.10758939147132297
2015-05-21,0.10624076036111997
2015-05-22,0.10527385834502966
2015-05-25,0.09812292054198378
2015-05-26,0.10070023492613436
2015-05-27,0.10707903295850285
2015-05-28,0.09745726952026511
2015-05-29,0.09972395890268361
2015-06-01,0.09772067050802795
2015-06-02,0.08563262336022107
2015-06-03,0.08263824505746195
2015-06-04,0.08985476347437248
2015-06-05,0.08861972530997539
2015-06-08,0.0853978191335725
2015-06-09,0.08322047869893011
2015-06-10,0.09565205582507673
2015-06-11,0.09390744535549053
2015-06-12,0.0982603123077345
2015-06-15,0.0993058243848474
2015-06-16,0.10115664232378953
2015-06-17,0.0993580068138108
2015-06-18,0.10132474634556488
2015-06-19,0.09895666885002183
2015-06-22,0.10082220374499856
2015-06-23,0.09577738099770745
2015-06-24,0.10080694507529879
2015-06-25,0.10045052327408097
2015-06-26,0.09849426864889427
2015-06-29,0.12630789140795537
2015-06-30,0.12469597260871554
2015-07-01,0.12519218740371088
2015-07-02,0.12284609095002016
2015-07-03,0.11396260360677292
2015-07-06,0.11412512874300966
2015-07-07,0.11380256635682766
2015-07-08,0.1322836048534646
2015-07-09,0.12851480680284613
2015-07-10,0.1377751828138145
2015-07-13,0.1402260157464634
2015-07-14,0.1381483027066923
2015-07-15,0.13463534072455696
2015-07-16,0.1374819495702918
2015-07-17,0.1332119791716217
2015-07-20,0.13061027198840777
2015-07-21,0.13135003353177166
2015-07-22,0.10980155418757548
2015-07-23,0.11194614229679319
2015-07-24,0.11822840341929076
2015-07-27,0.11979123034538405
2015-07-28,0.12987183372052666
2015-07-29,0.13156533501690254
2015-07-30,0.12787699739149005
2015-07-31,0.11304930797868866
2015-08-03,0.11234967837816251
2015-08-04,0.1030326596251249
2015-08-05,0.09541889169049687
2015-08-06,0.10018375331997433
2015-08-07,0.09948320556085569
2015-08-10,0.10824665127510391
2015-08-11,0.11575088700427827
2015-08-12,0.11253947794003921
2015-08-13,0.11009326723589394
2015-08-14,0.10952350166060842
2015-08-17,0.10889321888098032
2015-08-18,0.1024382197422868
2015-08-19,0.10628096554721682
2015-08-20,0.13088589294242534
2015-08-21,0.18138560357154423
2015-08-24,0.24040862430269538
2015-08-25,0.24433796236197794
2015-08-26,0.2871586086706957
2015-08-27,0.30023203198268594
2015-08-28,0.2930992804707238
2015-08-31,0.2902151484214973
2015-09-01,0.31265995022352044
2015-09-02,0.31662615011991874
2015-09-03,0.3091807947139388
2015-09-04,0.31315864098658647
2015-09-07,0.3089627662617353
2015-09-08,0.323100406247014
2015-09-09,0.3262765387048466
2015-09-10,0.32336733253449174
2015-09-11,0.31892579785634795
2015-09-14,0.30906526687798813
2015-09-15,0.2921469301545691
2015-09-16,0.25935451280163635
2015-09-17,0.25238605247613033
2015-09-18,0.2263214292985205
2015-09-21,0.20892566519631295
2015-09-22,0.21382372298563096
2015-09-23,0.20916493199637917
2015-09-24,0.1808674592252289
2015-09-25,0.16687722432747898
2015-09-28,0.1962474267832059
2015-09-29,0.18547483614955404
2015-09-30,0.19971823903737299
2015-10-01,0.17706413928186335
2015-10-02,0.17955420343570416
2015-10-05,0.19217921514068434
2015-10-06,0.18921147135368407
2015-10-07,0.18902359854094983
2015-10-08,0.18614326580319787
2015-10-09,0.18016251364220348
2015-10-12,0.1769058426859677
2015-10-13,0.16908381825617125
2015-10-14,0.1684936069127505
2015-10-15,0.17327677119862336
2015-10-16,0.17216562812059427
2015-10-19,0.16928863366334249
2015-10-20,0.16777549909656905
2015-10-21,0.1445400830313501
2015-10-22,0.15888967764104223
2015-10-23,0.1516245189431842
2015-10-26,0.14876788989735962
2015-10-27,0.13904606282402823
2015-10-28,0.13333495826109723
2015-10-29,0.1294954900643624
2015-10-30,0.12733543371262995
2015-11-02,0.13206816834116641
2015-11-03,0.13026951880062612
2015-11-04,0.1295171051459271
2015-11-05,0.12580860443390404
2015-11-06,0.12287277354353514
2015-11-09,0.11955143537293615
2015-11-10,0.11659632526519409
2015-11-11,0.11639782060721654
2015-11-12,0.13010338011139116
2015-11-13,0.13665719347838634
2015-11-16,0.13794267900563328
2015-11-17,0.12978649713899937
2015-11-18,0.14486400855602558
2015-11-19,0.14155793250739007
2015-11-20,0.1344376790238598
2015-11-23,0.1323775319637797
2015-11-24,0.12892256763081064
2015-11-25,0.1205541393516035
2015-11-26,0.1185173584423871
2015-11-27,0.11599345787121668
2015-11-30,0.1173073772004898
2015-12-01,0.12525741034121549
2015-12-02,0.12905772915570177
2015-12-03,0.14220044495308995
2015-12-04,0.16301006328623271
2015-12-07,0.15697797540822087
2015-12-08,0.1539809300680574
2015-12-09,0.14800515909908307
2015-12-10,0.1448311417288353
2015-12-11,0.15655201929405974
2015-12-14,0.1546620354352623
2015-12-15,0.15904341213493203
2015-12-16,0.16799903265362193
2015-12-17,0.17857070348636297
2015-12-18,0.1931919734561685
2015-12-21,0.19311543010279214
2015-12-22,0.19398651216655785
2015-12-23,0.1986183337493735
2015-12-24,0.1923784072671358
2015-12-25,0.18465052529376566
2015-12-28,0.1764429250319016
2015-12-29,0.16731770496627263
2015-12-30,0.16751306359373838
2015-12-31,0.16969057043713065
2016-01-04,0.1790743729150532
2016-01-05,0.1759145800343041
2016-01-06,0.1713246451827633
2016-01-07,0.19608922451006808
2016-01-08,0.1961999039661791
2016-01-11,0.18533380390059365
2016-01-12,0.17944649734311394
2016-01-13,0.19613734510884834
2016-01-14,0.2041165501761667
2016-01-15,0.22013743479934705
2016-01-18,0.2117058706397402
2016-01-19,0.20626442357768873
2016-01-20,0.2108787578108831
2016-01-21,0.20878976440841765
2016-01-22,0.22005706563425792
2016-01-25,0.2274138630179153
2016-01-26,0.23084654038180963
2016-01-27,0.2274713918332765
2016-01-28,0.22543663161231345
2016-01-29,0.2403794457103482
2016-02-01,0.22242576837201072
2016-02-02,0.23180739862791502
2016-02-03,0.22971712029576027
2016-02-04,0.22389588688968073
2016-02-05,0.22024216483388787
2016-02-08,0.2194125776945203
2016-02-09,0.20279517931903962
2016-02-10,0.19920866559275577
2016-02-11,0.20469725683598183
2016-02-12,0.21443431620714043
2016-02-15,0.2100247042082671
2016-02-16,0.20861547472823486
2016-02-17,0.21103245535157494
2016-02-18,0.2041800137388288
2016-02-19,0.1970210029870601
2016-02-22,0.20368427341728607
2016-02-23,0.19237561241042697
2016-02-24,0.19009758629128845
2016-02-25,0.18339349091801832
2016-02-26,0.18030893482964544
2016-02-29,0.18155660643436747
2016-03-01,0.1948967725317511
2016-03-02,0.18532518173173426
2016-03-03,0.183882627825566
2016-03-04,0.1816895665453566
2016-03-07,0.1732672290472448
2016-03-08,0.16697161828284116
2016-03-09,0.1664021630948252
2016-03-10,0.15405429355438782
2016-03-11,0.15828651215365888
2016-03-14,0.15518690493575973
2016-03-15,0.153061466127405
2016-03-16,0.14571695503256216
2016-03-17,0.1409109482727095
2016-03-18,0.13945008696819353
2016-03-21,0.13164908016666652
2016-03-22,0.13035239504670426
2016-03-23,0.13013559058868931
2016-03-24,0.10056018086648559
2016-03-25,0.09771632626372177
2016-03-28,0.09531935088971998
2016-03-29,0.10071687447740268
2016-03-30,0.10143513959470876
2016-03-31,0.0932677862609632
2016-04-01,0.09465248524936981
2016-04-04,0.09511250801852196
2016-04-05,0.08903565249805619
2016-04-06,0.0977981550270997
2016-04-07,0.11009662012388202
2016-04-08,0.10639913475427859
2016-04-11,0.10324350932906036
2016-04-12,0.10879633724933435
2016-04-13,0.11529423918278714
2016-04-14,0.11265097578158119
2016-04-15,0.10925182784333536
2016-04-18,0.11120874875553145
2016-04-19,0.11051402677628465
2016-04-20,0.10816093486875285
2016-04-21,0.10595798788349806
2016-04-22,0.10376670460449358
2016-04-25,0.10258364330768245
2016-04-26,0.09942721843138554
2016-04-27,0.097740659133208
2016-04-28,0.09981635170803475
2016-04-29,0.09535993121054315
2016-05-02,0.09127998054762004
2016-05-03,0.09843149401870337
2016-05-04,0.10032202859515675
2016-05-05,0.09285037092340866
2016-05-06,0.0857026828568391
2016-05-09,0.08343539188104204
2016-05-10,0.09679557148601824
2016-05-11,0.10263332941141502
2016-05-12,0.10000742733458329
2016-05-13,0.10610463871111231
2016-05-16,0.11131057123977113
2016-05-17,0.11792546858834568
2016-05-18,0.1154033853359203
2016-05-19,0.11510121842180583
2016-05-20,0.11617593291780534
2016-05-23,0.11144711700125125
2016-05-24,0.12265751210891883
2016-05-25,0.12179610836011989
2016-05-26,0.11611787139359038
2016-05-27,0.11426239228457093
2016-05-30,0.1124693471414858
2016-05-31,0.11028244210524436
2016-06-01,0.10870584008941818
2016-06-02,0.10000669887903114
2016-06-03,0.09474761769776105
2016-06-06,0.09674568511331638
2016-06-07,0.09061598942802146
2016-06-08,0.08468343936091172
2016-06-09,0.07797344840440446
2016-06-10,0.08740067318654288
2016-06-13,0.09307574020634123
2016-06-14,0.08969901142530187
2016-06-15,0.08882704000153355
2016-06-16,0.07599957304343863
2016-06-17,0.0731853835454649
2016-06-20,0.0759586342330746
2016-06-21,0.07432317512881657
2016-06-22,0.07363871489564842
2016-06-23,0.09111395907176606
2016-06-24,0.1699477985198238
2016-06-27,0.1846181626239389
2016-06-28,0.1964401580608918
2016-06-29,0.20600142708947505
2016-06-30,0.21192365159321225
2016-07-01,0.20742480684511472
2016-07-04,0.20338437712371948
2016-07-05,0.2019155499566397
2016-07-06,0.19870940192922085
2016-07-07,0.19619967216322093
2016-07-08,0.20511041687252168
2016-07-11,0.20263066860205947
2016-07-12,0.20300879852023024
2016-07-13,0.20032012465888183
2016-07-14,0.1999732320492553
2016-07-15,0.1983782028975863
2016-07-18,0.19202005576573333
2016-07-19,0.14537982072192943
2016-07-20,0.1315498726402048
2016-07-21,0.11773348704939349
2016-07-22,0.10364527658472356
2016-07-25,0.09265590233586114
2016-07-26,0.08994080020272668
2016-07-27,0.08916166945780733
2016-07-28,0.08421615848422638
2016-07-29,0.0812211188834899
2016-08-01,0.08020062696285146
2016-08-02,0.06819320043373217
2016-08-03,0.06699014607844125
2016-08-04,0.06076477389071789
2016-08-05,0.0697651458922503
2016-08-08,0.06639503784994076
2016-08-09,0.06444642222869888
2016-08-10,0.06498635110594915
2016-08-11,0.06701060165255225
2016-08-12,0.06449617354127184
2016-08-15,0.06339875029089853
2016-08-16,0.06582450605485807
2016-08-17,0.0644509585434333
2016-08-18,0.06351129139453777
2016-08-19,0.06307838150291421
2016-08-22,0.06192651162696047
2016-08-23,0.061152647664520186
2016-08-24,0.0654386877852148
2016-08-25,0.061441448127962824
2016-08-26,0.06033934821870605
2016-08-29,0.06373148116815049
2016-08-30,0.05723371569205489
2016-08-31,0.05753359219993761
2016-09-01,0.05618514128948679
2016-09-02,0.05790766801015376
2016-09-05,0.053977691223248636
2016-09-06,0.05459744461315753
2016-09-07,0.05292429445508
2016-09-08,0.050355138212674184
2016-09-09,0.11023626248612445
2016-09-12,0.12432315477879001
2016-09-13,0.1391207451459298
2016-09-14,0.13581089947676203
2016-09-15,0.14114050088480418
2016-09-16,0.13887934810188385
2016-09-19,0.13708883948121986
2016-09-20,0.1344579923906781
2016-09-21,0.1399930082976596
2016-09-22,0.14124772697407112
2016-09-23,0.14293625981571745
2016-09-26,0.14702312873192683
2016-09-27,0.14771114188718126
2016-09-28,0.14800494717617635
2016-09-29,0.1525636470217335
2016-09-30,0.15519718855210654
2016-10-03,0.15416381021466247
2016-10-04,0.13025758132115237
2016-10-05,0.11975351236358138
2016-10-06,0.10610113116837606
2016-10-07,0.10602757611856074
2016-10-10,0.10051131451067621
2016-10-11,0.11270257005433522
2016-10-12,0.1101981000892584
2016-10-13,0.10985783542423516
2016-10-14,0.10143504078906171
2016-10-17,0.09919131676062197
2016-10-18,0.0995372860846917
2016-10-19,0.09388946027900899
2016-10-20,0.09032922569491011
2016-10-21,0.08703638834833059
2016-10-24,0.0826558824356964
2016-10-25,0.07932926109920788
2016-10-26,0.0783193505678465
2016-10-27,0.07693920730040203
2016-10-28,0.07614796050658085
2016-10-31,0.07489229221334215
2016-11-01,0.0795047388545756
2016-11-02,0.08248875093493142
2016-11-03,0.0732144485274689
2016-11-04,0.07203942007884007
2016-11-07,0.11255640996239727
2016-11-08,0.11190139076297176
2016-11-09,0.11907917877175485
2016-11-10,0.11514215824262049
2016-11-11,0.11326999478827422
2016-11-14,0.11124973728987242
2016-11-15,0.1149056040390502
2016-11-16,0.11267108249861035
2016-11-17,0.112528274085292
2016-11-18,0.11221141638418583
2016-11-21,0.11486233707858154
2016-11-22,0.1136253451157777
2016-11-23,0.11168806740308714
2016-11-24,0.10838894521980862
2016-11-25,0.10659129895349471
2016-11-28,0.1079185594047198
2016-11-29,0.10688019192374659
2016-11-30,0.07699617724838946
2016-12-01,0.07704586644839406
2016-12-02,0.06545442860922235
2016-12-05,0.06925258493196364
2016-12-06,0.06943597941440696
2016-12-07,0.08709211613103293
2016-12-08,0.08211122438210246
2016-12-09,0.08482222469792206
2016-12-12,0.08220293837955216
2016-12-13,0.0858156912252464
2016-12-14,0.08921924291868577
2016-12-15,0.08910847660066487
2016-12-16,0.0880638241630463
2016-12-19,0.08695676145738736
2016-12-20,0.08646947339426539
2016-12-21,0.0845373324596568
2016-12-22,0.08416301823706196
2016-12-23,0.08207317999930583
2016-12-26,0.08029193057589408
2016-12-27,0.07978092073602093
2016-12-28,0.08537480208798454
2016-12-29,0.08355890553705428
2016-12-30,0.07345051466697851
2017-01-02,0.0717084262391584
2017-01-03,0.07664432679771829
2017-01-04,0.0798355495407848
2017-01-05,0.07545429352868772
2017-01-06,0.07076655120914063
2017-01-09,0.07084541110137552
2017-01-10,0.0689605070393132
2017-01-11,0.06888454325212935
2017-01-12,0.06794683624870745
2017-01-13,0.06662992564006583
2017-01-16,0.0648701573587636
2017-01-17,0.06596729901993158
2017-01-18,0.06546658518164372
2017-01-19,0.06696901485059133
2017-01-20,0.06157342972114937
2017-01-23,0.06258451448352666
2017-01-24,0.06636349655189605
2017-01-25,0.07360947002084575
2017-01-26,0.0666939189507224
2017-01-27,0.06317337603627468
2017-01-30,0.06791707596993937
2017-01-31,0.06611657672986922
2017-02-01,0.06334001601310603
2017-02-02,0.06173757764160711
2017-02-03,0.06781234233049191
2017-02-06,0.06742365063859895
2017-02-07,0.06569320842638594
2017-02-08,0.06439000975893107
2017-02-09,0.06789766045728259
2017-02-10,0.06859110640416732
2017-02-13,0.0704741339775353
2017-02-14,0.07112002369434348
2017-02-15,0.07279856482194264
2017-02-16,0.06882609728411566
2017-02-17,0.06244137661387895
2017-02-20,0.06143063701779963
2017-02-21,0.06561771297733067
2017-02-22,0.062123643066555184
2017-02-23,0.06080831779025605
2017-02-24,0.06015349639069645
2017-02-27,0.05933100792374566
2017-02-28,0.05514007436092328
2017-03-01,0.07696711794772906
2017-03-02,0.08116990969664255
2017-03-03,0.07930629783333222
2017-03-06,0.07816326553136209
2017-03-07,0.07792823295990181
2017-03-08,0.07603818677239066
2017-03-09,0.07301610861701142
2017-03-10,0.07178814746614047
2017-03-13,0.07058548795628511
2017-03-14,0.0716031324889075
2017-03-15,0.07917186919302653
2017-03-16,0.07636248799046703
2017-03-17,0.07582061669006705
2017-03-20,0.0758248632977596
2017-03-21,0.09186686626720017
2017-03-22,0.09038255097285315
2017-03-23,0.0890210292933511
2017-03-24,0.07528607988818459
2017-03-27,0.07198689889906931
2017-03-28,0.07746428100532605
2017-03-29,0.07503436006166822
2017-03-30,0.07452375303727407
2017-03-31,0.07422024303179618
2017-04-03,0.07404135589954765
2017-04-04,0.071904509517962
2017-04-05,0.07324028760103089
2017-04-06,0.07176157587959772
2017-04-07,0.06532172310700446
2017-04-10,0.06388543407055555
2017-04-11,0.06381376743417017
2017-04-12,0.06581585892432214
2017-04-13,0.05856313712475453
2017-04-14,0.05704051985810774
2017-04-17,0.0661081993526204
2017-04-18,0.06732600350648402
2017-04-19,0.06684034223161603
2017-04-20,0.06897589898008952
2017-04-21,0.06998115047717421
2017-04-24,0.08170136686569822
2017-04-25,0.08435181605421982
2017-04-26,0.08259317350244177
2017-04-27,0.08087176878620969
2017-04-28,0.08001124540972376
2017-05-01,0.0784736125829155
2017-05-02,0.07723845831313933
2017-05-03,0.07676937896075557
2017-05-04,0.07553544041356276
2017-05-05,0.07596595237638976
2017-05-08,0.07166611668488633
2017-05-09,0.07111610059149219
2017-05-10,0.06418218905541216
2017-05-11,0.0640080517299325
2017-05-12,0.06374219060775228
2017-05-15,0.061489711900495764
2017-05-16,0.059939093645464694
2017-05-17,0.08783508952426085
2017-05-18,0.08548848016629447
2017-05-19,0.08909106439109306
2017-05-22,0.09113266641809378
2017-05-23,0.08897561891978144
2017-05-24,0.08862397132334557
2017-05-25,0.08966469639159427
2017-05-26,0.08788456589698132
2017-05-29,0.08681707866703281
2017-05-30,0.08523841538531597
2017-05-31,0.08441883748934682
2017-06-01,0.08965309078478548
2017-06-02,0.09023802777192229
2017-06-05,0.08970781632201515
2017-06-06,0.0902156277023268
2017-06-07,0.08789788697750445
2017-06-08,0.08701991079574684
2017-06-09,0.060105268196241034
2017-06-12,0.05816432641362951
2017-06-13,0.05656969255578217
2017-06-14,0.05346846394685925
2017-06-15,0.053760101212873904
2017-06-16,0.051963674612753585
2017-06-19,0.060118243305219844
2017-06-20,0.06677725978682149
2017-06-21,0.06539267676745461
2017-06-22,0.06430447774181564
2017-06-23,0.06364846999257615
2017-06-26,0.056949533682298124
2017-06-27,0.06568030131934219
2017-06-28,0.07423241306846799
2017-06-29,0.08229701868190575
2017-06-30,0.08057196526036606
2017-07-03,0.08003348527996973
2017-07-04,0.07857493065502721
2017-07-05,0.07712826934020378
2017-07-06,0.08580180827549518
2017-07-07,0.08915548746531454
2017-07-10,0.08688927066441919
2017-07-11,0.0858416235540634
2017-07-12,0.08623034958523475
2017-07-13,0.08266843903631677
2017-07-14,0.08382891803874003
2017-07-17,0.08261945856153016
2017-07-18,0.08132946479986965
2017-07-19,0.08395182335620277
2017-07-20,0.0781526049244506
2017-07-21,0.07154357044164199
2017-07-24,0.06487901680844652
2017-07-25,0.0654750766535918
2017-07-26,0.06369455246925522
2017-07-27,0.063532030600085
2017-07-28,0.0632198669230884
2017-07-31,0.05424167895479239
2017-08-01,0.05018700715989124
2017-08-02,0.0490753043524774
2017-08-03,0.05009705653924247
2017-08-04,0.04328479346262054
2017-08-07,0.0422131824131492
2017-08-08,0.04105285035722249
2017-08-09,0.040432948808191864
2017-08-10,0.07144518892753929
2017-08-11,0.0678303469609641
2017-08-14,0.07881740704668866
2017-08-15,0.07755158193070387
2017-08-16,0.07643312120860893
2017-08-17,0.09879162503834246
2017-08-18,0.09763367008508989
2017-08-21,0.09589158798490512
2017-08-22,0.10387348317951947
2017-08-23,0.10437628600462558
2017-08-24,0.1032887248434567
2017-08-25,0.10206086221761042
2017-08-28,0.10075472027151271
2017-08-29,0.09888115371936607
2017-08-30,0.10001526912604011
2017-08-31,0.10225108156021463
2017-09-01,0.10149392340993617
2017-09-04,0.08771864208086567
2017-09-05,0.0934793786157985
2017-09-06,0.0871749432754495
2017-09-07,0.08620022045596294
2017-09-08,0.08554975615318998
2017-09-11,0.08016515721233501
2017-09-12,0.08036234261779307
2017-09-13,0.07850055411525989
2017-09-14,0.07031423215577039
2017-09-15,0.06850093388987484
2017-09-18,0.06739547957305833
2017-09-19,0.066059051983893
2017-09-20,0.06467880855573813
2017-09-21,0.06609059883704015
2017-09-22,0.06325900734085606
2017-09-25,0.060979807591087835
2017-09-26,0.05965084331773754
2017-09-27,0.06188856673915206
2017-09-28,0.05536131993382267
2017-09-29,0.0561500390488268
2017-10-02,0.0581946409742943
2017-10-03,0.058093611434978605
2017-10-04,0.04406356334698739
2017-10-05,0.04872669008345193
2017-10-06,0.0482180621299501
2017-10-09,0.04872312107362367
2017-10-10,0.04842288882300019
2017-10-11,0.04796903957841097
2017-10-12,0.048253093209230165
2017-10-13,0.0470780107275248
2017-10-16,0.04572943781446148
2017-10-17,0.04475898254524767
2017-10-18,0.043386829394317185
2017-10-19,0.042825159427539713
2017-10-20,0.04549273447488572
2017-10-23,0.049030270066822895
2017-10-24,0.046882996562756775
2017-10-25,0.04985643469666102
2017-10-26,0.048435285999669536
2017-10-27,0.05851929652579771
2017-10-30,0.056924094736279414
2017-10-31,0.05579390502052307
2017-11-01,0.05460085167322545
2017-11-02,0.05307739372131662
2017-11-03,0.05369639283414572
2017-11-06,0.05289672207999133
2017-11-07,0.05221546672285336
2017-11-08,0.05148508878741998
2017-11-09,0.05449278908445838
2017-11-10,0.054044053778915566
2017-11-13,0.053218774967148746
2017-11-14,0.0518857716351576
2017-11-15,0.05560954941802346
2017-11-16,0.06460496593264359
2017-11-17,0.06336088863400077
2017-11-20,0.062195245402874265
2017-11-21,0.06168286280003371
2017-11-22,0.06004850724518728
2017-11-23,0.05885074687183093
2017-11-24,0.05847184017478806
2017-11-27,0.057551411125296895
2017-11-28,0.06923613718433892
2017-11-29,0.06790631124400393
2017-11-30,0.07571726823144674
2017-12-01,0.07568411109689971
2017-12-04,0.0736915712999891
2017-12-05,0.07555916735086195
2017-12-06,0.07418681924765745
2017-12-07,0.07414243078396826
2017-12-08,0.07518216849985952
2017-12-11,0.07006886455978326
2017-12-12,0.06854957207743721
2017-12-13,0.0677325939354745
2017-12-14,0.0664526935304526
2017-12-15,0.07586400257616906
2017-12-18,0.0783064624366523
2017-12-19,0.07886951288021113
2017-12-20,0.07803294578204628
2017-12-21,0.0701325000550728
2017-12-22,0.06912598992935448
2017-12-25,0.06216239542647432
2017-12-26,0.06116120620586085
2017-12-27,0.059901658664517674
2017-12-28,0.058335848689848785
2017-12-29,0.06244257487046538
2018-01-02,0.0704575687555294
2018-01-03,0.07248237283926451
2018-01-04,0.07272401248108885
2018-01-05,0.07791625396188026
2018-01-08,0.07694830265786291
2018-01-09,0.07431301012696202
2018-01-10,0.0673524453520876
2018-01-11,0.0706826091965482
2018-01-12,0.07518513728552643
2018-01-15,0.07302294017384273
2018-01-16,0.07469606679913664
2018-01-17,0.08346465434136235
2018-01-18,0.08290333487698089
2018-01-19,0.08423339995085724
2018-01-22,0.09054747596535583
2018-01-23,0.08860383597909759
2018-01-24,0.08616209353279901
2018-01-25,0.07991259471706214
2018-01-26,0.09015942034294061
2018-01-29,0.09362168693629497
2018-01-30,0.10155223801432299
2018-01-31,0.09900273325893244
2018-02-01,0.09769006197496144
2018-02-02,0.12979933788893194
2018-02-05,0.20822365411373858
2018-02-06,0.21643517194371728
2018-02-07,0.21434771740441655
2018-02-08,0.26225144138125595
2018-02-09,0.26433662255061363
2018-02-12,0.2675435942532388
2018-02-13,0.2634183644767024
2018-02-14,0.2650780336756372
2018-02-15,0.2674690094390014
2018-02-16,0.2635713767948052
2018-02-19,0.2599896831070166
2018-02-20,0.2565578769642893
2018-02-21,0.25481227945422763
2018-02-22,0.24972378569750944
2018-02-23,0.256981230494392
2018-02-26,0.26024000150905374
2018-02-27,0.25504286337237386
2018-02-28,0.21652039942312354
2018-03-01,0.2154039349664403
2018-03-02,0.21237430591854956
2018-03-05,0.1729035234148939
2018-03-06,0.162343927902453
2018-03-07,0.15148608387829968
2018-03-08,0.15035667321835697
2018-03-09,0.15871594168243194
2018-03-12,0.15098255930196178
2018-03-13,0.15152543965450035
2018-03-14,0.15216228874249904
2018-03-15,0.1483813581267606
2018-03-16,0.1446185187747216
2018-03-19,0.15654893671227038
2018-03-20,0.14347413599597134
2018-03-21,0.1368291145738843
2018-03-22,0.16494340128353027
2018-03-23,0.18162345391713264
2018-03-26,0.20492381547622093
2018-03-27,0.2155778665038437
2018-03-28,0.20918992594627378
2018-03-29,0.21332805114602432
2018-03-30,0.20936118021752523
2018-04-02,0.22774240596613107
2018-04-03,0.2232436512038243
2018-04-04,0.22677711147904206
2018-04-05,0.22469887064872376
2018-04-06,0.24003881377857436
2018-04-09,0.23692674277408607
2018-04-10,0.24498618841382333
2018-04-11,0.23842412023983223
2018-04-12,0.23871306537714027
2018-04-13,0.2363629715622683
2018-04-16,0.22084842044041747
2018-04-17,0.2119998975630323
2018-04-18,0.18749306903639903
2018-04-19,0.17815015859045097
2018-04-20,0.18080337558731874
2018-04-23,0.17131802789397255
2018-04-24,0.1802037081596615
2018-04-25,0.16040157955441295
2018-04-26,0.15883680374761308
2018-04-27,0.1511663605500662
2018-04-30,0.15314536007384014
2018-05-01,0.13108448940331283
2018-05-02,0.13314273283688516
2018-05-03,0.11893925244178472
2018-05-04,0.12804102670931375
2018-05-07,0.12309306856529359
2018-05-08,0.12042476786901794
2018-05-09,0.1230986339252261
2018-05-10,0.1226785402287124
2018-05-11,0.12070811149480075
2018-05-14,0.1161429081568633
2018-05-15,0.11627182114977162
2018-05-16,0.11568917159450466
2018-05-17,0.10471841932686506
2018-05-18,0.10418910758354451
2018-05-21,0.10211873116789827
2018-05-22,0.10194027790452442
2018-05-23,0.09746237772701086
2018-05-24,0.09634322848440009
2018-05-25,0.09306612486667329
2018-05-28,0.09092243426034012
2018-05-29,0.09361812738026071
2018-05-30,0.10596455818636057
2018-05-31,0.10969468855404153
2018-06-01,0.11259056114579988
2018-06-04,0.10769618247042134
2018-06-05,0.10459321733390116
2018-06-06,0.11009915278526733
2018-06-07,0.10546960327508956
2018-06-08,0.10328514030602202
2018-06-11,0.10172496307012312
2018-06-12,0.0999768254236412
2018-06-13,0.09797987991730343
2018-06-14,0.0969515615720415
2018-06-15,0.095223559116157
2018-06-18,0.09488446441359936
2018-06-19,0.09611063194637057
2018-06-20,0.09492826503036667
2018-06-21,0.09050708806434145
2018-06-22,0.07869959993700265
2018-06-25,0.09405472661980602
2018-06-26,0.08572119553362506
2018-06-27,0.09166738204487808
2018-06-28,0.0941784350569889
2018-06-29,0.08738659051819564
2018-07-02,0.0867904315368009
2018-07-03,0.08835650899952979
2018-07-04,0.08664012833358953
2018-07-05,0.09311589687213506
2018-07-06,0.09753793204081047
2018-07-09,0.10335692547015043
2018-07-10,0.1030708552352254
2018-07-11,0.10679611297561704
2018-07-12,0.11112046199679382
2018-07-13,0.108882999424929
2018-07-16,0.10516157740046285
2018-07-17,0.10543200285220329
2018-07-18,0.09340254305119786
2018-07-19,0.09425275045241488
2018-07-20,0.08805744015846276
2018-07-23,0.08476364289822139
2018-07-24,0.08632080816149619
2018-07-25,0.09307696191328348
2018-07-26,0.09232918241623617
2018-07-27,0.09604836235189047
2018-07-30,0.09470566646384684
2018-07-31,0.09136516876926179
2018-08-01,0.08536668767839485
2018-08-02,0.0857206468517849
2018-08-03,0.08348855504168184
2018-08-06,0.07818767293109047
2018-08-07,0.07744929769729651
2018-08-08,0.07600393474103961
2018-08-09,0.07441287077096027
2018-08-10,0.07996917351129496
2018-08-13,0.08053259213839116
2018-08-14,0.08448915340901897
2018-08-15,0.0897177980219981
2018-08-16,0.09380502747224889
2018-08-17,0.08799517105894272
2018-08-20,0.08613991413317643
2018-08-21,0.08209350468499216
2018-08-22,0.0781132531881375
2018-08-23,0.07602036376272735
2018-08-24,0.07960688397156038
2018-08-27,0.0837100810973467
2018-08-28,0.0804880153830893
2018-08-29,0.08254216780101006
2018-08-30,0.08378025864986993
2018-08-31,0.08247357016661802
2018-09-03,0.08069071283890031
2018-09-04,0.07657470889605263
2018-09-05,0.07603666536845909
2018-09-06,0.07420887629196297
2018-09-07,0.07024771712013647
2018-09-10,0.06394443137358179
2018-09-11,0.06398130202084043
2018-09-12,0.06201058744600486
2018-09-13,0.064867824863178
2018-09-14,0.06376395299744293
2018-09-17,0.06809857380046895
2018-09-18,0.06790920613765072
2018-09-19,0.061241110639145474
2018-09-20,0.06935615389850429
2018-09-21,0.06509712089486083
2018-09-24,0.06471899643759746
2018-09-25,0.06469876564804533
2018-09-26,0.06588093634219896
2018-09-27,0.06571523921127466
2018-09-28,0.06343820155273755
2018-10-01,0.0636442183278665
2018-10-02,0.06211898642614914
2018-10-03,0.06029007280130001
2018-10-04,0.06884437612174348
2018-10-05,0.07287076332341684
2018-10-08,0.06937304473391494
2018-10-09,0.06923118865893767
2018-10-10,0.14698394399183373
2018-10-11,0.16880712240076676
2018-10-12,0.17706176270504909
2018-10-15,0.1744384088777165
2018-10-16,0.19413707695423313
2018-10-17,0.18927952398848943
2018-10-18,0.19786691879346743
2018-10-19,0.19404600273181502
2018-10-22,0.1929797285815476
2018-10-23,0.1927483760238242
2018-10-24,0.22910905944416968
2018-10-25,0.24008249978691962
2018-10-26,0.24892662850463682
2018-10-29,0.24656371061205545
2018-10-30,0.2524606209949032
2018-10-31,0.254187826687233
2018-11-01,0.25593014122857216
2018-11-02,0.2286807720292864
2018-11-05,0.2159406583104465
2018-11-06,0.20919007586486063
2018-11-07,0.22437079260095655
2018-11-08,0.20911040065111752
2018-11-09,0.2113893762981079
2018-11-12,0.22071710540796854
2018-11-13,0.21711641737398157
2018-11-14,0.21733198032392584
2018-11-15,0.21957500515225814
2018-11-16,0.18838419848841592
2018-11-19,0.1895061136057157
2018-11-20,0.1959890454127362
2018-11-21,0.19004975035615132
2018-11-22,0.17866763724835424
2018-11-23,0.17515720291862377
2018-11-26,0.18220468025900793
2018-11-27,0.1781810111020005
2018-11-28,0.1988992982962367
2018-11-29,0.19464828710825188
2018-11-30,0.1818380325144058
2018-12-03,0.18620269334828227
2018-12-04,0.22499459521045242
2018-12-05,0.2099504631846824
2018-12-06,0.2064284961185547
2018-12-07,0.22592003402096686
2018-12-10,0.21878834067731845
2018-12-11,0.21494801276784123
2018-12-12,0.2062115051633601
2018-12-13,0.19401188611016312
2018-12-14,0.20956912963247679
2018-12-17,0.2258809838516329
2018-12-18,0.22068376602158085
2018-12-19,0.22294949989872698
2018-12-20,0.23152551463159465
2018-12-21,0.23325218027403266
2018-12-24,0.2577753014873771
2018-12-25,0.25073834067713413
2018-12-26,0.3113013216517961
2018-12-27,0.2887398637045929
2018-12-28,0.2828990376669253
2018-12-31,0.281973088377903
2019-01-02,0.26559864829011964
2019-01-03,0.2833962036497786
2019-01-04,0.31330021085049187
2019-01-07,0.30905349648637287
2019-01-08,0.30908762780235327
2019-01-09,0.2992289023803595
2019-01-10,0.2873979037563746
2019-01-11,0.2841220318653716
2019-01-14,0.27845902416159585
2019-01-15,0.27530194974084515
2019-01-16,0.2637827246479253
2019-01-17,0.24737383619927547
2019-01-18,0.25217163977579166
2019-01-21,0.18857237878049066
2019-01-22,0.19492374649002334
2019-01-23,0.1921784752607622
2019-01-24,0.18746084575241798
2019-01-25,0.18932412893148634
2019-01-28,0.17190092873970292
2019-01-29,0.1261260623588474
2019-01-30,0.13797992137413118
2019-01-31,0.13723881415418865
2019-02-01,0.13248955186886188
2019-02-04,0.13315988197203552
2019-02-05,0.1333460553134936
2019-02-06,0.1305029487748693
2019-02-07,0.13142859090858147
2019-02-08,0.12753095165580744
2019-02-11,0.12300434537076031
2019-02-12,0.12564369218840235
2019-02-13,0.12429340028681189
2019-02-14,0.11398353099887704
2019-02-15,0.12125130882890127
2019-02-18,0.11872712868519661
2019-02-19,0.11377981144976883
2019-02-20,0.10900245798169794
2019-02-21,0.10932796449613352
2019-02-22,0.09903348754033955
2019-02-25,0.09275103980379423
2019-02-26,0.09156599223619442
2019-02-27,0.08734023305875963
2019-02-28,0.08647648075490699
2019-03-01,0.09008161972346625
2019-03-04,0.08586588662677021
2019-03-05,0.08439463410583889
2019-03-06,0.0891438311358433
2019-03-07,0.08554364732861071
2019-03-08,0.08381932090472043
2019-03-11,0.10176583262728432
2019-03-12,0.0939865547810097
2019-03-13,0.09709040827942414
2019-03-14,0.095553745715769
2019-03-15,0.09633076432724567
2019-03-18,0.09551481342012377
2019-03-19,0.0909540311183421
2019-03-20,0.09106191781714496
2019-03-21,0.10124422477246839
2019-03-22,0.12723273336305177
2019-03-25,0.12479923003716334
2019-03-26,0.1249504227598197
2019-03-27,0.12519605601413664
2019-03-28,0.12423743399376637
2019-03-29,0.12459421520377781
2019-04-01,0.12962594983824996
2019-04-02,0.12717708131250535
2019-04-03,0.11557231674506185
2019-04-04,0.11371586274618976
2019-04-05,0.11210893648326084
2019-04-08,0.11023812240333529
2019-04-09,0.1117990313113949
2019-04-10,0.11087723304474065
2019-04-11,0.10950898590839897
2019-04-12,0.11198303152985875
2019-04-15,0.1049434526698214
2019-04-16,0.08062503679597995
2019-04-17,0.0807150052368976
2019-04-18,0.07579086465060718
2019-04-19,0.07297803854903871
2019-04-22,0.07076803478667863
2019-04-23,0.07584766609046803
2019-04-24,0.06557742534837456
2019-04-25,0.06409103583277964
2019-04-26,0.06606155124523967
2019-04-29,0.06445531686194586
2019-04-30,0.06097245994696077
2019-05-01,0.0690507534270046
2019-05-02,0.06619083826480633
2019-05-03,0.07572536919328395
2019-05-06,0.07819418753493464
2019-05-07,0.1009245502450538
2019-05-08,0.09972644026142667
2019-05-09,0.09966296525240763
2019-05-10,0.09896016141002854
2019-05-13,0.13849443137281825
2019-05-14,0.1410830107325067
2019-05-15,0.1416487917794829
2019-05-16,0.14209007439698326
2019-05-17,0.14333574742358698
2019-05-20,0.14531023084168126
2019-05-21,0.14781299347067003
2019-05-22,0.14623841356705694
2019-05-23,0.15399401518785247
2019-05-24,0.14905068222210588
2019-05-27,0.14679592132706198
2019-05-28,0.14727438680134594
2019-05-29,0.14860713667854203
2019-05-30,0.13554397892388279
2019-05-31,0.1467276556422137
2019-06-03,0.14486671282085942
2019-06-04,0.16718826634551184
2019-06-05,0.14726390336329068
2019-06-06,0.14474876452743277
2019-06-07,0.14850587850200211
2019-06-10,0.1450022981142341
2019-06-11,0.1404877985831419
2019-06-12,0.1371652391943539
2019-06-13,0.13318432220772675
2019-06-14,0.13155358759225283
2019-06-17,0.12319101579027719
2019-06-18,0.12887576612069
2019-06-19,0.12799759670592234
2019-06-20,0.12971511333091773
2019-06-21,0.12646942309467013
2019-06-24,0.12569433607970623
2019-06-25,0.12382612510804426
2019-06-26,0.12197364531534939
2019-06-27,0.09814182371913746
2019-06-28,0.09619250183012563
2019-07-01,0.0985372261014502
2019-07-02,0.09094404907415593
2019-07-03,0.09455214871047035
2019-07-04,0.09252665910153793
2019-07-05,0.09104653704440002
2019-07-08,0.09259872403598006
2019-07-09,0.09016182576264728
2019-07-10,0.09132636626052328
2019-07-11,0.0841674564234192
2019-07-12,0.08509684103203906
2019-07-15,0.07736084841570408
2019-07-16,0.07846287773115992
2019-07-17,0.08294562748659581
2019-07-18,0.07693965765719275
2019-07-19,0.0814444672516346
2019-07-22,0.07948631516802832
2019-07-23,0.08155116816158216
2019-07-24,0.07877972703739845
2019-07-25,0.0816382273427583
2019-07-26,0.08230212780773109
2019-07-29,0.08136794693554904
2019-07-30,0.08121214307219943
2019-07-31,0.09171698569043965
2019-08-01,0.09893775678527214
2019-08-02,0.10195084728188339
2019-08-05,0.15706979205331736
2019-08-06,0.16369145219773765
2019-08-07,0.16011256118286055
2019-08-08,0.17564469580702735
2019-08-09,0.1747273595811311
2019-08-12,0.18067488579371874
2019-08-13,0.1891220437346352
2019-08-14,0.22221481860411127
2019-08-15,0.2176343711100458
2019-08-16,0.2223980416015613
2019-08-19,0.22510138063807353
2019-08-20,0.22459518784744095
2019-08-21,0.22476363778520903
2019-08-22,0.22119160843558955
2019-08-23,0.24225898256380096
2019-08-26,0.24200253781132414
2019-08-27,0.23826265510045697
2019-08-28,0.21467589326772768
2019-08-29,0.21444005343076716
2019-08-30,0.21135826247747325
2019-09-02,0.19824814054981788
2019-09-03,0.19825839198358325
2019-09-04,0.19809046349217635
2019-09-05,0.19749661557841414
2019-09-06,0.16639017683212357
2019-09-09,0.16361715470085408
2019-09-10,0.1535866860139227
2019-09-11,0.15006926664264966
2019-09-12,0.14611131891721812
2019-09-13,0.14180389613627084
2019-09-16,0.14167261719245022
2019-09-17,0.10901664470805897
2019-09-18,0.10064785985327385
2019-09-19,0.09769427767505
2019-09-20,0.09733910321749259
2019-09-23,0.08617151009853358
2019-09-24,0.09329711695123048
2019-09-25,0.09586751122460915
2019-09-26,0.0922271288394208
2019-09-27,0.08796281256692479
2019-09-30,0.07796059025125414
2019-10-01,0.09306422514735745
2019-10-02,0.11897089699557904
2019-10-03,0.12173828172750681
2019-10-04,0.1314271026351895
2019-10-07,0.1307745817880989
2019-10-08,0.1457961946060087
2019-10-09,0.14767428016442766
2019-10-10,0.14877636981061484
2019-10-11,0.15458404967361464
2019-10-14,0.15087864787652996
2019-10-15,0.15435007505900417
2019-10-16,0.15250427885736884
2019-10-17,0.14787428249242413
2019-10-18,0.14644823612199515
2019-10-21,0.14736939548123473
2019-10-22,0.14607913735033212
2019-10-23,0.14363027760133962
2019-10-24,0.13585476572471666
2019-10-25,0.12121621073383682
2019-10-28,0.11980485571520433
2019-10-29,0.10825223950178609
2019-10-30,0.10686810712563405
2019-10-31,0.09296005754099053
2019-11-01,0.09547177993589938
2019-11-04,0.09319405269506091
2019-11-05,0.08420580982320901
2019-11-06,0.0819553628948345
2019-11-07,0.07393237897395159
2019-11-08,0.07338288257459867
2019-11-11,0.07213009957971094
2019-11-12,0.06998318299137148
2019-11-13,0.06406456309437597
2019-11-14,0.06161143425652858
2019-11-15,0.06824708440834415
2019-11-18,0.0663979468527973
2019-11-19,0.06442360027717677
2019-11-20,0.06395699503906152
2019-11-21,0.0636117149424066
2019-11-22,0.06240583385982743
2019-11-25,0.0683529608098876
2019-11-26,0.060138075047141526
2019-11-27,0.06049295416203017
2019-11-28,0.059265956065750774
2019-11-29,0.062052578820352
2019-12-02,0.07134010690229024
2019-12-03,0.07615312356920684
2019-12-04,0.08018100077454814
2019-12-05,0.07809514934883523
2019-12-06,0.08625431363436338
2019-12-09,0.08643122548895257
2019-12-10,0.08140569097187932
2019-12-11,0.08117007785778843
2019-12-12,0.08788013285920286
2019-12-13,0.08541777015818892
2019-12-16,0.0897558419562641
2019-12-17,0.08780701563360967
2019-12-18,0.08276970741691843
2019-12-19,0.08412160036350379
2019-12-20,0.08487451039119674
2019-12-23,0.08334270105379736
2019-12-24,0.08107023911968628
2019-12-25,0.07467791716450196
2019-12-26,0.07416464719443697
2019-12-27,0.06968157292230368
2019-12-30,0.07426011847348052
2019-12-31,0.0676906146053612
2020-01-02,0.0750719883719906
2020-01-03,0.08108060881616272
2020-01-06,0.08040793502215869
2020-01-07,0.07547492122864358
2020-01-08,0.07779596049678499
2020-01-09,0.0780026153581142
2020-01-10,0.07860773596325431
2020-01-13,0.08311894004562013
2020-01-14,0.080595360719047
2020-01-15,0.07783405447285714
2020-01-16,0.08479123104527361
2020-01-17,0.08501322919162355
2020-01-20,0.0835730920525118
2020-01-21,0.08200671904519588
2020-01-22,0.0806368570798211
2020-01-23,0.0769943244627268
2020-01-24,0.08553079131036509
2020-01-27,0.10336792119259831
2020-01-28,0.1087801740533789
2020-01-29,0.10556265645189733
2020-01-30,0.1042131890794475
2020-01-31,0.12609025710128105
2020-02-03,0.1265019750597969
2020-02-04,0.13950976649636138
2020-02-05,0.14387472425436157
2020-02-06,0.14199169701399444
2020-02-07,0.14284235098724923
2020-02-10,0.14158596397609988
2020-02-11,0.13852942472833135
2020-02-12,0.140038064728845
2020-02-13,0.1382875671182788
2020-02-14,0.13658878439209224
2020-02-17,0.13485574618412283
2020-02-18,0.13136422686891097
2020-02-19,0.12034640157156147
2020-02-20,0.11640846070947987
2020-02-21,0.1244915028629961
2020-02-24,0.1827066048329152
2020-02-25,0.2114013102127132
2020-02-26,0.20719765530792048
2020-02-27,0.26792953166998834
2020-02-28,0.2632695038348833
2020-03-02,0.31620179432038714
2020-03-03,0.33441874349518014
2020-03-04,0.37018073989462913
2020-03-05,0.3922049932593815
2020-03-06,0.39224468706215115
2020-03-09,0.498225487238188
2020-03-10,0.5298614472011883
2020-03-11,0.5624487687547196
2020-03-12,0.6799051567310653
2020-03-13,0.759723941642856
2020-03-16,0.9022607885053548
2020-03-17,0.9192525635041072
2020-03-18,0.9264571718511857
2020-03-19,0.901889821846632
2020-03-20,0.9123195227143944
2020-03-23,0.8984775688328953
2020-03-24,0.9583810312642439
2020-03-25,0.935729225772065
2020-03-26,0.9559024084060096
2020-03-27,0.9484351229932707
2020-03-30,0.9435357553380673
2020-03-31,0.9344914846612722
2020-04-01,0.9109372489641676
2020-04-02,0.8927910079359284
2020-04-03,0.8719926964247985
2020-04-06,0.8462481640705444
2020-04-07,0.7807567875678084
2020-04-08,0.6571333694103432
2020-04-09,0.6236475381029667
2020-04-10,0.5870621593329515
2020-04-13,0.5830131591429388
2020-04-14,0.5732997936230325
2020-04-15,0.5685294281796889
2020-04-16,0.4742044309213333
2020-04-17,0.4824885791991377
2020-04-20,0.43907411470359087
2020-04-21,0.4387769326142982
2020-04-22,0.43023568998159506
2020-04-23,0.41990787738963614
2020-04-24,0.3902110925244341
2020-04-27,0.3839259454492212
2020-04-28,0.376830475045297
2020-04-29,0.3144346660024144
2020-04-30,0.3122837972895719
2020-05-01,0.3111286001046745
2020-05-04,0.30153230421201255
2020-05-05,0.3002047766368014
2020-05-06,0.2965163629715189
2020-05-07,0.2791968445831775
2020-05-08,0.27500663987439605
2020-05-11,0.26879934279780127
2020-05-12,0.26649729903272357
2020-05-13,0.26753349487565525
2020-05-14,0.2472406154151316
2020-05-15,0.23101497880902416
2020-05-18,0.2607924929611739
2020-05-19,0.25830055926104056
2020-05-20,0.2598118654929139
2020-05-21,0.25709666312094087
2020-05-22,0.2372725467785236
2020-05-25,0.23074156158520384
2020-05-26,0.21362396092115638
2020-05-27,0.22023721204887287
2020-05-28,0.21474779870526625
2020-05-29,0.21149920346517975
2020-06-01,0.20611735600184333
2020-06-02,0.19913787242700856
2020-06-03,0.20617026927193874
2020-06-04,0.1917394996359597
2020-06-05,0.20875927701193048
2020-06-08,0.20887302181918274
2020-06-09,0.20963972627432745
2020-06-10,0.18065214446200367
2020-06-11,0.29454686936437613
2020-06-12,0.2906891919413863
2020-06-15,0.2867316268224423
2020-06-16,0.295179943781776
2020-06-17,0.28980046385155045
2020-06-18,0.28216905859583463
2020-06-19,0.2758009984441728
2020-06-22,0.27469684745739453
2020-06-23,0.2720328874487775
2020-06-24,0.29145380537568066
2020-06-25,0.29152338755403806
2020-06-26,0.30330198339646613
2020-06-29,0.307516152934035
2020-06-30,0.2994429358210981
2020-07-01,0.2939205802636665
2020-07-02,0.29072759083609306
2020-07-03,0.2868213540730364
2020-07-06,0.20893688919172562
2020-07-07,0.20741736329524624
2020-07-08,0.20535962896290735
2020-07-09,0.1949905795624462
2020-07-10,0.19734054710651738
2020-07-13,0.1997616765476727
2020-07-14,0.20432342902931117
2020-07-15,0.20457102161522764
2020-07-16,0.20229142889316445
2020-07-17,0.1798745368236175
2020-07-20,0.17776308513453112
2020-07-21,0.15356798083680606
2020-07-22,0.14509400835319372
2020-07-23,0.1450007819132373
2020-07-24,0.14479481235064728
2020-07-27,0.14566678614241943
2020-07-28,0.14642581268765514
2020-07-29,0.14491207600010558
2020-07-30,0.13895615396119892
2020-07-31,0.1386043902131871
2020-08-03,0.1388507642316865
2020-08-04,0.13262229994341806
2020-08-05,0.12953635604309624
2020-08-06,0.1226889130351023
2020-08-07,0.1158075010217346
2020-08-10,0.1141462876393331
2020-08-11,0.11820580087797034
2020-08-12,0.1270775935320393
2020-08-13,0.12547799548204192
2020-08-14,0.12153257228529221
2020-08-17,0.11260285442630234
2020-08-18,0.10936354819796518
2020-08-19,0.10742531642445297
2020-08-20,0.10479326783905614
2020-08-21,0.09568414435357517
2020-08-24,0.10290060674516793
2020-08-25,0.09884588752445579
2020-08-26,0.10426427720626001
2020-08-27,0.10168785716108329
2020-08-28,0.10231968098338932
2020-08-31,0.09907191248421374
2020-09-01,0.10335091424721378
2020-09-02,0.1196440055251974
2020-09-03,0.18191444556455197
2020-09-04,0.1786853989230727
2020-09-07,0.1738684962350288
2020-09-08,0.2072296609413516
2020-09-09,0.220923289836062
2020-09-10,0.23174081708769753
2020-09-11,0.2261105875210018
2020-09-14,0.22994019124442194
2020-09-15,0.22706132982798496
2020-09-16,0.2234031583418581
2020-09-17,0.22457438291759116
2020-09-18,0.2259135464356666
2020-09-21,0.22986838457986355
2020-09-22,0.23107537455773172
2020-09-23,0.25028509618773437
2020-09-24,0.24584967085009246
2020-09-25,0.24785720034460754
2020-09-28,0.22352920313116711
2020-09-29,0.220594002775916
2020-09-30,0.22034191022162522
2020-10-01,0.19773692617847216
2020-10-02,0.18890843914115604
2020-10-05,0.19123263187629447
2020-10-06,0.1991801145418199
2020-10-07,0.20541258293866455
2020-10-08,0.20430121126319942
2020-10-09,0.20490731874701354
2020-10-12,0.21141564347230934
2020-10-13,0.2078707509469856
2020-10-14,0.20344518410200507
2020-10-15,0.19690933748992479
2020-10-16,0.1755475163330074
2020-10-19,0.18733714816403377
2020-10-20,0.17796812581869625
2020-10-21,0.1671317708036886
2020-10-22,0.16539300349435662
2020-10-23,0.16201036080921635
2020-10-26,0.17775822457220541
2020-10-27,0.1727329153855616
2020-10-28,0.21584829598778354
2020-10-29,0.21354689984581782
2020-10-30,0.20982095865366254
2020-11-02,0.21214887681122452
2020-11-03,0.22030421188423752
2020-11-04,0.2299142416477958
2020-11-05,0.2394580045886912
2020-11-06,0.23367351003734546
2020-11-09,0.23574683712418815
2020-11-10,0.23192167164208277
2020-11-11,0.22479321480774728
2020-11-12,0.22707904604299645
2020-11-13,0.23236105440793867
2020-11-16,0.23487868397506415
2020-11-17,0.23340917622935317
2020-11-18,0.22851309806729153
2020-11-19,0.22597600459257883
2020-11-20,0.19114698945923406
2020-11-23,0.1857969013663419
2020-11-24,0.19186725100863558
2020-11-25,0.1843167403315149
2020-11-26,0.17175933850025107
2020-11-27,0.15178358484262863
2020-11-30,0.13710449700624439
2020-12-01,0.1440605325452198
2020-12-02,0.13540070169699536
2020-12-03,0.1331193668800222
2020-12-04,0.13434397589339764
2020-12-07,0.12890222879503657
2020-12-08,0.119186886350284
2020-12-09,0.11712606258153829
2020-12-10,0.11444582114132444
2020-12-11,0.10577722606991861
2020-12-14,0.10549898833986344
2020-12-15,0.11536249713582966
2020-12-16,0.11172462425673318
2020-12-17,0.09955341956632274
2020-12-18,0.09894976996595042
2020-12-21,0.09949387800548289
2020-12-22,0.09836939205263807
2020-12-23,0.09502356833806451
2020-12-24,0.08684532213071747
2020-12-25,0.08476657592204512
2020-12-28,0.09183264139820353
2020-12-29,0.08624986556288744
2020-12-30,0.08458062707068333
2020-12-31,0.08745241667726185
2021-01-04,0.10309978202199864
2021-01-05,0.1063808252597169
2021-01-06,0.10769809317786234
2021-01-07,0.12197713152983826
2021-01-08,0.11439914791427408
2021-01-11,0.1171376858987404
2021-01-12,0.11315329389490346
2021-01-13,0.11029713982626597
2021-01-14,0.11008775096661254
2021-01-15,0.1139847751347224
2021-01-18,0.11128188520773061
2021-01-19,0.11550517623375393
2021-01-20,0.1280653724304066
2021-01-21,0.12235920514460744
2021-01-22,0.12184251480145956
2021-01-25,0.12114057202285528
2021-01-26,0.11810117570726257
2021-01-27,0.14890351525951626
2021-01-28,0.15100066894490508
2021-01-29,0.1696195797286398
2021-02-01,0.17305937124999907
2021-02-02,0.17959984968445655
2021-02-03,0.17470747990673116
2021-02-04,0.17869065756067595
2021-02-05,0.1770937936718077
2021-02-08,0.1775514925220478
2021-02-09,0.17287504737800916
2021-02-10,0.1703231927852351
2021-02-11,0.16622078181152938
2021-02-12,0.1596664438303891
2021-02-15,0.15744947412499033
2021-02-16,0.1560897951507865
2021-02-17,0.154421697865913
2021-02-18,0.15518458282557143
2021-02-19,0.12718052326448828
2021-02-22,0.12698492335296313
2021-02-23,0.10664860982982374
2021-02-24,0.10256861321396876
2021-02-25,0.13451000183207404
2021-02-26,0.13450423719964377
2021-03-01,0.15934536553689022
2021-03-02,0.16093171038696544
2021-03-03,0.16738004831240663
2021-03-04,0.17562818401711475
2021-03-05,0.19090068418186437
2021-03-08,0.19015713809353765
2021-03-09,0.19614918640662712
2021-03-10,0.1949946045252073
2021-03-11,0.19744517335704534
2021-03-12,0.19359203368527358
2021-03-15,0.19309435911519432
2021-03-16,0.19082578508332915
2021-03-17,0.18730788629014117
2021-03-18,0.19680293558973008
2021-03-19,0.19034828626854391
2021-03-22,0.17164880062950183
2021-03-23,0.1732566093824941
2021-03-24,0.15484846512467254
2021-03-25,0.15261651129792483
2021-03-26,0.15996925448200172
2021-03-29,0.15037719905844835
2021-03-30,0.13369485686475083
2021-03-31,0.13181269986571323
2021-04-01,0.13090243887372277
2021-04-02,0.1264063153343241
2021-04-05,0.13470587539309398
2021-04-06,0.1322563554588618
2021-04-07,0.12754688140189926
2021-04-08,0.12744760299641275
2021-04-09,0.1301955181884662
2021-04-12,0.11761647776773683
2021-04-13,0.11700619580941925
2021-04-14,0.11527214090796477
2021-04-15,0.12048327607516413
2021-04-16,0.11872322800655569
2021-04-19,0.1189698053203643
2021-04-20,0.10895280665334031
2021-04-21,0.1140555657802616
2021-04-22,0.11992982779662474
2021-04-23,0.1266791957781022
2021-04-26,0.11794870102393325
2021-04-27,0.11504428878473764
2021-04-28,0.10278576725821509
2021-04-29,0.10533276173340646
2021-04-30,0.10945042594883489
2021-05-03,0.10712774507687259
2021-05-04,0.10714273911404817
2021-05-05,0.10523674086351907
2021-05-06,0.10907541001888954
2021-05-07,0.11177360529562694
2021-05-10,0.11434653353863157
2021-05-11,0.11877883904739153
2021-05-12,0.14632312900427655
2021-05-13,0.15233058484339615
2021-05-14,0.1595998083039413
2021-05-17,0.15357092519348553
2021-05-18,0.1527387983844736
2021-05-19,0.15037330610895674
2021-05-20,0.15471020218584175
2021-05-21,0.15245577613619504
2021-05-24,0.1551292508682576
2021-05-25,0.15100844200633928
2021-05-26,0.1486050446818528
2021-05-27,0.14406364384062278
2021-05-28,0.1421903098831724
2021-05-31,0.13788674472046045
2021-06-01,0.13469262054189374
2021-06-02,0.12855464353628004
2021-06-03,0.12563472731119432
2021-06-04,0.10805215190468283
2021-06-07,0.09878491809655982
2021-06-08,0.08316965505699978
2021-06-09,0.08221958091294684
2021-06-10,0.0785299846738264
2021-06-11,0.07695543398669119
2021-06-14,0.06716400848481381
2021-06-15,0.06718515199352948
2021-06-16,0.06287914822233157
2021-06-17,0.06104913108987993
2021-06-18,0.08164169002253682
2021-06-21,0.09877132514171634
2021-06-22,0.099996059041847
2021-06-23,0.09816941618285996
2021-06-24,0.09998122844130349
2021-06-25,0.09924236297123026
2021-06-28,0.09760143208117734
2021-06-29,0.09129739954098276
2021-06-30,0.08956536327202383
2021-07-01,0.09140472102488927
2021-07-02,0.09604580948283421
2021-07-05,0.09337646164134362
2021-07-06,0.09300883067137784
2021-07-07,0.09301223082493258
2021-07-08,0.09974383767241227
2021-07-09,0.10775077450768113
2021-07-12,0.10744568825539214
2021-07-13,0.09869332708848758
2021-07-14,0.0845289633468198
2021-07-15,0.08349424895432955
2021-07-16,0.08938548130905745
2021-07-19,0.10910095280910508
2021-07-20,0.1243651527363625
2021-07-21,0.12675312346323575
2021-07-22,0.12455597736680186
2021-07-23,0.13078509523123485
2021-07-26,0.1273806509788739
2021-07-27,0.12550716351944496
2021-07-28,0.12323251094729228
2021-07-29,0.12273547280236811
2021-07-30,0.12410797588202317
2021-08-02,0.11976615775298453
2021-08-03,0.11761880969924926
2021-08-04,0.11835688486977224
2021-08-05,0.11944561534660166
2021-08-06,0.11775533263247659
2021-08-09,0.11586780078675196
2021-08-10,0.11181872513698506
2021-08-11,0.09591898982203724
2021-08-12,0.08226789606741734
2021-08-13,0.076514830308952
2021-08-16,0.07561973921745371
2021-08-17,0.0739443499473036
2021-08-18,0.08649938631162431
2021-08-19,0.08290417480971114
2021-08-20,0.08908011002815634
2021-08-23,0.09405349193739479
2021-08-24,0.09066847382203175
2021-08-25,0.08902108479052734
2021-08-26,0.08809589897415825
2021-08-27,0.09315649524320527
2021-08-30,0.09192726425665791
2021-08-31,0.09053998022952647
2021-09-01,0.08850878251273364
2021-09-02,0.08808131333179782
2021-09-03,0.08676037575574748
2021-09-06,0.08449595784704417
2021-09-07,0.08522528005301803
2021-09-08,0.08462165342554742
2021-09-09,0.08337218318860475
2021-09-10,0.08219321807879038
2021-09-13,0.08077505829485028
2021-09-14,0.07987632897935357
2021-09-15,0.08200698578466407
2021-09-16,0.08086642710357647
2021-09-17,0.08929197797820142
2021-09-20,0.11115090595810609
2021-09-21,0.10537554781143833
2021-09-22,0.11013604304388011
2021-09-23,0.12016934005561793
2021-09-24,0.11802363115985233
2021-09-27,0.11639540616506741
2021-09-28,0.1435133413682187
2021-09-29,0.14021197440167352
2021-09-30,0.14796817803512713
2021-10-01,0.15461392885068556
2021-10-04,0.16247985435179998
2021-10-05,0.1646493975126198
2021-10-06,0.16300919913409437
2021-10-07,0.16424518024071894
2021-10-08,0.15921545219180483
2021-10-11,0.16097870237995718
2021-10-12,0.15667154042897716
2021-10-13,0.1436847465603912
2021-10-14,0.15908324942225774
2021-10-15,0.1570058653525639
2021-10-18,0.15027705342365383
2021-10-19,0.1518390941380385
2021-10-20,0.15033386773026447
2021-10-21,0.13232943206297554
2021-10-22,0.13031312727704947
2021-10-25,0.12418274653741793
2021-10-26,0.11608928948705709
2021-10-27,0.10936816657989176
2021-10-28,0.11045093509814595
2021-10-29,0.10765319815810633
2021-11-01,0.1022054559586869
2021-11-02,0.10205877356969385
2021-11-03,0.10231772264379806
2021-11-04,0.10217946697164422
2021-11-05,0.10208319977919605
2021-11-08,0.08248293374236336
2021-11-09,0.07942632715795898
2021-11-10,0.08569060304161129
2021-11-11,0.07996003837988948
2021-11-12,0.08416990783379942
2021-11-15,0.08182079290962821
2021-11-16,0.08181709627923976
2021-11-17,0.08069624100497216
2021-11-18,0.08075508643246324
2021-11-19,0.0782478396792706
2021-11-22,0.07196141945423098
2021-11-23,0.07033377657219012
2021-11-24,0.06983387842818724
2021-11-25,0.06733426897995205
2021-11-26,0.11120465756610985
2021-11-29,0.12249670084238602
2021-11-30,0.144732045614886
2021-12-01,0.15214702768019003
2021-12-02,0.1612524745355368
2021-12-03,0.1612104989987869
2021-12-06,0.16754114985669297
2021-12-07,0.1839237142062297
2021-12-08,0.18093216600933298
2021-12-09,0.1814193110163899
2021-12-10,0.1838192357393459
2021-12-13,0.18638300326421123
2021-12-14,0.18723883974477662
2021-12-15,0.19740998159612333
2021-12-16,0.19970281500868708
2021-12-17,0.20306782097553255
2021-12-20,0.20750238954213907
2021-12-21,0.204147705533884
2021-12-22,0.20078357584756862
2021-12-23,0.1892213300179987
2021-12-24,0.18142559557882484
2021-12-27,0.18253252271169013
2021-12-28,0.17683088342658207
2021-12-29,0.1694090224903151
2021-12-30,0.15322020077995493
2021-12-31,0.1511974028584313
2022-01-03,0.15007504252209913
2022-01-04,0.14479090215604032
2022-01-05,0.16168709045031884
2022-01-06,0.15747334534495405
2022-01-07,0.14706021225313887
2022-01-10,0.14244365811029594
2022-01-11,0.1419090182560859
2022-01-12,0.13510931078806418
2022-01-13,0.13479854850966544
2022-01-14,0.12713670786968337
2022-01-17,0.12282220539141629
2022-01-18,0.14388732301757845
2022-01-19,0.1415827554313775
2022-01-20,0.1480999024302998
2022-01-21,0.16763221179209647
2022-01-24,0.16439084917889804
2022-01-25,0.17070362573065617
2022-01-26,0.1667482251146722
2022-01-27,0.16635027725272106
2022-01-28,0.17980926628918498
2022-01-31,0.19369353153205768
2022-02-01,0.19296113193705042
2022-02-02,0.1951445267870098
2022-02-03,0.21622813579239392
2022-02-04,0.21358143886155842
2022-02-07,0.20529975367748518
2022-02-08,0.20644477963238114
2022-02-09,0.21324228828620884
2022-02-10,0.2167983602263697
2022-02-11,0.22720051774554756
2022-02-14,0.221037903123838
2022-02-15,0.21965348142075916
2022-02-16,0.21472478806417336
2022-02-17,0.22757375791943496
2022-02-18,0.22724166014365063
2022-02-21,0.22266456721187078
2022-02-22,0.21002053223244574
2022-02-23,0.21371301298721967
2022-02-24,0.21929717000141327
2022-02-25,0.233617519918103
2022-02-28,0.21404257648425862
2022-03-01,0.22226448080698266
2022-03-02,0.23217139904225695
2022-03-03,0.22881303079343815
2022-03-04,0.22353949630645292
2022-03-07,0.24531851346447484
2022-03-08,0.23533381710278506
2022-03-09,0.25506068915281305
2022-03-10,0.2460928375477107
2022-03-11,0.24953103541377383
2022-03-14,0.23903252037880898
2022-03-15,0.250498469925988
2022-03-16,0.2646287630589649
2022-03-17,0.264177785965344
2022-03-18,0.25846358127816066
2022-03-21,0.24809603180871512
2022-03-22,0.23908615643935568
2022-03-23,0.2435514433123624
2022-03-24,0.24234825741009078
2022-03-25,0.23182044183117173
2022-03-28,0.22959767428940062
2022-03-29,0.2325327726043212
2022-03-30,0.20878947867956804
2022-03-31,0.21675893842209476
2022-04-01,0.19515692563131426
2022-04-04,0.1950723197259899
2022-04-05,0.1963054590385295
2022-04-06,0.197982817653217
2022-04-07,0.18155916189643875
2022-04-08,0.1630234621581485
2022-04-11,0.17217406128483687
2022-04-12,0.16516611352787128
2022-04-13,0.16984072560252078
2022-04-14,0.1723619284180255
2022-04-15,0.16272091629220994
2022-04-18,0.15238775490752357
2022-04-19,0.1636455323072534
2022-04-20,0.15925194776600768
2022-04-21,0.164369798325737
2022-04-22,0.19791408161790797
2022-04-25,0.1892627812657899
2022-04-26,0.22061675712243892
2022-04-27,0.2141005983911815
2022-04-28,0.23064207198892156
2022-04-29,0.2714034655222144
2022-05-02,0.26716923953432015
2022-05-03,0.2628924118966271
2022-05-04,0.2819079700241477
2022-05-05,0.31543817693444043
2022-05-06,0.30885020872126
2022-05-09,0.3313549032209951
2022-05-10,0.3252993720960576
2022-05-11,0.33029522320074817
2022-05-12,0.3211457506333924
2022-05-13,0.33334797936453153
2022-05-16,0.3261887517293187
2022-05-17,0.32081713188892885
2022-05-18,0.35845009566662517
2022-05-19,0.34172060258440556
2022-05-20,0.33589509274398505
2022-05-23,0.3322942803558061
2022-05-24,0.3072989550325157
2022-05-25,0.30579915763844817
2022-05-26,0.3142956579334856
2022-05-27,0.312229777310762
2022-05-30,0.2813921798568127
2022-05-31,0.279498478256316
2022-06-01,0.25598949088785483
2022-06-02,0.2652854065015428
2022-06-03,0.2667295799181798
2022-06-06,0.2627742005340151
2022-06-07,0.2511691249674405
2022-06-08,0.25283289096371214
2022-06-09,0.26174532617938845
2022-06-10,0.2505665832595866
2022-06-13,0.295086345767108
2022-06-14,0.2895687508849185
2022-06-15,0.2850728234556767
2022-06-16,0.31198124162964974
2022-06-17,0.3032686339474144
2022-06-20,0.2909462715098482
2022-06-21,0.2937413921194971
2022-06-22,0.2877801396047316
2022-06-23,0.2872466695315737
2022-06-24,0.3095470883398587
2022-06-27,0.2994574512397287
2022-06-28,0.30425747553160865
2022-06-29,0.29953054090353864
2022-06-30,0.29817924620362646
2022-07-01,0.29717065982878205
2022-07-04,0.28177721681422363
2022-07-05,0.26059921660994373
2022-07-06,0.22121510382532145
2022-07-07,0.22822136582245237
2022-07-08,0.2196555508810473
2022-07-11,0.19539036196713414
2022-07-12,0.19780641015304604
2022-07-13,0.19607059764965565
2022-07-14,0.17672369143752517
2022-07-15,0.19178837548176067
2022-07-18,0.19147122546475773
2022-07-19,0.19408772683592282
2022-07-20,0.19166210752031873
2022-07-21,0.1814849799944212
2022-07-22,0.18327098698388744
2022-07-25,0.17685858544906377
2022-07-26,0.1789627469467666
2022-07-27,0.20612802673350575
2022-07-28,0.209633754878227
2022-07-29,0.2153275348097644
2022-08-01,0.20602174334697484
2022-08-02,0.20655343392480546
2022-08-03,0.2109723164783242
2022-08-04,0.20465623759446322
2022-08-05,0.20143478542453128
2022-08-08,0.19926681987882258
2022-08-09,0.18771874231008573
2022-08-10,0.20348855118396006
2022-08-11,0.17786692262124448
2022-08-12,0.18926439812798104
2022-08-15,0.184685027040816
2022-08-16,0.17909832250730556
2022-08-17,0.18075720481772908
2022-08-18,0.17420668141473508
2022-08-19,0.1595770299455177
2022-08-22,0.17755013603189085
2022-08-23,0.16808230440347924
2022-08-24,0.16535005806012268
2022-08-25,0.1728888162024646
2022-08-26,0.21286114358495417
2022-08-29,0.2127673436283192
2022-08-30,0.2159347628285215
2022-08-31,0.21549093140581646
2022-09-01,0.21150919409257232
2022-09-02,0.20333992380474913
2022-09-05,0.19987963842933423
2022-09-06,0.1898635801601666
2022-09-07,0.20271651599928764
2022-09-08,0.20215151674890833
2022-09-09,0.20905727333643875
2022-09-12,0.21221285383828675
2022-09-13,0.2697174455598933
2022-09-14,0.25554082573899034
2022-09-15,0.2578850775026278
2022-09-16,0.257145923730545
2022-09-19,0.25173639315724716
2022-09-20,0.22621618127218956
2022-09-21,0.23489080942409132
2022-09-22,0.23218653050512184
2022-09-23,0.23969221563039747
2022-09-26,0.2421566400081595
2022-09-27,0.23618078899721154
2022-09-28,0.24734785655376373
2022-09-29,0.26105821112364813
2022-09-30,0.25961844704905734
2022-10-03,0.27715103861020685
2022-10-04,0.2967728202614369
2022-10-05,0.28902648115363067
2022-10-06,0.2486561813525379
2022-10-07,0.2723385857342538
2022-10-10,0.26621005506438167
2022-10-11,0.26318503805594845
2022-10-12,0.2589835748634223
2022-10-13,0.27455468853976006
2022-10-14,0.28425610097289244
2022-10-17,0.30005382890693466
2022-10-18,0.2939253389156258
2022-10-19,0.28912846607008075
2022-10-20,0.28828172538387725
2022-10-21,0.29452711720504904
2022-10-24,0.28659495799657075
2022-10-25,0.28749644358537085
2022-10-26,0.27308320726957314
2022-10-27,0.25093621801040145
2022-10-28,0.2681467625821554
2022-10-31,0.26472182896898383
2022-11-01,0.24297839778014355
2022-11-02,0.2623819083220814
2022-11-03,0.2620328171342014
2022-11-04,0.265357616247122
2022-11-07,0.2504445722967561
2022-11-08,0.23475613168668616
2022-11-09,0.2328058574212177
2022-11-10,0.3098568563856637
2022-11-11,0.3075190571096756
2022-11-14,0.3040658894334613
2022-11-15,0.2920163237899749
2022-11-16,0.287985710072437
2022-11-17,0.27869490428057614
2022-11-18,0.27506021746432274
2022-11-21,0.2722101811314369
2022-11-22,0.26335125149914895
2022-11-23,0.26094681399711206
2022-11-24,0.2574507020076959
2022-11-25,0.23989399020454305
2022-11-28,0.24524872288288804
2022-11-29,0.23884329660822576
2022-11-30,0.26563058947274676
2022-12-01,0.2616898265707814
2022-12-02,0.24881759211205717
2022-12-05,0.1842065600589769
2022-12-06,0.1901104221852078
2022-12-07,0.18440287200975888
2022-12-08,0.18218202427085464
2022-12-09,0.18135308917058407
2022-12-12,0.18892435431227456
2022-12-13,0.18814647357290126
2022-12-14,0.1876524638149993
2022-12-15,0.20854033939571048
2022-12-16,0.21050562466138584
2022-12-19,0.21234281372287617
2022-12-20,0.2079004384239211
2022-12-21,0.2084700936498765
2022-12-22,0.21640057479600358
2022-12-23,0.18888757330385217
2022-12-26,0.18470212282979478
2022-12-27,0.18350688371303372
2022-12-28,0.17946115401557217
2022-12-29,0.1854792608420321
2022-12-30,0.1827820872642015
2023-01-02,0.1771711945813528
2023-01-03,0.1747759570640512
2023-01-04,0.16920882088219066
2023-01-05,0.1741322462217087
2023-01-06,0.19473032661814035
2023-01-09,0.17110801636695033
2023-01-10,0.1674572780784749
2023-01-11,0.17172807796164444
2023-01-12,0.16954987790694118
2023-01-13,0.16038785831943406
2023-01-16,0.14965282982256237
2023-01-17,0.1462931266494763
2023-01-18,0.15996046245772386
2023-01-19,0.16113422002568425
2023-01-20,0.1731867455120572
2023-01-23,0.16899434866030177
2023-01-24,0.16539578951260236
2023-01-25,0.16239944227712486
2023-01-26,0.16667429645749918
2023-01-27,0.16276838410005048
2023-01-30,0.16698927597313154
2023-01-31,0.15904081098467726
2023-02-01,0.16295650473793816
2023-02-02,0.17079718964600663
2023-02-03,0.1699070695751878
2023-02-06,0.16951575681059491
2023-02-07,0.17561171051531638
2023-02-08,0.18070090334096087
2023-02-09,0.18285038427104167
2023-02-10,0.17167824423823286
2023-02-13,0.17456361128954292
2023-02-14,0.15963962299863238
2023-02-15,0.15201678380748965
2023-02-16,0.16206167517355344
2023-02-17,0.1600216033341121
2023-02-20,0.1531403058959175
2023-02-21,0.1733179668576859
2023-02-22,0.16524061054665715
2023-02-23,0.15711783270683802
2023-02-24,0.15882463575334138
2023-02-27,0.14935779428957013
2023-02-28,0.14351390978163425
2023-03-01,0.14233582289983693
2023-03-02,0.13762492993020914
2023-03-03,0.14704415556195977
2023-03-06,0.14074201537117415
2023-03-07,0.15369698951681243
2023-03-08,0.1461395519891483
2023-03-09,0.16457580914444195
2023-03-10,0.17446325005142088
2023-03-13,0.1646518180451869
2023-03-14,0.17709747739254134
2023-03-15,0.17714353910159894
2023-03-16,0.177087976003579
2023-03-17,0.18203312240113648
2023-03-20,0.18231865047376625
2023-03-21,0.18523739913222192
2023-03-22,0.19640288678806353
2023-03-23,0.1929424663437573
2023-03-24,0.19092340830855098
2023-03-27,0.1858489827914392
2023-03-28,0.17553331420848686
2023-03-29,0.1835793700121936
2023-03-30,0.17569299626660168
2023-03-31,0.18461925846408062
2023-04-03,0.1710585580990843
2023-04-04,0.16457078529380156
2023-04-05,0.16295279026732132
2023-04-06,0.15198757109922684
2023-04-07,0.14782593357815388
2023-04-10,0.13293892307943947
2023-04-11,0.1253929427770866
2023-04-12,0.12272285305503597
2023-04-13,0.12617147741809032
2023-04-14,0.11210004516958882
2023-04-17,0.11082315614110723
2023-04-18,0.10646906355000321
2023-04-19,0.10483202984647168
2023-04-20,0.10730151416692989
2023-04-21,0.09385225776511522
2023-04-24,0.09076905546941962
2023-04-25,0.10015653009362913
2023-04-26,0.10019043662004261
2023-04-27,0.12456439170644772
2023-04-28,0.12783629674812785
2023-05-01,0.12475456328327608
2023-05-02,0.13346089148632564
2023-05-03,0.13595115557937473
2023-05-04,0.1382872641151239
2023-05-05,0.15576812043713276
2023-05-08,0.14568205202190532
2023-05-09,0.14556309960516756
2023-05-10,0.1445909498941069
2023-05-11,0.14285885754521324
2023-05-12,0.14155359284813984
2023-05-15,0.1384682692623323
2023-05-16,0.14124997944934903
2023-05-17,0.14870504844849633
2023-05-18,0.1428063529658016
2023-05-19,0.14096253842044487
2023-05-22,0.12232532168424358
2023-05-23,0.12797008768467558
2023-05-24,0.1311123221828008
2023-05-25,0.12933032490493013
2023-05-26,0.1368882758853471
2023-05-29,0.13206742070619423
2023-05-30,0.11334104784019175
2023-05-31,0.11599114252633756
2023-06-01,0.12132503488929414
2023-06-02,0.1326678987290512
2023-06-05,0.1311419846851352
2023-06-06,0.12899741962678946
2023-06-07,0.12847773417922737
2023-06-08,0.12800792618900483
2023-06-09,0.11934705387563524
2023-06-12,0.12053947662120736
2023-06-13,0.12293753407835821
2023-06-14,0.12048334321273815
2023-06-15,0.12410953021644662
2023-06-16,0.12159653242051809
2023-06-19,0.11600228117911511
2023-06-20,0.108769871695599
2023-06-21,0.11038859548707167
2023-06-22,0.11011981771106599
2023-06-23,0.11276669991096173
2023-06-26,0.10873766438058124
2023-06-27,0.10735205690397051
2023-06-28,0.10449437986958444
2023-06-29,0.10457187270431964
2023-06-30,0.11465714865095862
2023-07-03,0.11015049013418096
2023-07-04,0.10809159728106789
2023-07-05,0.10242697499419486
2023-07-06,0.10544406613983434
2023-07-07,0.10505326321802004
2023-07-10,0.09530792568670428
2023-07-11,0.09818302764621943
2023-07-12,0.1019227218890433
2023-07-13,0.1061625436746701
2023-07-14,0.10302999077332496
2023-07-17,0.10229293752774332
2023-07-18,0.10254179614235977
2023-07-19,0.10019040147984495
2023-07-20,0.09675237175915427
2023-07-21,0.0944374758652657
2023-07-24,0.09395958957840904
2023-07-25,0.08375391800901567
2023-07-26,0.08207783711760878
2023-07-27,0.08624398871928735
2023-07-28,0.09496587273229243
2023-07-31,0.08929589204037305
2023-08-01,0.08869268169019065
2023-08-02,0.10580290356868606
2023-08-03,0.10202349677622546
2023-08-04,0.100999895705892
2023-08-07,0.10337658051251938
2023-08-08,0.10406741852136779
2023-08-09,0.10716541404930215
2023-08-10,0.1018624886805374
2023-08-11,0.09966627717727108
2023-08-14,0.0993008894031687
2023-08-15,0.11036724485386475
2023-08-16,0.11376437553271516
2023-08-17,0.11753358919909182
2023-08-18,0.11514436520813404
2023-08-21,0.11553609154307469
2023-08-22,0.1106869175121756
2023-08-23,0.11811763131956465
2023-08-24,0.13015478003475411
2023-08-25,0.12337309712856027
2023-08-28,0.1242037558833902
2023-08-29,0.13550943024629086
2023-08-30,0.13035610740908835
2023-08-31,0.1279540571265209
2023-09-01,0.12327499482280027
2023-09-04,0.12123742380634338
2023-09-05,0.12183293867083317
2023-09-06,0.1237062005724122
2023-09-07,0.1168429638244713
2023-09-08,0.11184798559964866
2023-09-11,0.11163061081204012
2023-09-12,0.1141137445474132
2023-09-13,0.10970932657510186
2023-09-14,0.11428422881507286
2023-09-15,0.11918303991808642
2023-09-18,0.10782343633668945
2023-09-19,0.10410127951406947
2023-09-20,0.10940565537333062
2023-09-21,0.11885462267846114
2023-09-22,0.11643383461114815
2023-09-25,0.11553017477824906
2023-09-26,0.1301351355305702
2023-09-27,0.12732974002391867
2023-09-28,0.12766777797207704
2023-09-29,0.12405436575176412
2023-10-02,0.1214354538392214
2023-10-03,0.1337450434010216
2023-10-04,0.13556457049860385
2023-10-05,0.13223876051982453
2023-10-06,0.14022003853775677
2023-10-09,0.13791084335644246
2023-10-10,0.13191007241408048
2023-10-11,0.13153741200683142
2023-10-12,0.13363168120756824
2023-10-13,0.130736457838589
2023-10-16,0.12477370114090416
2023-10-17,0.12255596791627368
2023-10-18,0.13374408490679143
2023-10-19,0.1286059613327098
2023-10-20,0.13854101037749872
2023-10-23,0.1343373852729651
2023-10-24,0.1358677836805888
2023-10-25,0.14808018804809628
2023-10-26,0.14846534558086516
2023-10-27,0.1456552211057791
2023-10-30,0.1517098603916314
2023-10-31,0.1470844529565549
2023-11-01,0.15007958418783654
2023-11-02,0.16668845597690574
2023-11-03,0.16877544584842716
2023-11-06,0.1640110293539327
2023-11-07,0.16097278153036476
2023-11-08,0.1537194006128825
2023-11-09,0.15670600325486977
2023-11-10,0.16232090530516638
2023-11-13,0.15684188063307272
2023-11-14,0.1685505667133263
2023-11-15,0.16588050645388042
2023-11-16,0.16102640902108967
2023-11-17,0.15102024888397558
2023-11-20,0.14741612690311306
2023-11-21,0.14575501355465573
2023-11-22,0.13945648225409096
2023-11-23,0.13603508660718525
2023-11-24,0.12949739287840442
2023-11-27,0.11201398525205615
2023-11-28,0.10620715843552918
2023-11-29,0.10481288955546815
2023-11-30,0.10484583827515703
2023-12-01,0.10697156415972617
2023-12-04,0.10615716902231222
2023-12-05,0.09085597673386997
2023-12-06,0.09208684420755076
2023-12-07,0.07338012605102555
2023-12-08,0.07390853232056722
2023-12-11,0.07427145353421484
2023-12-12,0.07581343893158207
2023-12-13,0.09003286001244758
2023-12-14,0.08827716902121521
2023-12-15,0.08570538765181945
2023-12-18,0.086744241883766
2023-12-19,0.08922027263234981
2023-12-20,0.10809957183524353
2023-12-21,0.11506593480528647
2023-12-22,0.11288243005129588
2023-12-25,0.11017638805746408
2023-12-26,0.10839197961514939
2023-12-27,0.10508749583388806
2023-12-28,0.10352155982096108
2023-12-29,0.1029918249811705
2024-01-02,0.10214141223878762
2024-01-03,0.10685053065084639
2024-01-04,0.10635026881859272
2024-01-05,0.10371894001544746
2024-01-08,0.1090977344931008
2024-01-09,0.10710037784907109
2024-01-10,0.10903695280483446
2024-01-11,0.10648232703544838
2024-01-12,0.10268365260542354
2024-01-15,0.08816827953481522
2024-01-16,0.08230795016584018
2024-01-17,0.0854010821549765
2024-01-18,0.09219064667957487
2024-01-19,0.10351084590238047
2024-01-22,0.1019385992578318
2024-01-23,0.10109452257089999
2024-01-24,0.09878437691710001
2024-01-25,0.09870956097288988
2024-01-26,0.09353563964595202
2024-01-29,0.09762148808415472
2024-01-30,0.09629906510221974
2024-01-31,0.10669510010667557
2024-02-01,0.1173544136719251
2024-02-02,0.12313660036732996
2024-02-05,0.12263647796674505
2024-02-06,0.12094667426368244
2024-02-07,0.12466920040262114
2024-02-08,0.12144063044392896
2024-02-09,0.121232897159064
2024-02-12,0.11640900333444677
2024-02-13,0.12253693430892457
2024-02-14,0.12824060643822677
2024-02-15,0.12838535034510226
2024-02-16,0.12943900024624688
2024-02-19,0.12524507892868758
2024-02-20,0.12818382946920742
2024-02-21,0.123240363411509
2024-02-22,0.14845335584342526
2024-02-23,0.13530807517324236
2024-02-26,0.128147290272132
2024-02-27,0.12135700831012573
2024-02-28,0.11943166831138365
2024-02-29,0.12051632293912543
2024-03-01,0.12098657365955529
2024-03-04,0.11977072540558863
2024-03-05,0.12551955351753472
2024-03-06,0.1258338092785986
2024-03-07,0.12404161213911363
2024-03-08,0.12231266168048877
2024-03-11,0.11905778134708439
2024-03-12,0.12600096902271515
2024-03-13,0.12445530470069804
2024-03-14,0.12244943129629539
2024-03-15,0.12478828620094777
2024-03-18,0.10537899429890538
2024-03-19,0.10627732963071922
2024-03-20,0.11119104634472701
2024-03-21,0.10964854936497576
2024-03-22,0.10775410481081302
2024-03-25,0.10630907571962234
2024-03-26,0.10268837097132946
2024-03-27,0.1078869043364775
2024-03-28,0.09983063073925091
2024-03-29,0.09668630792425532
2024-04-01,0.09009287494507681
2024-04-02,0.09244422709982274
2024-04-03,0.09033443140395096
2024-04-04,0.09737366611580578
2024-04-05,0.10641792565406868
2024-04-08,0.10385310977060808
2024-04-09,0.09929541420894401
2024-04-10,0.10514214338585107
2024-04-11,0.10676510991438759
2024-04-12,0.11855549022970813
2024-04-15,0.12844589467930548
2024-04-16,0.12625898899855972
2024-04-17,0.12774555245842714
2024-04-18,0.12531973551384507
2024-04-19,0.12696862441159895
2024-04-22,0.1310187483134011
2024-04-23,0.13922060922995583
2024-04-24,0.135718700702008
2024-04-25,0.1341822188657594
2024-04-26,0.13933486936673417
2024-04-29,0.13162808387560618
2024-04-30,0.14138526971011572
2024-05-01,0.14110789389854772
2024-05-02,0.14472797996242787
2024-05-03,0.14912878986314101
2024-05-06,0.15206963981856922
2024-05-07,0.14047299309859299
2024-05-08,0.131411058361198
2024-05-09,0.13154272096068506
2024-05-10,0.1280328767481936
2024-05-13,0.12541491685970604
2024-05-14,0.12260424693089225
2024-05-15,0.12770385655566027
2024-05-16,0.12027154546157796
2024-05-17,0.11829345701077436
2024-05-20,0.11542216706365101
2024-05-21,0.10945190373740428
2024-05-22,0.10900674953722864
2024-05-23,0.09957656619771654
2024-05-24,0.10295605601388319
2024-05-27,0.09610102890332053
2024-05-28,0.08481765961302622
2024-05-29,0.08327791820851331
2024-05-30,0.08686249784779075
2024-05-31,0.09240224713444575
2024-06-03,0.08853813289552864
2024-06-04,0.08662316075506386
2024-06-05,0.09866584626607527
2024-06-06,0.09566436360171914
2024-06-07,0.08561009935219734
2024-06-10,0.0851313564077531
2024-06-11,0.08435044641343396
2024-06-12,0.09091634966721127
2024-06-13,0.08967558329376042
2024-06-14,0.08810607167159334
2024-06-17,0.08981434200287265
2024-06-18,0.08603047129083703
2024-06-19,0.0847326788570837
2024-06-20,0.08472761490709434
2024-06-21,0.08062969942870588
2024-06-24,0.07873351811633915
2024-06-25,0.0754086762027048
2024-06-26,0.0741050365319137
2024-06-27,0.07255563220287024
2024-06-28,0.0635726436072318
2024-07-01,0.06356060750453751
2024-07-02,0.06809073247970539
2024-07-03,0.07030018359630837
2024-07-04,0.06851161239789165
2024-07-05,0.06546057660824245
2024-07-08,0.06385451640115568
2024-07-09,0.06221000027148519
2024-07-10,0.07017737112371471
2024-07-11,0.0789213752164447
2024-07-12,0.08129327754253951
2024-07-15,0.08033174367256297
2024-07-16,0.08420371723739951
2024-07-17,0.10148374480322986
2024-07-18,0.10572119323992368
2024-07-19,0.10943801633527485
2024-07-22,0.11703211717069868
2024-07-23,0.11506034446388436
2024-07-24,0.14796187709411765
2024-07-25,0.14651945856269985
2024-07-26,0.15111302773462273
2024-07-29,0.1485815585331496
2024-07-30,0.14729345496194005
2024-07-31,0.15956009059798879
2024-08-01,0.16910968889502118
2024-08-02,0.18206616784890603
2024-08-05,0.21652294877949826
2024-08-06,0.2175188324742175
2024-08-07,0.2170859707934079
2024-08-08,0.23338387833329485
2024-08-09,0.22524979629338526
2024-08-12,0.2197879758710951
2024-08-13,0.2276812871097896
2024-08-14,0.22227447251881993
2024-08-15,0.23039748886550102
2024-08-16,0.2124433852817006
2024-08-19,0.2145066567235671
2024-08-20,0.2084918933487174
2024-08-21,0.20645933001194194
2024-08-22,0.20879917750153298
2024-08-23,0.20617756740078866
2024-08-26,0.1996089630312825
2024-08-27,0.18704121457451262
2024-08-28,0.15693017965348816
2024-08-29,0.15022501864712226
2024-08-30,0.15318588515235892
2024-09-02,0.1294047775297303
2024-09-03,0.15441540018265662
2024-09-04,0.1524526918862805
2024-09-05,0.1399231758387257
2024-09-06,0.15653319061702095
2024-09-09,0.15292806978196222
2024-09-10,0.15161966275304342
2024-09-11,0.15272147212526826
2024-09-12,0.15410760965806608
2024-09-13,0.1528823690732606
2024-09-16,0.14680152929813706
2024-09-17,0.139120383582876
2024-09-18,0.13765127967198917
2024-09-19,0.15316718736760282
2024-09-20,0.1503151423740684
2024-09-23,0.1483883214809528
2024-09-24,0.14326532765534516
2024-09-25,0.14247970850428707
2024-09-26,0.12235672505139535
2024-09-27,0.12104226386134186
2024-09-30,0.12068994076192072
2024-10-01,0.11281862490477942
2024-10-02,0.10336740639057002
2024-10-03,0.10148147314834977
2024-10-04,0.1012377662973066
2024-10-07,0.10612313903501151
2024-10-08,0.11079704775080433
2024-10-09,0.1139210412114684
2024-10-10,0.11270918706682871
2024-10-11,0.11357593970013909
2024-10-14,0.10238819481167545
2024-10-15,0.10707119973961626
2024-10-16,0.10654958511262416
2024-10-17,0.10396071135503647
2024-10-18,0.10335930100642524
2024-10-21,0.10143961000957374
2024-10-22,0.09978552968517318
2024-10-23,0.10611112710176118
2024-10-24,0.09961819726166908
2024-10-25,0.09835261379672856
2024-10-28,0.09732756494659994
2024-10-29,0.09142318147989949
2024-10-30,0.08639821879903697
2024-10-31,0.11021377882236076
2024-11-01,0.1073517451919726
2024-11-04,0.10651806426864811
2024-11-05,0.11563749017595393
2024-11-06,0.14955224999108732
2024-11-07,0.1485648295532824
2024-11-08,0.1461224559843058
2024-11-11,0.14284215146861182
2024-11-12,0.14188732173146526
2024-11-13,0.13930293836762087
2024-11-14,0.14101647770464795
2024-11-15,0.14814629491985176
2024-11-18,0.14724659648082364
2024-11-19,0.14665544236886294
2024-11-20,0.14428059767661944
2024-11-21,0.14508735773075643
2024-11-22,0.14412713630378085
2024-11-25,0.12904105725833653
2024-11-26,0.12956837542811153
2024-11-27,0.12971056161520614
2024-11-28,0.12123455121911311
2024-11-29,0.08944340695311913
2024-12-02,0.08477562529842116
2024-12-03,0.0819525573425665
2024-12-04,0.0849071557503307
2024-12-05,0.08406710874007187
2024-12-06,0.08332913117992558
2024-12-09,0.08495073536823454
2024-12-10,0.07264662148756473
2024-12-11,0.07847947124250704
2024-12-12,0.08049719128719938
2024-12-13,0.0789393247499526
2024-12-16,0.0768876944962016
2024-12-17,0.07755296249260635
2024-12-18,0.1409236675558828
2024-12-19,0.1366052289128007
2024-12-20,0.14244962046480023
2024-12-23,0.14434688605412774
2024-12-24,0.14930528866383566
2024-12-25,0.1460189061991308
2024-12-26,0.14367243023353626
2024-12-27,0.15009082804748625
2024-12-30,0.15572356189519942
2024-12-31,0.155208672368973
2025-01-02,0.15250626135592313
2025-01-03,0.1597819111882367
2025-01-06,0.15762428563435074
2025-01-07,0.16308192065104365
2025-01-08,0.16054947549733647
2025-01-09,0.15772825519908873
2025-01-10,0.16925325362961588
2025-01-13,0.13354848508296424
2025-01-14,0.1312054318869785
2025-01-15,0.14497309536888875
2025-01-16,0.14110823453881954
2025-01-17,0.14123358827959773
2025-01-20,0.13896571244704797
2025-01-21,0.14224246222940243
2025-01-22,0.13852144266349667
2025-01-23,0.13342103075246867
2025-01-24,0.13205424842011146
2025-01-27,0.14507435855199674
2025-01-28,0.14277823373472442
2025-01-29,0.14147274436460136
2025-01-30,0.13617351298584038
2025-01-31,0.13681420703501937
2025-02-03,0.13984029840744552
2025-02-04,0.13187650990426464
2025-02-05,0.1313104403094156
2025-02-06,0.13004075979727525
2025-02-07,0.12110987798437568
2025-02-10,0.12298567589557433
2025-02-11,0.1152911867901465
2025-02-12,0.11455008882884697
2025-02-13,0.1180933083076889
2025-02-14,0.11363416709852668
2025-02-17,0.11033553277676769
2025-02-18,0.10846185512318163
2025-02-19,0.09555026458458095
2025-02-20,0.09183532812780353
2025-02-21,0.11426851326213192
2025-02-24,0.1140456320132583
2025-02-25,0.11370506107397121
2025-02-26,0.10824972091707671
2025-02-27,0.12435471873193517
2025-02-28,0.13851523036733523
2025-03-03,0.1560674713938814
2025-03-04,0.15958397032408767
2025-03-05,0.16330868115776745
2025-03-06,0.178572039738109
2025-03-07,0.17655460410468723
2025-03-10,0.20509771830506132
2025-03-11,0.20499628964033415
2025-03-12,0.20216111594601766
2025-03-13,0.2087492026983188
2025-03-14,0.2243606756966512
2025-03-17,0.22272473436139298
2025-03-18,0.21725788087796855
2025-03-19,0.21927852198818018
2025-03-20,0.21544850757307926
2025-03-21,0.21147943445518524
2025-03-24,0.21600672643979532
2025-03-25,0.20625734535193646
2025-03-26,0.20196164288751317
2025-03-27,0.1958501671339064
2025-03-28,0.20799817721632027
2025-03-31,0.1980792419436314
2025-04-01,0.194724181003525
2025-04-02,0.1715911463298974
2025-04-03,0.25718744986707665
2025-04-04,0.3509833565069123
2025-04-07,0.34171301341440435
2025-04-08,0.3365099990779873
2025-04-09,0.48445584282201626
2025-04-10,0.49935208473558257
2025-04-11,0.49714224428655784
2025-04-14,0.49000791827451934
2025-04-15,0.4831655872618601
2025-04-16,0.484547994894571
2025-04-17,0.47867555859097993
2025-04-18,0.472537392455656
2025-04-21,0.4801077733262359
2025-04-22,0.48443199019013305
2025-04-23,0.48626351372003357
2025-04-24,0.49064578305248985
2025-04-25,0.4877364867887854
2025-04-28,0.45370280972136184
2025-04-29,0.4010912270973852
2025-04-30,0.39701352406271395
2025-05-01,0.392723628238508
2025-05-02,0.2495750234540157
2025-05-05,0.21822182122109923
2025-05-06,0.209926580002495
2025-05-07,0.2057571689571988
2025-05-08,0.2044563359611207
2025-05-09,0.18662487484020887
2025-05-12,0.2250899343877294
2025-05-13,0.22379513635627024
2025-05-14,0.20454395344092188
2025-05-15,0.18492321274644322
2025-05-16,0.1766980269696545
2025-05-19,0.15937816164799054
2025-05-20,0.1562277970030247
2025-05-21,0.17014719851962862
2025-05-22,0.16598677809541734
2025-05-23,0.16717102602938502
2025-05-26,0.16325844316680818
2025-05-27,0.17488818266373674
2025-05-28,0.17402843252837252
2025-05-29,0.17023645242584928
2025-05-30,0.16729102461777118
2025-06-02,0.16509765392223344
2025-06-03,0.1659743840830602
2025-06-04,0.12304680452568459
2025-06-05,0.1217981848656332
2025-06-06,0.12809244435847736
2025-06-09,0.1251974795921036
2025-06-10,0.12383991659688386
2025-06-11,0.1232077451210596
2025-06-12,0.12199951459672909
2025-06-13,0.11891664558423072
2025-06-16,0.12428408529224419
2025-06-17,0.1267192542690881
2025-06-18,0.12433997425545909
2025-06-19,0.10101604030775828
2025-06-20,0.09852632493573413
2025-06-23,0.10443416374224491
2025-06-24,0.1138138907855582
2025-06-25,0.11001246037951437
2025-06-26,0.11274814836287231
2025-06-27,0.11342700984918866
2025-06-30,0.11227506484298211
2025-07-01,0.10573340785735162
2025-07-02,0.10617944856825015
2025-07-03,0.10949857607010131
2025-07-04,0.1068291779531607
2025-07-07,0.11143170124118082
2025-07-08,0.10286220273221212
2025-07-09,0.09981318767669152
2025-07-10,0.09504861440537452
2025-07-11,0.09550271781477199
2025-07-14,0.09384210659584047
2025-07-15,0.09482121712278635
2025-07-16,0.0888900411966156
2025-07-17,0.08276552942513148
2025-07-18,0.08156153496487954
2025-07-21,0.07532809208670259
2025-07-22,0.071251490060224
2025-07-23,0.07584710655043819
2025-07-24,0.07439329736955602
2025-07-25,0.07391601269758823
2025-07-28,0.06680268712830216
2025-07-29,0.06801107633471908
2025-07-30,0.06227849869765902
2025-07-31,0.06431238813451441
2025-08-01,0.0895553613460628
2025-08-04,0.10615744159443118
2025-08-05,0.10692983996782819
2025-08-06,0.11035552847290692
2025-08-07,0.10725391569748023
2025-08-08,0.11059155353165605
2025-08-11,0.10857293182390097
2025-08-12,0.1177389128940875
2025-08-13,0.11656760657512456
2025-08-14,0.11416661607518364
2025-08-15,0.11147137761079189
2025-08-18,0.1093790385357043
2025-08-19,0.1113414881552542
2025-08-20,0.11098418687558965
2025-08-21,0.11166059422761307
2025-08-22,0.1267888594559773
2025-08-25,0.1266233591279053
2025-08-26,0.11402173522833191
2025-08-27,0.10180264385023549
2025-08-28,0.09962009278170895
2025-08-29,0.10007432906407983
2025-09-01,0.0981868451290166
2025-09-02,0.09853612797956511
2025-09-03,0.09963489161098052
2025-09-04,0.09801498007379854
2025-09-05,0.09704505784714886
2025-09-08,0.09591764414946154
2025-09-09,0.09410593218695847
2025-09-10,0.09373149947489981
2025-09-11,0.09800386031658345
2025-09-12,0.09580274295982766
2025-09-15,0.09609851946015126
2025-09-16,0.08060521431372282
2025-09-17,0.07822741925313795
2025-09-18,0.07864099853261527
2025-09-19,0.08036508998536245
2025-09-22,0.08092386362320705
2025-09-23,0.08141221431683332
2025-09-24,0.0819778754273094
2025-09-25,0.08115346344132014
2025-09-26,0.08207707567673708
2025-09-29,0.07627833557122422
2025-09-30,0.07611062209016595
2025-10-01,0.07628112720304515
2025-10-02,0.07386872050182051
2025-10-03,0.07181060877250858
2025-10-06,0.06655956283416717
2025-10-07,0.06874009772756288
2025-10-08,0.07041881091563783
2025-10-09,0.07085310807182192
2025-10-10,0.12993190785587064
2025-10-13,0.14278469594299376
2025-10-14,0.1395895860870656
2025-10-15,0.1374293108143362
2025-10-16,0.1380291068643662
2025-10-17,0.13822419541605602
2025-10-20,0.14294851148128987
2025-10-21,0.13905572951002818
2025-10-22,0.14045764528811486
2025-10-23,0.14011147563961643
2025-10-24,0.14287995409614607
2025-10-27,0.1507603892926889
2025-10-28,0.1489808635137289
2025-10-29,0.14647915931539215
2025-10-30,0.15166575519200917
2025-10-31,0.14894563136394703
2025-11-03,0.14728635181188193
2025-11-04,0.12406951341488792
2025-11-05,0.11196681306313981
2025-11-06,0.12117969447317578
2025-11-07,0.1178387749831042
2025-11-10,0.13062834231847098
2025-11-11,0.1272153458713172
2025-11-12,0.11956212939800029
2025-11-13,0.13765812208152564
2025-11-14,0.13380521533628342
2025-11-17,0.13750954938580365
2025-11-18,0.13914707442705665
2025-11-19,0.13148570714143193
2025-11-20,0.14615114666839768
2025-11-21,0.15048053365790165
2025-11-24,0.15859308358271254
2025-11-25,0.16084181204450484
2025-11-26,0.1619928738300782
2025-11-27,0.15375993464854673
2025-11-28,0.1526912378281613
2025-12-01,0.14881227514865333
2025-12-02,0.1468291218600104
2025-12-03,0.13594807767945197
2025-12-04,0.13332623962776682
2025-12-05,0.1319587758116553
2025-12-08,0.11947274614161854
2025-12-09,0.11815820333614632
2025-12-10,0.11718565646916071
2025-12-11,0.11247404838496529
2025-12-12,0.12028021157049511
2025-12-15,0.10666107592863702
2025-12-16,0.10091528575880605
2025-12-17,0.09917101313820346
2025-12-18,0.09908765794092074
2025-12-19,0.10230290728053891
2025-12-22,0.10457938084535374
2025-12-23,0.10294559852220377
2025-12-24,0.09999559847576106
2025-12-25,0.0974416013126423
2025-12-26,0.0951440505576457
2025-12-29,0.09610187167776302
