Date,egarch_forecast_h1
2005-03-08,0.0988430390200609
2005-03-09,0.10532443971395548
2005-03-10,0.10099098927359684
2005-03-11,0.10357147926218782
2005-03-14,0.10262080426553667
2005-03-15,0.106020612487163
2005-03-16,0.10927155852774974
2005-03-17,0.10897734712852533
2005-03-18,0.10522111423607695
2005-03-21,0.10657407834839826
2005-03-22,0.1126287240838268
2005-03-23,0.10066385396538652
2005-03-24,0.0985910607858087
2005-03-25,0.0945544193013346
2005-03-28,0.08932924946680612
2005-03-29,0.09080746160726529
2005-03-30,0.1009712839839307
2005-03-31,0.10060317540583108
2005-04-01,0.10319503605033686
2005-04-04,0.09807900851296242
2005-04-05,0.09872550151708238
2005-04-06,0.09737126487919884
2005-04-07,0.09326468601228488
2005-04-08,0.0977240744616969
2005-04-11,0.09385094869175561
2005-04-12,0.09380856741528233
2005-04-13,0.09956140608969159
2005-04-14,0.10213811910336204
2005-04-15,0.11810876894184016
2005-04-18,0.11797856706337917
2005-04-19,0.11831787494886925
2005-04-20,0.12259076799707691
2005-04-21,0.14047342009023203
2005-04-22,0.14215956770151217
2005-04-25,0.14504402289555463
2005-04-26,0.14799323969427444
2005-04-27,0.14581157465787234
2005-04-28,0.14399981100191905
2005-04-29,0.14971388660789708
2005-05-02,0.14841069438613383
2005-05-03,0.14755310841460936
2005-05-04,0.1530138592914834
2005-05-05,0.1526630004441393
2005-05-06,0.1509080215507229
2005-05-09,0.14967274701559707
2005-05-10,0.15443024471848815
2005-05-11,0.15363465908531826
2005-05-12,0.15252815679111686
2005-05-13,0.14932578634724
2005-05-16,0.14230281997421607
2005-05-17,0.14377698330240438
2005-05-18,0.14649339678956047
2005-05-19,0.13992591148272662
2005-05-20,0.12294981217174608
2005-05-23,0.12116872456674715
2005-05-24,0.11709757770956254
2005-05-25,0.11362764210380757
2005-05-26,0.11489594850897272
2005-05-27,0.10775259918864864
2005-05-30,0.09962921444276134
2005-05-31,0.10075798490223976
2005-06-01,0.10549311693948059
2005-06-02,0.09657517815156919
2005-06-03,0.0992466498466728
2005-06-06,0.09885680432899752
2005-06-07,0.09615780671023352
2005-06-08,0.08916782089282123
2005-06-09,0.08982715822986527
2005-06-10,0.08336751915168363
2005-06-13,0.08202320239519363
2005-06-14,0.0749673095793754
2005-06-15,0.07137798163774445
2005-06-16,0.06402355023186564
2005-06-17,0.06436856628726548
2005-06-20,0.063994118545092
2005-06-21,0.06298895219610745
2005-06-22,0.06271423946594411
2005-06-23,0.07276907162007498
2005-06-24,0.07469006563965384
2005-06-27,0.07434853793652149
2005-06-28,0.08093450082247244
2005-06-29,0.078163850574373
2005-06-30,0.07639837324764662
2005-07-01,0.07637315948028846
2005-07-04,0.07232169170863437
2005-07-05,0.07853655943435495
2005-07-06,0.08401652432802897
2005-07-07,0.08376296408779262
2005-07-08,0.09149572545803909
2005-07-11,0.09358264575169481
2005-07-12,0.09320624222788129
2005-07-13,0.0923976866437318
2005-07-14,0.09228561028561832
2005-07-15,0.09122672886381955
2005-07-18,0.09183840806551646
2005-07-19,0.09473905583630546
2005-07-20,0.09581618253439397
2005-07-21,0.09868419605264678
2005-07-22,0.09335198565304799
2005-07-25,0.09058226240523091
2005-07-26,0.09040635235598231
2005-07-27,0.0863546777359753
2005-07-28,0.08832962513809363
2005-07-29,0.08930398240635572
2005-08-01,0.08850090111946274
2005-08-02,0.09187827256599122
2005-08-03,0.08654564704000511
2005-08-04,0.08593789649223782
2005-08-05,0.08979710848367461
2005-08-08,0.08109093147094026
2005-08-09,0.08167725864610417
2005-08-10,0.08130068301724468
2005-08-11,0.08484468566741657
2005-08-12,0.08701269958875067
2005-08-15,0.08714560570454295
2005-08-16,0.09493251554583292
2005-08-17,0.09163586955134702
2005-08-18,0.08995144308164192
2005-08-19,0.08669353525475627
2005-08-22,0.08461853235525339
2005-08-23,0.08445075658969581
2005-08-24,0.08747765420400644
2005-08-25,0.08619623602424123
2005-08-26,0.08679027983835007
2005-08-29,0.08528014031266956
2005-08-30,0.08585842016207382
2005-08-31,0.08938327780767635
2005-09-01,0.08897613765206736
2005-09-02,0.08587779230799443
2005-09-05,0.08151170545456879
2005-09-06,0.09223328639242795
2005-09-07,0.08944332199834493
2005-09-08,0.090154197156527
2005-09-09,0.09127097794091069
2005-09-12,0.08868541352854176
2005-09-13,0.09220781735619556
2005-09-14,0.0836861875089216
2005-09-15,0.08320341465498429
2005-09-16,0.08803003709374677
2005-09-19,0.09018329232259796
2005-09-20,0.09428800573224483
2005-09-21,0.09908839410674697
2005-09-22,0.0970340072560309
2005-09-23,0.09622916499915317
2005-09-26,0.09363947193697089
2005-09-27,0.09111540534361964
2005-09-28,0.09020636364163848
2005-09-29,0.08943041192912916
2005-09-30,0.08906549494989167
2005-10-03,0.08858709477382215
2005-10-04,0.09550006094837052
2005-10-05,0.10067079404216328
2005-10-06,0.10121085846262556
2005-10-07,0.10090242455783491
2005-10-10,0.10053187722281527
2005-10-11,0.10046825406493698
2005-10-12,0.09945697007372672
2005-10-13,0.098469493308945
2005-10-14,0.10255803519713029
2005-10-17,0.09888785846535067
2005-10-18,0.10349831205390525
2005-10-19,0.11278810425493241
2005-10-20,0.12094853059183099
2005-10-21,0.11972740178807283
2005-10-24,0.133215580730399
2005-10-25,0.13298442844342362
2005-10-26,0.13356308033719447
2005-10-27,0.1385836857760663
2005-10-28,0.14707382960615983
2005-10-31,0.14881476147857384
2005-11-01,0.14881146335407283
2005-11-02,0.14885963051673276
2005-11-03,0.14025459751458297
2005-11-04,0.13896085710371384
2005-11-07,0.13815351415036156
2005-11-08,0.13632691175718525
2005-11-09,0.1358785520102841
2005-11-10,0.13745422411140884
2005-11-11,0.13756538652991887
2005-11-14,0.13446214801236273
2005-11-15,0.1346890156571017
2005-11-16,0.1301486588872085
2005-11-17,0.12448438383857384
2005-11-18,0.11431579082996259
2005-11-21,0.11554765258182698
2005-11-22,0.1023002077665169
2005-11-23,0.1024776180680258
2005-11-24,0.10111121678040053
2005-11-25,0.09464243157043443
2005-11-28,0.08246735685203377
2005-11-29,0.07844239853570299
2005-11-30,0.08080207910259343
2005-12-01,0.08489492399268822
2005-12-02,0.08315476379929315
2005-12-05,0.08336807658226571
2005-12-06,0.08274995352654992
2005-12-07,0.08382458926193856
2005-12-08,0.08349988893320176
2005-12-09,0.07886720942153397
2005-12-12,0.07788287667065887
2005-12-13,0.08017881084598487
2005-12-14,0.08034166153089407
2005-12-15,0.08012147116150047
2005-12-16,0.07421774799935363
2005-12-19,0.07568204986866532
2005-12-20,0.07328172067741826
2005-12-21,0.07157265128494926
2005-12-22,0.07203591873737489
2005-12-23,0.07176607463236036
2005-12-26,0.07120899756010458
2005-12-27,0.07349703029780905
2005-12-28,0.07332898187858979
2005-12-29,0.07083469554842751
2005-12-30,0.06043977904715588
2006-01-02,0.06009391011885864
2006-01-03,0.08253764965752658
2006-01-04,0.08316403590730606
2006-01-05,0.08102186675439686
2006-01-06,0.08734673945752819
2006-01-09,0.08753184372614704
2006-01-10,0.08717837730153333
2006-01-11,0.0858168261163211
2006-01-12,0.08757535206909263
2006-01-13,0.08719042223045377
2006-01-16,0.08637859642051406
2006-01-17,0.0850380920558034
2006-01-18,0.08613847401342045
2006-01-19,0.08783881207916353
2006-01-20,0.10842780118445432
2006-01-23,0.10818299436128673
2006-01-24,0.10818156719180447
2006-01-25,0.10314367248983743
2006-01-26,0.10605783674695883
2006-01-27,0.10896176410110045
2006-01-30,0.10737841266296312
2006-01-31,0.10823261663106887
2006-02-01,0.09302017773749459
2006-02-02,0.0977304330834999
2006-02-03,0.09952797908661623
2006-02-06,0.09393392859386268
2006-02-07,0.09751926254768907
2006-02-08,0.10207037862826214
2006-02-09,0.10123127653776033
2006-02-10,0.09904956297341162
2006-02-13,0.09952349966921903
2006-02-14,0.10552553951072953
2006-02-15,0.10526638550890756
2006-02-16,0.10746879600782047
2006-02-17,0.105739603950118
2006-02-20,0.0848136312034992
2006-02-21,0.0852716735153821
2006-02-22,0.0888227760221099
2006-02-23,0.0895455829476669
2006-02-24,0.08587528840739299
2006-02-27,0.08257875080600008
2006-02-28,0.09048874884948864
2006-03-01,0.09398398298596293
2006-03-02,0.0936679323537225
2006-03-03,0.08834011628085421
2006-03-06,0.08995852218471555
2006-03-07,0.08991207034662914
2006-03-08,0.08553895372418063
2006-03-09,0.08222793971034381
2006-03-10,0.08582197029643597
2006-03-13,0.08536056475476128
2006-03-14,0.0921278437802257
2006-03-15,0.08676790755178149
2006-03-16,0.08579120403504661
2006-03-17,0.08194391551307047
2006-03-20,0.08178642922742088
2006-03-21,0.08457913806435896
2006-03-22,0.08637991275875193
2006-03-23,0.08294798414986612
2006-03-24,0.0816475977690439
2006-03-27,0.08142120784081296
2006-03-28,0.08374534228203764
2006-03-29,0.08025529209434817
2006-03-30,0.07542159927708376
2006-03-31,0.07660182789132845
2006-04-03,0.07654657551690157
2006-04-04,0.07596117715157023
2006-04-05,0.07703025806350741
2006-04-06,0.07685959102440702
2006-04-07,0.083677797876405
2006-04-10,0.07963093470895526
2006-04-11,0.08402877509790531
2006-04-12,0.07603454307613189
2006-04-13,0.07425594355636495
2006-04-14,0.07370180792469824
2006-04-17,0.07421628985489764
2006-04-18,0.09487898513611748
2006-04-19,0.09254997364950866
2006-04-20,0.08998880924743688
2006-04-21,0.08926850926584948
2006-04-24,0.089516714432126
2006-04-25,0.09111884806050688
2006-04-26,0.08879944910940236
2006-04-27,0.08576700281163621
2006-04-28,0.08522191241248873
2006-05-01,0.08534917326031287
2006-05-02,0.08765486981331591
2006-05-03,0.08616672988488969
2006-05-04,0.0854739364512369
2006-05-05,0.09253740197726619
2006-05-08,0.08538036381996143
2006-05-09,0.08502070687876961
2006-05-10,0.08094329017881151
2006-05-11,0.09282881557286332
2006-05-12,0.10111570064101451
2006-05-15,0.10112850261415238
2006-05-16,0.10061013247162329
2006-05-17,0.1021614753301271
2006-05-18,0.10456744118810482
2006-05-19,0.10510258458540031
2006-05-22,0.10578844490009864
2006-05-23,0.10641126695762432
2006-05-24,0.10477604989039312
2006-05-25,0.11164085432483105
2006-05-26,0.11265452683410923
2006-05-29,0.11218077352255744
2006-05-30,0.12482535878330092
2006-05-31,0.12615972532385702
2006-06-01,0.1325735003476436
2006-06-02,0.13177251356246583
2006-06-05,0.14209026498588145
2006-06-06,0.1415617096678998
2006-06-07,0.14301445066717758
2006-06-08,0.14242580981810288
2006-06-09,0.1363188481389193
2006-06-12,0.13750253304843407
2006-06-13,0.14279500265495595
2006-06-14,0.14343524344857378
2006-06-15,0.1507043648133111
2006-06-16,0.14907593442918562
2006-06-19,0.15176586914578785
2006-06-20,0.15049414796558433
2006-06-21,0.1534270499627938
2006-06-22,0.15421542215319964
2006-06-23,0.14892129942992585
2006-06-26,0.14834165413336156
2006-06-27,0.15177953160598945
2006-06-28,0.14282689052300837
2006-06-29,0.15893723014767866
2006-06-30,0.15313027095385406
2006-07-03,0.15520242332498707
2006-07-04,0.14219334748310597
2006-07-05,0.14434284203289924
2006-07-06,0.14265741505403112
2006-07-07,0.14448408847532793
2006-07-10,0.14331102033341586
2006-07-11,0.13794863666772322
2006-07-12,0.13821503976538596
2006-07-13,0.1446875497539567
2006-07-14,0.1269358259990734
2006-07-17,0.12594778331017284
2006-07-18,0.12176086907324575
2006-07-19,0.13782618216874848
2006-07-20,0.13711192983090403
2006-07-21,0.13807585118524784
2006-07-24,0.1496823808699264
2006-07-25,0.15002083095985183
2006-07-26,0.14618620032914076
2006-07-27,0.14544776750987248
2006-07-28,0.13312143403651938
2006-07-31,0.13251845992760405
2006-08-01,0.1305615655016407
2006-08-02,0.13146729191150483
2006-08-03,0.12892303632709137
2006-08-04,0.12829391622411995
2006-08-07,0.12642166814853056
2006-08-08,0.12673514274143788
2006-08-09,0.126853174611218
2006-08-10,0.12223314433297613
2006-08-11,0.11473885930855135
2006-08-14,0.11322944034223226
2006-08-15,0.12283150240712108
2006-08-16,0.12546379805791139
2006-08-17,0.10864456943748171
2006-08-18,0.10530346191813268
2006-08-21,0.10322656668688696
2006-08-22,0.08644067733939383
2006-08-23,0.08522177899637878
2006-08-24,0.08530265968754139
2006-08-25,0.08393675406577783
2006-08-28,0.07539820539218771
2006-08-29,0.07522071222488703
2006-08-30,0.07335607441784515
2006-08-31,0.07127005286483912
2006-09-01,0.07341204266177753
2006-09-04,0.07312545746090628
2006-09-05,0.07253748306218823
2006-09-06,0.07988778150299808
2006-09-07,0.08035962366226145
2006-09-08,0.07976633270525814
2006-09-11,0.07829541470566528
2006-09-12,0.08619866416754055
2006-09-13,0.07391767203171147
2006-09-14,0.06919091140466471
2006-09-15,0.06930689120768066
2006-09-18,0.06793546424372966
2006-09-19,0.06740618338059226
2006-09-20,0.07020010908475643
2006-09-21,0.07121637004799242
2006-09-22,0.07119338988550644
2006-09-25,0.07755838831680657
2006-09-26,0.07999683805985072
2006-09-27,0.0793429993686925
2006-09-28,0.07920617392555647
2006-09-29,0.07940306335641492
2006-10-02,0.07808554944948012
2006-10-03,0.0781848114047621
2006-10-04,0.08864115766505062
2006-10-05,0.08207750407429873
2006-10-06,0.08089720843222166
2006-10-09,0.07955688234892526
2006-10-10,0.07963260680877825
2006-10-11,0.07210568058624682
2006-10-12,0.07840051256395818
2006-10-13,0.07831737689736892
2006-10-16,0.07812093858776958
2006-10-17,0.07908786516451372
2006-10-18,0.07841360811912909
2006-10-19,0.07577763525401707
2006-10-20,0.07342956690947088
2006-10-23,0.07606993647079457
2006-10-24,0.06981139157193705
2006-10-25,0.06610756804261494
2006-10-26,0.06832437688558934
2006-10-27,0.07451469108245516
2006-10-30,0.07383056829132849
2006-10-31,0.07270296727481558
2006-11-01,0.07702870234211008
2006-11-02,0.0652251893299863
2006-11-03,0.06518449323722063
2006-11-06,0.07577312110335382
2006-11-07,0.07583608055759135
2006-11-08,0.07561006813222278
2006-11-09,0.07751038067184784
2006-11-10,0.07053534846820533
2006-11-13,0.07054533677571942
2006-11-14,0.0734603545555335
2006-11-15,0.07266845435097828
2006-11-16,0.07277079267251445
2006-11-17,0.07253461889411626
2006-11-20,0.07229222296228963
2006-11-21,0.06930822545782765
2006-11-22,0.06966360617098534
2006-11-23,0.06849928547555742
2006-11-24,0.0677353992889913
2006-11-27,0.07799521203640258
2006-11-28,0.07873106030054981
2006-11-29,0.08507226408511756
2006-11-30,0.0809746729097442
2006-12-01,0.08149220320214633
2006-12-04,0.0869041097302575
2006-12-05,0.07912357839066816
2006-12-06,0.07868328919773653
2006-12-07,0.07959388691715572
2006-12-08,0.07746033770448961
2006-12-11,0.07737411671517518
2006-12-12,0.07681472223577158
2006-12-13,0.07360109849077558
2006-12-14,0.07924098499076604
2006-12-15,0.07867398089401985
2006-12-18,0.07941680634346973
2006-12-19,0.0795689600090548
2006-12-20,0.07943412892671337
2006-12-21,0.08012881029186494
2006-12-22,0.08238550381431954
2006-12-25,0.0812178242950764
2006-12-26,0.06843770590520967
2006-12-27,0.07177461428643138
2006-12-28,0.06478155780963268
2006-12-29,0.06671125923409756
2007-01-02,0.06572911387237802
2007-01-03,0.058492706049588124
2007-01-04,0.056752455273164325
2007-01-05,0.06067853879129718
2007-01-08,0.05942785345456613
2007-01-09,0.05892788344211984
2007-01-10,0.05860237406528983
2007-01-11,0.06257145006106712
2007-01-12,0.06466399212569295
2007-01-15,0.05738181764215325
2007-01-16,0.05701908957891185
2007-01-17,0.055927219717414864
2007-01-18,0.056472397380150655
2007-01-19,0.057052809184950086
2007-01-22,0.058854468856120765
2007-01-23,0.05726260016382468
2007-01-24,0.06455751003485374
2007-01-25,0.07463921745573855
2007-01-26,0.07063133137400879
2007-01-29,0.07029769173182811
2007-01-30,0.07144607916285466
2007-01-31,0.07502791983242978
2007-02-01,0.0771101613450677
2007-02-02,0.0768754401657301
2007-02-05,0.07389537144967984
2007-02-06,0.07319961941798271
2007-02-07,0.07308291439386225
2007-02-08,0.0727903686048623
2007-02-09,0.07408470475497554
2007-02-12,0.07314241006403867
2007-02-13,0.07782732100832443
2007-02-14,0.08223839990291582
2007-02-15,0.08189384247692767
2007-02-16,0.0811272478513835
2007-02-19,0.08028732554076097
2007-02-20,0.07874501440953174
2007-02-21,0.0778843266581077
2007-02-22,0.07234625014256398
2007-02-23,0.06265885327970053
2007-02-26,0.06255476009753254
2007-02-27,0.1385784160986788
2007-02-28,0.13817001552041552
2007-03-01,0.13624902873843414
2007-03-02,0.14098657333315817
2007-03-05,0.14468619565383847
2007-03-06,0.15435411544100702
2007-03-07,0.15405644890829234
2007-03-08,0.1556862132384636
2007-03-09,0.15500951403377072
2007-03-12,0.15299721327998028
2007-03-13,0.1689840943529153
2007-03-14,0.1683476950051253
2007-03-15,0.1664209281362952
2007-03-16,0.1666633097236411
2007-03-19,0.17084253613059436
2007-03-20,0.17202561803445476
2007-03-21,0.18176089494680125
2007-03-22,0.18117625064153975
2007-03-23,0.18070544821495463
2007-03-26,0.17991953287592624
2007-03-27,0.18113877097380418
2007-03-28,0.13890263386823237
2007-03-29,0.13792185379433858
2007-03-30,0.13737379737953298
2007-04-02,0.13177459272469558
2007-04-03,0.1318497422966119
2007-04-04,0.12077988012574051
2007-04-05,0.12071127747986594
2007-04-06,0.1179904597854067
2007-04-09,0.11768854159868865
2007-04-10,0.11752693028828158
2007-04-11,0.09755945261468127
2007-04-12,0.0973029492514284
2007-04-13,0.09708542121965406
2007-04-16,0.10318737718814688
2007-04-17,0.0964213054645287
2007-04-18,0.09367760356634898
2007-04-19,0.07398794705173115
2007-04-20,0.08077536596652454
2007-04-23,0.0809399785982921
2007-04-24,0.08058373150540085
2007-04-25,0.08551787008574832
2007-04-26,0.08086701942082508
2007-04-27,0.0795528628760959
2007-04-30,0.08427170215136355
2007-05-01,0.0840544738738894
2007-05-02,0.08118712110083877
2007-05-03,0.0823345313305141
2007-05-04,0.08173999469841813
2007-05-07,0.08200227442050492
2007-05-08,0.08191049031913582
2007-05-09,0.08206161387848294
2007-05-10,0.09330321143063983
2007-05-11,0.09696350971902543
2007-05-14,0.09618587351404172
2007-05-15,0.08907458422451164
2007-05-16,0.09374258025787546
2007-05-17,0.0934533866388159
2007-05-18,0.0961069891180693
2007-05-21,0.09068151141800104
2007-05-22,0.09010400224112496
2007-05-23,0.0900050475954653
2007-05-24,0.09022975778986701
2007-05-25,0.09206170173936938
2007-05-28,0.09171405998114153
2007-05-29,0.08762774090185883
2007-05-30,0.09153061685654926
2007-05-31,0.08856389862233681
2007-06-01,0.08818128998164276
2007-06-04,0.08788069255060457
2007-06-05,0.08953539898248741
2007-06-06,0.09491971590648675
2007-06-07,0.1131412173388805
2007-06-08,0.11003816134299142
2007-06-11,0.10454355550416893
2007-06-12,0.11110281927925329
2007-06-13,0.12299180876992907
2007-06-14,0.12027025930653491
2007-06-15,0.12210513146260454
2007-06-18,0.11965235038918691
2007-06-19,0.11919959305498307
2007-06-20,0.12868359940143756
2007-06-21,0.1301734391482286
2007-06-22,0.13404883530328446
2007-06-25,0.13289965364960002
2007-06-26,0.13307556107391363
2007-06-27,0.13652215752006983
2007-06-28,0.133361871280606
2007-06-29,0.13314041161911738
2007-07-02,0.13767491724308256
2007-07-03,0.13778654515299826
2007-07-04,0.13619690776345164
2007-07-05,0.13246707823348924
2007-07-06,0.11844513417219775
2007-07-09,0.11179402068564216
2007-07-10,0.12265877440108244
2007-07-11,0.11868649617452508
2007-07-12,0.1260029447013357
2007-07-13,0.1249714080416224
2007-07-16,0.12285417859448508
2007-07-17,0.12235266490069628
2007-07-18,0.12219554567141164
2007-07-19,0.11393825626925874
2007-07-20,0.1202165940044161
2007-07-23,0.11293108315177186
2007-07-24,0.13271010003717926
2007-07-25,0.13284930090692687
2007-07-26,0.1537746440662743
2007-07-27,0.16393054626057035
2007-07-30,0.1673768045422005
2007-07-31,0.16937939786587278
2007-08-01,0.17032207160949717
2007-08-02,0.17037867979438354
2007-08-03,0.19499599657420913
2007-08-06,0.21186543870225152
2007-08-07,0.2121759636175658
2007-08-08,0.2120353443450216
2007-08-09,0.236196310959157
2007-08-10,0.2261261659248476
2007-08-13,0.2249223133784294
2007-08-14,0.2338440862255362
2007-08-15,0.23878088343588022
2007-08-16,0.23812929137041922
2007-08-17,0.2524012952709631
2007-08-20,0.24804110526668624
2007-08-21,0.24673658110074081
2007-08-22,0.2405456231129433
2007-08-23,0.23948058670864342
2007-08-24,0.2291410561257234
2007-08-27,0.22438845566447282
2007-08-28,0.23698748417505788
2007-08-29,0.2450840795867212
2007-08-30,0.24368886860081931
2007-08-31,0.24605454176588704
2007-09-03,0.22772672042798997
2007-09-04,0.21576264225923011
2007-09-05,0.21845395979649576
2007-09-06,0.21322583228587538
2007-09-07,0.19671504615399604
2007-09-10,0.19604747481485102
2007-09-11,0.2015725916108592
2007-09-12,0.19105015207391857
2007-09-13,0.1871226954412698
2007-09-14,0.18618246103458921
2007-09-17,0.167811362715812
2007-09-18,0.1957995258501682
2007-09-19,0.1964298973620498
2007-09-20,0.19359945623476865
2007-09-21,0.1937542118235951
2007-09-24,0.19044265583615463
2007-09-25,0.1877044380041753
2007-09-26,0.1703592721193703
2007-09-27,0.15396001531786127
2007-09-28,0.1533974231268142
2007-10-01,0.15572281383315073
2007-10-02,0.15524453275811664
2007-10-03,0.15187306702402953
2007-10-04,0.14652933006900393
2007-10-05,0.1495473908601373
2007-10-08,0.13820669527061202
2007-10-09,0.14090972309212343
2007-10-10,0.13307791914626058
2007-10-11,0.13423263444799446
2007-10-12,0.13203384749149477
2007-10-15,0.13535535402474452
2007-10-16,0.13618746347033417
2007-10-17,0.09477160753323657
2007-10-18,0.09211545292802832
2007-10-19,0.12754796339242955
2007-10-22,0.12675276195332622
2007-10-23,0.1290130406321855
2007-10-24,0.12886576800746252
2007-10-25,0.12712751965182614
2007-10-26,0.13527079636080272
2007-10-29,0.13509061683094714
2007-10-30,0.12940772520542468
2007-10-31,0.13595773564284522
2007-11-01,0.16467036239853727
2007-11-02,0.16366571534427884
2007-11-05,0.1610761431087255
2007-11-06,0.1659886876118576
2007-11-07,0.19439412168379352
2007-11-08,0.1934334018936996
2007-11-09,0.19912005831975232
2007-11-12,0.20134567911790244
2007-11-13,0.223245673217737
2007-11-14,0.22296686611159297
2007-11-15,0.2275256885998298
2007-11-16,0.22753134958083393
2007-11-19,0.21879463611062364
2007-11-20,0.21820844498221403
2007-11-21,0.22335875213930736
2007-11-22,0.22231088365794005
2007-11-23,0.2298074724320561
2007-11-26,0.23981988667868478
2007-11-27,0.24477177045129248
2007-11-28,0.2629792693500456
2007-11-29,0.25870654452512276
2007-11-30,0.24321617965487904
2007-12-03,0.24356563362680195
2007-12-04,0.24365763089987164
2007-12-05,0.245843403934092
2007-12-06,0.23001051116792945
2007-12-07,0.22935653157020697
2007-12-10,0.22523557516389203
2007-12-11,0.24020840943687718
2007-12-12,0.22007441071734782
2007-12-13,0.2179386335543493
2007-12-14,0.2186589831346258
2007-12-17,0.22428944858722918
2007-12-18,0.21677980849084263
2007-12-19,0.21564879665548592
2007-12-20,0.20892740513589023
2007-12-21,0.21678447010164884
2007-12-24,0.2108024666550104
2007-12-25,0.19453185040229778
2007-12-26,0.18735364855685194
2007-12-27,0.1691205679256741
2007-12-28,0.1685606669545768
2007-12-31,0.16811474292294604
2008-01-02,0.1746542582071917
2008-01-03,0.1726215971731636
2008-01-04,0.1867004176747547
2008-01-07,0.17942743848172357
2008-01-08,0.19085997708781652
2008-01-09,0.19484991687235972
2008-01-10,0.17624907283081015
2008-01-11,0.18148696523356683
2008-01-14,0.18502933083656434
2008-01-15,0.19985244426109386
2008-01-16,0.1935148495688832
2008-01-17,0.21859227514860174
2008-01-18,0.21881107564037944
2008-01-21,0.21709571525237337
2008-01-22,0.21312391450019535
2008-01-23,0.22400834505970707
2008-01-24,0.2262379267512197
2008-01-25,0.23297700421211825
2008-01-28,0.23563558471681265
2008-01-29,0.23582646233834742
2008-01-30,0.23467686967370516
2008-01-31,0.23659791345404008
2008-02-01,0.24008759519448156
2008-02-04,0.22759204822277218
2008-02-05,0.25444890556012484
2008-02-06,0.24741052619315512
2008-02-07,0.24400540480119884
2008-02-08,0.24229318130993363
2008-02-11,0.23810511288038863
2008-02-12,0.2361808788359159
2008-02-13,0.2250361055621334
2008-02-14,0.22909450686474983
2008-02-15,0.20525140020857502
2008-02-18,0.2035102747110688
2008-02-19,0.20300330988712645
2008-02-20,0.20137940673889565
2008-02-21,0.19359732999777404
2008-02-22,0.19231277876057
2008-02-25,0.19062440671411846
2008-02-26,0.1825511803130714
2008-02-27,0.18084113430475524
2008-02-28,0.18278987852689202
2008-02-29,0.19894159197526387
2008-03-03,0.19378238595597916
2008-03-04,0.1904144914480641
2008-03-05,0.15596990427461616
2008-03-06,0.1726738963763883
2008-03-07,0.1728885150213124
2008-03-10,0.18078900166229042
2008-03-11,0.22043366876539294
2008-03-12,0.22078092886523606
2008-03-13,0.21584678245000663
2008-03-14,0.22346570526065304
2008-03-17,0.2251570003525733
2008-03-18,0.268026820100647
2008-03-19,0.28141567690801716
2008-03-20,0.29169118841335706
2008-03-21,0.28686163041445867
2008-03-24,0.2900583866695719
2008-03-25,0.2852901262522199
2008-03-26,0.2855189970094278
2008-03-27,0.28803201840508746
2008-03-28,0.28733875667129244
2008-03-31,0.27198605117879854
2008-04-01,0.2987291670529773
2008-04-02,0.29769578716670897
2008-04-03,0.2963548178814985
2008-04-04,0.28589050884355677
2008-04-07,0.2839403996987855
2008-04-08,0.27931889685862593
2008-04-09,0.2520646331094363
2008-04-10,0.2503343219287846
2008-04-11,0.2600802988916573
2008-04-14,0.2500611109144753
2008-04-15,0.24834444894830573
2008-04-16,0.21934916310311267
2008-04-17,0.20217549238294846
2008-04-18,0.19602676147311543
2008-04-21,0.195466553291688
2008-04-22,0.19095133822848434
2008-04-23,0.19049119342153545
2008-04-24,0.18917755139066056
2008-04-25,0.186213774369001
2008-04-28,0.1838438422003791
2008-04-29,0.18312876968944988
2008-04-30,0.1392820036400868
2008-05-01,0.15139667481986763
2008-05-02,0.1512705361305115
2008-05-05,0.15185899687657484
2008-05-06,0.15392523457193216
2008-05-07,0.16602459734220013
2008-05-08,0.16374077893359987
2008-05-09,0.16460181815847524
2008-05-12,0.15388862511844933
2008-05-13,0.1528809980021817
2008-05-14,0.15235938667921228
2008-05-15,0.13707040273831828
2008-05-16,0.13654131352591556
2008-05-19,0.12170695038474066
2008-05-20,0.12599200284569023
2008-05-21,0.13510988778139632
2008-05-22,0.13452410676639143
2008-05-23,0.14085191997865676
2008-05-26,0.13851067710823678
2008-05-27,0.14029303445754543
2008-05-28,0.14000051409797817
2008-05-29,0.14038943071421442
2008-05-30,0.12770432186219205
2008-06-02,0.13263771061492588
2008-06-03,0.13321422519817064
2008-06-04,0.1302585379813009
2008-06-05,0.13317679606846025
2008-06-06,0.1723750528944296
2008-06-09,0.16992141841283182
2008-06-10,0.16548104294376595
2008-06-11,0.17606506769695004
2008-06-12,0.17527427751331592
2008-06-13,0.17936023992244254
2008-06-16,0.17858566035673437
2008-06-17,0.17994728429895085
2008-06-18,0.18037775443750198
2008-06-19,0.17186584649237444
2008-06-20,0.1839223281570604
2008-06-23,0.17762169232892702
2008-06-24,0.17749644419292718
2008-06-25,0.17687150025652346
2008-06-26,0.20510835405813135
2008-06-27,0.20422013950474854
2008-06-30,0.2035150715184522
2008-07-01,0.2003636852503406
2008-07-02,0.20968454348796908
2008-07-03,0.2090791152567611
2008-07-04,0.1980780515138086
2008-07-07,0.16973214380581708
2008-07-08,0.1798147422368829
2008-07-09,0.19713074116852247
2008-07-10,0.18958772231612883
2008-07-11,0.1931403930690898
2008-07-14,0.18887031546098831
2008-07-15,0.19260198296674524
2008-07-16,0.21000676423098483
2008-07-17,0.21121039400431793
2008-07-18,0.20988121037962038
2008-07-21,0.19934623160693138
2008-07-22,0.20467736662072264
2008-07-23,0.2044075118011674
2008-07-24,0.21952724900521098
2008-07-25,0.19482749746152886
2008-07-28,0.20535375589698812
2008-07-29,0.22066214056444464
2008-07-30,0.2275520899680853
2008-07-31,0.22350780054586733
2008-08-01,0.22368513505493187
2008-08-04,0.22552978863138948
2008-08-05,0.244742503199228
2008-08-06,0.23725229328353706
2008-08-07,0.23283649835018788
2008-08-08,0.24588557592950772
2008-08-11,0.2433701674753581
2008-08-12,0.2448228991702416
2008-08-13,0.24140287403684127
2008-08-14,0.22654449203800953
2008-08-15,0.22270165043413315
2008-08-18,0.22899143129580177
2008-08-19,0.23107507861061222
2008-08-20,0.2271171259836139
2008-08-21,0.22625131401641715
2008-08-22,0.21541959979319023
2008-08-25,0.22603409890746384
2008-08-26,0.2166716839401281
2008-08-27,0.2036502806306944
2008-08-28,0.202406623205751
2008-08-29,0.20322416050649422
2008-09-01,0.2015537588119207
2008-09-02,0.19935251398087583
2008-09-03,0.17442713188161285
2008-09-04,0.2041886789010807
2008-09-05,0.19469486372540795
2008-09-08,0.19124491402995997
2008-09-09,0.22564349490840252
2008-09-10,0.22197526414731528
2008-09-11,0.22650029931162208
2008-09-12,0.2248157359022486
2008-09-15,0.28098274526552697
2008-09-16,0.2823531889929794
2008-09-17,0.32768225553453634
2008-09-18,0.3590361748199317
2008-09-19,0.38432705257914773
2008-09-22,0.4058084472639979
2008-09-23,0.40272524735351106
2008-09-24,0.40064039844677474
2008-09-25,0.4047404572753593
2008-09-26,0.4003381861765012
2008-09-29,0.5115254881276657
2008-09-30,0.5434592108294904
2008-10-01,0.541269900536695
2008-10-02,0.5596647903032433
2008-10-03,0.5507448397861249
2008-10-06,0.5670894385794969
2008-10-07,0.5995792640256993
2008-10-08,0.5875125557738564
2008-10-09,0.6491688847634718
2008-10-10,0.6468124731082722
2008-10-13,0.7512813859471991
2008-10-14,0.7305367827792422
2008-10-15,0.7996942263741578
2008-10-16,0.794700314566992
2008-10-17,0.7790087774517884
2008-10-20,0.7836834748185725
2008-10-21,0.7789404701664981
2008-10-22,0.8073020792845749
2008-10-23,0.806275111642725
2008-10-24,0.8120269762129033
2008-10-27,0.8188441214493822
2008-10-28,0.8372156878138164
2008-10-29,0.8163611740014851
2008-10-30,0.8195574019501516
2008-10-31,0.8077167985490413
2008-11-03,0.8046074566898636
2008-11-04,0.8053608767462099
2008-11-05,0.8025666011595465
2008-11-06,0.8213524868677062
2008-11-07,0.7816010142249561
2008-11-10,0.7803887653692047
2008-11-11,0.6900723377427969
2008-11-12,0.7143952130589881
2008-11-13,0.6797335713991295
2008-11-14,0.6806503527368164
2008-11-17,0.6850626468697902
2008-11-18,0.6654786674966616
2008-11-19,0.6929263360191277
2008-11-20,0.702458388842836
2008-11-21,0.7325676112580247
2008-11-24,0.754627561191734
2008-11-25,0.7439444160576164
2008-11-26,0.6679139056595381
2008-11-27,0.6639982355234363
2008-11-28,0.6574083349114296
2008-12-01,0.7323274006368664
2008-12-02,0.7439213959743051
2008-12-03,0.7354308256683388
2008-12-04,0.718748165143899
2008-12-05,0.7075106919477635
2008-12-08,0.712380708344995
2008-12-09,0.7146038743107614
2008-12-10,0.710259228579335
2008-12-11,0.6937547761651294
2008-12-12,0.6546458112600445
2008-12-15,0.639167692832184
2008-12-16,0.6566816546192139
2008-12-17,0.6555499786884278
2008-12-18,0.6236870805128534
2008-12-19,0.5763415761298611
2008-12-22,0.541024501740054
2008-12-23,0.4979777475909729
2008-12-24,0.496937317326915
2008-12-25,0.48185508057976034
2008-12-26,0.4815716926983753
2008-12-29,0.4801425818272175
2008-12-30,0.37066819533385376
2008-12-31,0.349263186246337
2009-01-02,0.35550978924593307
2009-01-05,0.34050334678357136
2009-01-06,0.31862437867229754
2009-01-07,0.31100020576794746
2009-01-08,0.29988613059489644
2009-01-09,0.3065588166712273
2009-01-12,0.30120656750816277
2009-01-13,0.29910673438891294
2009-01-14,0.31918968103257406
2009-01-15,0.2689993663358351
2009-01-16,0.26748542397020014
2009-01-19,0.2564026254672981
2009-01-20,0.3189175881787041
2009-01-21,0.34637492194615754
2009-01-22,0.34812102924463445
2009-01-23,0.34670646840199
2009-01-26,0.34613292511901406
2009-01-27,0.34708143396629737
2009-01-28,0.3655346944017768
2009-01-29,0.3753347008712332
2009-01-30,0.38063110227167324
2009-02-02,0.3642949552658309
2009-02-03,0.36753858108187176
2009-02-04,0.36678710337749937
2009-02-05,0.35614223565740055
2009-02-06,0.3677516381785144
2009-02-09,0.35934787652133593
2009-02-10,0.39283427953871675
2009-02-11,0.39273966692618395
2009-02-12,0.3742955602941309
2009-02-13,0.3754076024404659
2009-02-16,0.3736256160424462
2009-02-17,0.4078210940211898
2009-02-18,0.36295466433413226
2009-02-19,0.3353380357569003
2009-02-20,0.33329526543998794
2009-02-23,0.35514352829242185
2009-02-24,0.3803770782434717
2009-02-25,0.3795900912950973
2009-02-26,0.36649228879293444
2009-02-27,0.3579426899781497
2009-03-02,0.3873393073201939
2009-03-03,0.38658912163029036
2009-03-04,0.3911258003279779
2009-03-05,0.4189201640783446
2009-03-06,0.4134735399790412
2009-03-09,0.40421597968683154
2009-03-10,0.45816160254788585
2009-03-11,0.4234475635586211
2009-03-12,0.4449098691726671
2009-03-13,0.44428820755965803
2009-03-16,0.441877407125299
2009-03-17,0.45534680980138076
2009-03-18,0.43263727445712136
2009-03-19,0.43432787248045995
2009-03-20,0.43763109426883146
2009-03-23,0.49706163031895784
2009-03-24,0.48702863966790455
2009-03-25,0.4683128418352089
2009-03-26,0.4732182750685583
2009-03-27,0.4750397075018529
2009-03-30,0.4841412032106759
2009-03-31,0.4575564709224137
2009-04-01,0.4598385203060217
2009-04-02,0.46328792867077095
2009-04-03,0.43953033881847986
2009-04-06,0.4396053057214626
2009-04-07,0.44614876171011997
2009-04-08,0.39552798092080127
2009-04-09,0.4164115035664753
2009-04-10,0.3923996366456614
2009-04-13,0.3904973948534561
2009-04-14,0.39654765580943835
2009-04-15,0.38376180374528546
2009-04-16,0.38079398011455384
2009-04-17,0.37783830434670757
2009-04-20,0.40215249152838356
2009-04-21,0.33662432886448934
2009-04-22,0.32947693672635353
2009-04-23,0.3289049367011455
2009-04-24,0.32437579563117586
2009-04-27,0.3182498738317667
2009-04-28,0.29398157121985047
2009-04-29,0.2999822805238727
2009-04-30,0.29382603749541225
2009-05-01,0.27769560525529013
2009-05-04,0.2994346213468128
2009-05-05,0.2975970600194401
2009-05-06,0.29224124254588774
2009-05-07,0.292990253115481
2009-05-08,0.27703666635297025
2009-05-11,0.28724527393849875
2009-05-12,0.2860141934745825
2009-05-13,0.2937037882385781
2009-05-14,0.29220361149587715
2009-05-15,0.28986191459675065
2009-05-18,0.30774441105916944
2009-05-19,0.26865428474480924
2009-05-20,0.25886592228982713
2009-05-21,0.26411612016792574
2009-05-22,0.2610867635379423
2009-05-25,0.25402231259503316
2009-05-26,0.26764339011007443
2009-05-27,0.2757342105637849
2009-05-28,0.27109104178854443
2009-05-29,0.27476816132125753
2009-06-01,0.2882733670069665
2009-06-02,0.2642736391071644
2009-06-03,0.2681450111942715
2009-06-04,0.2642955360004402
2009-06-05,0.25981991909112134
2009-06-08,0.24629622039880714
2009-06-09,0.23474567390454038
2009-06-10,0.23461708306272702
2009-06-11,0.2164000046228767
2009-06-12,0.2130742726609481
2009-06-15,0.22599808378168765
2009-06-16,0.2068827817867178
2009-06-17,0.20619805582572862
2009-06-18,0.2072533823710834
2009-06-19,0.1989627869103144
2009-06-22,0.22690251057020042
2009-06-23,0.22627856494709456
2009-06-24,0.20930792361416709
2009-06-25,0.21246309719838544
2009-06-26,0.20538431394652185
2009-06-29,0.2024062497117959
2009-06-30,0.18531903882573533
2009-07-01,0.18525714275271907
2009-07-02,0.20723350264991602
2009-07-03,0.2026497428207136
2009-07-06,0.20195570259807397
2009-07-07,0.21374475553557892
2009-07-08,0.21282777853753845
2009-07-09,0.2123108032280441
2009-07-10,0.21143273355240383
2009-07-13,0.2283595500992045
2009-07-14,0.2136448871495047
2009-07-15,0.23291145468923813
2009-07-16,0.2343283077225315
2009-07-17,0.2318273354895937
2009-07-20,0.23476402526484272
2009-07-21,0.20965150476064925
2009-07-22,0.208915266367992
2009-07-23,0.22290905211516052
2009-07-24,0.21066604112247567
2009-07-27,0.21033535687469948
2009-07-28,0.2079309509308957
2009-07-29,0.2062924497911116
2009-07-30,0.20983553895503784
2009-07-31,0.1838610996432068
2009-08-03,0.1914633764516667
2009-08-04,0.19113266010450128
2009-08-05,0.17889896978497788
2009-08-06,0.1797733985272804
2009-08-07,0.18537269241785276
2009-08-10,0.18497105581528245
2009-08-11,0.1711589297933556
2009-08-12,0.17479698621269965
2009-08-13,0.14582865736654002
2009-08-14,0.14592356401266127
2009-08-17,0.16963464468310097
2009-08-18,0.16861712317038563
2009-08-19,0.16936977194207878
2009-08-20,0.1733614526371895
2009-08-21,0.16779801397205
2009-08-24,0.16659439589832128
2009-08-25,0.16576454360193915
2009-08-26,0.16485427924336304
2009-08-27,0.1639345261860283
2009-08-28,0.1587666397096067
2009-08-31,0.16125620342716968
2009-09-01,0.17194794759565848
2009-09-02,0.17159759496665422
2009-09-03,0.1736529488683489
2009-09-04,0.17847037088946613
2009-09-07,0.17201665168379132
2009-09-08,0.17421777682109688
2009-09-09,0.170746812097128
2009-09-10,0.1700877041508319
2009-09-11,0.16810102663028584
2009-09-14,0.1668151472736408
2009-09-15,0.14461733433211377
2009-09-16,0.15033064337665725
2009-09-17,0.14857906403217086
2009-09-18,0.14377431834532442
2009-09-21,0.12979768105769632
2009-09-22,0.13161520632444346
2009-09-23,0.13616498629321985
2009-09-24,0.14026561891696485
2009-09-25,0.14143823108822304
2009-09-28,0.15428350804433433
2009-09-29,0.15154485022959596
2009-09-30,0.13140317562024645
2009-10-01,0.1599141081291722
2009-10-02,0.15760988461740086
2009-10-05,0.1598305433756411
2009-10-06,0.16664171465322497
2009-10-07,0.16344171636268479
2009-10-08,0.16304042928320192
2009-10-09,0.15998446200298866
2009-10-12,0.16018477196457953
2009-10-13,0.158663978276389
2009-10-14,0.1696804670448018
2009-10-15,0.161856042384757
2009-10-16,0.1639223891521836
2009-10-19,0.16675907496560258
2009-10-20,0.16760546233797058
2009-10-21,0.16896752922696423
2009-10-22,0.1694312054684315
2009-10-23,0.1718072058459743
2009-10-26,0.17547921854207804
2009-10-27,0.16490939418374626
2009-10-28,0.17884951048794792
2009-10-29,0.1948260581552554
2009-10-30,0.2004638927014323
2009-11-02,0.20026098308691292
2009-11-03,0.1930398107020634
2009-11-04,0.18648163128151976
2009-11-05,0.19782862558130546
2009-11-06,0.1955913275458479
2009-11-09,0.20937869282599458
2009-11-10,0.2079854134391651
2009-11-11,0.20799639847850415
2009-11-12,0.20262969017698354
2009-11-13,0.20269681654198732
2009-11-16,0.20695466218113068
2009-11-17,0.20384263568354555
2009-11-18,0.20223474639535882
2009-11-19,0.20559527874461014
2009-11-20,0.20241660380221663
2009-11-23,0.20367118751418636
2009-11-24,0.1992292818569187
2009-11-25,0.19922093435342547
2009-11-26,0.1872598667867613
2009-11-27,0.18210178028551213
2009-11-30,0.1546323145825696
2009-12-01,0.158706776951053
2009-12-02,0.1578974015777531
2009-12-03,0.160580504880876
2009-12-04,0.1480119292902395
2009-12-07,0.1476917625877893
2009-12-08,0.13265258789862147
2009-12-09,0.13284737119998147
2009-12-10,0.13307560160776943
2009-12-11,0.12870240625434243
2009-12-14,0.12938300744996967
2009-12-15,0.12138192465679426
2009-12-16,0.12090240272257924
2009-12-17,0.1280335763402548
2009-12-18,0.12106614533486705
2009-12-21,0.1259771986283602
2009-12-22,0.11761979586114744
2009-12-23,0.11744123232910993
2009-12-24,0.11768452754486976
2009-12-25,0.11728106244452184
2009-12-28,0.10110871266084395
2009-12-29,0.10018639486019373
2009-12-30,0.09123813807684182
2009-12-31,0.09806149688976878
2010-01-04,0.10921626595058423
2010-01-05,0.10779400197054034
2010-01-06,0.10700556176397076
2010-01-07,0.10189738264260581
2010-01-08,0.10136699129578568
2010-01-11,0.09930440132561655
2010-01-12,0.10408802036146916
2010-01-13,0.10546396019107616
2010-01-14,0.10378617104178238
2010-01-15,0.11069625254185805
2010-01-18,0.10268814494974336
2010-01-19,0.10984402884980926
2010-01-20,0.11065427409575941
2010-01-21,0.12907081874775952
2010-01-22,0.1510973655710959
2010-01-25,0.15025115332223152
2010-01-26,0.15051991264772235
2010-01-27,0.15094709115049157
2010-01-28,0.15655990061828876
2010-01-29,0.1602670545796392
2010-02-01,0.16418197669834075
2010-02-02,0.161380995523035
2010-02-03,0.1617704649650395
2010-02-04,0.19627722038011924
2010-02-05,0.1951292607023155
2010-02-08,0.19706582288710958
2010-02-09,0.20190577282867514
2010-02-10,0.19883225622668474
2010-02-11,0.19941347173910462
2010-02-12,0.19894953685504413
2010-02-15,0.1948806332388788
2010-02-16,0.20468189334563813
2010-02-17,0.20038968678938082
2010-02-18,0.1981509054479364
2010-02-19,0.18692386833607558
2010-02-22,0.17047791167497123
2010-02-23,0.17514372456297592
2010-02-24,0.17769511940035923
2010-02-25,0.1767037657715085
2010-02-26,0.1716656731210459
2010-03-01,0.1720107330429354
2010-03-02,0.16500830225604518
2010-03-03,0.15873649400031495
2010-03-04,0.15796813697142056
2010-03-05,0.12602113560921457
2010-03-08,0.1251807045855735
2010-03-09,0.12124154544759498
2010-03-10,0.11392987633361071
2010-03-11,0.11433986959693036
2010-03-12,0.10926884480091524
2010-03-15,0.1085560230204934
2010-03-16,0.11189850715006414
2010-03-17,0.09629013595531377
2010-03-18,0.09492572455688214
2010-03-19,0.0940399630845411
2010-03-22,0.09531184384385306
2010-03-23,0.0984516312376478
2010-03-24,0.09150229894298229
2010-03-25,0.08540575488666169
2010-03-26,0.08472007686785586
2010-03-29,0.08681336475467114
2010-03-30,0.07945257042024552
2010-03-31,0.07985350102292832
2010-04-01,0.08393468997749988
2010-04-02,0.0826645281413068
2010-04-05,0.07339017310541752
2010-04-06,0.0732687410438726
2010-04-07,0.07601569532273407
2010-04-08,0.07517309469578211
2010-04-09,0.07749127982940869
2010-04-12,0.07740032887385005
2010-04-13,0.0770611400538224
2010-04-14,0.08229808769883704
2010-04-15,0.07956785118223296
2010-04-16,0.09809273785800941
2010-04-19,0.09760685901025459
2010-04-20,0.10005755668504406
2010-04-21,0.09679681851214708
2010-04-22,0.09495921799222055
2010-04-23,0.09793857178438603
2010-04-26,0.09900384624257975
2010-04-27,0.12786151429848408
2010-04-28,0.12955719521357895
2010-04-29,0.1367079204612616
2010-04-30,0.14691602254212255
2010-05-03,0.15374432456482004
2010-05-04,0.1736374404061717
2010-05-05,0.1746089837169044
2010-05-06,0.2084405557287334
2010-05-07,0.21482755797495318
2010-05-10,0.2614090455485616
2010-05-11,0.2603408016109978
2010-05-12,0.26410563763346573
2010-05-13,0.26443240471802604
2010-05-14,0.2724823564815912
2010-05-17,0.2656302287188994
2010-05-18,0.26964104390161375
2010-05-19,0.2681937922322949
2010-05-20,0.3022995981933639
2010-05-21,0.3061672628172106
2010-05-24,0.3081511889462452
2010-05-25,0.3066781728165827
2010-05-26,0.2961033864594467
2010-05-27,0.3162975442830616
2010-05-28,0.31591853316062624
2010-05-31,0.3097615134533769
2010-06-01,0.31245036058501663
2010-06-02,0.314487888669652
2010-06-03,0.31313939225623383
2010-06-04,0.31748387318789273
2010-06-07,0.31633175602893526
2010-06-08,0.2826795294792102
2010-06-09,0.2824349111498248
2010-06-10,0.2966220922111541
2010-06-11,0.2930999369287437
2010-06-14,0.28512732628003856
2010-06-15,0.29640473146073526
2010-06-16,0.29150055888691273
2010-06-17,0.2902054708272519
2010-06-18,0.2564271619552107
2010-06-21,0.251372432317513
2010-06-22,0.2539792814516105
2010-06-23,0.2537335275598828
2010-06-24,0.25994556297585825
2010-06-25,0.23536591647762317
2010-06-28,0.23119969266539378
2010-06-29,0.2563411851971103
2010-06-30,0.25182633352627776
2010-07-01,0.2362188780375547
2010-07-02,0.23595007259343032
2010-07-05,0.20328944753251377
2010-07-06,0.19845974547999276
2010-07-07,0.22294921634893874
2010-07-08,0.22405531698056158
2010-07-09,0.20233783167213806
2010-07-12,0.20098124612414217
2010-07-13,0.2078189569597337
2010-07-14,0.19165933384871137
2010-07-15,0.19106332183744895
2010-07-16,0.21691719680022808
2010-07-19,0.21736954711269624
2010-07-20,0.2203744138468856
2010-07-21,0.21812756006805964
2010-07-22,0.2314390310849652
2010-07-23,0.2255543938424136
2010-07-26,0.22839045996972349
2010-07-27,0.2276104960822524
2010-07-28,0.20224161562874546
2010-07-29,0.19939307778706666
2010-07-30,0.19845513897805359
2010-08-02,0.21208460717922634
2010-08-03,0.2123784332922515
2010-08-04,0.2122887506492235
2010-08-05,0.18435008266282268
2010-08-06,0.18175048209089695
2010-08-09,0.18083893745070406
2010-08-10,0.1818946566207535
2010-08-11,0.20127028223460483
2010-08-12,0.2017720304873985
2010-08-13,0.20181466873940943
2010-08-16,0.17519065227149774
2010-08-17,0.1790413624157623
2010-08-18,0.17433384049467338
2010-08-19,0.17924211227618075
2010-08-20,0.1627070115593887
2010-08-23,0.16059856635556816
2010-08-24,0.16442649321199146
2010-08-25,0.16422001189552285
2010-08-26,0.1646314649264946
2010-08-27,0.1738691832166064
2010-08-30,0.18154277676741143
2010-08-31,0.16505167118370523
2010-09-01,0.19330556957931472
2010-09-02,0.1943740955661024
2010-09-03,0.19947302475484116
2010-09-06,0.1982263128394869
2010-09-07,0.20137701599708915
2010-09-08,0.2011671124666652
2010-09-09,0.1766472524264787
2010-09-10,0.17605670166973147
2010-09-13,0.1796239307417299
2010-09-14,0.1790825226423352
2010-09-15,0.17434737847064605
2010-09-16,0.17384205161879973
2010-09-17,0.16351896211100037
2010-09-20,0.1714593097434519
2010-09-21,0.17087477512832785
2010-09-22,0.1642971633036464
2010-09-23,0.16653522471021195
2010-09-24,0.1802037111378588
2010-09-27,0.17230497184155105
2010-09-28,0.16531686102947535
2010-09-29,0.16520612396070763
2010-09-30,0.13279092164092554
2010-10-01,0.12978261885396508
2010-10-04,0.1251701339579725
2010-10-05,0.1446454012839607
2010-10-06,0.1386363859118542
2010-10-07,0.13656306723842843
2010-10-08,0.13699726645044638
2010-10-11,0.13548760765802542
2010-10-12,0.13057905062058447
2010-10-13,0.13278177162083346
2010-10-14,0.1326903803330526
2010-10-15,0.13252007431261886
2010-10-18,0.1348076489003391
2010-10-19,0.13699707691148202
2010-10-20,0.1414989224989558
2010-10-21,0.14017861431991632
2010-10-22,0.13714534829465796
2010-10-25,0.11717400111609665
2010-10-26,0.11518910963662642
2010-10-27,0.11425305411942702
2010-10-28,0.11363662280321048
2010-10-29,0.11292804707309195
2010-11-01,0.11171572559629746
2010-11-02,0.11167586956991216
2010-11-03,0.08788886377160361
2010-11-04,0.11045219725976353
2010-11-05,0.1108825499803344
2010-11-08,0.1089559197267865
2010-11-09,0.11267510106835862
2010-11-10,0.11273858352154875
2010-11-11,0.11105764967320662
2010-11-12,0.1181522472233368
2010-11-15,0.11765926608906194
2010-11-16,0.12878641232308605
2010-11-17,0.11621509684684517
2010-11-18,0.12295578975750511
2010-11-19,0.12258373666328447
2010-11-22,0.12203402262747055
2010-11-23,0.13204542784946421
2010-11-24,0.14190329770018784
2010-11-25,0.1409603023984373
2010-11-26,0.14326430480335003
2010-11-29,0.14289263204411146
2010-11-30,0.1443376266780909
2010-12-01,0.16057635055756136
2010-12-02,0.16611365145120133
2010-12-03,0.15264201518543088
2010-12-06,0.15161308442555416
2010-12-07,0.15088189036261052
2010-12-08,0.14861757600817657
2010-12-09,0.14821117494310598
2010-12-10,0.14883969341560477
2010-12-13,0.14294003864423493
2010-12-14,0.14257174158516658
2010-12-15,0.13262717421698508
2010-12-16,0.13428755981538681
2010-12-17,0.12366569319467866
2010-12-20,0.1234793267373179
2010-12-21,0.12509754431781903
2010-12-22,0.11566999878582601
2010-12-23,0.10424887009118305
2010-12-24,0.10400860750440441
2010-12-27,0.10063489195130143
2010-12-28,0.10033839421069758
2010-12-29,0.09807987952912692
2010-12-30,0.06632762315719448
2010-12-31,0.050197367995761515
2011-01-03,0.06328643206118838
2011-01-04,0.06313979884178075
2011-01-05,0.06544205217724418
2011-01-06,0.06458101984399095
2011-01-07,0.06348948938005047
2011-01-10,0.06022514031777624
2011-01-11,0.061504156498889295
2011-01-12,0.06906632013691097
2011-01-13,0.06696396233192524
2011-01-14,0.06867551548179075
2011-01-17,0.06828594475696947
2011-01-18,0.06760217545168035
2011-01-19,0.07392095401512833
2011-01-20,0.07294716533856825
2011-01-21,0.0729624341352693
2011-01-24,0.07571607478827876
2011-01-25,0.07537398892241737
2011-01-26,0.07666206460165807
2011-01-27,0.07677993260506741
2011-01-28,0.09944170184301673
2011-01-31,0.10291273590559208
2011-02-01,0.11191588141057295
2011-02-02,0.11191001229301939
2011-02-03,0.11048040434659144
2011-02-04,0.11035430134001069
2011-02-07,0.11218266384330942
2011-02-08,0.1128076644341398
2011-02-09,0.1123633156370504
2011-02-10,0.10781063407494369
2011-02-11,0.1092660526656096
2011-02-14,0.10646716223652246
2011-02-15,0.1070088797484363
2011-02-16,0.10907057244597107
2011-02-17,0.10385954444127363
2011-02-18,0.10374603183474988
2011-02-21,0.10320112725916883
2011-02-22,0.12480302076672836
2011-02-23,0.1266100301880436
2011-02-24,0.12551933335039137
2011-02-25,0.13058401251378085
2011-02-28,0.11689415805584102
2011-03-01,0.12707414331946132
2011-03-02,0.11356563273649252
2011-03-03,0.1281024032361073
2011-03-04,0.13035238497707685
2011-03-07,0.13319696054577537
2011-03-08,0.13495315244511616
2011-03-09,0.13375595442208993
2011-03-10,0.14942481421258103
2011-03-11,0.15107635312760634
2011-03-14,0.1511795118746029
2011-03-15,0.15605503505940505
2011-03-16,0.17046902721298554
2011-03-17,0.1752903110073644
2011-03-18,0.17497250927529193
2011-03-21,0.18236372287556632
2011-03-22,0.18226060648072775
2011-03-23,0.1678496402298579
2011-03-24,0.16949577345212127
2011-03-25,0.16929170185153086
2011-03-28,0.1654291857357605
2011-03-29,0.1659802298506157
2011-03-30,0.15854746571366843
2011-03-31,0.1582215665905602
2011-04-01,0.14804359746478923
2011-04-04,0.1454616874815725
2011-04-05,0.14232463979325716
2011-04-06,0.13903966033224122
2011-04-07,0.1388801126023427
2011-04-08,0.12375462922095441
2011-04-11,0.12171048717419347
2011-04-12,0.1231456793530513
2011-04-13,0.11675928109474064
2011-04-14,0.09553899667492076
2011-04-15,0.08519069054475382
2011-04-18,0.09271828259020783
2011-04-19,0.08023128009758924
2011-04-20,0.09230888419613302
2011-04-21,0.09335408484505044
2011-04-22,0.08734701946497314
2011-04-25,0.08655579778787961
2011-04-26,0.09157245355635177
2011-04-27,0.0909300238229888
2011-04-28,0.08864286149528301
2011-04-29,0.08841589867254504
2011-05-02,0.08679938843239533
2011-05-03,0.08751181297223759
2011-05-04,0.0908751327164109
2011-05-05,0.09620729339729708
2011-05-06,0.0967120138423417
2011-05-09,0.09685132672420296
2011-05-10,0.10038519382544335
2011-05-11,0.10466499036801977
2011-05-12,0.10578350971380641
2011-05-13,0.10959104529730133
2011-05-16,0.11089783457035146
2011-05-17,0.10386911487292957
2011-05-18,0.10651671616548264
2011-05-19,0.09615142746814526
2011-05-20,0.0983561818237398
2011-05-23,0.10717102459959015
2011-05-24,0.10656262778280322
2011-05-25,0.10237551600784822
2011-05-26,0.10081986162592337
2011-05-27,0.10084367155422073
2011-05-30,0.10013636344737384
2011-05-31,0.10659945958658783
2011-06-01,0.13343852901467856
2011-06-02,0.1309370323611938
2011-06-03,0.1318366468183227
2011-06-06,0.13663193783283434
2011-06-07,0.13523924275212515
2011-06-08,0.13302572887837935
2011-06-09,0.12990913011071795
2011-06-10,0.13815274571973235
2011-06-13,0.13471931490008762
2011-06-14,0.14010592381379833
2011-06-15,0.15326269530987724
2011-06-16,0.14977384120194157
2011-06-17,0.149460252504199
2011-06-20,0.1480531204294222
2011-06-21,0.14984602031678307
2011-06-22,0.15138122347593755
2011-06-23,0.1509631652728141
2011-06-24,0.15603906964869216
2011-06-27,0.15852919051939732
2011-06-28,0.164761236040281
2011-06-29,0.16318738258790147
2011-06-30,0.1474334842171468
2011-07-01,0.15562551464390412
2011-07-04,0.15131523309616915
2011-07-05,0.14635736200057495
2011-07-06,0.145771967188574
2011-07-07,0.14953002242783447
2011-07-08,0.14938743127626067
2011-07-11,0.15558345582222574
2011-07-12,0.1559980645616293
2011-07-13,0.1499843315414999
2011-07-14,0.13954176712201427
2011-07-15,0.1404245625735966
2011-07-18,0.1428970894549011
2011-07-19,0.1526834363444073
2011-07-20,0.1452545683160747
2011-07-21,0.1511039829486522
2011-07-22,0.15014940882199435
2011-07-25,0.14592596045040512
2011-07-26,0.14308098643821152
2011-07-27,0.1543311245964826
2011-07-28,0.1517501573696588
2011-07-29,0.14939941458824976
2011-08-01,0.1417291289481392
2011-08-02,0.16849113093248191
2011-08-03,0.16874362283396316
2011-08-04,0.24052168636639906
2011-08-05,0.23672217071419535
2011-08-08,0.3369252855611995
2011-08-09,0.3686509824123741
2011-08-10,0.4007406605902004
2011-08-11,0.4304135820923549
2011-08-12,0.4279586691261993
2011-08-15,0.43320387117910497
2011-08-16,0.4323684231754395
2011-08-17,0.42720035544708657
2011-08-18,0.45611331860643617
2011-08-19,0.4560709978018599
2011-08-22,0.45455719313460513
2011-08-23,0.46907737289073714
2011-08-24,0.4702971014072049
2011-08-25,0.46786762837422735
2011-08-26,0.47010974826225244
2011-08-29,0.47944196780626347
2011-08-30,0.4782334738910406
2011-08-31,0.4696813406489733
2011-09-01,0.4709058806208859
2011-09-02,0.44975295358022965
2011-09-05,0.44887767799519435
2011-09-06,0.38383971242461457
2011-09-07,0.36402888852897825
2011-09-08,0.3320137295103971
2011-09-09,0.3094903328916056
2011-09-12,0.30902164415686406
2011-09-13,0.301285983473032
2011-09-14,0.3026922517436783
2011-09-15,0.3082334493476816
2011-09-16,0.26668095554147914
2011-09-19,0.2635888540774468
2011-09-20,0.26284919088982844
2011-09-21,0.2589963757693196
2011-09-22,0.27944715436264417
2011-09-23,0.27413892679746354
2011-09-26,0.2810626684100433
2011-09-27,0.2666055002624151
2011-09-28,0.2762531464832509
2011-09-29,0.2763562644489316
2011-09-30,0.2873929565047274
2011-10-03,0.2920890013585683
2011-10-04,0.30191535477120507
2011-10-05,0.3066142403934083
2011-10-06,0.29763099548570515
2011-10-07,0.29592819049001173
2011-10-10,0.3048642755705511
2011-10-11,0.30238861512223747
2011-10-12,0.3019950603225907
2011-10-13,0.29783146324498394
2011-10-14,0.298097836920424
2011-10-17,0.30516873080924883
2011-10-18,0.31126332262000733
2011-10-19,0.31399245726696395
2011-10-20,0.2968445688183041
2011-10-21,0.2832442897423325
2011-10-24,0.2855907957071588
2011-10-25,0.2836616886964378
2011-10-26,0.28316927147955806
2011-10-27,0.29852907996205763
2011-10-28,0.29600731613339815
2011-10-31,0.2966536950076424
2011-11-01,0.2971983923838203
2011-11-02,0.2923036491799534
2011-11-03,0.2929596380455074
2011-11-04,0.28634437077410974
2011-11-07,0.28491805080229893
2011-11-08,0.2639186127482538
2011-11-09,0.2947560006560052
2011-11-10,0.2935171827336176
2011-11-11,0.30068759501795556
2011-11-14,0.29624097594809784
2011-11-15,0.28828873267718186
2011-11-16,0.28596522229418303
2011-11-17,0.2886737631128317
2011-11-18,0.2872326199192317
2011-11-21,0.2878227328005244
2011-11-22,0.28420947694843024
2011-11-23,0.2867541573930923
2011-11-24,0.28357776368901144
2011-11-25,0.2590779563677969
2011-11-28,0.2780743710061532
2011-11-29,0.264023715034886
2011-11-30,0.2872867272244594
2011-12-01,0.2811331038481369
2011-12-02,0.2729565986760744
2011-12-05,0.27404715492032344
2011-12-06,0.27242127214947304
2011-12-07,0.26900180327981416
2011-12-08,0.24904159386819077
2011-12-09,0.25407038647298036
2011-12-12,0.2510258976764406
2011-12-13,0.25041691047998665
2011-12-14,0.2528467758135436
2011-12-15,0.24594051363582686
2011-12-16,0.23880446374735254
2011-12-19,0.24228194586151255
2011-12-20,0.2554579272042395
2011-12-21,0.2543294924878249
2011-12-22,0.2441331435225799
2011-12-23,0.2458298866195372
2011-12-26,0.2450186172102223
2011-12-27,0.2241842239623936
2011-12-28,0.2283644394939243
2011-12-29,0.18131666166514024
2011-12-30,0.18144199271379632
2012-01-02,0.18083376100552984
2012-01-03,0.18546381675978044
2012-01-04,0.18483292258483022
2012-01-05,0.18458639093818682
2012-01-06,0.1697634086573305
2012-01-09,0.15983217886949064
2012-01-10,0.15459061316467074
2012-01-11,0.15131867801381688
2012-01-12,0.14622105121477894
2012-01-13,0.14679074478685428
2012-01-16,0.14608040553678042
2012-01-17,0.140880940836151
2012-01-18,0.10706135335371642
2012-01-19,0.1080422932017346
2012-01-20,0.10395964434245981
2012-01-23,0.09903257724536228
2012-01-24,0.09888420284600999
2012-01-25,0.10343987555273795
2012-01-26,0.09649933175259605
2012-01-27,0.08945121479534651
2012-01-30,0.08855921006373729
2012-01-31,0.0882878729549173
2012-02-01,0.07787079644143984
2012-02-02,0.07752943828851595
2012-02-03,0.0922387558867159
2012-02-06,0.09145746007820928
2012-02-07,0.09106849568795361
2012-02-08,0.08603286314358596
2012-02-09,0.08586869840238005
2012-02-10,0.08900500816711268
2012-02-13,0.09054141091209761
2012-02-14,0.09035558919649625
2012-02-15,0.09158716994843909
2012-02-16,0.09207976091925534
2012-02-17,0.09057827260131823
2012-02-20,0.0901930850280722
2012-02-21,0.0898489749770334
2012-02-22,0.09051436954087431
2012-02-23,0.08683412512642773
2012-02-24,0.08454649715116255
2012-02-27,0.0842566725926579
2012-02-28,0.08453032439679806
2012-02-29,0.08621816088275727
2012-03-01,0.08363600382337938
2012-03-02,0.08430739572154264
2012-03-05,0.06990165172384942
2012-03-06,0.08875134714849514
2012-03-07,0.09160220330844981
2012-03-08,0.09751727713035455
2012-03-09,0.09787600508010195
2012-03-12,0.09457061801336492
2012-03-13,0.11134289295996526
2012-03-14,0.11095081657980223
2012-03-15,0.11121092846431672
2012-03-16,0.10439377028955119
2012-03-19,0.10476762146045449
2012-03-20,0.10514420161267425
2012-03-21,0.10510907709490998
2012-03-22,0.10761729062090322
2012-03-23,0.10693329205160913
2012-03-26,0.11727935307921467
2012-03-27,0.11739649227158752
2012-03-28,0.11806509177623446
2012-03-29,0.11683291489662292
2012-03-30,0.11546629190204917
2012-04-02,0.1178395639895887
2012-04-03,0.11785351682858154
2012-04-04,0.11167075406107528
2012-04-05,0.10884389388211066
2012-04-06,0.10329278579321655
2012-04-09,0.1103009123582597
2012-04-10,0.1259893588421401
2012-04-11,0.11312086457558908
2012-04-12,0.12280969064406337
2012-04-13,0.12899811436536648
2012-04-16,0.12823489163999247
2012-04-17,0.1384538147416117
2012-04-18,0.13841239890028587
2012-04-19,0.13960292057638554
2012-04-20,0.13682437047406737
2012-04-23,0.13957408646752073
2012-04-24,0.1317236154157916
2012-04-25,0.1397103473506495
2012-04-26,0.1403737170760598
2012-04-27,0.14002063062807063
2012-04-30,0.13990622150671547
2012-05-01,0.13878314264293706
2012-05-02,0.1381339334280299
2012-05-03,0.13641010029388106
2012-05-04,0.14805125167718217
2012-05-07,0.14747563387765392
2012-05-08,0.14291122280736734
2012-05-09,0.13252200013861695
2012-05-10,0.12997412652911378
2012-05-11,0.12179947841560083
2012-05-14,0.12083375518452726
2012-05-15,0.1223738637030811
2012-05-16,0.11162200423067004
2012-05-17,0.12309350733941878
2012-05-18,0.1240662640278653
2012-05-21,0.13598609047733526
2012-05-22,0.13214529124028795
2012-05-23,0.13106490009319663
2012-05-24,0.12228551101704226
2012-05-25,0.12011248629939997
2012-05-28,0.11939717399313744
2012-05-29,0.12481187230816422
2012-05-30,0.13352521885161026
2012-05-31,0.13313303422771675
2012-06-01,0.15733399098825657
2012-06-04,0.1465987254972045
2012-06-05,0.14758630980522747
2012-06-06,0.16723468188970916
2012-06-07,0.1649340190328888
2012-06-08,0.16687025995435345
2012-06-11,0.17237468106011633
2012-06-12,0.17284914255122152
2012-06-13,0.17327499536352192
2012-06-14,0.1765125351164267
2012-06-15,0.17247117661368494
2012-06-18,0.17000631168638375
2012-06-19,0.16467333016654837
2012-06-20,0.16428516726600761
2012-06-21,0.18236163705993438
2012-06-22,0.1836335688856977
2012-06-25,0.19204383613509124
2012-06-26,0.192222000950456
2012-06-27,0.19088276687839617
2012-06-28,0.18415126519479033
2012-06-29,0.20325074158160605
2012-07-02,0.18431847000685217
2012-07-03,0.1851830527484275
2012-07-04,0.18353995980148066
2012-07-05,0.16708459214366084
2012-07-06,0.1703251652214075
2012-07-09,0.16775797942630122
2012-07-10,0.16460188001669682
2012-07-11,0.1593315466703002
2012-07-12,0.1583481874810285
2012-07-13,0.16447572480834205
2012-07-16,0.16056160386583831
2012-07-17,0.16236586616714715
2012-07-18,0.16044917663550082
2012-07-19,0.16023312347238472
2012-07-20,0.14541755494318576
2012-07-23,0.14678461308290733
2012-07-24,0.13997469887995356
2012-07-25,0.1384703449538175
2012-07-26,0.1468940704336451
2012-07-27,0.16102713856759218
2012-07-30,0.13700465397667982
2012-07-31,0.13721656805498605
2012-08-01,0.13554228997504741
2012-08-02,0.13799432715923932
2012-08-03,0.1522373140624738
2012-08-06,0.14836217769062293
2012-08-07,0.14893184398653717
2012-08-08,0.14574058936762485
2012-08-09,0.14524441412409275
2012-08-10,0.14409793917214492
2012-08-13,0.13281957585521903
2012-08-14,0.13227271140124228
2012-08-15,0.12964563348626126
2012-08-16,0.1300266705443937
2012-08-17,0.1296251672212496
2012-08-20,0.12479828755422073
2012-08-21,0.12166398407294468
2012-08-22,0.11749651155119625
2012-08-23,0.12100718431344244
2012-08-24,0.10981423775520649
2012-08-27,0.08899089825468309
2012-08-28,0.08880020780686407
2012-08-29,0.08732479456515685
2012-08-30,0.09118122228033951
2012-08-31,0.08923364618068427
2012-09-03,0.06195214194140284
2012-09-04,0.06136172496407097
2012-09-05,0.05879317636566166
2012-09-06,0.09199651545378561
2012-09-07,0.0927942720380237
2012-09-10,0.09501576949033227
2012-09-11,0.09522582073388208
2012-09-12,0.09514747229498245
2012-09-13,0.1107611091202155
2012-09-14,0.1087178320010469
2012-09-17,0.10889404235528606
2012-09-18,0.10868499954296466
2012-09-19,0.1077295732239679
2012-09-20,0.10748224423310875
2012-09-21,0.10365811512577817
2012-09-24,0.10155190668138879
2012-09-25,0.1082612135022182
2012-09-26,0.11011965819173375
2012-09-27,0.11512464828454047
2012-09-28,0.11305100653809314
2012-10-01,0.11182443359985912
2012-10-02,0.11148988888878114
2012-10-03,0.11197065838540303
2012-10-04,0.11465815738945924
2012-10-05,0.09166756640481595
2012-10-08,0.09139745899482632
2012-10-09,0.09576355554475559
2012-10-10,0.0976716556081119
2012-10-11,0.09699903517782604
2012-10-12,0.08059435119788808
2012-10-15,0.08431368678412664
2012-10-16,0.0910206559510963
2012-10-17,0.09176869761288241
2012-10-18,0.09185713165248818
2012-10-19,0.10918177436533032
2012-10-22,0.10860425432281952
2012-10-23,0.11997230566550851
2012-10-24,0.11470210922390756
2012-10-25,0.11307450274173501
2012-10-26,0.10789013221339643
2012-10-29,0.10637369428213038
2012-10-30,0.10562011327657014
2012-10-31,0.10524956565251335
2012-11-01,0.11130689068581298
2012-11-02,0.11370113228434385
2012-11-05,0.11358872466373499
2012-11-06,0.11621349961265799
2012-11-07,0.139598048862691
2012-11-08,0.14465231735311693
2012-11-09,0.14410693457311413
2012-11-12,0.1431799483566974
2012-11-13,0.1410453598060122
2012-11-14,0.1453887951150503
2012-11-15,0.14438725977896144
2012-11-16,0.14483903778196128
2012-11-19,0.15016692805234952
2012-11-20,0.14950062148078705
2012-11-21,0.14089986065187182
2012-11-22,0.14004693507625238
2012-11-23,0.14688782151528848
2012-11-26,0.14672147565368227
2012-11-27,0.14776349774588765
2012-11-28,0.1501783494534765
2012-11-29,0.15065891605673107
2012-11-30,0.1457152018498975
2012-12-03,0.14308823728791273
2012-12-04,0.14280773270158206
2012-12-05,0.14014752136393377
2012-12-06,0.11460329417161148
2012-12-07,0.10706603824684564
2012-12-10,0.10662492637198155
2012-12-11,0.1090252073992268
2012-12-12,0.10792126222296118
2012-12-13,0.09966358154885188
2012-12-14,0.10056426862093713
2012-12-17,0.10756381440133192
2012-12-18,0.09354999375550795
2012-12-19,0.09732344910442375
2012-12-20,0.09864233228452532
2012-12-21,0.10414943248821179
2012-12-24,0.09451046415108921
2012-12-25,0.09371139972648185
2012-12-26,0.09345848260172694
2012-12-27,0.0893563338445116
2012-12-28,0.09662062183177415
2012-12-31,0.11322693845104267
2013-01-02,0.14247234488649319
2013-01-03,0.14190805253147756
2013-01-04,0.14234688430014816
2013-01-07,0.14193104988166041
2013-01-08,0.14170462133805184
2013-01-09,0.1415510881041322
2013-01-10,0.1421629475157913
2013-01-11,0.1417053654084188
2013-01-14,0.1397848966424796
2013-01-15,0.13877221673227352
2013-01-16,0.1325970153019747
2013-01-17,0.12827646609616794
2013-01-18,0.1260449458089248
2013-01-21,0.124432504627382
2013-01-22,0.12117283661158829
2013-01-23,0.12078897538199183
2013-01-24,0.12060889882598425
2013-01-25,0.12098872861898889
2013-01-28,0.1210209304965611
2013-01-29,0.11636736041246407
2013-01-30,0.10246637715077188
2013-01-31,0.057971920415901254
2013-02-01,0.06745658777978679
2013-02-04,0.07733240916987395
2013-02-05,0.08480307591716463
2013-02-06,0.08349580936125428
2013-02-07,0.08296155562524735
2013-02-08,0.08119646959920902
2013-02-11,0.08085097138618529
2013-02-12,0.0806019287488136
2013-02-13,0.08015916040866222
2013-02-14,0.0798619833999203
2013-02-15,0.07749479142732044
2013-02-18,0.07642269814374415
2013-02-19,0.08063548799875173
2013-02-20,0.09074393207873266
2013-02-21,0.09334915009755433
2013-02-22,0.09823745966863091
2013-02-25,0.11646397284055009
2013-02-26,0.11797575073686987
2013-02-27,0.1248473599682358
2013-02-28,0.12365741760269011
2013-03-01,0.12315697388680559
2013-03-04,0.11923495579786095
2013-03-05,0.11737899274132295
2013-03-06,0.1115418830025159
2013-03-07,0.11130589248463929
2013-03-08,0.11204556541024044
2013-03-11,0.11074721632752424
2013-03-12,0.11090068420541045
2013-03-13,0.11055771265296431
2013-03-14,0.1121934167079184
2013-03-15,0.11216590526586903
2013-03-18,0.11382178878600198
2013-03-19,0.11403566764366209
2013-03-20,0.11371982408120593
2013-03-21,0.10966816532587176
2013-03-22,0.1103811865354346
2013-03-25,0.10687034410315853
2013-03-26,0.0907694436416145
2013-03-27,0.08802727874427119
2013-03-28,0.07796688124638117
2013-03-29,0.077495295262603
2013-04-01,0.07868172280767642
2013-04-02,0.07908518873456936
2013-04-03,0.08147785985797504
2013-04-04,0.08233186489147651
2013-04-05,0.08340009907210402
2013-04-08,0.08479566566897458
2013-04-09,0.08469344827361101
2013-04-10,0.09445867824192529
2013-04-11,0.09483846897885907
2013-04-12,0.09326418789624204
2013-04-15,0.12386536919354109
2013-04-16,0.13218328742677923
2013-04-17,0.14143009101428708
2013-04-18,0.1413136648545927
2013-04-19,0.1415896806908218
2013-04-22,0.13992595283910056
2013-04-23,0.14395791480837458
2013-04-24,0.14085004052885922
2013-04-25,0.14112422998990756
2013-04-26,0.14022255675310666
2013-04-29,0.1422867234829714
2013-04-30,0.14134732086633026
2013-05-01,0.14411614871167736
2013-05-02,0.14330608051649055
2013-05-03,0.14724775921588729
2013-05-06,0.14620093074273643
2013-05-07,0.14556596861117072
2013-05-08,0.14553083421378776
2013-05-09,0.14007813628056534
2013-05-10,0.14015973815487545
2013-05-13,0.139493857356022
2013-05-14,0.12053549454722472
2013-05-15,0.11176447884205887
2013-05-16,0.1019886816664516
2013-05-17,0.10570593489829007
2013-05-20,0.10099917393234065
2013-05-21,0.09950959437928805
2013-05-22,0.09769334568913057
2013-05-23,0.09801859586646165
2013-05-24,0.09670557979471432
2013-05-27,0.09613207293179774
2013-05-28,0.0955582617199943
2013-05-29,0.09846053646353727
2013-05-30,0.09386376360634982
2013-05-31,0.10202940566558899
2013-06-03,0.09766469995124699
2013-06-04,0.09928078166537214
2013-06-05,0.10937404838399495
2013-06-06,0.11228305230043296
2013-06-07,0.12018821039729712
2013-06-10,0.11865555776304079
2013-06-11,0.12400361797064224
2013-06-12,0.12275284255688264
2013-06-13,0.13197551830223508
2013-06-14,0.13223010941914876
2013-06-17,0.12999690139789494
2013-06-18,0.1325123333215089
2013-06-19,0.1412572100395484
2013-06-20,0.164678394838693
2013-06-21,0.1637644822890028
2013-06-24,0.16920640001352605
2013-06-25,0.1720677215237443
2013-06-26,0.17365178486780442
2013-06-27,0.1728659808714838
2013-06-28,0.17266192997678675
2013-07-01,0.16626783151822558
2013-07-02,0.16449300738670145
2013-07-03,0.16288272408747836
2013-07-04,0.1555198682130706
2013-07-05,0.15691267044377993
2013-07-08,0.15174106910409874
2013-07-09,0.1536881532125333
2013-07-10,0.14934290945342968
2013-07-11,0.15405345080217267
2013-07-12,0.14587709454317935
2013-07-15,0.14418378343378624
2013-07-16,0.1423844151529748
2013-07-17,0.14001677835507412
2013-07-18,0.13284804307255402
2013-07-19,0.1012672120685248
2013-07-22,0.10081733081857998
2013-07-23,0.09200557025333435
2013-07-24,0.08726673675444442
2013-07-25,0.08129462208439373
2013-07-26,0.07824169863404014
2013-07-29,0.07799920227273707
2013-07-30,0.07553855352149864
2013-07-31,0.07529566132326246
2013-08-01,0.08706130300821412
2013-08-02,0.08696154825831447
2013-08-05,0.07990454252522958
2013-08-06,0.08057813138434869
2013-08-07,0.07794552916064691
2013-08-08,0.07895860589173793
2013-08-09,0.06566352882572209
2013-08-12,0.06471070264388368
2013-08-13,0.0650296559641711
2013-08-14,0.06645015270322491
2013-08-15,0.08316210590642312
2013-08-16,0.08206119479667086
2013-08-19,0.08449049522204728
2013-08-20,0.0849674390179648
2013-08-21,0.08715560270109238
2013-08-22,0.09125740556872004
2013-08-23,0.09158982268808803
2013-08-26,0.0925287637945878
2013-08-27,0.1077194495466626
2013-08-28,0.10766376617327188
2013-08-29,0.10741489428094965
2013-08-30,0.09921262683587537
2013-09-02,0.09862317607597428
2013-09-03,0.09935869438959279
2013-09-04,0.10145264976476462
2013-09-05,0.10031059864472938
2013-09-06,0.09912374568123138
2013-09-09,0.10441348354574881
2013-09-10,0.10740186040978962
2013-09-11,0.10726958469048668
2013-09-12,0.10639689577581057
2013-09-13,0.09481282249274124
2013-09-16,0.09614150288972913
2013-09-17,0.09502123707441337
2013-09-18,0.10332348753404615
2013-09-19,0.10141206285585336
2013-09-20,0.10051431910302851
2013-09-23,0.10093676758025219
2013-09-24,0.10021643751984467
2013-09-25,0.08466846490559302
2013-09-26,0.0847548732609971
2013-09-27,0.0856365077775659
2013-09-30,0.08761545941588945
2013-10-01,0.09191712897549653
2013-10-02,0.09049040419608863
2013-10-03,0.09203841237304304
2013-10-04,0.09508047860380486
2013-10-07,0.09979609574554704
2013-10-08,0.10374963773807055
2013-10-09,0.10007157714968151
2013-10-10,0.12509360664891972
2013-10-11,0.1261349899649607
2013-10-14,0.12614421902153675
2013-10-15,0.12703783782892145
2013-10-16,0.13510310956443314
2013-10-17,0.13055542708137569
2013-10-18,0.13208839633123712
2013-10-21,0.1291741298462725
2013-10-22,0.12947709761732973
2013-10-23,0.13007641725615218
2013-10-24,0.1298824463632871
2013-10-25,0.13000295782347387
2013-10-28,0.12894881961548804
2013-10-29,0.1286684687193563
2013-10-30,0.1269272058365564
2013-10-31,0.12752246022277108
2013-11-01,0.12397468603021612
2013-11-04,0.12211479402660666
2013-11-05,0.11893901529185877
2013-11-06,0.11212390494229632
2013-11-07,0.12157806549775677
2013-11-08,0.10787747432264841
2013-11-11,0.10518012068064185
2013-11-12,0.1043396726258432
2013-11-13,0.10533463622297429
2013-11-14,0.09576546571173111
2013-11-15,0.093903442493257
2013-11-18,0.0920408328779721
2013-11-19,0.09205809034490366
2013-11-20,0.09078316632171675
2013-11-21,0.0937189063732071
2013-11-22,0.0944715438684887
2013-11-25,0.09310072344804637
2013-11-26,0.09261291180014171
2013-11-27,0.09082976535665951
2013-11-28,0.08902282277892075
2013-11-29,0.08791835963075223
2013-12-02,0.08784510540628074
2013-12-03,0.08771558946685593
2013-12-04,0.08718347685349777
2013-12-05,0.08737476876796728
2013-12-06,0.08463734601056853
2013-12-09,0.07149369535748679
2013-12-10,0.07225149953389015
2013-12-11,0.0824073246579558
2013-12-12,0.07876208542012275
2013-12-13,0.0766012346316198
2013-12-16,0.07834924608440506
2013-12-17,0.07797125977459862
2013-12-18,0.09692104289974321
2013-12-19,0.09569654012838404
2013-12-20,0.09299215777089127
2013-12-23,0.09315150294073493
2013-12-24,0.09328187542138613
2013-12-25,0.09290130759292034
2013-12-26,0.09385721236986293
2013-12-27,0.09357793043606004
2013-12-30,0.09328379941926883
2013-12-31,0.09373975636034852
2014-01-02,0.09837895130352141
2014-01-03,0.09801995403397762
2014-01-06,0.09721938605431382
2014-01-07,0.09200219096660434
2014-01-08,0.09153771079094764
2014-01-09,0.09063956981084734
2014-01-10,0.08225567696345165
2014-01-13,0.09279916202291183
2014-01-14,0.10022054097204333
2014-01-15,0.09941349612518423
2014-01-16,0.09870572785504439
2014-01-17,0.08243065459866127
2014-01-20,0.0820091415046291
2014-01-21,0.0806996238337872
2014-01-22,0.07832954251323042
2014-01-23,0.08398273435374196
2014-01-24,0.11207015397481937
2014-01-27,0.11206855853336509
2014-01-28,0.11386933761486195
2014-01-29,0.11952659388818926
2014-01-30,0.12505477872858412
2014-01-31,0.12334982707745408
2014-02-03,0.14777109486015516
2014-02-04,0.1495283463145104
2014-02-05,0.14769007847091475
2014-02-06,0.1538185424621207
2014-02-07,0.16054477214307428
2014-02-10,0.15972404554475103
2014-02-11,0.158499542370767
2014-02-12,0.1536265001102365
2014-02-13,0.15367109769152265
2014-02-14,0.15419406641593644
2014-02-17,0.15315872563012517
2014-02-18,0.15279504184554826
2014-02-19,0.15421418430600234
2014-02-20,0.15549294080841505
2014-02-21,0.1524507659699652
2014-02-24,0.13629547467836373
2014-02-25,0.13511655411996923
2014-02-26,0.13321293647340568
2014-02-27,0.1296469795880537
2014-02-28,0.12414804529269585
2014-03-03,0.1250101182030832
2014-03-04,0.11114711092736458
2014-03-05,0.10764831288196025
2014-03-06,0.10720060494834274
2014-03-07,0.0982949450440083
2014-03-10,0.08723603048445489
2014-03-11,0.08892519517985667
2014-03-12,0.08037677273424436
2014-03-13,0.09058810112443023
2014-03-14,0.08882178971219537
2014-03-17,0.09356006740618827
2014-03-18,0.09680636738370574
2014-03-19,0.09910465394652745
2014-03-20,0.09870362152426156
2014-03-21,0.09691269060918735
2014-03-24,0.09812823739050146
2014-03-25,0.09686305693713948
2014-03-26,0.0998994946019414
2014-03-27,0.09983853591207903
2014-03-28,0.09955049777205704
2014-03-31,0.10284617082611532
2014-04-01,0.10263221356362692
2014-04-02,0.08907821165507955
2014-04-03,0.08883949567916892
2014-04-04,0.0993122615451802
2014-04-07,0.10644994337039794
2014-04-08,0.10685553449487041
2014-04-09,0.11210252745314782
2014-04-10,0.13455056069170165
2014-04-11,0.13272538487589455
2014-04-14,0.13513902062647937
2014-04-15,0.13292161498095223
2014-04-16,0.13552507703768124
2014-04-17,0.13325285339087733
2014-04-18,0.13106947164982835
2014-04-21,0.13098418527381198
2014-04-22,0.13041532901179664
2014-04-23,0.12952723310740402
2014-04-24,0.1270860864255406
2014-04-25,0.1301591475261371
2014-04-28,0.1294296360486681
2014-04-29,0.12755623615201103
2014-04-30,0.12551356519264797
2014-05-01,0.1248604595425613
2014-05-02,0.12472142703898767
2014-05-05,0.1171392044580455
2014-05-06,0.11584535667044918
2014-05-07,0.11672040524702294
2014-05-08,0.11068820608405659
2014-05-09,0.08436682352974796
2014-05-12,0.08499245762785478
2014-05-13,0.07993544091633004
2014-05-14,0.0784012103116793
2014-05-15,0.07760719597866009
2014-05-16,0.07828029740925331
2014-05-19,0.07917275731685616
2014-05-20,0.08150373818226234
2014-05-21,0.08513910506659798
2014-05-22,0.08481328798672032
2014-05-23,0.08569332272545209
2014-05-26,0.08075709487855744
2014-05-27,0.08262612880476199
2014-05-28,0.0808859357820519
2014-05-29,0.08232123483767827
2014-05-30,0.08226685936832663
2014-06-02,0.0818373576115146
2014-06-03,0.08140076556884022
2014-06-04,0.07553079109409322
2014-06-05,0.07659878095054583
2014-06-06,0.0780849234778669
2014-06-09,0.07770784448780463
2014-06-10,0.070363684665974
2014-06-11,0.07148871652047405
2014-06-12,0.0742023734287185
2014-06-13,0.06773944599664243
2014-06-16,0.06627496400485454
2014-06-17,0.06523852202541723
2014-06-18,0.06709771676861083
2014-06-19,0.061116151717130765
2014-06-20,0.06065556233200675
2014-06-23,0.05872940662130023
2014-06-24,0.06313900027145339
2014-06-25,0.062169818481376614
2014-06-26,0.06204184289991239
2014-06-27,0.05947887619159604
2014-06-30,0.058975523209478777
2014-07-01,0.06340714330553718
2014-07-02,0.06314223984304089
2014-07-03,0.06566950045698601
2014-07-04,0.06164761906796543
2014-07-07,0.06129674203053679
2014-07-08,0.06625511276931657
2014-07-09,0.06812696418522533
2014-07-10,0.06866182041883921
2014-07-11,0.06417813854978567
2014-07-14,0.0654553408511545
2014-07-15,0.06564120897583187
2014-07-16,0.06676357550502202
2014-07-17,0.0745833782878088
2014-07-18,0.08266817890823024
2014-07-21,0.08263650368289607
2014-07-22,0.08430508665134334
2014-07-23,0.08126057777720222
2014-07-24,0.07917509879935085
2014-07-25,0.08093648989730615
2014-07-28,0.0803400060096488
2014-07-29,0.08193181261226959
2014-07-30,0.07847241708177295
2014-07-31,0.1058155510355462
2014-08-01,0.10443750514310884
2014-08-04,0.10730694535071489
2014-08-05,0.11194439758481466
2014-08-06,0.10885032957844999
2014-08-07,0.10942642209157005
2014-08-08,0.1157472060063958
2014-08-11,0.11563565441917363
2014-08-12,0.11431080560598829
2014-08-13,0.11638995088907289
2014-08-14,0.11629084549956564
2014-08-15,0.10870828404661315
2014-08-18,0.10726535975011449
2014-08-19,0.10822133916175204
2014-08-20,0.10693396752228758
2014-08-21,0.10702807501594622
2014-08-22,0.10709061641395187
2014-08-25,0.10702486078549474
2014-08-26,0.10678695629027413
2014-08-27,0.10545153250136217
2014-08-28,0.10552622091173632
2014-08-29,0.08107788760830152
2014-09-01,0.08027402066805844
2014-09-02,0.07638929493887087
2014-09-03,0.0688395452148409
2014-09-04,0.0689832093861084
2014-09-05,0.06863406860123675
2014-09-08,0.05766008698101187
2014-09-09,0.061586230243188114
2014-09-10,0.06249779812888189
2014-09-11,0.05796482938341532
2014-09-12,0.06005052381468694
2014-09-15,0.059869265948260295
2014-09-16,0.05869693711757126
2014-09-17,0.056008400283192185
2014-09-18,0.05788663483011775
2014-09-19,0.05678549119413073
2014-09-22,0.06329274511780351
2014-09-23,0.06460463995286447
2014-09-24,0.07006920880950919
2014-09-25,0.09069099045826944
2014-09-26,0.09524333717324164
2014-09-29,0.09467453650594582
2014-09-30,0.09491029320958703
2014-10-01,0.10602287926161849
2014-10-02,0.10541037145380847
2014-10-03,0.11224559874191603
2014-10-06,0.11068220182221297
2014-10-07,0.12269188009768202
2014-10-08,0.13511558587868522
2014-10-09,0.15339568512747567
2014-10-10,0.15850012207713882
2014-10-13,0.16770929726219894
2014-10-14,0.16680589784548316
2014-10-15,0.16707818706902333
2014-10-16,0.1662188671990862
2014-10-17,0.1712714944914444
2014-10-20,0.17394641312332804
2014-10-21,0.1847664902253054
2014-10-22,0.1852058453764163
2014-10-23,0.18806373485304165
2014-10-24,0.18102095558610715
2014-10-27,0.1781527983842292
2014-10-28,0.18260782937430894
2014-10-29,0.18187874108497576
2014-10-30,0.1772117664231281
2014-10-31,0.1817777060119645
2014-11-03,0.17729520208173247
2014-11-04,0.17719137401829857
2014-11-05,0.17044471301768513
2014-11-06,0.1602818480501843
2014-11-07,0.1434098012134837
2014-11-10,0.13814970333783075
2014-11-11,0.12580888646859548
2014-11-12,0.12546244987751298
2014-11-13,0.12211409910566996
2014-11-14,0.12187591503542167
2014-11-17,0.11369332766421869
2014-11-18,0.11086115992243577
2014-11-19,0.089397049795648
2014-11-20,0.085965645151374
2014-11-21,0.07750277333602335
2014-11-24,0.07427598007040546
2014-11-25,0.07408001284071056
2014-11-26,0.06284982429629479
2014-11-27,0.0624469822021066
2014-11-28,0.05947778114315937
2014-12-01,0.05082625003209025
2014-12-02,0.05550112126932305
2014-12-03,0.05605457973641372
2014-12-04,0.052583264210571114
2014-12-05,0.051004559773973494
2014-12-08,0.057273665953468875
2014-12-09,0.055969124095940403
2014-12-10,0.08064948813040076
2014-12-11,0.08192503790857973
2014-12-12,0.10023110749516297
2014-12-15,0.10261357103996703
2014-12-16,0.10689107521568281
2014-12-17,0.12700490176718965
2014-12-18,0.15178682171171265
2014-12-19,0.15180854572643415
2014-12-22,0.1507313868715091
2014-12-23,0.1498602395695357
2014-12-24,0.149238034038954
2014-12-25,0.1484471676233771
2014-12-26,0.14858349992567127
2014-12-29,0.14795844873103664
2014-12-30,0.1470820352085072
2014-12-31,0.15008077915847198
2015-01-02,0.14920160934237253
2015-01-05,0.16274779316830684
2015-01-06,0.165633692798855
2015-01-07,0.16866930860975465
2015-01-08,0.17978418643731206
2015-01-09,0.17330471803084654
2015-01-12,0.17480176990454885
2015-01-13,0.16557323160029416
2015-01-14,0.16520449080361257
2015-01-15,0.16584078609831338
2015-01-16,0.15816442315055138
2015-01-19,0.13544522844028514
2015-01-20,0.13399407542421599
2015-01-21,0.13403545455758356
2015-01-22,0.14409004848263016
2015-01-23,0.1451576124240867
2015-01-26,0.14493180176776885
2015-01-27,0.15216963668804762
2015-01-28,0.15953199882374378
2015-01-29,0.1619047857011699
2015-01-30,0.16462701940422678
2015-02-02,0.17056995148588316
2015-02-03,0.16638451615685795
2015-02-04,0.16374158343830014
2015-02-05,0.16273725814868817
2015-02-06,0.1512003064116617
2015-02-09,0.14880771767505782
2015-02-10,0.15073400362612993
2015-02-11,0.14978479954506166
2015-02-12,0.15208830293902859
2015-02-13,0.14904388359275253
2015-02-16,0.14148661375815583
2015-02-17,0.14112939987950202
2015-02-18,0.14066345208975264
2015-02-19,0.13953192593886987
2015-02-20,0.13140935607823803
2015-02-23,0.1297864273198954
2015-02-24,0.12963842467923212
2015-02-25,0.12116415787675322
2015-02-26,0.11206194214140078
2015-02-27,0.10780035499730818
2015-03-02,0.10055340027952106
2015-03-03,0.09201619636862444
2015-03-04,0.07968133316455128
2015-03-05,0.07812984091741834
2015-03-06,0.08634201673095351
2015-03-09,0.08637054767628247
2015-03-10,0.10442225567853078
2015-03-11,0.09782883361995483
2015-03-12,0.1072493859418208
2015-03-13,0.10428617216792378
2015-03-16,0.11362115359366713
2015-03-17,0.11381810424494918
2015-03-18,0.12128625669716481
2015-03-19,0.12220734604953773
2015-03-20,0.12596605975848854
2015-03-23,0.12391694553448478
2015-03-24,0.1256541813894336
2015-03-25,0.13563163639484985
2015-03-26,0.1353982653116553
2015-03-27,0.13503313328653274
2015-03-30,0.14123039230164502
2015-03-31,0.14308384797102555
2015-04-01,0.1426384850718184
2015-04-02,0.14198396526519108
2015-04-03,0.14145239963372835
2015-04-06,0.13477573216412062
2015-04-07,0.13403507201692608
2015-04-08,0.12090453925495541
2015-04-09,0.12152740325177522
2015-04-10,0.11517736416314475
2015-04-13,0.11439270942831813
2015-04-14,0.1047276111035339
2015-04-15,0.1055302388893907
2015-04-16,0.0970345442310252
2015-04-17,0.10381053528250607
2015-04-20,0.10434903679598599
2015-04-21,0.10398664588396879
2015-04-22,0.10322880466667617
2015-04-23,0.09050408398128351
2015-04-24,0.09014810514775275
2015-04-27,0.09092388081084858
2015-04-28,0.08135272488749253
2015-04-29,0.0767377839371704
2015-04-30,0.08379097480599425
2015-05-01,0.09130045964460852
2015-05-04,0.09148213539533775
2015-05-05,0.09828288687085437
2015-05-06,0.0991045823827474
2015-05-07,0.09920385917387656
2015-05-08,0.10873121492023928
2015-05-11,0.10862598288702204
2015-05-12,0.10770212794622806
2015-05-13,0.10708352575735926
2015-05-14,0.11215315542711085
2015-05-15,0.1116072547785696
2015-05-18,0.10497196802303076
2015-05-19,0.099937496829528
2015-05-20,0.09959215485115966
2015-05-21,0.09817564861836188
2015-05-22,0.09804418657071517
2015-05-25,0.09748787889924541
2015-05-26,0.10324316921815194
2015-05-27,0.10768751100062268
2015-05-28,0.10678032097160903
2015-05-29,0.103540409801684
2015-06-01,0.09671702380220869
2015-06-02,0.09602198165083481
2015-06-03,0.08718305710068232
2015-06-04,0.09125357023712384
2015-06-05,0.09026686317436579
2015-06-08,0.08146432769481589
2015-06-09,0.07917560452644981
2015-06-10,0.08912062605352317
2015-06-11,0.08891481897397864
2015-06-12,0.08492971803118851
2015-06-15,0.08637859210775264
2015-06-16,0.08788382883482568
2015-06-17,0.0877368865471527
2015-06-18,0.09426903776009521
2015-06-19,0.09574806896859393
2015-06-22,0.0976560583286042
2015-06-23,0.09721077100861351
2015-06-24,0.0944247164086579
2015-06-25,0.08966663582434004
2015-06-26,0.08920186015532329
2015-06-29,0.11402815214532482
2015-06-30,0.11371281349350003
2015-07-01,0.11604828830509653
2015-07-02,0.11537632320940938
2015-07-03,0.11116733692557443
2015-07-06,0.11178543994501437
2015-07-07,0.11152656256583382
2015-07-08,0.12632432652380496
2015-07-09,0.11943744151717962
2015-07-10,0.1268188007298269
2015-07-13,0.1303684315186363
2015-07-14,0.1299908736076301
2015-07-15,0.12813985553840007
2015-07-16,0.13088065422772727
2015-07-17,0.12612831193312665
2015-07-20,0.12442845538397583
2015-07-21,0.12355826682738776
2015-07-22,0.12365589641459127
2015-07-23,0.12274898358062915
2015-07-24,0.12817407301667455
2015-07-27,0.12972212216416387
2015-07-28,0.11663117720340206
2015-07-29,0.11888322733317305
2015-07-30,0.11602650934100013
2015-07-31,0.11602139940749491
2015-08-03,0.1162165154362423
2015-08-04,0.11552742594927434
2015-08-05,0.11394999731716972
2015-08-06,0.10256861482262142
2015-08-07,0.10259377789301342
2015-08-10,0.103950585377997
2015-08-11,0.1028466390482536
2015-08-12,0.1011584905047261
2015-08-13,0.10085615466232696
2015-08-14,0.0978494859030815
2015-08-17,0.0992834645774236
2015-08-18,0.0994901559698988
2015-08-19,0.10275682848800562
2015-08-20,0.12702107040618565
2015-08-21,0.1693048234788655
2015-08-24,0.2173102038871884
2015-08-25,0.22123784553948697
2015-08-26,0.25532638639037214
2015-08-27,0.26735914890401347
2015-08-28,0.2657112676094491
2015-08-31,0.26651323817246986
2015-09-01,0.2864441727656336
2015-09-02,0.29284104537492883
2015-09-03,0.29133417478549095
2015-09-04,0.2948759682703611
2015-09-07,0.2936532084886183
2015-09-08,0.30310260098858194
2015-09-09,0.30502952068825273
2015-09-10,0.3048028522531264
2015-09-11,0.30449587652099613
2015-09-14,0.3040469754970875
2015-09-15,0.3066033665083895
2015-09-16,0.30764729481313036
2015-09-17,0.30604356268127636
2015-09-18,0.3028712888809818
2015-09-21,0.28234090970290027
2015-09-22,0.2510953063446195
2015-09-23,0.24640995793725046
2015-09-24,0.20946862167019842
2015-09-25,0.19248482605817738
2015-09-28,0.21313016465245274
2015-09-29,0.21049602920719887
2015-09-30,0.19587636111903525
2015-10-01,0.18534900266440382
2015-10-02,0.19178382598829508
2015-10-05,0.1951101517071036
2015-10-06,0.1949374344883748
2015-10-07,0.177796567042515
2015-10-08,0.1737661386652785
2015-10-09,0.1720616731763723
2015-10-12,0.17081870406725347
2015-10-13,0.1718138102491303
2015-10-14,0.16689956803537553
2015-10-15,0.17224089708992132
2015-10-16,0.1723720716373302
2015-10-19,0.16276262882429152
2015-10-20,0.16175544903457145
2015-10-21,0.15747399188843822
2015-10-22,0.16765134779826718
2015-10-23,0.17154390561460853
2015-10-26,0.17127352530316572
2015-10-27,0.1468613011448582
2015-10-28,0.1524586525309649
2015-10-29,0.13787536691942207
2015-10-30,0.13858070863692068
2015-11-02,0.13637265848648206
2015-11-03,0.12165710708735819
2015-11-04,0.12143205903623307
2015-11-05,0.11803161222255676
2015-11-06,0.11381527079567526
2015-11-09,0.11906946232938927
2015-11-10,0.11865946809202697
2015-11-11,0.11676355703569866
2015-11-12,0.12597649470838604
2015-11-13,0.1223702016504133
2015-11-16,0.13203146982038377
2015-11-17,0.13156505327489887
2015-11-18,0.14302136508148602
2015-11-19,0.1411298736809685
2015-11-20,0.12984797271713425
2015-11-23,0.12403128343432215
2015-11-24,0.12341081326533436
2015-11-25,0.12270098167466727
2015-11-26,0.11568073183867116
2015-11-27,0.11532996029966573
2015-11-30,0.11532199307937038
2015-12-01,0.11445018826090184
2015-12-02,0.12065359205751022
2015-12-03,0.1305476833538784
2015-12-04,0.14872003357139868
2015-12-07,0.15054099800376805
2015-12-08,0.14833366455560246
2015-12-09,0.1505897198748896
2015-12-10,0.14980059771509716
2015-12-11,0.15799092677821744
2015-12-14,0.15368614999051478
2015-12-15,0.14976375654373414
2015-12-16,0.1579274806437124
2015-12-17,0.15762473283239856
2015-12-18,0.16980169617302418
2015-12-21,0.170930831465134
2015-12-22,0.1731984956245539
2015-12-23,0.17824025814385383
2015-12-24,0.17760621990935457
2015-12-25,0.1768857316999018
2015-12-28,0.17658866514543992
2015-12-29,0.17963101810931398
2015-12-30,0.17767807855320616
2015-12-31,0.17677969236714355
2016-01-04,0.1783646659161579
2016-01-05,0.16401836328265806
2016-01-06,0.16882353458044308
2016-01-07,0.18750745489003556
2016-01-08,0.18934395859170594
2016-01-11,0.18827413052469608
2016-01-12,0.1778850070602902
2016-01-13,0.19827847191946457
2016-01-14,0.2033158070176638
2016-01-15,0.21178511067223174
2016-01-18,0.20431853424085428
2016-01-19,0.19404062625158602
2016-01-20,0.1965032220129214
2016-01-21,0.19448822808667404
2016-01-22,0.20255707143873147
2016-01-25,0.20986302085865477
2016-01-26,0.21530448126442334
2016-01-27,0.2182981315563838
2016-01-28,0.21555373822300994
2016-01-29,0.23067628913571775
2016-02-01,0.2275304616975361
2016-02-02,0.23122830178362977
2016-02-03,0.23109570908332838
2016-02-04,0.22600059738057654
2016-02-05,0.220911152229123
2016-02-08,0.22339059021458121
2016-02-09,0.22257926555378837
2016-02-10,0.22032165087018885
2016-02-11,0.2075802035160207
2016-02-12,0.21102570446296953
2016-02-15,0.19681623355393305
2016-02-16,0.20495411104578898
2016-02-17,0.21270323398331759
2016-02-18,0.20907657084646972
2016-02-19,0.20760663590646036
2016-02-22,0.2024233146039312
2016-02-23,0.200101294088414
2016-02-24,0.1944116343980377
2016-02-25,0.1947252603512741
2016-02-26,0.193386613975283
2016-02-29,0.17693679334958154
2016-03-01,0.1953342909173227
2016-03-02,0.18442347002128417
2016-03-03,0.18345218404498975
2016-03-04,0.18321898478392373
2016-03-07,0.17140264566418312
2016-03-08,0.16923238373043126
2016-03-09,0.16978853709884156
2016-03-10,0.16928537672645183
2016-03-11,0.17368213606197822
2016-03-14,0.16048550709588458
2016-03-15,0.16025781825099394
2016-03-16,0.15139641365368992
2016-03-17,0.14261229342291132
2016-03-18,0.14228742816275092
2016-03-21,0.1418928831481687
2016-03-22,0.13306285747939547
2016-03-23,0.1281249614890658
2016-03-24,0.12693258357782958
2016-03-25,0.1207404006664598
2016-03-28,0.12028919510393071
2016-03-29,0.1210738545311718
2016-03-30,0.09211213380307078
2016-03-31,0.09117548461008347
2016-04-01,0.09301257864607454
2016-04-04,0.09293504920497962
2016-04-05,0.09972413511856897
2016-04-06,0.09913789989132639
2016-04-07,0.10660907221904646
2016-04-08,0.10658663810604513
2016-04-11,0.09147079988585072
2016-04-12,0.0973539516996713
2016-04-13,0.10322874728435073
2016-04-14,0.1008797081827748
2016-04-15,0.09804017235038734
2016-04-18,0.09942628228011487
2016-04-19,0.09961849861937894
2016-04-20,0.09915084144778535
2016-04-21,0.09846731217095155
2016-04-22,0.09810730333890959
2016-04-25,0.0981475656533039
2016-04-26,0.09809010179604565
2016-04-27,0.09341196893122597
2016-04-28,0.0979948864815559
2016-04-29,0.09938340859583629
2016-05-02,0.10080237921625147
2016-05-03,0.10490872478463942
2016-05-04,0.10124829121316634
2016-05-05,0.09443816960385415
2016-05-06,0.08559191786537479
2016-05-09,0.08465120476929253
2016-05-10,0.0947857975047684
2016-05-11,0.09535623023651128
2016-05-12,0.08865449218156209
2016-05-13,0.09367407385902972
2016-05-16,0.09963352485135558
2016-05-17,0.10277254006092049
2016-05-18,0.10163495165496164
2016-05-19,0.10224019085356595
2016-05-20,0.10269648046886833
2016-05-23,0.10266879554147006
2016-05-24,0.11307436411389976
2016-05-25,0.11532602535397665
2016-05-26,0.11472150282026233
2016-05-27,0.1110986009843546
2016-05-30,0.10935882932850531
2016-05-31,0.10592416706257392
2016-06-01,0.10145611199809285
2016-06-02,0.0997162278230927
2016-06-03,0.10016997110426279
2016-06-06,0.10096779193307026
2016-06-07,0.10077066948767317
2016-06-08,0.09219554795892179
2016-06-09,0.0863738557071194
2016-06-10,0.09241264359369472
2016-06-13,0.09249442031314534
2016-06-14,0.08641524124689248
2016-06-15,0.08032074476319269
2016-06-16,0.08082513277749372
2016-06-17,0.0805957463215876
2016-06-20,0.08051962193600322
2016-06-21,0.08051485794514945
2016-06-22,0.06614314584389717
2016-06-23,0.0774574550623322
2016-06-24,0.1495962755233567
2016-06-27,0.16222897105767853
2016-06-28,0.17349791123115085
2016-06-29,0.1831419520717694
2016-06-30,0.18878744039154127
2016-07-01,0.1876786544228254
2016-07-04,0.18657322784262187
2016-07-05,0.187121139813685
2016-07-06,0.18755984376056467
2016-07-07,0.18671206462391313
2016-07-08,0.19400612154425972
2016-07-11,0.19137985101941338
2016-07-12,0.19071473971640462
2016-07-13,0.1901321640196604
2016-07-14,0.19068530622713706
2016-07-15,0.19010231254058707
2016-07-18,0.18968318133678458
2016-07-19,0.18852910305558424
2016-07-20,0.1887521117583051
2016-07-21,0.18901703177161136
2016-07-22,0.18416799962349278
2016-07-25,0.13663583888895436
2016-07-26,0.12153620431528474
2016-07-27,0.10578569343038642
2016-07-28,0.08887582321913151
2016-07-29,0.07618500343077847
2016-08-01,0.07586519300757001
2016-08-02,0.07923699984242907
2016-08-03,0.07633795452335983
2016-08-04,0.07386576729189243
2016-08-05,0.07972799446709225
2016-08-08,0.06089289496444099
2016-08-09,0.0594205136025062
2016-08-10,0.05540621681449371
2016-08-11,0.05773811546641619
2016-08-12,0.05477060057362572
2016-08-15,0.055342002019462065
2016-08-16,0.05820480635053095
2016-08-17,0.058072069692493726
2016-08-18,0.056535593433907565
2016-08-19,0.05530501552756988
2016-08-22,0.05296219161674859
2016-08-23,0.052200291620966385
2016-08-24,0.05552034339475384
2016-08-25,0.05546226977351741
2016-08-26,0.0553863267387878
2016-08-29,0.05804553838410335
2016-08-30,0.05822774178342904
2016-08-31,0.054684865314557754
2016-09-01,0.053396043063339595
2016-09-02,0.05531601577439296
2016-09-05,0.04684177792547128
2016-09-06,0.04775989710214546
2016-09-07,0.047539060348338
2016-09-08,0.04720073369788179
2016-09-09,0.09765902807589608
2016-09-12,0.11024338543852573
2016-09-13,0.12191085973737198
2016-09-14,0.11987363331238207
2016-09-15,0.12469722620385404
2016-09-16,0.12487586435472202
2016-09-19,0.12422696199947263
2016-09-20,0.12372673383786904
2016-09-21,0.12928287002443625
2016-09-22,0.1298826259924484
2016-09-23,0.13128622041959984
2016-09-26,0.13466424657364948
2016-09-27,0.13519226713025848
2016-09-28,0.13605462865116563
2016-09-29,0.139795473198486
2016-09-30,0.14239903619111016
2016-10-03,0.1419038805150111
2016-10-04,0.14284066899420206
2016-10-05,0.14300680644424532
2016-10-06,0.14260257977564308
2016-10-07,0.14272729880896268
2016-10-10,0.1162900415079083
2016-10-11,0.11431100825837605
2016-10-12,0.10202461730301864
2016-10-13,0.10238421603670614
2016-10-14,0.09609935992012478
2016-10-17,0.09569657070395196
2016-10-18,0.0979877496089072
2016-10-19,0.09796125983905118
2016-10-20,0.0907073303812104
2016-10-21,0.08770835930021811
2016-10-24,0.08701494721961961
2016-10-25,0.08303620282811852
2016-10-26,0.08020921324800155
2016-10-27,0.07883164469416278
2016-10-28,0.07294491993111082
2016-10-31,0.06749728719053599
2016-11-01,0.07091027094856867
2016-11-02,0.07275099443894605
2016-11-03,0.07295390375782983
2016-11-04,0.0729291433247944
2016-11-07,0.10544759426357243
2016-11-08,0.10474171471138814
2016-11-09,0.1032676793210556
2016-11-10,0.10287028330951346
2016-11-11,0.10207453933906266
2016-11-14,0.10164273648708236
2016-11-15,0.10437646152124978
2016-11-16,0.10216484712279106
2016-11-17,0.10302373832712632
2016-11-18,0.10309032607302686
2016-11-21,0.10629378654660052
2016-11-22,0.10504517356215454
2016-11-23,0.10393998780580024
2016-11-24,0.10352488144433866
2016-11-25,0.10382830734124063
2016-11-28,0.10499280340485645
2016-11-29,0.10485095990661064
2016-11-30,0.1026640363630094
2016-12-01,0.10099900390901541
2016-12-02,0.09965300104620915
2016-12-05,0.10153481777636418
2016-12-06,0.0699685542987701
2016-12-07,0.08273682896827811
2016-12-08,0.07389175051173816
2016-12-09,0.07639289118815398
2016-12-12,0.07609956810886924
2016-12-13,0.07941711889443885
2016-12-14,0.08072577450374385
2016-12-15,0.08144529716563112
2016-12-16,0.07990775188319242
2016-12-19,0.07946700619665759
2016-12-20,0.07625790970568758
2016-12-21,0.07628981483135568
2016-12-22,0.07637974178783791
2016-12-23,0.07619701009984159
2016-12-26,0.07480014937937962
2016-12-27,0.07289076501382925
2016-12-28,0.07867974323432232
2016-12-29,0.07793433263196188
2016-12-30,0.07879383287825313
2017-01-02,0.07852992234323791
2017-01-03,0.08164488738332694
2017-01-04,0.0832143426966815
2017-01-05,0.07026458272112797
2017-01-06,0.07079416720505993
2017-01-09,0.06903407146517612
2017-01-10,0.06862966180726447
2017-01-11,0.06555121752842491
2017-01-12,0.05986553513622829
2017-01-13,0.058509685676741
2017-01-16,0.0579657472955388
2017-01-17,0.058547090909449845
2017-01-18,0.057354185490640364
2017-01-19,0.05822525658741579
2017-01-20,0.058959679969938866
2017-01-23,0.0595704688912453
2017-01-24,0.06385801343079478
2017-01-25,0.06936749406078678
2017-01-26,0.06309994030490296
2017-01-27,0.06296774660667592
2017-01-30,0.06469707362065454
2017-01-31,0.06455487040833253
2017-02-01,0.05754201039859181
2017-02-02,0.053898611282219865
2017-02-03,0.05956160222826644
2017-02-06,0.058762210235734046
2017-02-07,0.05722750309419846
2017-02-08,0.056974874926373875
2017-02-09,0.05966937163614262
2017-02-10,0.060428526910415864
2017-02-13,0.0628228741136444
2017-02-14,0.06428550606757882
2017-02-15,0.06581183845610636
2017-02-16,0.06545149174244769
2017-02-17,0.06434567740218744
2017-02-20,0.06313723497288298
2017-02-21,0.06597450127953124
2017-02-22,0.06214883168792216
2017-02-23,0.0557121468910605
2017-02-24,0.05570308170054586
2017-02-27,0.055530482035545364
2017-02-28,0.05249155781178843
2017-03-01,0.07078886405032364
2017-03-02,0.07385189469617852
2017-03-03,0.07350558072334118
2017-03-06,0.0702483135345436
2017-03-07,0.07059320358507966
2017-03-08,0.0709637334184529
2017-03-09,0.07065424004790898
2017-03-10,0.06876537649172308
2017-03-13,0.06746348538254757
2017-03-14,0.0662212741386705
2017-03-15,0.07116550565676291
2017-03-16,0.06925431382954655
2017-03-17,0.06921145147881928
2017-03-20,0.0692694934875926
2017-03-21,0.08217976184728443
2017-03-22,0.07955317009173377
2017-03-23,0.0793443378353484
2017-03-24,0.07918436756239529
2017-03-27,0.07893976115218423
2017-03-28,0.08285009349121285
2017-03-29,0.08218371309379142
2017-03-30,0.06872688198635236
2017-03-31,0.06620045470442666
2017-04-03,0.06632561644857694
2017-04-04,0.06512958741584758
2017-04-05,0.06529298956088464
2017-04-06,0.06498985334338256
2017-04-07,0.06487910763439161
2017-04-10,0.0637422471727598
2017-04-11,0.06388881508381747
2017-04-12,0.06432098415127857
2017-04-13,0.06278313468428155
2017-04-14,0.062301402846180985
2017-04-17,0.06909240783207758
2017-04-18,0.06948325699397888
2017-04-19,0.05534261843263961
2017-04-20,0.06101612802372698
2017-04-21,0.061787386025050205
2017-04-24,0.07245228440361788
2017-04-25,0.0753452061207667
2017-04-26,0.07091683575322479
2017-04-27,0.07042142426344106
2017-04-28,0.06990258751827023
2017-05-01,0.06945824178926024
2017-05-02,0.06906622397712132
2017-05-03,0.06906882947952735
2017-05-04,0.06805991676704799
2017-05-05,0.06918864519733584
2017-05-08,0.06895149085589948
2017-05-09,0.06892677128224522
2017-05-10,0.06868937996281173
2017-05-11,0.06793521655703037
2017-05-12,0.06405030524315988
2017-05-15,0.06618833656505392
2017-05-16,0.05942465756122118
2017-05-17,0.08709696560655582
2017-05-18,0.08764805861901144
2017-05-19,0.0870850978920276
2017-05-22,0.08820755150679958
2017-05-23,0.08020443244246676
2017-05-24,0.07774196648893497
2017-05-25,0.07913785810147181
2017-05-26,0.0788036626453595
2017-05-29,0.07828860024737706
2017-05-30,0.07805953797602433
2017-05-31,0.07780856199280213
2017-06-01,0.08210125356239038
2017-06-02,0.08299322226433505
2017-06-05,0.08182738988189626
2017-06-06,0.08239439094576569
2017-06-07,0.08230267525007488
2017-06-08,0.08203032049273673
2017-06-09,0.08166263657327831
2017-06-12,0.0815083959619016
2017-06-13,0.0814210352223245
2017-06-14,0.08138899630052907
2017-06-15,0.05320700140926267
2017-06-16,0.0515020058646318
2017-06-19,0.05466227019388288
2017-06-20,0.05714410048480012
2017-06-21,0.05659305386851019
2017-06-22,0.05575315312765943
2017-06-23,0.05370333439244354
2017-06-26,0.053443544404192425
2017-06-27,0.06077794444811952
2017-06-28,0.06804869423572221
2017-06-29,0.07468974259627334
2017-06-30,0.06998685105317376
2017-07-03,0.06903556751692871
2017-07-04,0.06860104046559541
2017-07-05,0.06785497818936827
2017-07-06,0.07550410719379169
2017-07-07,0.07870579214899505
2017-07-10,0.07834129752263208
2017-07-11,0.07811233433997408
2017-07-12,0.08076406114574579
2017-07-13,0.080698358294239
2017-07-14,0.08190743753004058
2017-07-17,0.08166304084316584
2017-07-18,0.07641835084572711
2017-07-19,0.07531612719970204
2017-07-20,0.07509535499828811
2017-07-21,0.07493555478922995
2017-07-24,0.07475454667367494
2017-07-25,0.07535267663833693
2017-07-26,0.07001043589491404
2017-07-27,0.06342645702878576
2017-07-28,0.05643893574461855
2017-07-31,0.05616734778940825
2017-08-01,0.05617705923104943
2017-08-02,0.056025246571072565
2017-08-03,0.05637271057874314
2017-08-04,0.04683695464372724
2017-08-07,0.04179599975616112
2017-08-08,0.042609910792019916
2017-08-09,0.042435868366692935
2017-08-10,0.061856040013081766
2017-08-11,0.061355719203245195
2017-08-14,0.06894152834322527
2017-08-15,0.06868614013873862
2017-08-16,0.06852984345376181
2017-08-17,0.08590771792369023
2017-08-18,0.0859067799070842
2017-08-21,0.0855903249456441
2017-08-22,0.09232205119977574
2017-08-23,0.09249045747361943
2017-08-24,0.09258322979137235
2017-08-25,0.09238604759318515
2017-08-28,0.09196987981897095
2017-08-29,0.0916979708425689
2017-08-30,0.09267739712835037
2017-08-31,0.09476914938651478
2017-09-01,0.09454077927585358
2017-09-04,0.09413780251300839
2017-09-05,0.09780848412953523
2017-09-06,0.09794184927068308
2017-09-07,0.09775095402201778
2017-09-08,0.08444657306111993
2017-09-11,0.09247413488101015
2017-09-12,0.08670011014478392
2017-09-13,0.08641137317909654
2017-09-14,0.08623159976325957
2017-09-15,0.06836497940294176
2017-09-18,0.06804174883219118
2017-09-19,0.06781434854414527
2017-09-20,0.05877554319078709
2017-09-21,0.0586481487073807
2017-09-22,0.058039678404922725
2017-09-25,0.058310095591093604
2017-09-26,0.058132556858504145
2017-09-27,0.05977608443223007
2017-09-28,0.05768558586846681
2017-09-29,0.055852089881121704
2017-10-02,0.057052434019910454
2017-10-03,0.057433828612935625
2017-10-04,0.051390755992025736
2017-10-05,0.05405860936151253
2017-10-06,0.05412478050275198
2017-10-09,0.05425862586732436
2017-10-10,0.04082105559387347
2017-10-11,0.039523879231417
2017-10-12,0.03988702986150259
2017-10-13,0.03957510799884333
2017-10-16,0.03940573593759422
2017-10-17,0.03895453725517685
2017-10-18,0.03866505302360042
2017-10-19,0.038496259638534445
2017-10-20,0.0412129269460727
2017-10-23,0.043631733109326824
2017-10-24,0.04319722662870075
2017-10-25,0.046394698471528044
2017-10-26,0.044309217108586686
2017-10-27,0.05241626848966514
2017-10-30,0.05219142265761571
2017-10-31,0.050342903069193506
2017-11-01,0.04992183812027682
2017-11-02,0.049560658340517344
2017-11-03,0.04694669158664419
2017-11-06,0.046825155086755214
2017-11-07,0.046311856036869346
2017-11-08,0.04577401065661909
2017-11-09,0.047402201372118674
2017-11-10,0.047106171979565244
2017-11-13,0.04694946872236691
2017-11-14,0.04734312541008001
2017-11-15,0.05132941972714292
2017-11-16,0.05877432485363742
2017-11-17,0.05948516834940309
2017-11-20,0.05683200967457413
2017-11-21,0.059788646176983554
2017-11-22,0.059433099415596456
2017-11-23,0.057068344184660516
2017-11-24,0.05719114590163645
2017-11-27,0.050160802336476656
2017-11-28,0.05988875843857919
2017-11-29,0.059607609041046374
2017-11-30,0.06594938225298978
2017-12-01,0.06624110614433233
2017-12-04,0.06535229898460679
2017-12-05,0.06656958340685051
2017-12-06,0.06632832634320668
2017-12-07,0.06680139803866045
2017-12-08,0.0683268514592763
2017-12-11,0.06904443589045392
2017-12-12,0.06895586174938671
2017-12-13,0.06838288058865914
2017-12-14,0.06739093189807335
2017-12-15,0.06905031464165892
2017-12-18,0.07094554858303376
2017-12-19,0.07169915329956969
2017-12-20,0.06806604116773234
2017-12-21,0.06813319824529883
2017-12-22,0.06795934365428279
2017-12-25,0.06739432713774035
2017-12-26,0.06738584896522945
2017-12-27,0.05845982736806629
2017-12-28,0.058643718903196466
2017-12-29,0.055033857601904865
2018-01-02,0.06188447737639628
2018-01-03,0.06570988766132004
2018-01-04,0.06587998879987896
2018-01-05,0.0703256958888065
2018-01-08,0.06956831678488128
2018-01-09,0.06689777046415057
2018-01-10,0.06599558495740745
2018-01-11,0.07025480190324265
2018-01-12,0.07409673177896921
2018-01-15,0.07252360402209472
2018-01-16,0.06709213009282948
2018-01-17,0.07253957787884144
2018-01-18,0.07174596156434118
2018-01-19,0.0731860411694163
2018-01-22,0.07815332567793902
2018-01-23,0.07821212302892143
2018-01-24,0.07798937542372879
2018-01-25,0.07762094307012514
2018-01-26,0.08792966103226534
2018-01-29,0.09096443844179534
2018-01-30,0.09738271335197417
2018-01-31,0.09280094421716979
2018-02-01,0.08995981267963674
2018-02-02,0.11658788216302775
2018-02-05,0.18562658176719546
2018-02-06,0.19503466826023283
2018-02-07,0.19512044071010762
2018-02-08,0.23682848203070292
2018-02-09,0.24082177879827552
2018-02-12,0.24408568564277042
2018-02-13,0.2431582446222269
2018-02-14,0.24694903776551874
2018-02-15,0.24808839088021764
2018-02-16,0.24709647219719688
2018-02-19,0.24591293234635148
2018-02-20,0.24495769421970778
2018-02-21,0.24532009388328785
2018-02-22,0.24478633923603504
2018-02-23,0.2510305587312073
2018-02-26,0.25108790647927126
2018-02-27,0.25402217764509016
2018-02-28,0.25424817148332535
2018-03-01,0.25852847472911755
2018-03-02,0.25868809692773576
2018-03-05,0.25108547380196317
2018-03-06,0.20693934645972845
2018-03-07,0.19794249902647368
2018-03-08,0.19748079868687113
2018-03-09,0.16090096093265302
2018-03-12,0.15232878006696435
2018-03-13,0.14648656447628797
2018-03-14,0.14737180796791546
2018-03-15,0.13977907073656912
2018-03-16,0.13333687793290586
2018-03-19,0.1426299869486158
2018-03-20,0.14214961486964509
2018-03-21,0.14055919562331512
2018-03-22,0.1656537125160262
2018-03-23,0.18170423623198942
2018-03-26,0.19735873824398814
2018-03-27,0.2027326550789545
2018-03-28,0.19741384174147625
2018-03-29,0.1993117630060317
2018-03-30,0.19305392404274757
2018-04-02,0.20810334154901955
2018-04-03,0.20906122991997533
2018-04-04,0.21232912812139504
2018-04-05,0.21306895220825778
2018-04-06,0.2263990745954555
2018-04-09,0.2181843463396097
2018-04-10,0.22560365413449973
2018-04-11,0.22487120604689925
2018-04-12,0.22543413818764302
2018-04-13,0.22508481669016803
2018-04-16,0.22645879834248006
2018-04-17,0.22411229778342126
2018-04-18,0.22342443728164077
2018-04-19,0.22402946729468212
2018-04-20,0.20883741515250265
2018-04-23,0.19558984476481858
2018-04-24,0.17970629250418685
2018-04-25,0.16927680061163722
2018-04-26,0.17274878281397502
2018-04-27,0.16590026011795578
2018-04-30,0.1683536974888377
2018-05-01,0.1497909813191622
2018-05-02,0.14582597339304748
2018-05-03,0.1404184668143163
2018-05-04,0.14551373313053115
2018-05-07,0.12481671325129762
2018-05-08,0.12380684203401504
2018-05-09,0.11534217540413162
2018-05-10,0.11832328348961327
2018-05-11,0.11461210245283684
2018-05-14,0.1137062490444154
2018-05-15,0.11299094607950191
2018-05-16,0.10778977923392889
2018-05-17,0.10745013483947032
2018-05-18,0.10590547426412965
2018-05-21,0.10501141654384313
2018-05-22,0.10544207675237842
2018-05-23,0.09547463074287492
2018-05-24,0.09534007799723114
2018-05-25,0.08885410983773717
2018-05-28,0.08844349653093259
2018-05-29,0.09356680481330266
2018-05-30,0.10319415593571976
2018-05-31,0.10314191514826035
2018-06-01,0.10958333610194806
2018-06-04,0.10160600825256938
2018-06-05,0.10035243424677018
2018-06-06,0.10465255617299447
2018-06-07,0.09904762394158771
2018-06-08,0.09418279582802527
2018-06-11,0.09363600506520126
2018-06-12,0.09345881026374682
2018-06-13,0.09160057021548806
2018-06-14,0.09072814728484756
2018-06-15,0.0905555755697547
2018-06-18,0.09032454128589586
2018-06-19,0.08798074975928248
2018-06-20,0.08728904100111734
2018-06-21,0.08954851003479115
2018-06-22,0.08927451467050063
2018-06-25,0.10147511434156599
2018-06-26,0.10145665421162559
2018-06-27,0.0984476309948973
2018-06-28,0.09116456466710222
2018-06-29,0.08764850690649549
2018-07-02,0.0801092823706747
2018-07-03,0.08058540714743784
2018-07-04,0.08016854227487406
2018-07-05,0.08063681890575737
2018-07-06,0.08586288984157431
2018-07-09,0.09059267587928516
2018-07-10,0.09102657434854658
2018-07-11,0.09428368647250004
2018-07-12,0.09812307297320302
2018-07-13,0.09733068909950879
2018-07-16,0.09703185151836974
2018-07-17,0.09755785887238512
2018-07-18,0.09660381656677587
2018-07-19,0.09739743446367478
2018-07-20,0.0948186657226668
2018-07-23,0.09457527545649426
2018-07-24,0.08379357136364239
2018-07-25,0.08934157051823229
2018-07-26,0.08499670403101572
2018-07-27,0.08568095187804015
2018-07-30,0.08804736388649632
2018-07-31,0.08891656936595274
2018-08-01,0.08710632449893604
2018-08-02,0.0886592416672957
2018-08-03,0.08517229128772398
2018-08-06,0.08096268291855364
2018-08-07,0.07568953885768555
2018-08-08,0.07448122451986479
2018-08-09,0.07048930993511643
2018-08-10,0.06893863084560317
2018-08-13,0.07025876786133156
2018-08-14,0.07358525132952505
2018-08-15,0.07730634506830487
2018-08-16,0.08174553976665509
2018-08-17,0.08115968908919091
2018-08-20,0.08119571963943746
2018-08-21,0.08095253831176742
2018-08-22,0.07905190644930524
2018-08-23,0.07294597640892854
2018-08-24,0.07536659105811408
2018-08-27,0.07682764544440497
2018-08-28,0.07392672908129132
2018-08-29,0.07470722144350464
2018-08-30,0.07625601752788151
2018-08-31,0.0740713113958098
2018-09-03,0.07209776184829268
2018-09-04,0.07121760647349488
2018-09-05,0.07123146726931591
2018-09-06,0.0723969791326989
2018-09-07,0.07257076187563778
2018-09-10,0.06850608087140032
2018-09-11,0.0683013171579247
2018-09-12,0.06454716538089732
2018-09-13,0.06195145551014172
2018-09-14,0.055620189959155436
2018-09-17,0.05806630991600484
2018-09-18,0.06043565140699097
2018-09-19,0.059871815558433204
2018-09-20,0.06586919141335228
2018-09-21,0.06538717504904619
2018-09-24,0.06320116092945066
2018-09-25,0.05768550922992888
2018-09-26,0.05884234431315485
2018-09-27,0.056232710457247766
2018-09-28,0.05390106059476568
2018-10-01,0.05527630475340741
2018-10-02,0.05509210708633561
2018-10-03,0.05457118286410788
2018-10-04,0.06119619362454101
2018-10-05,0.0631530240423984
2018-10-08,0.06246293638351516
2018-10-09,0.062198411088025006
2018-10-10,0.1318539305677655
2018-10-11,0.15087573679038332
2018-10-12,0.15765213572185482
2018-10-15,0.15861139064648663
2018-10-16,0.1742573678727689
2018-10-17,0.17241245342277683
2018-10-18,0.17972494604113046
2018-10-19,0.17696798778768733
2018-10-22,0.1772041625292686
2018-10-23,0.17757761007611658
2018-10-24,0.2089134614837236
2018-10-25,0.21830462698563396
2018-10-26,0.22651096792975794
2018-10-29,0.22711654881134147
2018-10-30,0.23301065631832307
2018-10-31,0.2356374014557674
2018-11-01,0.23808347057527252
2018-11-02,0.23704683712172184
2018-11-05,0.23657193735385723
2018-11-06,0.23714289886755985
2018-11-07,0.2482417235772778
2018-11-08,0.22052359231590182
2018-11-09,0.21128885806922312
2018-11-12,0.21743180356763583
2018-11-13,0.21581880039276027
2018-11-14,0.2048948043876158
2018-11-15,0.2079296707946558
2018-11-16,0.20152398992778228
2018-11-19,0.21002640975540318
2018-11-20,0.21922335222335726
2018-11-21,0.21797119501186749
2018-11-22,0.18962443334872578
2018-11-23,0.18025663048109022
2018-11-26,0.1785846520456029
2018-11-27,0.17692462679967766
2018-11-28,0.18678209585927502
2018-11-29,0.18266606888627832
2018-11-30,0.18108238273046373
2018-12-03,0.18360200464673984
2018-12-04,0.21612194745396143
2018-12-05,0.21409085965728653
2018-12-06,0.20128171898907324
2018-12-07,0.21760567509837206
2018-12-10,0.214538782976301
2018-12-11,0.20293515028463888
2018-12-12,0.20331501269151733
2018-12-13,0.2011073712941379
2018-12-14,0.20928440736096443
2018-12-17,0.2218576398578107
2018-12-18,0.2136627082809935
2018-12-19,0.21161766342729038
2018-12-20,0.21860022801542048
2018-12-21,0.23052670629032124
2018-12-24,0.248982512494222
2018-12-25,0.24230095763838289
2018-12-26,0.29536905355825915
2018-12-27,0.2857840729469055
2018-12-28,0.28456408122663085
2018-12-31,0.28412726088191675
2019-01-02,0.28082022017808156
2019-01-03,0.27246005706893106
2019-01-04,0.2970125207652111
2019-01-07,0.29710118478550035
2019-01-08,0.28752393989234126
2019-01-09,0.2869878564372679
2019-01-10,0.2867509438234034
2019-01-11,0.28546850773225463
2019-01-14,0.2857319530539757
2019-01-15,0.28049004597483523
2019-01-16,0.27093709684100664
2019-01-17,0.2719995604151228
2019-01-18,0.2707258059594836
2019-01-21,0.2648499744640556
2019-01-22,0.26022303077197645
2019-01-23,0.24267990045185564
2019-01-24,0.24229926614394207
2019-01-25,0.18081196514288023
2019-01-28,0.18054761128400573
2019-01-29,0.1801806147746643
2019-01-30,0.18595467557176362
2019-01-31,0.18813476703551094
2019-02-01,0.16735729159731183
2019-02-04,0.12428651247971575
2019-02-05,0.12274666564849865
2019-02-06,0.11820112959767856
2019-02-07,0.12199774563313806
2019-02-08,0.12045036894386735
2019-02-11,0.11996142968925419
2019-02-12,0.12688188847801601
2019-02-13,0.1217263496375972
2019-02-14,0.12162388959880706
2019-02-15,0.12480971954430103
2019-02-18,0.11620881743296595
2019-02-19,0.11592821665163072
2019-02-20,0.10523650908718922
2019-02-21,0.10561991998262812
2019-02-22,0.10779797506088849
2019-02-25,0.10367080106302705
2019-02-26,0.09999575139456877
2019-02-27,0.09967900783295182
2019-02-28,0.0854244433574261
2019-03-01,0.08388357772718799
2019-03-04,0.08491534843804183
2019-03-05,0.08166350660843627
2019-03-06,0.08345028476389273
2019-03-07,0.08806007364837022
2019-03-08,0.08223608170961591
2019-03-11,0.09683474989054187
2019-03-12,0.09698455398367808
2019-03-13,0.08997746145932727
2019-03-14,0.08905680668716287
2019-03-15,0.09011390370069193
2019-03-18,0.08307769552227713
2019-03-19,0.08269130775266598
2019-03-20,0.08307513069309408
2019-03-21,0.09114595838477929
2019-03-22,0.11280895871669806
2019-03-25,0.11024992304318904
2019-03-26,0.11283358209637429
2019-03-27,0.1138265261404518
2019-03-28,0.11415952274379139
2019-03-29,0.11602468301505885
2019-04-01,0.12062234297251505
2019-04-02,0.11941217728586943
2019-04-03,0.11921137477717204
2019-04-04,0.11703026458762997
2019-04-05,0.11471564063259033
2019-04-08,0.11420520010661099
2019-04-09,0.10527486221511448
2019-04-10,0.10530133265672699
2019-04-11,0.102363732129172
2019-04-12,0.10486283733656511
2019-04-15,0.10330313725565853
2019-04-16,0.10228377732044279
2019-04-17,0.10252844030061278
2019-04-18,0.1019939813448114
2019-04-19,0.09504834696186334
2019-04-22,0.06933466335344876
2019-04-23,0.07589369311118568
2019-04-24,0.07226680153997947
2019-04-25,0.07033257810552758
2019-04-26,0.07113945912269054
2019-04-29,0.06724317291853797
2019-04-30,0.054626862295985235
2019-05-01,0.060909747653540555
2019-05-02,0.060860375783234215
2019-05-03,0.06924341479096055
2019-05-06,0.0692991531213026
2019-05-07,0.0907789757857189
2019-05-08,0.08823994302331795
2019-05-09,0.08790476490879964
2019-05-10,0.0885880918687114
2019-05-13,0.1212980419936211
2019-05-14,0.12424619782745898
2019-05-15,0.12556789040297847
2019-05-16,0.1289673860036692
2019-05-17,0.13031623700217249
2019-05-20,0.1323547946299158
2019-05-21,0.13542493757445004
2019-05-22,0.1321209477469306
2019-05-23,0.13856252184755233
2019-05-24,0.1380340869383911
2019-05-27,0.13663220014536245
2019-05-28,0.1397674018647465
2019-05-29,0.14178759912703076
2019-05-30,0.13924174107839973
2019-05-31,0.14680906699728996
2019-06-03,0.14319773543624448
2019-06-04,0.1606744932684036
2019-06-05,0.1528862013988965
2019-06-06,0.15394314877255919
2019-06-07,0.15777730089478587
2019-06-10,0.15771579556301418
2019-06-11,0.13372356399281435
2019-06-12,0.13077853386275298
2019-06-13,0.12975232221080507
2019-06-14,0.12603945657170632
2019-06-17,0.12406858970303902
2019-06-18,0.12655225339202036
2019-06-19,0.12341107604838439
2019-06-20,0.12738695130859756
2019-06-21,0.12053275984619304
2019-06-24,0.12036805471257628
2019-06-25,0.12506112056333862
2019-06-26,0.121561950721411
2019-06-27,0.11980226030490596
2019-06-28,0.12116018501441297
2019-07-01,0.11560695111779488
2019-07-02,0.11540755199562942
2019-07-03,0.09421049632361404
2019-07-04,0.08966802235762099
2019-07-05,0.08724852726170135
2019-07-08,0.08156094292897832
2019-07-09,0.07971387864129555
2019-07-10,0.08110324802672808
2019-07-11,0.08092464349069775
2019-07-12,0.0812408096742589
2019-07-15,0.08075658043245934
2019-07-16,0.08156766678953854
2019-07-17,0.07830992191103738
2019-07-18,0.07847723302015246
2019-07-19,0.07503920120664731
2019-07-22,0.07530088161347753
2019-07-23,0.07876407177267847
2019-07-24,0.07353220416326388
2019-07-25,0.07576222373724466
2019-07-26,0.07895383520656152
2019-07-29,0.07647292627169625
2019-07-30,0.07237274847352707
2019-07-31,0.08157500059155459
2019-08-01,0.08377742077097848
2019-08-02,0.0876578339289524
2019-08-05,0.13743713085534898
2019-08-06,0.1436420318883358
2019-08-07,0.1426689718400165
2019-08-08,0.15613012000659185
2019-08-09,0.15734068089670464
2019-08-12,0.1624665341385786
2019-08-13,0.1706753223640351
2019-08-14,0.1998275166854652
2019-08-15,0.19773973113657617
2019-08-16,0.20341887001166353
2019-08-19,0.20634643945497735
2019-08-20,0.20760565643326856
2019-08-21,0.20784961667136595
2019-08-22,0.20649411517063976
2019-08-23,0.2255842423997075
2019-08-26,0.22708069772279196
2019-08-27,0.2266678608039289
2019-08-28,0.22719321623541286
2019-08-29,0.22829062257432572
2019-08-30,0.2255244508794529
2019-09-02,0.22361023761015228
2019-09-03,0.20014963198493219
2019-09-04,0.19880583203732807
2019-09-05,0.2038113931484684
2019-09-06,0.19325719538325895
2019-09-09,0.19146875413196948
2019-09-10,0.18638812876832667
2019-09-11,0.18096495633576942
2019-09-12,0.1503987887473504
2019-09-13,0.14986481251340783
2019-09-16,0.14207968459755477
2019-09-17,0.1361394824168085
2019-09-18,0.13314449670810233
2019-09-19,0.1299563174834006
2019-09-20,0.13109256089718338
2019-09-23,0.09597440781678254
2019-09-24,0.09356233624525549
2019-09-25,0.09529960726117641
2019-09-26,0.09292850978494291
2019-09-27,0.08466586948824989
2019-09-30,0.08629452170939875
2019-10-01,0.09676505227043522
2019-10-02,0.1135096014016955
2019-10-03,0.11080177349070336
2019-10-04,0.11319964277948484
2019-10-07,0.1138782926406282
2019-10-08,0.12665916622757428
2019-10-09,0.1302896313229073
2019-10-10,0.12949503513259278
2019-10-11,0.1344794548985974
2019-10-14,0.13391223501475177
2019-10-15,0.13777350121766746
2019-10-16,0.13718109395563538
2019-10-17,0.13702265855765
2019-10-18,0.13748283294762473
2019-10-21,0.13838865725194938
2019-10-22,0.1387347966993957
2019-10-23,0.1357611118935921
2019-10-24,0.133964523119021
2019-10-25,0.13426484739056938
2019-10-28,0.1343465253329127
2019-10-29,0.13304339966046877
2019-10-30,0.12664053082743582
2019-10-31,0.11131172396452313
2019-11-01,0.11317920651526377
2019-11-04,0.10318322858022552
2019-11-05,0.1018961527568307
2019-11-06,0.0865977983288072
2019-11-07,0.08130755678203437
2019-11-08,0.07865458100712346
2019-11-11,0.0697190726771158
2019-11-12,0.0694851316828596
2019-11-13,0.06055642057857014
2019-11-14,0.059945548026060294
2019-11-15,0.06507796748201752
2019-11-18,0.06343886172744984
2019-11-19,0.058925733241599026
2019-11-20,0.05924552676974
2019-11-21,0.0586400186734455
2019-11-22,0.05859220055089017
2019-11-25,0.06275008941152081
2019-11-26,0.06013534946307076
2019-11-27,0.061747682479061206
2019-11-28,0.060531018089408986
2019-11-29,0.061393102152876196
2019-12-02,0.06055215972423867
2019-12-03,0.06386289889892584
2019-12-04,0.06740074830272068
2019-12-05,0.06715523876558838
2019-12-06,0.07381163430605071
2019-12-09,0.07403766647326272
2019-12-10,0.07356714509164237
2019-12-11,0.07383418840385642
2019-12-12,0.07966670228507461
2019-12-13,0.0792618653943293
2019-12-16,0.0789357372798985
2019-12-17,0.07855838104745715
2019-12-18,0.07830047021840686
2019-12-19,0.07872435752404104
2019-12-20,0.08035240782456032
2019-12-23,0.07976352044654018
2019-12-24,0.07543589628960304
2019-12-25,0.07487327639775374
2019-12-26,0.07567085316727179
2019-12-27,0.07548257650236202
2019-12-30,0.07712094190981945
2019-12-31,0.07192428455481975
2020-01-02,0.07435148687913573
2020-01-03,0.0756057453911596
2020-01-06,0.07625384095509034
2020-01-07,0.07037740803852509
2020-01-08,0.07153321264080281
2020-01-09,0.07510021398546414
2020-01-10,0.07503281442630726
2020-01-13,0.07338257648998553
2020-01-14,0.07334570749894856
2020-01-15,0.0692384783310415
2020-01-16,0.07517079933691069
2020-01-17,0.07617041092585859
2020-01-20,0.07433027890929608
2020-01-21,0.07295179811111428
2020-01-22,0.07258297410588634
2020-01-23,0.07240604568271741
2020-01-24,0.07931764103689855
2020-01-27,0.0955274472603107
2020-01-28,0.10176207403626222
2020-01-29,0.09949347187981972
2020-01-30,0.09928463695889653
2020-01-31,0.11417768962611499
2020-02-03,0.1142737173732088
2020-02-04,0.12507457249230902
2020-02-05,0.13064565089823438
2020-02-06,0.12957993145806448
2020-02-07,0.12883096821600154
2020-02-10,0.1307715232144151
2020-02-11,0.128220362519732
2020-02-12,0.12989788829899432
2020-02-13,0.1295321472016502
2020-02-14,0.12619221700398203
2020-02-17,0.12516155909514867
2020-02-18,0.1254554441906703
2020-02-19,0.12607251537658162
2020-02-20,0.1267170388666354
2020-02-21,0.1321226956454565
2020-02-24,0.17539091838670837
2020-02-25,0.19890777958780753
2020-02-26,0.1957164589099219
2020-02-27,0.2516781307319454
2020-02-28,0.25236697733001473
2020-03-02,0.29129189170727854
2020-03-03,0.30683854075801487
2020-03-04,0.33539178319793284
2020-03-05,0.3542852459986919
2020-03-06,0.35822752498462046
2020-03-09,0.45197462948946443
2020-03-10,0.4813025573679341
2020-03-11,0.5117829380843055
2020-03-12,0.6190944258027221
2020-03-13,0.6920232369448545
2020-03-16,0.8228347456817159
2020-03-17,0.8454304384784503
2020-03-18,0.8634999967223189
2020-03-19,0.8590420148890697
2020-03-20,0.8712641369547699
2020-03-23,0.874756488073686
2020-03-24,0.9215498452681089
2020-03-25,0.9134885878950104
2020-03-26,0.9367780007221052
2020-03-27,0.9304377343192447
2020-03-30,0.9356682500433512
2020-03-31,0.9230935966050744
2020-04-01,0.9308636162470149
2020-04-02,0.922296189614792
2020-04-03,0.9150829797618403
2020-04-06,0.9434328150266277
2020-04-07,0.9027513588161744
2020-04-08,0.8949104185954853
2020-04-09,0.878969481043259
2020-04-10,0.8097541607042368
2020-04-13,0.7518400845488709
2020-04-14,0.623868969788353
2020-04-15,0.5964823033431358
2020-04-16,0.5677452867643514
2020-04-17,0.5746516580231149
2020-04-20,0.5577757689200417
2020-04-21,0.5591843169922723
2020-04-22,0.47568837287976345
2020-04-23,0.4726550646783405
2020-04-24,0.4279356909293317
2020-04-27,0.41444352122168127
2020-04-28,0.3986590026164293
2020-04-29,0.4052706849660245
2020-04-30,0.376060446926832
2020-05-01,0.3814405051684074
2020-05-04,0.37714302503290154
2020-05-05,0.2996819942347473
2020-05-06,0.2999196001309061
2020-05-07,0.2800020713883303
2020-05-08,0.2815937589154124
2020-05-11,0.280557159701442
2020-05-12,0.28775343282306276
2020-05-13,0.27595772245280187
2020-05-14,0.2679501025506346
2020-05-15,0.2667222517900331
2020-05-18,0.27375602084985257
2020-05-19,0.26890799953615674
2020-05-20,0.2536996040599981
2020-05-21,0.24269759076162367
2020-05-22,0.24180034388201366
2020-05-25,0.23631942792064375
2020-05-26,0.23476761016676942
2020-05-27,0.23953482504039442
2020-05-28,0.22189899261303347
2020-05-29,0.2197861952194315
2020-06-01,0.19742309875819705
2020-06-02,0.19870270888763206
2020-06-03,0.2019376974820377
2020-06-04,0.20047373595301013
2020-06-05,0.21663029317868993
2020-06-08,0.21301735023430193
2020-06-09,0.2144734769289734
2020-06-10,0.20312347287466825
2020-06-11,0.2876743188924313
2020-06-12,0.2879145141353775
2020-06-15,0.288169197873817
2020-06-16,0.2759724630496442
2020-06-17,0.2729470126898194
2020-06-18,0.26604089153594296
2020-06-19,0.2649214964869697
2020-06-22,0.26524055142966924
2020-06-23,0.2651095354372652
2020-06-24,0.2776306959561637
2020-06-25,0.27541962727196867
2020-06-26,0.2885215415132102
2020-06-29,0.29224178027415876
2020-06-30,0.2965555751611757
2020-07-01,0.29507820372261057
2020-07-02,0.2913002958754481
2020-07-03,0.2904137539369234
2020-07-06,0.28225891125225283
2020-07-07,0.28177939661990187
2020-07-08,0.2815111444183627
2020-07-09,0.28132666606192547
2020-07-10,0.19516294079345806
2020-07-13,0.1927989731589251
2020-07-14,0.19620959768831162
2020-07-15,0.18793621751900533
2020-07-16,0.18738465282435063
2020-07-17,0.18703547319809735
2020-07-20,0.18810791334322607
2020-07-21,0.18635902778947225
2020-07-22,0.18660234612097212
2020-07-23,0.16993197385351466
2020-07-24,0.16710776608199
2020-07-27,0.14703531594804584
2020-07-28,0.1401824127219638
2020-07-29,0.13720935116939384
2020-07-30,0.1363840864724873
2020-07-31,0.13787504799627967
2020-08-03,0.1398624402365522
2020-08-04,0.12941770452282655
2020-08-05,0.12581468828210218
2020-08-06,0.12478977520584808
2020-08-07,0.12272576677604001
2020-08-10,0.117553979164661
2020-08-11,0.11664174183024177
2020-08-12,0.1181476808550384
2020-08-13,0.11392235338317158
2020-08-14,0.1128177260711079
2020-08-17,0.11242827726161693
2020-08-18,0.10873389167141082
2020-08-19,0.10961608481657246
2020-08-20,0.10818577545639385
2020-08-21,0.10020576250980091
2020-08-24,0.10408061874797518
2020-08-25,0.1015716010145062
2020-08-26,0.10536982513830734
2020-08-27,0.09646002696233827
2020-08-28,0.09837971188320065
2020-08-31,0.0950097515779805
2020-09-01,0.09550372854674254
2020-09-02,0.10883576222046146
2020-09-03,0.1644853074448315
2020-09-04,0.16525155601680921
2020-09-07,0.16438995927910321
2020-09-08,0.19168974440785888
2020-09-09,0.202155733713179
2020-09-10,0.20616823529741282
2020-09-11,0.2048892208943254
2020-09-14,0.2093388190171047
2020-09-15,0.20927019715921671
2020-09-16,0.2092685280145104
2020-09-17,0.21059641703409412
2020-09-18,0.21388429502120374
2020-09-21,0.21732764192008155
2020-09-22,0.21751026627157813
2020-09-23,0.23305277852119013
2020-09-24,0.2299553632966928
2020-09-25,0.23637017724645312
2020-09-28,0.2416985927312894
2020-09-29,0.2416536480595345
2020-09-30,0.2416462248456873
2020-10-01,0.2363023516083306
2020-10-02,0.205573794979322
2020-10-05,0.21301099148942051
2020-10-06,0.21858812255537516
2020-10-07,0.2056780126509287
2020-10-08,0.1957044057034913
2020-10-09,0.1882792467082179
2020-10-12,0.19658574258954759
2020-10-13,0.19263089343633188
2020-10-14,0.1928060594334923
2020-10-15,0.1915355327683104
2020-10-16,0.18867658622042238
2020-10-19,0.19371565682899275
2020-10-20,0.18987599050049872
2020-10-21,0.1862181705860915
2020-10-22,0.1681540096522928
2020-10-23,0.16784196035081128
2020-10-26,0.17229396869013808
2020-10-27,0.16346313906026916
2020-10-28,0.20573930977428911
2020-10-29,0.20768895195389428
2020-10-30,0.21108931174812168
2020-11-02,0.2125854358076044
2020-11-03,0.21287341272150767
2020-11-04,0.2210170920519458
2020-11-05,0.2234012895177966
2020-11-06,0.22058336517335467
2020-11-09,0.22193904922600685
2020-11-10,0.21416792971130091
2020-11-11,0.21428763533262
2020-11-12,0.21578464108925577
2020-11-13,0.22067642001034693
2020-11-16,0.22411185306488102
2020-11-17,0.21725609888320713
2020-11-18,0.2203683870420879
2020-11-19,0.22010128468928242
2020-11-20,0.22044273951113677
2020-11-23,0.2206343209946035
2020-11-24,0.21861020162120615
2020-11-25,0.21792415300935988
2020-11-26,0.1802216236401236
2020-11-27,0.1753949973683879
2020-11-30,0.17102169255129113
2020-12-01,0.17045754498739374
2020-12-02,0.15927506676891662
2020-12-03,0.14071299224209055
2020-12-04,0.1283434409072317
2020-12-07,0.12817729320871282
2020-12-08,0.1219949035041873
2020-12-09,0.12512453107862284
2020-12-10,0.1221748316571838
2020-12-11,0.11714035057035335
2020-12-14,0.10883153314987527
2020-12-15,0.11111077253461607
2020-12-16,0.10961775178456709
2020-12-17,0.10408618175993667
2020-12-18,0.10380041007650759
2020-12-21,0.10200417632483258
2020-12-22,0.10023051854623309
2020-12-23,0.08378591776603803
2020-12-24,0.08428661703339914
2020-12-25,0.08394184921476369
2020-12-28,0.08895020856341666
2020-12-29,0.08776021466812
2020-12-30,0.07890135189788555
2020-12-31,0.08178617955964858
2021-01-04,0.09720084897384094
2021-01-05,0.09566097391214896
2021-01-06,0.09730741168169667
2021-01-07,0.10983912216251851
2021-01-08,0.10789801040502942
2021-01-11,0.11019979193736051
2021-01-12,0.10955199046009652
2021-01-13,0.10843929661650514
2021-01-14,0.10008753070066738
2021-01-15,0.10312152293547656
2021-01-18,0.10082506603039804
2021-01-19,0.10402895527200644
2021-01-20,0.11408063008564458
2021-01-21,0.11335217057138237
2021-01-22,0.11362367121926692
2021-01-25,0.11343772559833347
2021-01-26,0.1133137270602593
2021-01-27,0.14252610491501352
2021-01-28,0.14619948942860317
2021-01-29,0.1615343588654959
2021-02-01,0.16946816334111908
2021-02-02,0.16874745284547413
2021-02-03,0.16616576480722361
2021-02-04,0.16911833506454105
2021-02-05,0.16157956858497927
2021-02-08,0.1622657776282801
2021-02-09,0.16023436428900828
2021-02-10,0.15972119141808536
2021-02-11,0.1591946954613738
2021-02-12,0.15930978560316136
2021-02-15,0.15707077816694345
2021-02-16,0.156816119808539
2021-02-17,0.15415874034197777
2021-02-18,0.14765709054455436
2021-02-19,0.14765343317279084
2021-02-22,0.14987284806161724
2021-02-23,0.14916800031445737
2021-02-24,0.1542789024464525
2021-02-25,0.15373518923080398
2021-02-26,0.15085287996455038
2021-03-01,0.15876763957556017
2021-03-02,0.15179855802357928
2021-03-03,0.1516279952864965
2021-03-04,0.15880412324360638
2021-03-05,0.16867556673445705
2021-03-08,0.1686137761043243
2021-03-09,0.17367402319023675
2021-03-10,0.17426840910172145
2021-03-11,0.1776723689983586
2021-03-12,0.17675265875507473
2021-03-15,0.17710305022563325
2021-03-16,0.17667388992677852
2021-03-17,0.17649035691065568
2021-03-18,0.1841531074209333
2021-03-19,0.18304321242565302
2021-03-22,0.18436291192791482
2021-03-23,0.18437675113530935
2021-03-24,0.18516205513462244
2021-03-25,0.18183394712421697
2021-03-26,0.1714146466506988
2021-03-29,0.17018588439275487
2021-03-30,0.1505243146751065
2021-03-31,0.14816837739991806
2021-04-01,0.14718874600084733
2021-04-02,0.13938033812652822
2021-04-05,0.13300764890646927
2021-04-06,0.13129914716951313
2021-04-07,0.12194211626562758
2021-04-08,0.12084396566086614
2021-04-09,0.11865929479692135
2021-04-12,0.11818488739075605
2021-04-13,0.11642958214583381
2021-04-14,0.11710624999100691
2021-04-15,0.12296997740962684
2021-04-16,0.11260935370368534
2021-04-19,0.11408255888127873
2021-04-20,0.11415516280011155
2021-04-21,0.1157755994349874
2021-04-22,0.11888239975441495
2021-04-23,0.12354348818675547
2021-04-26,0.10978668890663769
2021-04-27,0.10924585346917232
2021-04-28,0.10838389723652943
2021-04-29,0.11014461195197485
2021-04-30,0.10583135739272723
2021-05-03,0.10590008750014038
2021-05-04,0.0970554018588036
2021-05-05,0.09649720197457819
2021-05-06,0.10045807804488202
2021-05-07,0.10263807036948357
2021-05-10,0.10604758805543903
2021-05-11,0.11042776638377348
2021-05-12,0.1338300324964717
2021-05-13,0.13958682862664923
2021-05-14,0.14411321580281816
2021-05-17,0.14325009966439642
2021-05-18,0.14510269887387467
2021-05-19,0.14311661582756596
2021-05-20,0.14424870201325649
2021-05-21,0.14019739172527668
2021-05-24,0.13948684848171794
2021-05-25,0.13909712701606458
2021-05-26,0.13871962467096774
2021-05-27,0.13825656557047372
2021-05-28,0.13594422478858267
2021-05-31,0.13340122612794403
2021-06-01,0.13284013910724557
2021-06-02,0.13073403618291896
2021-06-03,0.1313005211764087
2021-06-04,0.13204746550100752
2021-06-07,0.12951199445740322
2021-06-08,0.12431171658888675
2021-06-09,0.12083272084391201
2021-06-10,0.09727752307445936
2021-06-11,0.0882630261913841
2021-06-14,0.07266987969047524
2021-06-15,0.07242565933989686
2021-06-16,0.06916495529465827
2021-06-17,0.06821109888557848
2021-06-18,0.07467468021189257
2021-06-21,0.08921793880137457
2021-06-22,0.08440027663740929
2021-06-23,0.08377722455368097
2021-06-24,0.08581406971003618
2021-06-25,0.08620357429302596
2021-06-28,0.0861986206163017
2021-06-29,0.08582872795281603
2021-06-30,0.08562054182283002
2021-07-01,0.08734220639697338
2021-07-02,0.09035640320718447
2021-07-05,0.08500974166805347
2021-07-06,0.0851526059385915
2021-07-07,0.08581048240047409
2021-07-08,0.09092450102293835
2021-07-09,0.09786548086586314
2021-07-12,0.09814294255486986
2021-07-13,0.09864169073745778
2021-07-14,0.09813293309117578
2021-07-15,0.09702986212342474
2021-07-16,0.10070840968395436
2021-07-19,0.1064888288947642
2021-07-20,0.10919005650931007
2021-07-21,0.11139470138235646
2021-07-22,0.11095733551183541
2021-07-23,0.11473813957563249
2021-07-26,0.11397340193210848
2021-07-27,0.11475450744409743
2021-07-28,0.11428562509226602
2021-07-29,0.11489142208689487
2021-07-30,0.1150741402907641
2021-08-02,0.11218653358535956
2021-08-03,0.11574023952944681
2021-08-04,0.1166001352644113
2021-08-05,0.11778902017337402
2021-08-06,0.11391116180512179
2021-08-09,0.10717718836165378
2021-08-10,0.1062514272862803
2021-08-11,0.1053965495569901
2021-08-12,0.10621538233738685
2021-08-13,0.10557345277438951
2021-08-16,0.10268719911821181
2021-08-17,0.09087012470566466
2021-08-18,0.08449752361158433
2021-08-19,0.07947883107037403
2021-08-20,0.08413415763829937
2021-08-23,0.0824365995097459
2021-08-24,0.08175653753266332
2021-08-25,0.08021683674980011
2021-08-26,0.08286474917252734
2021-08-27,0.0872439249293711
2021-08-30,0.08639310468364407
2021-08-31,0.08602856692992271
2021-09-01,0.08107301806802035
2021-09-02,0.07992248782097652
2021-09-03,0.07705210575718041
2021-09-06,0.07658293348380354
2021-09-07,0.07745132807713367
2021-09-08,0.07738631930354602
2021-09-09,0.0790184816985457
2021-09-10,0.08256099391850864
2021-09-13,0.0825121977882321
2021-09-14,0.08458374334545327
2021-09-15,0.08635883110058545
2021-09-16,0.0781839561089751
2021-09-17,0.08461061178306946
2021-09-20,0.10031196885410083
2021-09-21,0.0956247166654369
2021-09-22,0.10105178033250549
2021-09-23,0.1092936715488521
2021-09-24,0.10698940522322262
2021-09-27,0.10295623707233727
2021-09-28,0.12509883191981874
2021-09-29,0.12445744724291105
2021-09-30,0.1314711244538286
2021-10-01,0.13701004643850706
2021-10-04,0.14456144102133586
2021-10-05,0.1489513287199619
2021-10-06,0.1486498741394147
2021-10-07,0.1511349942708717
2021-10-08,0.1499958223353131
2021-10-11,0.14952378154001747
2021-10-12,0.14918840413139858
2021-10-13,0.1478808759516839
2021-10-14,0.15680118106315816
2021-10-15,0.15863889492660196
2021-10-18,0.15561067844436713
2021-10-19,0.1465175975772154
2021-10-20,0.14668778449122444
2021-10-21,0.14316242200001478
2021-10-22,0.13693725496623058
2021-10-25,0.13765737198315842
2021-10-26,0.13716194223757497
2021-10-27,0.11946788297322461
2021-10-28,0.12417818507470059
2021-10-29,0.11719607269748857
2021-11-01,0.11046411754786353
2021-11-02,0.10182328618260697
2021-11-03,0.09802053764479533
2021-11-04,0.09794664147061621
2021-11-05,0.0945691009097231
2021-11-08,0.09403355791737612
2021-11-09,0.09188816034663923
2021-11-10,0.09615410692078805
2021-11-11,0.09525651998429568
2021-11-12,0.08017374671450375
2021-11-15,0.07574556048227907
2021-11-16,0.07591860412342635
2021-11-17,0.07218630563678291
2021-11-18,0.07189971957811321
2021-11-19,0.0711741557207075
2021-11-22,0.07193856664002266
2021-11-23,0.07007941848788153
2021-11-24,0.07006037182641713
2021-11-25,0.0676973572958777
2021-11-26,0.09992241515113338
2021-11-29,0.10984273753199167
2021-11-30,0.1288247720293064
2021-12-01,0.13488534089180995
2021-12-02,0.14192157233863337
2021-12-03,0.1441305909427499
2021-12-06,0.149098907827285
2021-12-07,0.16549962366577523
2021-12-08,0.1646212808261655
2021-12-09,0.1638976017765911
2021-12-10,0.16695271451518
2021-12-13,0.1681159440045495
2021-12-14,0.16991561547102352
2021-12-15,0.17864824913818755
2021-12-16,0.18084697260797894
2021-12-17,0.18394912201865138
2021-12-20,0.18811854079396054
2021-12-21,0.19763774649058574
2021-12-22,0.20036139516955787
2021-12-23,0.20085787915331324
2021-12-24,0.20012667592961148
2021-12-27,0.19047554951022122
2021-12-28,0.18462999120525497
2021-12-29,0.17230790478839375
2021-12-30,0.1675248720175264
2021-12-31,0.1605159540244236
2022-01-03,0.1592711444372799
2022-01-04,0.15390600207463045
2022-01-05,0.15379328285070207
2022-01-06,0.15294945979878496
2022-01-07,0.15140791444573495
2022-01-10,0.14764544713509103
2022-01-11,0.14774950878974719
2022-01-12,0.14550032880125716
2022-01-13,0.14401281369258226
2022-01-14,0.14034201695845894
2022-01-17,0.13544490721059743
2022-01-18,0.14538671173757126
2022-01-19,0.13691776092113664
2022-01-20,0.138185220599083
2022-01-21,0.15231174913072226
2022-01-24,0.1518586134379334
2022-01-25,0.15081004526572223
2022-01-26,0.15018096156942723
2022-01-27,0.15099124538719005
2022-01-28,0.17268690919361307
2022-01-31,0.18446989315326864
2022-02-01,0.1842153054079961
2022-02-02,0.18675320955641694
2022-02-03,0.19506027691685554
2022-02-04,0.1950967880088055
2022-02-07,0.19442278218276113
2022-02-08,0.19616971346625103
2022-02-09,0.20007173647807774
2022-02-10,0.20994475204427315
2022-02-11,0.2150510873398323
2022-02-14,0.21473889893250606
2022-02-15,0.2214446360635529
2022-02-16,0.21139548171976333
2022-02-17,0.22199773334369313
2022-02-18,0.21979458850714262
2022-02-21,0.20919722012166617
2022-02-22,0.2118557677569428
2022-02-23,0.2178175959461514
2022-02-24,0.22369264531721705
2022-02-25,0.23600093989152313
2022-02-28,0.22083292829816514
2022-03-01,0.21843834971964968
2022-03-02,0.2264984193766868
2022-03-03,0.22436756221881218
2022-03-04,0.2096432416912128
2022-03-07,0.23399033317760098
2022-03-08,0.23438813492845767
2022-03-09,0.24901916596148638
2022-03-10,0.2437763473305187
2022-03-11,0.23989446995656535
2022-03-14,0.23185654364099198
2022-03-15,0.24298302185544177
2022-03-16,0.24936511029214423
2022-03-17,0.2524871353842102
2022-03-18,0.24471653655184844
2022-03-21,0.2424625014823549
2022-03-22,0.24526164268328435
2022-03-23,0.24645012793441545
2022-03-24,0.2431994672568125
2022-03-25,0.2379262045152311
2022-03-28,0.22670601883098537
2022-03-29,0.23030606628621234
2022-03-30,0.22488601383097548
2022-03-31,0.22300004952571992
2022-04-01,0.22192864798477904
2022-04-04,0.22174174575861066
2022-04-05,0.20205579429268133
2022-04-06,0.20326887959256237
2022-04-07,0.1842006528928206
2022-04-08,0.1833330066952486
2022-04-11,0.1877963723056106
2022-04-12,0.18597055489336162
2022-04-13,0.17575854915575978
2022-04-14,0.16462235257693733
2022-04-15,0.1584402565585457
2022-04-18,0.15279103486082338
2022-04-19,0.162669938003417
2022-04-20,0.15751687643966458
2022-04-21,0.16068750622747732
2022-04-22,0.1824603816954284
2022-04-25,0.1820564499779728
2022-04-26,0.20653020274205158
2022-04-27,0.20142026938851737
2022-04-28,0.21782390214913047
2022-04-29,0.24787420677043265
2022-05-02,0.2472884580533711
2022-05-03,0.24537435029616944
2022-05-04,0.26267334941278436
2022-05-05,0.29008154310244605
2022-05-06,0.2893185339436608
2022-05-09,0.31091315934611574
2022-05-10,0.3041993385278732
2022-05-11,0.30914620403080173
2022-05-12,0.3057438558723373
2022-05-13,0.3138543540810796
2022-05-16,0.3133056772187009
2022-05-17,0.32082069890456577
2022-05-18,0.34778604149545567
2022-05-19,0.347425631967166
2022-05-20,0.342615132098274
2022-05-23,0.33509684166219533
2022-05-24,0.3352156356899273
2022-05-25,0.3221366732352147
2022-05-26,0.32919917846716473
2022-05-27,0.32983476911715975
2022-05-30,0.30411836190498837
2022-05-31,0.30377858155835696
2022-06-01,0.30407096052472515
2022-06-02,0.29420681182181174
2022-06-03,0.2733866146220562
2022-06-06,0.27209573210870264
2022-06-07,0.25055457621312976
2022-06-08,0.25306145194709145
2022-06-09,0.26089334137033277
2022-06-10,0.2807646155564966
2022-06-13,0.30284240097767
2022-06-14,0.30160110634920595
2022-06-15,0.2976978332075281
2022-06-16,0.28739248032945414
2022-06-17,0.2852659692692251
2022-06-20,0.28396937414313944
2022-06-21,0.28959606825288453
2022-06-22,0.28723531459757884
2022-06-23,0.28684190657148095
2022-06-24,0.29825134531838315
2022-06-27,0.28580538768228453
2022-06-28,0.2945069452023128
2022-06-29,0.2927625059298239
2022-06-30,0.2928889436051369
2022-07-01,0.28825473609212116
2022-07-04,0.2820328277938724
2022-07-05,0.281258134576063
2022-07-06,0.27926857544523304
2022-07-07,0.2816402428805426
2022-07-08,0.2691277329929715
2022-07-11,0.2531296361036985
2022-07-12,0.21719344123192638
2022-07-13,0.217044819062467
2022-07-14,0.21132081947173273
2022-07-15,0.19130417883579826
2022-07-18,0.19322293488099362
2022-07-19,0.21557134481913093
2022-07-20,0.19984854031428143
2022-07-21,0.20238300254533448
2022-07-22,0.2022735520747678
2022-07-25,0.17388223241317424
2022-07-26,0.17823629363812127
2022-07-27,0.1876901717877836
2022-07-28,0.19202086671977212
2022-07-29,0.19577467544874114
2022-08-01,0.19200161526373452
2022-08-02,0.19301883240782491
2022-08-03,0.20033642522584516
2022-08-04,0.19920969047747442
2022-08-05,0.1922363422216326
2022-08-08,0.1917286824827955
2022-08-09,0.1879743786649867
2022-08-10,0.19953969079716635
2022-08-11,0.19839240279929046
2022-08-12,0.20707503460243137
2022-08-15,0.1967971502941864
2022-08-16,0.19429195999590923
2022-08-17,0.17275806014899647
2022-08-18,0.1712946550064813
2022-08-19,0.1742003145867178
2022-08-22,0.1875098979604576
2022-08-23,0.1870631862971119
2022-08-24,0.1826244409797739
2022-08-25,0.16764472922341567
2022-08-26,0.20225511835419857
2022-08-29,0.1973833377126633
2022-08-30,0.20070217112670827
2022-08-31,0.20090098153144847
2022-09-01,0.19338708797920523
2022-09-02,0.19689132455850372
2022-09-05,0.19603908568340997
2022-09-06,0.19613637721570484
2022-09-07,0.20572188897085225
2022-09-08,0.1939251945560939
2022-09-09,0.20098267741393094
2022-09-12,0.195643970273425
2022-09-13,0.24912615647853936
2022-09-14,0.24829427496460643
2022-09-15,0.2499528751440724
2022-09-16,0.2506052796887897
2022-09-19,0.2473060782674513
2022-09-20,0.23932956291969257
2022-09-21,0.24672908462045806
2022-09-22,0.2479236900044565
2022-09-23,0.25083927630241776
2022-09-26,0.22502037019413015
2022-09-27,0.22317931148746256
2022-09-28,0.2302705005973252
2022-09-29,0.24071747499701057
2022-09-30,0.2461272007237887
2022-10-03,0.25927530291552264
2022-10-04,0.27987095441443716
2022-10-05,0.278421375548992
2022-10-06,0.2734097137550732
2022-10-07,0.29017357203230953
2022-10-10,0.2860434832675284
2022-10-11,0.284017980689678
2022-10-12,0.24077083383472392
2022-10-13,0.25667102983152074
2022-10-14,0.2672720243884627
2022-10-17,0.28130652846449317
2022-10-18,0.28240201010007976
2022-10-19,0.27995270512107506
2022-10-20,0.2745773664186368
2022-10-21,0.2850392405218451
2022-10-24,0.2813841210292045
2022-10-25,0.2844917910125146
2022-10-26,0.28497530313512237
2022-10-27,0.2774558359970165
2022-10-28,0.2810514787034853
2022-10-31,0.2769762634891891
2022-11-01,0.2628036750643076
2022-11-02,0.2580607192469666
2022-11-03,0.26021150620525185
2022-11-04,0.2617863011105513
2022-11-07,0.24520657863534376
2022-11-08,0.24393261744028447
2022-11-09,0.25387374285260017
2022-11-10,0.3160453530557731
2022-11-11,0.3045805429333787
2022-11-14,0.29448046224650365
2022-11-15,0.2816640121709586
2022-11-16,0.2798854002474378
2022-11-17,0.2783210055088005
2022-11-18,0.27678382739220403
2022-11-21,0.26493467002450116
2022-11-22,0.26592356969185843
2022-11-23,0.2605673852443871
2022-11-24,0.2587083730523254
2022-11-25,0.2573664168355059
2022-11-28,0.2499387901556582
2022-11-29,0.24825766587315862
2022-11-30,0.2699022682360435
2022-12-01,0.2552872069400633
2022-12-02,0.25222916335820617
2022-12-05,0.25607725823923577
2022-12-06,0.25903686197452885
2022-12-07,0.2578683088872192
2022-12-08,0.24894953453950439
2022-12-09,0.17088280160109937
2022-12-12,0.1750947402205249
2022-12-13,0.17385386855751228
2022-12-14,0.17232408858080342
2022-12-15,0.19186015790285985
2022-12-16,0.1953361249503758
2022-12-19,0.19691283521627487
2022-12-20,0.19557877197771717
2022-12-21,0.19696561901923237
2022-12-22,0.20246783879883445
2022-12-23,0.20293519058858292
2022-12-26,0.20219010534200738
2022-12-27,0.19534178603417388
2022-12-28,0.19981713248520552
2022-12-29,0.18154401997922637
2022-12-30,0.18113299031277866
2023-01-02,0.18039860891288775
2023-01-03,0.16997039553121365
2023-01-04,0.16459149423163438
2023-01-05,0.16956192380418045
2023-01-06,0.18544671927890863
2023-01-09,0.18306844071893336
2023-01-10,0.17798567694704984
2023-01-11,0.18176812593521904
2023-01-12,0.18045525914401472
2023-01-13,0.15908674893488045
2023-01-16,0.1539205759099467
2023-01-17,0.15065301702923967
2023-01-18,0.16051107950035445
2023-01-19,0.15478450550374911
2023-01-20,0.16081084690405406
2023-01-23,0.1647043695369603
2023-01-24,0.16404060483665
2023-01-25,0.16285563044107448
2023-01-26,0.1621377402061327
2023-01-27,0.15089615650755447
2023-01-30,0.15756239685895823
2023-01-31,0.16557346010130547
2023-02-01,0.1688123617507161
2023-02-02,0.17449172340194266
2023-02-03,0.1737036160058427
2023-02-06,0.1571096678305352
2023-02-07,0.16321165295643159
2023-02-08,0.1660736299829017
2023-02-09,0.16311539593221053
2023-02-10,0.16210655777164795
2023-02-13,0.16623083058730118
2023-02-14,0.16554968924089936
2023-02-15,0.165177451744841
2023-02-16,0.16393266497922307
2023-02-17,0.1617302293242075
2023-02-20,0.1481721301567062
2023-02-21,0.15956570361003528
2023-02-22,0.15907761969078196
2023-02-23,0.1597982665507227
2023-02-24,0.15983895372012846
2023-02-27,0.1594820789487472
2023-02-28,0.153283944826225
2023-03-01,0.14592025734633043
2023-03-02,0.14389101266429755
2023-03-03,0.1463918252289505
2023-03-06,0.14142502241595806
2023-03-07,0.1501730023359386
2023-03-08,0.14321597833725583
2023-03-09,0.15303479265541511
2023-03-10,0.15862390474708613
2023-03-13,0.15786157433634462
2023-03-14,0.16343508908071597
2023-03-15,0.16497818733150726
2023-03-16,0.17562758766989833
2023-03-17,0.17348935640391033
2023-03-20,0.17561320774912167
2023-03-21,0.18114659950764808
2023-03-22,0.17755471219368527
2023-03-23,0.17692495807657538
2023-03-24,0.1765593350028169
2023-03-27,0.17223496416023873
2023-03-28,0.17149884781161454
2023-03-29,0.17818982697550548
2023-03-30,0.17822668103998518
2023-03-31,0.1833669377948827
2023-04-03,0.1751473295209517
2023-04-04,0.17610708900538347
2023-04-05,0.16801243919520656
2023-04-06,0.16803557734847374
2023-04-07,0.1552927715073521
2023-04-10,0.1468371197722437
2023-04-11,0.1464127981122696
2023-04-12,0.13625963381703
2023-04-13,0.14195323966698048
2023-04-14,0.12907794729711103
2023-04-17,0.12376052813963632
2023-04-18,0.1196839034997819
2023-04-19,0.11112317495902978
2023-04-20,0.09818710357908549
2023-04-21,0.09732411517123433
2023-04-24,0.0951471823817885
2023-04-25,0.11040062409410106
2023-04-26,0.11097474603608896
2023-04-27,0.12104117859255058
2023-04-28,0.12275785075217875
2023-05-01,0.11219815165854036
2023-05-02,0.11890382206165863
2023-05-03,0.1197338876784862
2023-05-04,0.1220245500362673
2023-05-05,0.13739632073893568
2023-05-08,0.13664034403409256
2023-05-09,0.1372793288509896
2023-05-10,0.13779912748729273
2023-05-11,0.13682892996216448
2023-05-12,0.12912200417888
2023-05-15,0.12901148152431202
2023-05-16,0.13046118267421483
2023-05-17,0.13686897731273712
2023-05-18,0.1407097899411762
2023-05-19,0.13898378537283904
2023-05-22,0.13853562178340612
2023-05-23,0.14418297831514823
2023-05-24,0.13615788318508767
2023-05-25,0.13883531792333048
2023-05-26,0.13054103789138555
2023-05-29,0.12693999575950443
2023-05-30,0.12642722461448666
2023-05-31,0.12197323604600482
2023-06-01,0.12442759401849877
2023-06-02,0.13209784080343964
2023-06-05,0.1164054398452773
2023-06-06,0.1161694351787565
2023-06-07,0.1156913910946585
2023-06-08,0.11652208283593177
2023-06-09,0.1159581106598168
2023-06-12,0.12028737100520633
2023-06-13,0.12216522555776088
2023-06-14,0.1197931459980855
2023-06-15,0.12066567867600508
2023-06-16,0.11692659740252323
2023-06-19,0.11640160434684971
2023-06-20,0.11752393367192683
2023-06-21,0.11262498046109218
2023-06-22,0.11035100303400072
2023-06-23,0.10977695793975703
2023-06-26,0.10174944205738759
2023-06-27,0.10932932478265485
2023-06-28,0.10887749210133608
2023-06-29,0.10778163168577413
2023-06-30,0.11114095968182579
2023-07-03,0.09935002778564966
2023-07-04,0.0986702329351062
2023-07-05,0.09836579705998459
2023-07-06,0.10153924002134873
2023-07-07,0.09969545361395689
2023-07-10,0.09964847634352574
2023-07-11,0.09739006799287105
2023-07-12,0.09796573052200575
2023-07-13,0.10226283272320662
2023-07-14,0.09341127057394272
2023-07-17,0.09331124069733653
2023-07-18,0.09650382726149519
2023-07-19,0.0951832295774603
2023-07-20,0.09656240643307486
2023-07-21,0.09534518940020587
2023-07-24,0.09262399719886417
2023-07-25,0.09165552456641697
2023-07-26,0.08285516847313755
2023-07-27,0.08599353614175503
2023-07-28,0.09144400819788337
2023-07-31,0.08134380731375994
2023-08-01,0.08165895530833554
2023-08-02,0.09541231874823691
2023-08-03,0.09536079425862369
2023-08-04,0.09332940472803804
2023-08-07,0.0979905171890734
2023-08-08,0.09863497852612488
2023-08-09,0.09915632185769506
2023-08-10,0.09542187159257169
2023-08-11,0.09077532990846915
2023-08-14,0.09277207721116448
2023-08-15,0.10069906852332185
2023-08-16,0.10139153709178884
2023-08-17,0.1046898075717082
2023-08-18,0.10159330269460534
2023-08-21,0.10424407071136864
2023-08-22,0.10355792759262494
2023-08-23,0.11008712641678262
2023-08-24,0.1201025966214695
2023-08-25,0.12015844412411497
2023-08-28,0.11724358440068104
2023-08-29,0.12758758660762162
2023-08-30,0.12749915982753535
2023-08-31,0.11811627640416615
2023-09-01,0.11744944041943199
2023-09-04,0.11560532246703022
2023-09-05,0.11239312870210559
2023-09-06,0.11417892482984736
2023-09-07,0.11202431414346774
2023-09-08,0.11171758629596516
2023-09-11,0.11401874007920329
2023-09-12,0.1141228718942721
2023-09-13,0.1068104567387395
2023-09-14,0.10775822059186094
2023-09-15,0.11318636128212337
2023-09-18,0.11268799863842902
2023-09-19,0.11029980300936154
2023-09-20,0.11490810480319048
2023-09-21,0.12345554687907029
2023-09-22,0.11448503164837974
2023-09-25,0.11271140297987155
2023-09-26,0.12255450402808309
2023-09-27,0.11173424760518302
2023-09-28,0.11259968671817157
2023-09-29,0.11255056584966636
2023-10-02,0.11188282680466631
2023-10-03,0.12216194606011126
2023-10-04,0.1244432760152314
2023-10-05,0.12182645881028527
2023-10-06,0.12813317619564196
2023-10-09,0.1296899889554228
2023-10-10,0.12870584401224852
2023-10-11,0.12782488020170824
2023-10-12,0.12958457597573111
2023-10-13,0.12753862497695792
2023-10-16,0.12613148421340256
2023-10-17,0.12561789785155567
2023-10-18,0.13421221978116402
2023-10-19,0.13372868142661032
2023-10-20,0.12945014672062133
2023-10-23,0.12881078040281718
2023-10-24,0.1303394206397485
2023-10-25,0.13067207757053007
2023-10-26,0.1372206201459484
2023-10-27,0.136431100427868
2023-10-30,0.14228886478969796
2023-10-31,0.14367213252538594
2023-11-01,0.14049679445920996
2023-11-02,0.15260922097454563
2023-11-03,0.15569732752090323
2023-11-06,0.14984290994825142
2023-11-07,0.1480486230983393
2023-11-08,0.14639638729384413
2023-11-09,0.14839713349810713
2023-11-10,0.15661944679605747
2023-11-13,0.1551739539078815
2023-11-14,0.16495404062640476
2023-11-15,0.16440127713273972
2023-11-16,0.15740115374209177
2023-11-17,0.1543111805251182
2023-11-20,0.15033388885350651
2023-11-21,0.1501129042848591
2023-11-22,0.14853726421455818
2023-11-23,0.13990768675876084
2023-11-24,0.13364595909822044
2023-11-27,0.13267630646065406
2023-11-28,0.12613384520716947
2023-11-29,0.12411229841472557
2023-11-30,0.11959162275443269
2023-12-01,0.10352249461826526
2023-12-04,0.10044329468673084
2023-12-05,0.10006129923808531
2023-12-06,0.10053589608050345
2023-12-07,0.10426712659659462
2023-12-08,0.10145070649109168
2023-12-11,0.087752357424977
2023-12-12,0.08904638558329561
2023-12-13,0.07817910110550806
2023-12-14,0.07814178799372372
2023-12-15,0.0776121407797996
2023-12-18,0.07892416447276838
2023-12-19,0.0775489739854844
2023-12-20,0.0933087383482041
2023-12-21,0.09902942689477057
2023-12-22,0.09865987383492075
2023-12-25,0.09817651498940709
2023-12-26,0.09884252120212528
2023-12-27,0.09853372324057705
2023-12-28,0.0981495869138015
2023-12-29,0.09774133533081363
2024-01-02,0.09782455610376957
2024-01-03,0.1002849249993573
2024-01-04,0.1008872977782225
2024-01-05,0.09989700134488304
2024-01-08,0.10810211721645935
2024-01-09,0.10705726382640385
2024-01-10,0.10793190150691222
2024-01-11,0.10653241275459732
2024-01-12,0.09577490572065128
2024-01-15,0.09507237460921264
2024-01-16,0.0959599970237916
2024-01-17,0.09684146168143194
2024-01-18,0.0996730520871639
2024-01-19,0.09633990130652789
2024-01-22,0.0897818457316746
2024-01-23,0.08987325242694333
2024-01-24,0.08948844069558144
2024-01-25,0.09013258934753005
2024-01-26,0.08977717987993976
2024-01-29,0.09356593659036631
2024-01-30,0.09284689952854182
2024-01-31,0.10741091816664323
2024-02-01,0.11269040612934866
2024-02-02,0.11809115456148805
2024-02-05,0.11817650228738394
2024-02-06,0.10805917416750627
2024-02-07,0.11162359244035525
2024-02-08,0.10946070283278571
2024-02-09,0.11110320608697036
2024-02-12,0.11080945019127399
2024-02-13,0.12107875717915102
2024-02-14,0.12491531326417593
2024-02-15,0.12489126734937546
2024-02-16,0.12234745887265486
2024-02-19,0.11463783588983914
2024-02-20,0.11630612466616154
2024-02-21,0.11552586394054104
2024-02-22,0.13679480153169093
2024-02-23,0.13509428076937696
2024-02-26,0.13554296006845595
2024-02-27,0.13285189613133877
2024-02-28,0.13271842631255987
2024-02-29,0.12202587956787093
2024-03-01,0.11787360154737368
2024-03-04,0.11202912207008771
2024-03-05,0.11730619316551225
2024-03-06,0.1182116693027807
2024-03-07,0.12038313094217849
2024-03-08,0.12251123317753017
2024-03-11,0.12066021298602977
2024-03-12,0.1267884794463974
2024-03-13,0.11777559709546595
2024-03-14,0.1134842787906932
2024-03-15,0.11407064489607949
2024-03-18,0.11487415186370796
2024-03-19,0.11636745839992521
2024-03-20,0.11865469798603676
2024-03-21,0.1187822996732275
2024-03-22,0.0951815790725917
2024-03-25,0.09559211246245673
2024-03-26,0.09504748564370434
2024-03-27,0.09951798769415983
2024-03-28,0.09898214544585865
2024-03-29,0.09704109327898654
2024-04-01,0.09331586327079233
2024-04-02,0.09676602469481818
2024-04-03,0.09002257127081162
2024-04-04,0.09870234916208352
2024-04-05,0.10020858688930556
2024-04-08,0.0972692913778024
2024-04-09,0.09688507176589409
2024-04-10,0.09544009739410787
2024-04-11,0.09860390090273664
2024-04-12,0.11100876302809402
2024-04-15,0.11692899868795341
2024-04-16,0.1147052370058583
2024-04-17,0.1147669790367798
2024-04-18,0.11062779636311867
2024-04-19,0.11436896770871163
2024-04-22,0.11812023252761175
2024-04-23,0.12479860076282946
2024-04-24,0.12378908826960144
2024-04-25,0.12119478947910448
2024-04-26,0.12619714281954633
2024-04-29,0.12625535707879426
2024-04-30,0.13799019679426752
2024-05-01,0.1359708662451576
2024-05-02,0.13946244571810779
2024-05-03,0.13995594470525052
2024-05-06,0.13945658139092074
2024-05-07,0.13885396220000357
2024-05-08,0.1382209767832688
2024-05-09,0.13533508612199857
2024-05-10,0.13267028868236225
2024-05-13,0.12266196375454325
2024-05-14,0.1166766911369771
2024-05-15,0.12345304839367974
2024-05-16,0.12183997294489451
2024-05-17,0.12127760897088423
2024-05-20,0.11724538702503363
2024-05-21,0.11360316698604177
2024-05-22,0.10656493719460955
2024-05-23,0.1097939296842219
2024-05-24,0.11136047428712814
2024-05-27,0.10559706777887122
2024-05-28,0.10475725768177567
2024-05-29,0.0937664915827104
2024-05-30,0.09544342888665393
2024-05-31,0.09457523675545446
2024-06-03,0.08423532403765582
2024-06-04,0.0764944829735116
2024-06-05,0.0868793781558197
2024-06-06,0.08648866637079079
2024-06-07,0.08459035323036146
2024-06-10,0.08462987279842911
2024-06-11,0.0849357678803557
2024-06-12,0.08850761914495596
2024-06-13,0.07937948047086137
2024-06-14,0.0788088950215119
2024-06-17,0.08315224379450857
2024-06-18,0.08332457836580172
2024-06-19,0.08262724711227333
2024-06-20,0.0825407562685284
2024-06-21,0.07871278404659726
2024-06-24,0.07584381468108499
2024-06-25,0.07697660989662704
2024-06-26,0.07693166042446466
2024-06-27,0.072552942237531
2024-06-28,0.07120243400569345
2024-07-01,0.06636629642812124
2024-07-02,0.0697164870201889
2024-07-03,0.0717262541596789
2024-07-04,0.059345996194328586
2024-07-05,0.06230226659253726
2024-07-08,0.06197827557015932
2024-07-09,0.061124145224967494
2024-07-10,0.07020297459814387
2024-07-11,0.07136869759424119
2024-07-12,0.07341354781410121
2024-07-15,0.07380819106829171
2024-07-16,0.07261243290758901
2024-07-17,0.08754970677914321
2024-07-18,0.09186766850050705
2024-07-19,0.09489057948732893
2024-07-22,0.10193186542287858
2024-07-23,0.10111709031674411
2024-07-24,0.12977574005785528
2024-07-25,0.1306097463045102
2024-07-26,0.13605191765702446
2024-07-29,0.13461386084972424
2024-07-30,0.1352154321945369
2024-07-31,0.14447407854516697
2024-08-01,0.1514847373624946
2024-08-02,0.16503120715321337
2024-08-05,0.19581465575718546
2024-08-06,0.19855928433157885
2024-08-07,0.19991732037538734
2024-08-08,0.21246718687455654
2024-08-09,0.2101276143853954
2024-08-12,0.20835275357707558
2024-08-13,0.21611027672725774
2024-08-14,0.21476064558992936
2024-08-15,0.2167285956084896
2024-08-16,0.21445539960807553
2024-08-19,0.21550257477436172
2024-08-20,0.21201656612221567
2024-08-21,0.21205599183326446
2024-08-22,0.1991041996546043
2024-08-23,0.20221806119027325
2024-08-26,0.1986795796126886
2024-08-27,0.19824271128490553
2024-08-28,0.1985145295814578
2024-08-29,0.19088125469415568
2024-08-30,0.18835054496169737
2024-09-02,0.17716888642669396
2024-09-03,0.16267656962973218
2024-09-04,0.15849770402705718
2024-09-05,0.15632564656740328
2024-09-06,0.14926383476341645
2024-09-09,0.15367453972677822
2024-09-10,0.15395854130038572
2024-09-11,0.14779002978020975
2024-09-12,0.14922137358105733
2024-09-13,0.1398937083363181
2024-09-16,0.13914434457915942
2024-09-17,0.1346783269685779
2024-09-18,0.13464188194163268
2024-09-19,0.14636469358363827
2024-09-20,0.14294842845780995
2024-09-23,0.13756572992316124
2024-09-24,0.13705991108835652
2024-09-25,0.13685861709599845
2024-09-26,0.13587093620970267
2024-09-27,0.13570950187385822
2024-09-30,0.1320583919748643
2024-10-01,0.13620202004293522
2024-10-02,0.11500973166924866
2024-10-03,0.11482908901731216
2024-10-04,0.11858176501909026
2024-10-07,0.10845667351485017
2024-10-08,0.10668217561170316
2024-10-09,0.10833819230156524
2024-10-10,0.10213282573609543
2024-10-11,0.10100283292416191
2024-10-14,0.10281699609003564
2024-10-15,0.10620350582202166
2024-10-16,0.1071581313992368
2024-10-17,0.10624970172436896
2024-10-18,0.09045381406134219
2024-10-21,0.09016287865288172
2024-10-22,0.0893182575204136
2024-10-23,0.09480236389827401
2024-10-24,0.09451595205443222
2024-10-25,0.09319415136494281
2024-10-28,0.09331074445356065
2024-10-29,0.09209435251673533
2024-10-30,0.08720531126771937
2024-10-31,0.10946026875043813
2024-11-01,0.10996777344132047
2024-11-04,0.10598733695193226
2024-11-05,0.10957614390335686
2024-11-06,0.13639433695322514
2024-11-07,0.13643811932556102
2024-11-08,0.13637632913637002
2024-11-11,0.13423798201704246
2024-11-12,0.13179651822494584
2024-11-13,0.12875350837539534
2024-11-14,0.12950471808246192
2024-11-15,0.13780811337730162
2024-11-18,0.1374851815955092
2024-11-19,0.13773877354747951
2024-11-20,0.13732646044274566
2024-11-21,0.13485869704531414
2024-11-22,0.1349736558472165
2024-11-25,0.13515368868461403
2024-11-26,0.13623580996375395
2024-11-27,0.13671132686224655
2024-11-28,0.13598877456211564
2024-11-29,0.12171038284573862
2024-12-02,0.1210118133854968
2024-12-03,0.12039022493712553
2024-12-04,0.11502621092917124
2024-12-05,0.07810925543079007
2024-12-06,0.0742454227267724
2024-12-09,0.07640731749715975
2024-12-10,0.07696594938575269
2024-12-11,0.08150522321455368
2024-12-12,0.08374129629895763
2024-12-13,0.08080587121151356
2024-12-16,0.06821311472591485
2024-12-17,0.06825676049359779
2024-12-18,0.12438852602085917
2024-12-19,0.12382660303488736
2024-12-20,0.12816039902601667
2024-12-23,0.12988852065897302
2024-12-24,0.135006489955507
2024-12-25,0.13299660790574483
2024-12-26,0.13188782506279886
2024-12-27,0.13764456863053479
2024-12-30,0.14153663480230133
2024-12-31,0.14183130752220507
2025-01-02,0.14167161395487463
2025-01-03,0.1468911053354901
2025-01-06,0.147731704126957
2025-01-07,0.15267564418299812
2025-01-08,0.15079498414268525
2025-01-09,0.1500020547414812
2025-01-10,0.15736776849852036
2025-01-13,0.15588283141699644
2025-01-14,0.15548512718003724
2025-01-15,0.16755491857412227
2025-01-16,0.1668671901872703
2025-01-17,0.13699954568997133
2025-01-20,0.13642499364220637
2025-01-21,0.13483887854595417
2025-01-22,0.13407803160286408
2025-01-23,0.12989454255028374
2025-01-24,0.1300267365180121
2025-01-27,0.14003839305099836
2025-01-28,0.1385397901889363
2025-01-29,0.13444179919856683
2025-01-30,0.13460971785915013
2025-01-31,0.1353999524880181
2025-02-03,0.13133159414702286
2025-02-04,0.1322211697599653
2025-02-05,0.1270596070174449
2025-02-06,0.12723875175207328
2025-02-07,0.1316173985091042
2025-02-10,0.1227158236645025
2025-02-11,0.1220746672535577
2025-02-12,0.1221598850845253
2025-02-13,0.11167500834505946
2025-02-14,0.11096479270796811
2025-02-17,0.10530834446956408
2025-02-18,0.10534368307284261
2025-02-19,0.10117054840858745
2025-02-20,0.10017148532840972
2025-02-21,0.11577303793934908
2025-02-24,0.11656548177360519
2025-02-25,0.1065658580222637
2025-02-26,0.10141374265190613
2025-02-27,0.1150334169354493
2025-02-28,0.1263667892672114
2025-03-03,0.14003504860527513
2025-03-04,0.14424441115218004
2025-03-05,0.14715358945860724
2025-03-06,0.15968302365509005
2025-03-07,0.15970403508679054
2025-03-10,0.18366222910794616
2025-03-11,0.18367545912896452
2025-03-12,0.1836859452615933
2025-03-13,0.18982897187651632
2025-03-14,0.20055574838819412
2025-03-17,0.20109849876788286
2025-03-18,0.20432105258802474
2025-03-19,0.2072207195113964
2025-03-20,0.20649802168913092
2025-03-21,0.2052059733601689
2025-03-24,0.2060738512250985
2025-03-25,0.20474943034298967
2025-03-26,0.20784255182545686
2025-03-27,0.207751377792662
2025-03-28,0.21255055999545974
2025-03-31,0.20619297061449154
2025-04-01,0.19714838219301065
2025-04-02,0.19379970821269182
2025-04-03,0.2573722824277264
2025-04-04,0.3301036643957002
2025-04-07,0.3280984472399114
2025-04-08,0.31905819284263714
2025-04-09,0.4490288516468345
2025-04-10,0.4647890231328308
2025-04-11,0.4651728731780515
2025-04-14,0.4587406866463782
2025-04-15,0.45655888624536384
2025-04-16,0.46153169690980655
2025-04-17,0.4586561357532594
2025-04-18,0.45743952413791444
2025-04-21,0.464871219593167
2025-04-22,0.46896690338274566
2025-04-23,0.47202838277009646
2025-04-24,0.4753745193010552
2025-04-25,0.47520401869515777
2025-04-28,0.46951689939217045
2025-04-29,0.46905751734811096
2025-04-30,0.4683266135929867
2025-05-01,0.46796278706375205
2025-05-02,0.4396833859827685
2025-05-05,0.38745999206075443
2025-05-06,0.38811247904840745
2025-05-07,0.38434080522913106
2025-05-08,0.2308481187777061
2025-05-09,0.19707131602788208
2025-05-12,0.21852250579045202
2025-05-13,0.21781380491323082
2025-05-14,0.21694381283202613
2025-05-15,0.20291111725826555
2025-05-16,0.20401116189872257
2025-05-19,0.20344101664543132
2025-05-20,0.1869681474288589
2025-05-21,0.17667498677068383
2025-05-22,0.1669850658692905
2025-05-23,0.1542173463867843
2025-05-26,0.15161251828104888
2025-05-27,0.16744840992679588
2025-05-28,0.16718059281246894
2025-05-29,0.16724685052274227
2025-05-30,0.16536818014533694
2025-06-02,0.15812000294510895
2025-06-03,0.1577251246858155
2025-06-04,0.15513760304222973
2025-06-05,0.15548434204747913
2025-06-06,0.1583389756040895
2025-06-09,0.1579433492189337
2025-06-10,0.11623053559424096
2025-06-11,0.1138254584333807
2025-06-12,0.11430624890440567
2025-06-13,0.12041475325073071
2025-06-16,0.12248656807054956
2025-06-17,0.1259696222970718
2025-06-18,0.12481108957662462
2025-06-19,0.11154084245165091
2025-06-20,0.11155532366645786
2025-06-23,0.1142253189170388
2025-06-24,0.12063745637946532
2025-06-25,0.09872006153334999
2025-06-26,0.10077088711770599
2025-06-27,0.10126945041050443
2025-06-30,0.10264129199466564
2025-07-01,0.10142993221506999
2025-07-02,0.10069869232419275
2025-07-03,0.10478820013845355
2025-07-04,0.10284187402473485
2025-07-07,0.1008297006312921
2025-07-08,0.1004646882347242
2025-07-09,0.10088306903201096
2025-07-10,0.10062483133874416
2025-07-11,0.10036745537217223
2025-07-14,0.09248447357818879
2025-07-15,0.08798288832584591
2025-07-16,0.08380101475170824
2025-07-17,0.08578735805297802
2025-07-18,0.0854925401980457
2025-07-21,0.08503556932576889
2025-07-22,0.07837417531899916
2025-07-23,0.07410249257990878
2025-07-24,0.07381241511711112
2025-07-25,0.06997840566270783
2025-07-28,0.06746995665046812
2025-07-29,0.06601486792120631
2025-07-30,0.06593647128763046
2025-07-31,0.06532442926196845
2025-08-01,0.08188653810842866
2025-08-04,0.09669743085219192
2025-08-05,0.09437742312678594
2025-08-06,0.09758064130493238
2025-08-07,0.09500964871196908
2025-08-08,0.09831892091521591
2025-08-11,0.09782112519108432
2025-08-12,0.10543542756188633
2025-08-13,0.10481876483804582
2025-08-14,0.1038043860628203
2025-08-15,0.1025545518426045
2025-08-18,0.10221141397677802
2025-08-19,0.10420561723259272
2025-08-20,0.10438020271438957
2025-08-21,0.10192973069740441
2025-08-22,0.11484860946612138
2025-08-25,0.11491973853415859
2025-08-26,0.11557305333815318
2025-08-27,0.11511494906628783
2025-08-28,0.1153269095336541
2025-08-29,0.1168811431080166
2025-09-01,0.10300025476105547
2025-09-02,0.09363952920016609
2025-09-03,0.09371725281226742
2025-09-04,0.09499443168776621
2025-09-05,0.09544081205391697
2025-09-08,0.09166747372290907
2025-09-09,0.0914717515116725
2025-09-10,0.08351865523621618
2025-09-11,0.08795578275677055
2025-09-12,0.08765169088968074
2025-09-15,0.08851277851129899
2025-09-16,0.08842534805583269
2025-09-17,0.08602175631363349
2025-09-18,0.0871625005232676
2025-09-19,0.08769308766879509
2025-09-22,0.07284926146075511
2025-09-23,0.07406688950693369
2025-09-24,0.07332606420080208
2025-09-25,0.07502866800407411
2025-09-26,0.07699489427060084
2025-09-29,0.07414208258794752
2025-09-30,0.07534326653189369
2025-10-01,0.07235442279783856
2025-10-02,0.06992237394350431
2025-10-03,0.06371136265630567
2025-10-06,0.06396031979949694
2025-10-07,0.06500804824757597
2025-10-08,0.06749170368757902
2025-10-09,0.0673840068636983
2025-10-10,0.11398837083990639
2025-10-13,0.1262775179340414
2025-10-14,0.1248543909547231
2025-10-15,0.1251544596744463
2025-10-16,0.12695780457957864
2025-10-17,0.12697128303028266
2025-10-20,0.13123348070095767
2025-10-21,0.12985309753143953
2025-10-22,0.12976143857028336
2025-10-23,0.13078987891232605
2025-10-24,0.13247545372946562
2025-10-27,0.13779943001313244
2025-10-28,0.13729831065217357
2025-10-29,0.13618098085668384
2025-10-30,0.14021728186699026
2025-10-31,0.1401492919006522
2025-11-03,0.13992722886389877
2025-11-04,0.14555029544860176
2025-11-05,0.14526595378669366
2025-11-06,0.14935371537541434
2025-11-07,0.1486945281482816
2025-11-10,0.12783627128476113
2025-11-11,0.11628768803112983
2025-11-12,0.11563311468639267
2025-11-13,0.12911435364759324
2025-11-14,0.1268245299825529
2025-11-17,0.1297057830757226
2025-11-18,0.12796708864104242
2025-11-19,0.12822364532242525
2025-11-20,0.13854671935927343
2025-11-21,0.14120169219274456
2025-11-24,0.14873617946738046
2025-11-25,0.1460642107041323
2025-11-26,0.1474717230837264
2025-11-27,0.1467978603388562
2025-11-28,0.1437601184532519
2025-12-01,0.14452172666684937
2025-12-02,0.14420625294152553
2025-12-03,0.13858055264202868
2025-12-04,0.13764851457868507
2025-12-05,0.13213197244609745
2025-12-08,0.13252554541385012
2025-12-09,0.12179888602053264
2025-12-10,0.12380607488153018
2025-12-11,0.12374214540922364
2025-12-12,0.11650399549117034
2025-12-15,0.11638514566185149
2025-12-16,0.11228252914336717
2025-12-17,0.1163425435184142
2025-12-18,0.11884198956936388
2025-12-19,0.1106183232756265
2025-12-22,0.10773346301431569
2025-12-23,0.09538611062734824
2025-12-24,0.09065932491089095
2025-12-25,0.08711318402513674
2025-12-26,0.08672205196759834
2025-12-29,0.08560620141977739
