Date,egarch_forecast_h22
2005-02-08,0.11811816152892386
2005-02-09,0.12438405887660528
2005-02-10,0.126012676572834
2005-02-11,0.12762884624244814
2005-02-14,0.12261659457729254
2005-02-15,0.11695220858219617
2005-02-16,0.11189942355911871
2005-02-17,0.12064228533356434
2005-02-18,0.11842359013438128
2005-02-21,0.11061191717803777
2005-02-22,0.1319008174920148
2005-02-23,0.13219105733215053
2005-02-24,0.13969763199154261
2005-02-25,0.14083204106300673
2005-02-28,0.14530595228190507
2005-03-01,0.1454369675358604
2005-03-02,0.13722260436696798
2005-03-03,0.12954356169645223
2005-03-04,0.13607236045858154
2005-03-07,0.13020558742860616
2005-03-08,0.1346026845711657
2005-03-09,0.1438198099960072
2005-03-10,0.1361419554776267
2005-03-11,0.1427665681321681
2005-03-14,0.14434759648738738
2005-03-15,0.1452380615713425
2005-03-16,0.1544349628720109
2005-03-17,0.14163581271764208
2005-03-18,0.13838472272446747
2005-03-21,0.13673444852723757
2005-03-22,0.14720377408064617
2005-03-23,0.1379791523184192
2005-03-24,0.13394594088885706
2005-03-25,0.1276837457903791
2005-03-28,0.12004479759852936
2005-03-29,0.1300613721488385
2005-03-30,0.14560912223427552
2005-03-31,0.13665933862082874
2005-04-01,0.14107757308181693
2005-04-04,0.14085706840830198
2005-04-05,0.13425863752130146
2005-04-06,0.12783602457368595
2005-04-07,0.13039859618489105
2005-04-08,0.13866730444054207
2005-04-11,0.1339158205617473
2005-04-12,0.13398331133501867
2005-04-13,0.14457329069228544
2005-04-14,0.15681817602996975
2005-04-15,0.1698197186311543
2005-04-18,0.16374581283404507
2005-04-19,0.16086202841868866
2005-04-20,0.1735305905764535
2005-04-21,0.19024979987763058
2005-04-22,0.19345842246944797
2005-04-25,0.187212879650656
2005-04-26,0.19022699814567415
2005-04-27,0.1833355034154214
2005-04-28,0.19176823505847387
2005-04-29,0.1907865713891564
2005-05-02,0.1884076390559659
2005-05-03,0.17349096724505997
2005-05-04,0.18283108910300797
2005-05-05,0.18055269547939873
2005-05-06,0.16646273342387077
2005-05-09,0.16265899109689266
2005-05-10,0.16809895206796277
2005-05-11,0.16606773980346357
2005-05-12,0.17037217131165422
2005-05-13,0.17002656438814373
2005-05-16,0.1720923220279652
2005-05-17,0.17178531752037682
2005-05-18,0.17156134956368585
2005-05-19,0.16713747594695044
2005-05-20,0.15978760603990666
2005-05-23,0.15760485313372505
2005-05-24,0.1471835918345642
2005-05-25,0.146433215250168
2005-05-26,0.1429337502646015
2005-05-27,0.13654204222229763
2005-05-30,0.1263924853742472
2005-05-31,0.13343228458487663
2005-06-01,0.13925132341096588
2005-06-02,0.13141538973080216
2005-06-03,0.13790363448497747
2005-06-06,0.12859493196480495
2005-06-07,0.123809679132829
2005-06-08,0.12252957945598407
2005-06-09,0.12352908319045998
2005-06-10,0.11744034160535965
2005-06-13,0.11375276496615025
2005-06-14,0.11259074790162607
2005-06-15,0.11053642364099542
2005-06-16,0.11021995035209418
2005-06-17,0.11156087634874956
2005-06-20,0.10734858668861902
2005-06-21,0.10634084946541125
2005-06-22,0.09950242118959333
2005-06-23,0.11814902850089899
2005-06-24,0.12319639625692719
2005-06-27,0.12150020763009782
2005-06-28,0.12849444108368455
2005-06-29,0.11887678820707585
2005-06-30,0.12956778069268246
2005-07-01,0.12640628381499483
2005-07-04,0.11924529144814427
2005-07-05,0.12869834867712457
2005-07-06,0.136609978380506
2005-07-07,0.130153123085984
2005-07-08,0.1404453392131478
2005-07-11,0.1368562686859158
2005-07-12,0.1338696448393895
2005-07-13,0.12469228707671673
2005-07-14,0.12487631792213864
2005-07-15,0.11611400952259919
2005-07-18,0.12342700536823627
2005-07-19,0.12449285829636311
2005-07-20,0.12553653431778447
2005-07-21,0.12741069531445431
2005-07-22,0.12559091249771956
2005-07-25,0.12997043690916416
2005-07-26,0.12337580215594736
2005-07-27,0.12154507976076546
2005-07-28,0.1238657750109844
2005-07-29,0.13343398591041278
2005-08-01,0.12197424062128387
2005-08-02,0.12543676788438854
2005-08-03,0.12012172906374355
2005-08-04,0.12888034652953395
2005-08-05,0.13262475694044865
2005-08-08,0.13262427676071425
2005-08-09,0.13364797254982788
2005-08-10,0.1329695408330141
2005-08-11,0.1320752681218803
2005-08-12,0.1381322218132376
2005-08-15,0.1330059323352951
2005-08-16,0.1440588157741495
2005-08-17,0.1384048720598916
2005-08-18,0.13466215363982195
2005-08-19,0.12177508580698553
2005-08-22,0.11909877303962713
2005-08-23,0.12024305764292309
2005-08-24,0.12233725524898484
2005-08-25,0.12176769820504356
2005-08-26,0.12509926666274795
2005-08-29,0.12457997025430975
2005-08-30,0.12525264336798936
2005-08-31,0.133962537170162
2005-09-01,0.12586392859526713
2005-09-02,0.12550752351070507
2005-09-05,0.11803786386434381
2005-09-06,0.1331477689359838
2005-09-07,0.13004970223652337
2005-09-08,0.12820190547133273
2005-09-09,0.13230530731098566
2005-09-12,0.12884577412205805
2005-09-13,0.1344167850777795
2005-09-14,0.13257604459331254
2005-09-15,0.12330332711095333
2005-09-16,0.13302684086489816
2005-09-19,0.13558898497168723
2005-09-20,0.14217753376092773
2005-09-21,0.14998824309796435
2005-09-22,0.1426161430563478
2005-09-23,0.1363988407759247
2005-09-26,0.12728436929401554
2005-09-27,0.12347815948708951
2005-09-28,0.1158019851468759
2005-09-29,0.12312454333633732
2005-09-30,0.11645259980939764
2005-10-03,0.11313751872879667
2005-10-04,0.12550704605737503
2005-10-05,0.14341635537137945
2005-10-06,0.14384996029859018
2005-10-07,0.14577367406813604
2005-10-10,0.1431750412992486
2005-10-11,0.14212965056771407
2005-10-12,0.1436283874785165
2005-10-13,0.13394448695880126
2005-10-14,0.14254355635155758
2005-10-17,0.138542893856738
2005-10-18,0.14678216148761725
2005-10-19,0.16077068607586964
2005-10-20,0.17563025707226262
2005-10-21,0.16123180139112842
2005-10-24,0.17866598875800202
2005-10-25,0.1756862609311342
2005-10-26,0.17023202903235454
2005-10-27,0.17560608106195308
2005-10-28,0.187472645173972
2005-10-31,0.1861387155491903
2005-11-01,0.18434476890746526
2005-11-02,0.18015039550152806
2005-11-03,0.17298828683070777
2005-11-04,0.16496438944608838
2005-11-07,0.1547140230851923
2005-11-08,0.15152259188509723
2005-11-09,0.14509755891332557
2005-11-10,0.15114404893186034
2005-11-11,0.14069100854316408
2005-11-14,0.13603953889074627
2005-11-15,0.13409878499986214
2005-11-16,0.13021635567528583
2005-11-17,0.13830735944520084
2005-11-18,0.1329211442481899
2005-11-21,0.1330778476910996
2005-11-22,0.13151869293404542
2005-11-23,0.13276240654971752
2005-11-24,0.12265617228629076
2005-11-25,0.11999552858555808
2005-11-28,0.12670915405190972
2005-11-29,0.1208383701059911
2005-11-30,0.12492597626040344
2005-12-01,0.13913666363035226
2005-12-02,0.13195678389595095
2005-12-05,0.1249218645593579
2005-12-06,0.1261966897378087
2005-12-07,0.12747586443694298
2005-12-08,0.12617027362937783
2005-12-09,0.11819622715920027
2005-12-12,0.11446369525592517
2005-12-13,0.11344512903655311
2005-12-14,0.11376788161935411
2005-12-15,0.11103486817971003
2005-12-16,0.11106569026037143
2005-12-19,0.11644591274818003
2005-12-20,0.1119322771841395
2005-12-21,0.10784228014500241
2005-12-22,0.10777070090938141
2005-12-23,0.10457268933413141
2005-12-26,0.10044690150383698
2005-12-27,0.11237840937452939
2005-12-28,0.11045638707971465
2005-12-29,0.11096228811673453
2005-12-30,0.11443168465049768
2006-01-02,0.11074250965081454
2006-01-03,0.13208013577549924
2006-01-04,0.12754742834644484
2006-01-05,0.12309629894448151
2006-01-06,0.12967659707472418
2006-01-09,0.1280764659963067
2006-01-10,0.11693646512431712
2006-01-11,0.1193085089654042
2006-01-12,0.12613008957633423
2006-01-13,0.11638242325365004
2006-01-16,0.11346890745038679
2006-01-17,0.11504830226660288
2006-01-18,0.11350902559911914
2006-01-19,0.12010492254021377
2006-01-20,0.1467305527149669
2006-01-23,0.1425298237615068
2006-01-24,0.13550646406432032
2006-01-25,0.1298909250083143
2006-01-26,0.1335637414962066
2006-01-27,0.1360308014959352
2006-01-30,0.1291056954770777
2006-01-31,0.12951414688149346
2006-02-01,0.12577406829638307
2006-02-02,0.13309488950734516
2006-02-03,0.13363100251927618
2006-02-06,0.12848284888351208
2006-02-07,0.1330580318426455
2006-02-08,0.13903282746256887
2006-02-09,0.13762536784116003
2006-02-10,0.1329908028211809
2006-02-13,0.13368427433669747
2006-02-14,0.138274172290549
2006-02-15,0.13269111009700765
2006-02-16,0.1339300523841911
2006-02-17,0.1302852956893079
2006-02-20,0.12828318609057876
2006-02-21,0.12605025324539176
2006-02-22,0.12929073338275623
2006-02-23,0.1301625346912317
2006-02-24,0.12065088347034895
2006-02-27,0.1192667799328332
2006-02-28,0.13152314820544533
2006-03-01,0.13431553312276137
2006-03-02,0.1329177074051698
2006-03-03,0.12626321275011343
2006-03-06,0.13423783116663474
2006-03-07,0.12832270577245933
2006-03-08,0.1241279510693149
2006-03-09,0.12771491847553845
2006-03-10,0.13125062778911095
2006-03-13,0.1257118513108363
2006-03-14,0.13484435364372757
2006-03-15,0.1293025629938234
2006-03-16,0.12533607338689712
2006-03-17,0.11948137046231717
2006-03-20,0.11669728400222357
2006-03-21,0.12225161830184546
2006-03-22,0.1280380765137772
2006-03-23,0.1255659861035336
2006-03-24,0.11902241464262447
2006-03-27,0.11347396918230124
2006-03-28,0.12180795879092059
2006-03-29,0.12381864819045448
2006-03-30,0.12072782114215282
2006-03-31,0.1250924370190726
2006-04-03,0.11755422124201448
2006-04-04,0.1261420074644464
2006-04-05,0.11890875572582718
2006-04-06,0.11941457394342983
2006-04-07,0.12852779407712925
2006-04-10,0.12375659322374519
2006-04-11,0.12976796930753748
2006-04-12,0.12258291101215786
2006-04-13,0.11816135995977949
2006-04-14,0.11224972419138604
2006-04-17,0.11240784480514793
2006-04-18,0.1339281951100474
2006-04-19,0.13327857064736184
2006-04-20,0.1260980937339477
2006-04-21,0.11684803363206503
2006-04-24,0.11476490605860562
2006-04-25,0.12077356242776456
2006-04-26,0.11551304449691005
2006-04-27,0.11292792649526265
2006-04-28,0.10599060688408611
2006-05-01,0.10976212412475549
2006-05-02,0.11275438063118022
2006-05-03,0.11456473745531057
2006-05-04,0.11278928438117886
2006-05-05,0.12500144019899687
2006-05-08,0.12128315111407592
2006-05-09,0.115997488307656
2006-05-10,0.11061502502256024
2006-05-11,0.13203900996728432
2006-05-12,0.14628199138751738
2006-05-15,0.13834349838664015
2006-05-16,0.1371989740261407
2006-05-17,0.1583423096414197
2006-05-18,0.16016333930220936
2006-05-19,0.15596901411144717
2006-05-22,0.1498208341211521
2006-05-23,0.14975709541524754
2006-05-24,0.14182984449115238
2006-05-25,0.14994665509295937
2006-05-26,0.14791278626243848
2006-05-29,0.14236209560729132
2006-05-30,0.16076564377847946
2006-05-31,0.16188869134366166
2006-06-01,0.17388600894867703
2006-06-02,0.16335918531921448
2006-06-05,0.1787781660890892
2006-06-06,0.17252726247395128
2006-06-07,0.17448683782521568
2006-06-08,0.16212961645776633
2006-06-09,0.15981372225517382
2006-06-12,0.16704526254485824
2006-06-13,0.1767831601628245
2006-06-14,0.17136981942719917
2006-06-15,0.19537135069660502
2006-06-16,0.18730487967340073
2006-06-19,0.19034359749622276
2006-06-20,0.18057911076147695
2006-06-21,0.17923370726106005
2006-06-22,0.17646303854921513
2006-06-23,0.16735248065022773
2006-06-26,0.16295918163482037
2006-06-27,0.16720138382386246
2006-06-28,0.16195669765266976
2006-06-29,0.18659691810434773
2006-06-30,0.17837094603475698
2006-07-03,0.1789292192663871
2006-07-04,0.17141456217415005
2006-07-05,0.1684935058832924
2006-07-06,0.16058122232338648
2006-07-07,0.16427568899243894
2006-07-10,0.1566180415181202
2006-07-11,0.14724128814931817
2006-07-12,0.15869818334569688
2006-07-13,0.16983988526652802
2006-07-14,0.16831648191128235
2006-07-17,0.15923384615732786
2006-07-18,0.15057072224955842
2006-07-19,0.17051661261454357
2006-07-20,0.17121831086997025
2006-07-21,0.176678159234817
2006-07-24,0.18713790226910315
2006-07-25,0.18464302739260818
2006-07-26,0.17398639949932704
2006-07-27,0.16939395715663907
2006-07-28,0.18049220081942907
2006-07-31,0.16985993800083285
2006-08-01,0.16784504561140384
2006-08-02,0.15689344633674582
2006-08-03,0.15513690462792268
2006-08-04,0.143772525003684
2006-08-07,0.14353868916941315
2006-08-08,0.14108714504705466
2006-08-09,0.13909515554861
2006-08-10,0.1410537461061296
2006-08-11,0.13781370053264952
2006-08-14,0.12879924862484513
2006-08-15,0.14367439549711297
2006-08-16,0.1463239641472258
2006-08-17,0.1376374185033282
2006-08-18,0.13739338654707275
2006-08-21,0.13372801166700113
2006-08-22,0.12756090223267688
2006-08-23,0.13174673733116976
2006-08-24,0.12328454568800275
2006-08-25,0.119442232109488
2006-08-28,0.12034373219419889
2006-08-29,0.11162373173743807
2006-08-30,0.10742802497856782
2006-08-31,0.10510239253215053
2006-09-01,0.10977402700975837
2006-09-04,0.10563076617229293
2006-09-05,0.0988751822246091
2006-09-06,0.11492749199654095
2006-09-07,0.11659331062648676
2006-09-08,0.1183046865351861
2006-09-11,0.11093676805862399
2006-09-12,0.1230805642374873
2006-09-13,0.1197133800890741
2006-09-14,0.11766648629843583
2006-09-15,0.11249514684308991
2006-09-18,0.11020240585237895
2006-09-19,0.10878960836631188
2006-09-20,0.11052985791384921
2006-09-21,0.11420998173296161
2006-09-22,0.11544122468272972
2006-09-25,0.12242613849704946
2006-09-26,0.12674612884405279
2006-09-27,0.1188615430285098
2006-09-28,0.11829005230867973
2006-09-29,0.11451115488500939
2006-10-02,0.11588762248305011
2006-10-03,0.10914986566590011
2006-10-04,0.1256272853625034
2006-10-05,0.11900662426534304
2006-10-06,0.12155987519193875
2006-10-09,0.11486783936614674
2006-10-10,0.10797376549786607
2006-10-11,0.10890766526673207
2006-10-12,0.12025302153053424
2006-10-13,0.11634297826464364
2006-10-16,0.10798401043774286
2006-10-17,0.11093150195160276
2006-10-18,0.10611879643438402
2006-10-19,0.10246541562315117
2006-10-20,0.09755534844874232
2006-10-23,0.10162708262958041
2006-10-24,0.09711218729878981
2006-10-25,0.09809696312513792
2006-10-26,0.09930417878196568
2006-10-27,0.10922514344298866
2006-10-30,0.10622371076377785
2006-10-31,0.10203373674505847
2006-11-01,0.11088471785083569
2006-11-02,0.10846354356777217
2006-11-03,0.1068383802443541
2006-11-06,0.11781427083816487
2006-11-07,0.11490184098613616
2006-11-08,0.1118185133681593
2006-11-09,0.11477021486470321
2006-11-10,0.11153269044766613
2006-11-13,0.10621048731338079
2006-11-14,0.11348478810613671
2006-11-15,0.10852581676219876
2006-11-16,0.10656370518757059
2006-11-17,0.10284379799394652
2006-11-20,0.09841385603626364
2006-11-21,0.09508462224231166
2006-11-22,0.09060995252872114
2006-11-23,0.08763185580526894
2006-11-24,0.09198891024218867
2006-11-27,0.11571452774466096
2006-11-28,0.11897755432498608
2006-11-29,0.12324762414152106
2006-11-30,0.1180454038813124
2006-12-01,0.1123708694870052
2006-12-04,0.1266405007124812
2006-12-05,0.1211606916017496
2006-12-06,0.11573414204696782
2006-12-07,0.11912127950673596
2006-12-08,0.11688568285946167
2006-12-11,0.11344553709749926
2006-12-12,0.1080040979798571
2006-12-13,0.10125680117624933
2006-12-14,0.10981965314375958
2006-12-15,0.10659260465082351
2006-12-18,0.10809999158771985
2006-12-19,0.1042536944441728
2006-12-20,0.10495448523424465
2006-12-21,0.10490207502314053
2006-12-22,0.11097994824756618
2006-12-25,0.10289023367749384
2006-12-26,0.1072774020674388
2006-12-27,0.11171938653450703
2006-12-28,0.1101234746564328
2006-12-29,0.11130603999872754
2007-01-02,0.10826601561341881
2007-01-03,0.10411394050572671
2007-01-04,0.10023624706740172
2007-01-05,0.10789548389319595
2007-01-08,0.10316498495636792
2007-01-09,0.09959886634389443
2007-01-10,0.09771801787634177
2007-01-11,0.10464637769741049
2007-01-12,0.10579749523734949
2007-01-15,0.09963397342188861
2007-01-16,0.0960467935702526
2007-01-17,0.0912053396194335
2007-01-18,0.09622543543350805
2007-01-19,0.09364112022946522
2007-01-22,0.0999265721548131
2007-01-23,0.10110913677366616
2007-01-24,0.11271013823734999
2007-01-25,0.12261919652545822
2007-01-26,0.12145726586179054
2007-01-29,0.1150409789386306
2007-01-30,0.12052486493927078
2007-01-31,0.12370278752421447
2007-02-01,0.12389643153467357
2007-02-02,0.11916837681761826
2007-02-05,0.11490215265015384
2007-02-06,0.10695563137434148
2007-02-07,0.10281505590819116
2007-02-08,0.10260929943434557
2007-02-09,0.11172433865629751
2007-02-12,0.11229906975399905
2007-02-13,0.11403895175952782
2007-02-14,0.1209042982642948
2007-02-15,0.11608409859464416
2007-02-16,0.11060016789575616
2007-02-19,0.10862006157590204
2007-02-20,0.10419216187437302
2007-02-21,0.1049870964215028
2007-02-22,0.10194856922817122
2007-02-23,0.10307141216904837
2007-02-26,0.10078682257020734
2007-02-27,0.17953271000207913
2007-02-28,0.17425407648213934
2007-03-01,0.17098039059558828
2007-03-02,0.17440131234450468
2007-03-05,0.18148981488725396
2007-03-06,0.19075222533321337
2007-03-07,0.18155084175745909
2007-03-08,0.18237113086692472
2007-03-09,0.1652085563321315
2007-03-12,0.15931616590449196
2007-03-13,0.18744542539874434
2007-03-14,0.18562484603563872
2007-03-15,0.17542156656341515
2007-03-16,0.16906257166231448
2007-03-19,0.17422187298330666
2007-03-20,0.17463863247179673
2007-03-21,0.18400289700132275
2007-03-22,0.17329590142419757
2007-03-23,0.16514044486607754
2007-03-26,0.15369184883735057
2007-03-27,0.15500607835981897
2007-03-28,0.16019150304414348
2007-03-29,0.15406545785966352
2007-03-30,0.1471070741630256
2007-04-02,0.14009320671117662
2007-04-03,0.144659142438635
2007-04-04,0.1383973482316889
2007-04-05,0.13455478892199133
2007-04-06,0.12955890289912148
2007-04-09,0.12326453854428311
2007-04-10,0.11862607634035817
2007-04-11,0.12283641269275138
2007-04-12,0.12597561905737936
2007-04-13,0.12155323093988118
2007-04-16,0.13071453234321997
2007-04-17,0.12630015943517892
2007-04-18,0.12192135955481566
2007-04-19,0.11674141467810017
2007-04-20,0.12400025736245904
2007-04-23,0.12180221802804532
2007-04-24,0.11713760900981415
2007-04-25,0.1258506940453997
2007-04-26,0.11934613433218753
2007-04-27,0.11804551940297678
2007-04-30,0.128748809351114
2007-05-01,0.11992501020439805
2007-05-02,0.12316461311353956
2007-05-03,0.12126664879511173
2007-05-04,0.1168738779400736
2007-05-07,0.1130080298573038
2007-05-08,0.11127312851182787
2007-05-09,0.11000348216475331
2007-05-10,0.1276773933304832
2007-05-11,0.1380907001205728
2007-05-14,0.13704653550987833
2007-05-15,0.127022564545961
2007-05-16,0.13325167735152835
2007-05-17,0.12958277291692158
2007-05-18,0.13370649317488473
2007-05-21,0.12457736686241738
2007-05-22,0.11982740572731546
2007-05-23,0.11929371078094968
2007-05-24,0.12598973944889894
2007-05-25,0.12799697110589917
2007-05-28,0.1253803307407089
2007-05-29,0.1154600443193825
2007-05-30,0.12406740958555643
2007-05-31,0.11564553641032113
2007-06-01,0.11616116322794535
2007-06-04,0.11065454963378006
2007-06-05,0.11494578569726521
2007-06-06,0.12283708684312158
2007-06-07,0.1503879197392178
2007-06-08,0.1585759094969763
2007-06-11,0.14798009029794595
2007-06-12,0.1566032338666903
2007-06-13,0.1704757362436778
2007-06-14,0.16453990172067945
2007-06-15,0.16251957105223236
2007-06-18,0.15767414666801705
2007-06-19,0.14942632433425954
2007-06-20,0.1642281977972954
2007-06-21,0.16227230309300064
2007-06-22,0.17326357439231063
2007-06-25,0.16845623227273074
2007-06-26,0.1681141668563949
2007-06-27,0.1623857581996318
2007-06-28,0.1614702932332095
2007-06-29,0.14932719481600684
2007-07-02,0.15739671415290774
2007-07-03,0.14708039461582248
2007-07-04,0.14430222818003083
2007-07-05,0.13753986744582752
2007-07-06,0.13365432696023286
2007-07-09,0.1212436258852841
2007-07-10,0.14190078350166022
2007-07-11,0.14423592641205438
2007-07-12,0.1682926821140259
2007-07-13,0.15861826463655587
2007-07-16,0.151862527890758
2007-07-17,0.14342656150883074
2007-07-18,0.1403632025128264
2007-07-19,0.13569624838251917
2007-07-20,0.1504532750209741
2007-07-23,0.14725115425678922
2007-07-24,0.17832338921749524
2007-07-25,0.1666168334951901
2007-07-26,0.19790237379570233
2007-07-27,0.2092030110314036
2007-07-30,0.20868998504116398
2007-07-31,0.21274200167766077
2007-08-01,0.21027745335755996
2007-08-02,0.198664055897607
2007-08-03,0.22834689190893098
2007-08-06,0.24707768212627088
2007-08-07,0.23490119943358304
2007-08-08,0.23999597188818123
2007-08-09,0.26730008284802115
2007-08-10,0.2440554903773958
2007-08-13,0.23342436981531028
2007-08-14,0.23522203353974752
2007-08-15,0.2452172607840527
2007-08-16,0.23115740479429311
2007-08-17,0.2407857754180421
2007-08-20,0.23025947708503286
2007-08-21,0.21816674920725196
2007-08-22,0.21395614840726024
2007-08-23,0.2037775737608636
2007-08-24,0.20707079593856081
2007-08-27,0.20686286993490025
2007-08-28,0.22590812527243903
2007-08-29,0.24087489188490377
2007-08-30,0.22763993914580163
2007-08-31,0.2290280779868157
2007-09-03,0.2124258834579136
2007-09-04,0.20749559043421245
2007-09-05,0.21044696943368293
2007-09-06,0.20655469513590496
2007-09-07,0.2191736792478112
2007-09-10,0.20809650746733582
2007-09-11,0.20968645152781634
2007-09-12,0.19434462124352994
2007-09-13,0.1962788900207009
2007-09-14,0.17850691951077904
2007-09-17,0.17806889665470196
2007-09-18,0.2108467441528965
2007-09-19,0.20360969327358344
2007-09-20,0.20009827261511604
2007-09-21,0.19823684961208712
2007-09-24,0.19061338601243694
2007-09-25,0.17882464173549084
2007-09-26,0.17459551661203893
2007-09-27,0.16214998722321453
2007-09-28,0.16212324689621554
2007-10-01,0.17248015494221483
2007-10-02,0.15877914925648184
2007-10-03,0.15963988658230102
2007-10-04,0.15118647084979836
2007-10-05,0.15391266067088177
2007-10-08,0.1561404906496767
2007-10-09,0.15448332363471454
2007-10-10,0.14833227231341875
2007-10-11,0.1484181264753474
2007-10-12,0.1454374642318297
2007-10-15,0.15263771406182403
2007-10-16,0.15480629378368385
2007-10-17,0.1463301139878952
2007-10-18,0.13832129269522495
2007-10-19,0.1793061198537475
2007-10-22,0.17285064585743792
2007-10-23,0.1728447160880742
2007-10-24,0.16802832705182616
2007-10-25,0.1587099751758542
2007-10-26,0.16774462184418068
2007-10-29,0.16058002143366376
2007-10-30,0.16483112403747982
2007-10-31,0.17052528036800577
2007-11-01,0.2034040943959423
2007-11-02,0.18926920596296556
2007-11-05,0.18437824883579615
2007-11-06,0.19483572783924735
2007-11-07,0.22615269022518256
2007-11-08,0.21392577669451657
2007-11-09,0.21918002218517305
2007-11-12,0.21716194481838474
2007-11-13,0.24794992193778304
2007-11-14,0.23648878582954597
2007-11-15,0.2383973082080925
2007-11-16,0.22857898431880483
2007-11-19,0.24436651308330984
2007-11-20,0.22146805411205242
2007-11-21,0.2328080865303479
2007-11-22,0.2211201997946879
2007-11-23,0.22923680456378934
2007-11-26,0.24829149859895647
2007-11-27,0.2452317476842345
2007-11-28,0.2702112358851347
2007-11-29,0.2506436803681014
2007-11-30,0.24359296148309675
2007-12-03,0.2292111164539378
2007-12-04,0.2217796744242045
2007-12-05,0.22528583567269392
2007-12-06,0.22475610136750807
2007-12-07,0.22202084363039026
2007-12-10,0.2106570755581724
2007-12-11,0.23691193549332487
2007-12-12,0.2294038042567741
2007-12-13,0.21630222307971175
2007-12-14,0.22344020700291983
2007-12-17,0.22922889644661468
2007-12-18,0.21623164087268376
2007-12-19,0.2003690647506645
2007-12-20,0.19988629004457334
2007-12-21,0.20505990266427723
2007-12-24,0.20635234758143947
2007-12-25,0.19288067022072328
2007-12-26,0.1801534023711257
2007-12-27,0.1906864192674836
2007-12-28,0.17816978456596877
2007-12-31,0.18116999381495746
2008-01-02,0.1907023145980814
2008-01-03,0.18013257309223976
2008-01-04,0.2064970174588596
2008-01-07,0.20003082180983564
2008-01-08,0.21177069425131742
2008-01-09,0.214815113830396
2008-01-10,0.21234707285596877
2008-01-11,0.22070847234829105
2008-01-14,0.2179417905941058
2008-01-15,0.24296391637423287
2008-01-16,0.2290944139801497
2008-01-17,0.2557887697279695
2008-01-18,0.2519914491141451
2008-01-21,0.2332522105687436
2008-01-22,0.23493297339276578
2008-01-23,0.2433276896262538
2008-01-24,0.24366818717065727
2008-01-25,0.24556723755879378
2008-01-28,0.2506109376659858
2008-01-29,0.2464049579171957
2008-01-30,0.2318313466159102
2008-01-31,0.2384396458090322
2008-02-01,0.23279906132417705
2008-02-04,0.23889090999847234
2008-02-05,0.26696164303126174
2008-02-06,0.2577165980757928
2008-02-07,0.24863497595289707
2008-02-08,0.23503152699019694
2008-02-11,0.22818898009905916
2008-02-12,0.21779649533677115
2008-02-13,0.2228191666683269
2008-02-14,0.2276833787443896
2008-02-15,0.20819931727862218
2008-02-18,0.19552072611866422
2008-02-19,0.18829407120625172
2008-02-20,0.18380441520305713
2008-02-21,0.18819997442015232
2008-02-22,0.1905370801351846
2008-02-25,0.1998152966103253
2008-02-26,0.1952219373258006
2008-02-27,0.178706354038218
2008-02-28,0.18502100408355363
2008-02-29,0.2183345893259019
2008-03-03,0.20184418444436256
2008-03-04,0.19409953894474083
2008-03-05,0.18539478398936432
2008-03-06,0.2115751871549085
2008-03-07,0.2106438751319346
2008-03-10,0.21595517370917142
2008-03-11,0.258603411982089
2008-03-12,0.25486428162851194
2008-03-13,0.24150177787048566
2008-03-14,0.24918817764816287
2008-03-17,0.24675694082432287
2008-03-18,0.2967159932892607
2008-03-19,0.30073025979174983
2008-03-20,0.3039317687102937
2008-03-21,0.27967815969634324
2008-03-24,0.2875868490662364
2008-03-25,0.26287103937132683
2008-03-26,0.26134715607512804
2008-03-27,0.2562927637298264
2008-03-28,0.24543335112889847
2008-03-31,0.2367488168731879
2008-04-01,0.26550753518489895
2008-04-02,0.2536248548950561
2008-04-03,0.23822762322533922
2008-04-04,0.21587697499513722
2008-04-07,0.20625504983956322
2008-04-08,0.2005472708233219
2008-04-09,0.19680367746505428
2008-04-10,0.1894290266471201
2008-04-11,0.21028002463902162
2008-04-14,0.20289592144674298
2008-04-15,0.1943515576116043
2008-04-16,0.2120697219111355
2008-04-17,0.1963298590969126
2008-04-18,0.2118217538338212
2008-04-21,0.19916907034088868
2008-04-22,0.19818509063626155
2008-04-23,0.18969052431163286
2008-04-24,0.18423294811701124
2008-04-25,0.18059591442024592
2008-04-28,0.17350713319392982
2008-04-29,0.16519171300480673
2008-04-30,0.16286305975046653
2008-05-01,0.1824608023700806
2008-05-02,0.17177525357435525
2008-05-05,0.16782257348269708
2008-05-06,0.17093997048204254
2008-05-07,0.18527593665934716
2008-05-08,0.18083760973328428
2008-05-09,0.17787410367769332
2008-05-12,0.18254593333631441
2008-05-13,0.1712842518613188
2008-05-14,0.16627417931309227
2008-05-15,0.17222797936278694
2008-05-16,0.15931392375484976
2008-05-19,0.14998722283315205
2008-05-20,0.1549635437627484
2008-05-21,0.17100320075253087
2008-05-22,0.1656023646993454
2008-05-23,0.17879856856700127
2008-05-26,0.1678576414441707
2008-05-27,0.1644546322809428
2008-05-28,0.16004234014210122
2008-05-29,0.15446579965378682
2008-05-30,0.14796797433254283
2008-06-02,0.1560426650176736
2008-06-03,0.15692610393973536
2008-06-04,0.14946254164095021
2008-06-05,0.16879442966145514
2008-06-06,0.21507054658491803
2008-06-09,0.201094432017751
2008-06-10,0.18965106518462008
2008-06-11,0.2000676184737089
2008-06-12,0.1918860019072277
2008-06-13,0.2016241359032983
2008-06-16,0.19311027957904814
2008-06-17,0.18893478052017054
2008-06-18,0.18866935956263473
2008-06-19,0.18123571305111086
2008-06-20,0.20157445040314179
2008-06-23,0.18869306746586245
2008-06-24,0.18357033105888418
2008-06-25,0.17460464062013717
2008-06-26,0.2146064857070118
2008-06-27,0.21090105460691572
2008-06-30,0.19118156642404038
2008-07-01,0.18465903416170826
2008-07-02,0.20406490963317173
2008-07-03,0.19047305220556676
2008-07-04,0.17663891165089673
2008-07-07,0.18028396897405707
2008-07-08,0.19570270521129673
2008-07-09,0.2167201053614357
2008-07-10,0.20916039824334315
2008-07-11,0.2172369895048884
2008-07-14,0.21485005172395225
2008-07-15,0.2122767718295537
2008-07-16,0.23567860492697545
2008-07-17,0.23528159936676982
2008-07-18,0.21929989589195042
2008-07-21,0.203456160773526
2008-07-22,0.2076105792140401
2008-07-23,0.1963872462631665
2008-07-24,0.2227740085528177
2008-07-25,0.21065886812832774
2008-07-28,0.22498030755252135
2008-07-29,0.24305631841886943
2008-07-30,0.24780342450820766
2008-07-31,0.2547766317147273
2008-08-01,0.23752857327960192
2008-08-04,0.23050827304627244
2008-08-05,0.2563398436333809
2008-08-06,0.2438027484184722
2008-08-07,0.25128091800942937
2008-08-08,0.267924807384584
2008-08-11,0.25481708013890547
2008-08-12,0.2528401948530268
2008-08-13,0.23666239120686008
2008-08-14,0.22533887039885178
2008-08-15,0.2172839306855583
2008-08-18,0.22252555271745297
2008-08-19,0.2220147515463244
2008-08-20,0.2123485461699246
2008-08-21,0.2042247336176457
2008-08-22,0.20243695259147806
2008-08-25,0.2190914071771081
2008-08-26,0.20730995150743597
2008-08-27,0.20281657055948815
2008-08-28,0.2101688506245261
2008-08-29,0.21676491217170554
2008-09-01,0.20377663749246694
2008-09-02,0.19426414655067803
2008-09-03,0.18658062756082675
2008-09-04,0.22570818786020588
2008-09-05,0.2112047787137131
2008-09-08,0.23299495405492943
2008-09-09,0.2571153934744162
2008-09-10,0.2516393426182455
2008-09-11,0.25566502453147044
2008-09-12,0.23188525605507582
2008-09-15,0.2956440929515264
2008-09-16,0.29438776849487064
2008-09-17,0.3393267123144349
2008-09-18,0.35811610969058294
2008-09-19,0.39223080262930066
2008-09-22,0.40003023289861983
2008-09-23,0.3899718394858653
2008-09-24,0.3630264841493441
2008-09-25,0.359922534904252
2008-09-26,0.3259975926240811
2008-09-29,0.440605471187265
2008-09-30,0.4694587847838082
2008-10-01,0.43583396216113546
2008-10-02,0.4447866213300378
2008-10-03,0.4250544200031991
2008-10-06,0.44145819447607154
2008-10-07,0.47069785029812
2008-10-08,0.4442282069578801
2008-10-09,0.5138095723542643
2008-10-10,0.4768325581441227
2008-10-13,0.5713108560878553
2008-10-14,0.5260677429300215
2008-10-15,0.598593781460309
2008-10-16,0.5913857911031267
2008-10-17,0.5477460395120956
2008-10-20,0.5488716231891634
2008-10-21,0.5263781621249245
2008-10-22,0.5656366337002353
2008-10-23,0.5151605091167706
2008-10-24,0.5219353151486223
2008-10-27,0.5086015297934301
2008-10-28,0.5921146271698997
2008-10-29,0.5591785541185307
2008-10-30,0.523302176776492
2008-10-31,0.48878864895580704
2008-11-03,0.44490591942989505
2008-11-04,0.4590018826502035
2008-11-05,0.48597667901888353
2008-11-06,0.5094523046937461
2008-11-07,0.4946531638158596
2008-11-10,0.4647679276784832
2008-11-11,0.45041372425463544
2008-11-12,0.4766581051151584
2008-11-13,0.515350405156166
2008-11-14,0.5231647879279825
2008-11-17,0.5188017434859852
2008-11-18,0.47270866961544383
2008-11-19,0.5015533092534357
2008-11-20,0.5331192702165994
2008-11-21,0.5622853836856656
2008-11-24,0.6049801772889469
2008-11-25,0.5355274333232004
2008-11-26,0.5273752287897436
2008-11-27,0.4870588171516031
2008-11-28,0.44987130467767145
2008-12-01,0.5363115753535195
2008-12-02,0.5325689811725894
2008-12-03,0.5013724001562606
2008-12-04,0.5014034276035134
2008-12-05,0.5003486658062447
2008-12-08,0.4821686394932925
2008-12-09,0.47434386061717054
2008-12-10,0.4499554565427692
2008-12-11,0.43726015107541893
2008-12-12,0.4139493658582004
2008-12-15,0.394216608513777
2008-12-16,0.4244287905864291
2008-12-17,0.40570344308103823
2008-12-18,0.3974149876608905
2008-12-19,0.36413050723942153
2008-12-22,0.3629439595167075
2008-12-23,0.33915793743596584
2008-12-24,0.32317756695409083
2008-12-25,0.29325918868478007
2008-12-26,0.28342289973669843
2008-12-29,0.2599779474471578
2008-12-30,0.2780680542110463
2008-12-31,0.26634072888426424
2009-01-02,0.28766558652976987
2009-01-05,0.27739423238851424
2009-01-06,0.26773999684754496
2009-01-07,0.2879714033731986
2009-01-08,0.26963699590354956
2009-01-09,0.28765225705228825
2009-01-12,0.28822052512100876
2009-01-13,0.2692067650664348
2009-01-14,0.3028182824380901
2009-01-15,0.2739652653395112
2009-01-16,0.2665372637601777
2009-01-19,0.24749536810431882
2009-01-20,0.3059510635678846
2009-01-21,0.34397855060254573
2009-01-22,0.3300290217509934
2009-01-23,0.3125734083073247
2009-01-26,0.2939697873126895
2009-01-27,0.2890800395333248
2009-01-28,0.3149563767700212
2009-01-29,0.33806838221223884
2009-01-30,0.34035366491785535
2009-02-02,0.3126231267763822
2009-02-03,0.30331397768050883
2009-02-04,0.28915601484817666
2009-02-05,0.2911142518520176
2009-02-06,0.30318301761071303
2009-02-09,0.27860192410850865
2009-02-10,0.3346539572666584
2009-02-11,0.3166330856524715
2009-02-12,0.28902653954421914
2009-02-13,0.28198522325394654
2009-02-16,0.2584694663891917
2009-02-17,0.32004044724308395
2009-02-18,0.29460746359873907
2009-02-19,0.282847391877628
2009-02-20,0.27995200105192436
2009-02-23,0.31593773575067785
2009-02-24,0.3375016556943661
2009-02-25,0.320443981497066
2009-02-26,0.3242554379388464
2009-02-27,0.32968594644629634
2009-03-02,0.36659330175143495
2009-03-03,0.3443405630127458
2009-03-04,0.34482921890709095
2009-03-05,0.3778670668178099
2009-03-06,0.35251827739884606
2009-03-09,0.3342258744717209
2009-03-10,0.3886499677863895
2009-03-11,0.35841159344025864
2009-03-12,0.38014996825460495
2009-03-13,0.35840165928367135
2009-03-16,0.3322234734594756
2009-03-17,0.3486010024061499
2009-03-18,0.34124553930924384
2009-03-19,0.3363484463645609
2009-03-20,0.3308331440225952
2009-03-23,0.3995535428355799
2009-03-24,0.3952767484464801
2009-03-25,0.3662373193655519
2009-03-26,0.3706777861609187
2009-03-27,0.35930724678985215
2009-03-30,0.3798895194941634
2009-03-31,0.3590142643438764
2009-04-01,0.3524279011701348
2009-04-02,0.3675709671227231
2009-04-03,0.3422219696400625
2009-04-06,0.3242767429443862
2009-04-07,0.32559502447050986
2009-04-08,0.3219679471773639
2009-04-09,0.34606540793436175
2009-04-10,0.3094075262857336
2009-04-13,0.2956509095080632
2009-04-14,0.2960249218610702
2009-04-15,0.29070579942140795
2009-04-16,0.2835134733362004
2009-04-17,0.26889541964671776
2009-04-20,0.3166462416931455
2009-04-21,0.31909290264153806
2009-04-22,0.301118467303336
2009-04-23,0.2857606545531894
2009-04-24,0.2921687113518312
2009-04-27,0.28621337240820593
2009-04-28,0.2676414831862975
2009-04-29,0.27648804203791816
2009-04-30,0.2588220874166568
2009-05-01,0.24717614847992947
2009-05-04,0.27604839817880195
2009-05-05,0.2553101247763566
2009-05-06,0.26141996133949186
2009-05-07,0.2591360599415333
2009-05-08,0.27580027454353007
2009-05-11,0.28415881833559564
2009-05-12,0.2666551410526491
2009-05-13,0.2859653326765441
2009-05-14,0.2711566489599666
2009-05-15,0.26735150149138925
2009-05-18,0.2937708785622833
2009-05-19,0.26726416647085754
2009-05-20,0.25522927964094694
2009-05-21,0.26034022773681753
2009-05-22,0.24726057188831307
2009-05-25,0.23326241829412964
2009-05-26,0.2568777060459894
2009-05-27,0.26101137234122535
2009-05-28,0.2598400362688296
2009-05-29,0.25903047213673014
2009-06-01,0.2725114385462893
2009-06-02,0.2596861290218011
2009-06-03,0.2583963052407939
2009-06-04,0.24508677616037153
2009-06-05,0.23865659715946155
2009-06-08,0.22038724487786845
2009-06-09,0.20903951421216296
2009-06-10,0.2030350297681686
2009-06-11,0.1908942272477714
2009-06-12,0.1833080746826637
2009-06-15,0.2123856269936165
2009-06-16,0.21638127494112744
2009-06-17,0.20390359988140544
2009-06-18,0.20042040907547481
2009-06-19,0.19172311903034178
2009-06-22,0.22674341675418205
2009-06-23,0.2160873724727914
2009-06-24,0.20535337495246458
2009-06-25,0.2288504992009785
2009-06-26,0.21243021552719968
2009-06-29,0.21111476724387737
2009-06-30,0.21077629783025095
2009-07-01,0.19641216117008312
2009-07-02,0.23212331782814258
2009-07-03,0.21969664726765784
2009-07-06,0.20211500516313394
2009-07-07,0.21497229608967505
2009-07-08,0.20404399272205312
2009-07-09,0.19970364421679995
2009-07-10,0.18944103199865261
2009-07-13,0.20981629625945736
2009-07-14,0.20634322603944016
2009-07-15,0.23880126830833293
2009-07-16,0.22618254692097983
2009-07-17,0.21192767942856144
2009-07-20,0.22470029844494377
2009-07-21,0.20563579957318395
2009-07-22,0.19702679652515687
2009-07-23,0.21677265079567393
2009-07-24,0.20351961873409816
2009-07-27,0.18785433266648335
2009-07-28,0.1805558899221954
2009-07-29,0.18184232664804978
2009-07-30,0.18217268316723048
2009-07-31,0.17224060975513644
2009-08-03,0.1768664833212815
2009-08-04,0.17467018205843562
2009-08-05,0.16812346083578442
2009-08-06,0.16589706748987146
2009-08-07,0.1774216415596448
2009-08-10,0.16695841207481277
2009-08-11,0.18322001597471027
2009-08-12,0.18448623171792586
2009-08-13,0.18344840692406775
2009-08-14,0.18365082130359242
2009-08-17,0.21120198393576062
2009-08-18,0.21125206621632395
2009-08-19,0.20049535566369164
2009-08-20,0.20703410500045658
2009-08-21,0.21806016735682282
2009-08-24,0.2033473185938007
2009-08-25,0.1958264027496511
2009-08-26,0.1811116007408174
2009-08-27,0.17183567016575654
2009-08-28,0.1654916533195665
2009-08-31,0.1673438271726807
2009-09-01,0.19662161273658738
2009-09-02,0.18738361505086296
2009-09-03,0.183771312384396
2009-09-04,0.19147821490248831
2009-09-07,0.18201295155074362
2009-09-08,0.1797930399429082
2009-09-09,0.17547932698074986
2009-09-10,0.18230005888429557
2009-09-11,0.17558402457934144
2009-09-14,0.17154433744972955
2009-09-15,0.16410076107749325
2009-09-16,0.17461270951257732
2009-09-17,0.17068280754118423
2009-09-18,0.16177730473062973
2009-09-21,0.1547397998915249
2009-09-22,0.15791117153659315
2009-09-23,0.16467961641171697
2009-09-24,0.16873592941150034
2009-09-25,0.16878044939687611
2009-09-28,0.18720396940038908
2009-09-29,0.18049851155553234
2009-09-30,0.1704439862686282
2009-10-01,0.20604487983949482
2009-10-02,0.1962521868413558
2009-10-05,0.20639115755840537
2009-10-06,0.21087180472903055
2009-10-07,0.1997199067724079
2009-10-08,0.19478558869834797
2009-10-09,0.18804450029486408
2009-10-12,0.18208366745633967
2009-10-13,0.17300122511874222
2009-10-14,0.1894103691193527
2009-10-15,0.17768671322159374
2009-10-16,0.18330041191252716
2009-10-19,0.18926280396668851
2009-10-20,0.1846214931249043
2009-10-21,0.18310201579660393
2009-10-22,0.18210762621749899
2009-10-23,0.19188383213672897
2009-10-26,0.20417422847441433
2009-10-27,0.18898160640375908
2009-10-28,0.2063464281792935
2009-10-29,0.2249001688128335
2009-10-30,0.2572458693316281
2009-11-02,0.2450616558224045
2009-11-03,0.22720912793700154
2009-11-04,0.20982072771260077
2009-11-05,0.22463755751322736
2009-11-06,0.2134763149393925
2009-11-09,0.22520389108465122
2009-11-10,0.2115475535363308
2009-11-11,0.2022312203481707
2009-11-12,0.2064599688394248
2009-11-13,0.198779633888037
2009-11-16,0.2047606523946737
2009-11-17,0.19190454517872552
2009-11-18,0.18163164062263115
2009-11-19,0.1908432121085015
2009-11-20,0.1820230417990099
2009-11-23,0.19133621571835013
2009-11-24,0.18222986624604753
2009-11-25,0.17222538381837713
2009-11-26,0.16150780480375104
2009-11-27,0.18024314311076708
2009-11-30,0.1813907405347537
2009-12-01,0.1844405663345924
2009-12-02,0.16949069865586844
2009-12-03,0.1755299753622168
2009-12-04,0.17163042586613717
2009-12-07,0.15569771282564104
2009-12-08,0.1703904657719198
2009-12-09,0.15995739902142347
2009-12-10,0.16102095553813417
2009-12-11,0.1541502679175788
2009-12-14,0.1511755114533468
2009-12-15,0.156866463764932
2009-12-16,0.14068055107827682
2009-12-17,0.15906908178073037
2009-12-18,0.15730867009614494
2009-12-21,0.1615299301249511
2009-12-22,0.1557672578060847
2009-12-23,0.15073997260775104
2009-12-24,0.1441538512013235
2009-12-25,0.13569636762530654
2009-12-28,0.1301245907513207
2009-12-29,0.12701976708695875
2009-12-30,0.12302256029255511
2009-12-31,0.13196576701931187
2010-01-04,0.150802206948797
2010-01-05,0.14470602543695552
2010-01-06,0.14057598613847888
2010-01-07,0.13764462415213757
2010-01-08,0.12828393244347724
2010-01-11,0.12462144721229314
2010-01-12,0.13194839517845597
2010-01-13,0.13868320589239236
2010-01-14,0.13276651091818287
2010-01-15,0.14744766269090395
2010-01-18,0.13451458728361418
2010-01-19,0.1491134454501011
2010-01-20,0.15676832477832933
2010-01-21,0.17720204403506415
2010-01-22,0.20508396467925535
2010-01-25,0.19673382164843478
2010-01-26,0.19035033292258977
2010-01-27,0.17830035080311435
2010-01-28,0.19150200064510578
2010-01-29,0.19249530685573746
2010-02-01,0.19931701094578597
2010-02-02,0.19785447807068263
2010-02-03,0.19749000327233499
2010-02-04,0.23811407353426792
2010-02-05,0.22310986463829596
2010-02-08,0.2264721455507235
2010-02-09,0.2225027669894678
2010-02-10,0.2146300629507052
2010-02-11,0.20695770629552804
2010-02-12,0.1980114489167005
2010-02-15,0.18308961721976408
2010-02-16,0.199311606384234
2010-02-17,0.19222369940314132
2010-02-18,0.18358348928504462
2010-02-19,0.1785255291446989
2010-02-22,0.16731848544495206
2010-02-23,0.17615772248432762
2010-02-24,0.18367214498669984
2010-02-25,0.17379114058730807
2010-02-26,0.15836423934242497
2010-03-01,0.1658346062266515
2010-03-02,0.15745235929531912
2010-03-03,0.1477079660320463
2010-03-04,0.14185764261831463
2010-03-05,0.15774150295888334
2010-03-08,0.15444319753290883
2010-03-09,0.1420921856510064
2010-03-10,0.14139053084157677
2010-03-11,0.13490500692036536
2010-03-12,0.12823215797482426
2010-03-15,0.1206950553717103
2010-03-16,0.1259773998628079
2010-03-17,0.1286016549969645
2010-03-18,0.12460701216717109
2010-03-19,0.12731154452732868
2010-03-22,0.12794852717622815
2010-03-23,0.12874634860183165
2010-03-24,0.13279440153818975
2010-03-25,0.12762668663185045
2010-03-26,0.11949163914410418
2010-03-29,0.12136094937569862
2010-03-30,0.11878230612727973
2010-03-31,0.11505388698424045
2010-04-01,0.12277165342596492
2010-04-02,0.11594756245180682
2010-04-05,0.12115099953841896
2010-04-06,0.11656099983989933
2010-04-07,0.11938105071414884
2010-04-08,0.11715653903254998
2010-04-09,0.12125567859486769
2010-04-12,0.11594859388994509
2010-04-13,0.11101506320603911
2010-04-14,0.12312819638807597
2010-04-15,0.11667698065079604
2010-04-16,0.14278320303222375
2010-04-19,0.1363788737902874
2010-04-20,0.14204307958423695
2010-04-21,0.1330264496004442
2010-04-22,0.13020142722627415
2010-04-23,0.13245108910848605
2010-04-26,0.13394508530755853
2010-04-27,0.174844562166038
2010-04-28,0.1647463055646599
2010-04-29,0.1715902189560967
2010-04-30,0.1925243414882228
2010-05-03,0.19550352581522581
2010-05-04,0.22307651222791217
2010-05-05,0.21659099647625255
2010-05-06,0.2506246494236007
2010-05-07,0.2564783893556768
2010-05-10,0.30640406869626147
2010-05-11,0.28640849184228606
2010-05-12,0.27468609139148426
2010-05-13,0.27394004316480175
2010-05-14,0.2743184796071807
2010-05-17,0.25809134594831773
2010-05-18,0.26336548604186766
2010-05-19,0.2463203401338346
2010-05-20,0.289013486428391
2010-05-21,0.28481683484395487
2010-05-24,0.2847440424230821
2010-05-25,0.25864778351389633
2010-05-26,0.2484966272780281
2010-05-27,0.27600121171478953
2010-05-28,0.2741205275753326
2010-05-31,0.25236629655853793
2010-06-01,0.2655098966111775
2010-06-02,0.27324427766074055
2010-06-03,0.2604695677848802
2010-06-04,0.2933714849906198
2010-06-07,0.2858308158279622
2010-06-08,0.2777514753688573
2010-06-09,0.2661598016666977
2010-06-10,0.28910404642484083
2010-06-11,0.27067283015909027
2010-06-14,0.25331101040468235
2010-06-15,0.26477176500094873
2010-06-16,0.2501382491184336
2010-06-17,0.23178951487538602
2010-06-18,0.2120309691270646
2010-06-21,0.20625862161842304
2010-06-22,0.21362055873983485
2010-06-23,0.20358011851991797
2010-06-24,0.22049591698859844
2010-06-25,0.20561215099823996
2010-06-28,0.1949153144050389
2010-06-29,0.23868964090670394
2010-06-30,0.23599898746699818
2010-07-01,0.22392186517215829
2010-07-02,0.21388739736893983
2010-07-05,0.1997855829129843
2010-07-06,0.18722236482053042
2010-07-07,0.22500832981537536
2010-07-08,0.2257242569752631
2010-07-09,0.2201295565099068
2010-07-12,0.20122911381361439
2010-07-13,0.210262246741656
2010-07-14,0.19388785073323564
2010-07-15,0.1809819523749701
2010-07-16,0.22144689663621625
2010-07-19,0.20880509314768905
2010-07-20,0.20943340232709495
2010-07-21,0.2156478792416487
2010-07-22,0.23322026045618263
2010-07-23,0.22134234459359928
2010-07-26,0.2187389229520628
2010-07-27,0.211307735381711
2010-07-28,0.206929278663287
2010-07-29,0.20269926182769182
2010-07-30,0.18624203713706644
2010-08-02,0.20984331682305088
2010-08-03,0.2009499490869389
2010-08-04,0.19393234000259685
2010-08-05,0.1886965128933563
2010-08-06,0.1794478658067256
2010-08-09,0.17864050862552605
2010-08-10,0.17350575074369567
2010-08-11,0.20746091830607552
2010-08-12,0.20250664096884824
2010-08-13,0.19941488369245586
2010-08-16,0.18353292899789683
2010-08-17,0.1883595047639116
2010-08-18,0.18026249878565784
2010-08-19,0.19295466355801605
2010-08-20,0.19037595747715677
2010-08-23,0.18015615287466338
2010-08-24,0.19240810426242783
2010-08-25,0.18349723487375386
2010-08-26,0.1850052406301304
2010-08-27,0.1950266647463457
2010-08-30,0.2071957345211568
2010-08-31,0.19344873684795935
2010-09-01,0.22038680776811298
2010-09-02,0.21998689682920824
2010-09-03,0.2252657298313183
2010-09-06,0.21153583669086104
2010-09-07,0.212411368725238
2010-09-08,0.2027598944507792
2010-09-09,0.19629354587263542
2010-09-10,0.18687704100037178
2010-09-13,0.19053071636786478
2010-09-14,0.17996730533676447
2010-09-15,0.17087681665044832
2010-09-16,0.1625119785672105
2010-09-17,0.1525331411362017
2010-09-20,0.16920483132068218
2010-09-21,0.16033967591120007
2010-09-22,0.15763917578074113
2010-09-23,0.16490301035139565
2010-09-24,0.18520027847152595
2010-09-27,0.18328525669572937
2010-09-28,0.17790108353037906
2010-09-29,0.17120050789781902
2010-09-30,0.16696271823113515
2010-10-01,0.1622999489196538
2010-10-04,0.1648016472851901
2010-10-05,0.18569653599995692
2010-10-06,0.17114743013125422
2010-10-07,0.16986289292271592
2010-10-08,0.1672138480096346
2010-10-11,0.15575779132273865
2010-10-12,0.15393288886878384
2010-10-13,0.14997717521874457
2010-10-14,0.14908783033526246
2010-10-15,0.1421583360913245
2010-10-18,0.14413307077649715
2010-10-19,0.1607975890302093
2010-10-20,0.16410102016908817
2010-10-21,0.1568372935053191
2010-10-22,0.15292654879140488
2010-10-25,0.1416340605916918
2010-10-26,0.1367931775283678
2010-10-27,0.13496982029148188
2010-10-28,0.12790268817173422
2010-10-29,0.12102446224797746
2010-11-01,0.11478445306352351
2010-11-02,0.12149112624041436
2010-11-03,0.11673925822394457
2010-11-04,0.14807279008269508
2010-11-05,0.14168986498369726
2010-11-08,0.13666553229363845
2010-11-09,0.1469273104691611
2010-11-10,0.14161988395792605
2010-11-11,0.13999724909231584
2010-11-12,0.15271252462126098
2010-11-15,0.14737947395956724
2010-11-16,0.17185688202405036
2010-11-17,0.15359496140891468
2010-11-18,0.17123267423919095
2010-11-19,0.15879323219266606
2010-11-22,0.15421027654791195
2010-11-23,0.1686817597696332
2010-11-24,0.18226207329558247
2010-11-25,0.17274203714927333
2010-11-26,0.17052691710207613
2010-11-29,0.16188706527844646
2010-11-30,0.16213499806334405
2010-12-01,0.18713933558832618
2010-12-02,0.19165524082102708
2010-12-03,0.182638673071239
2010-12-06,0.16978298239298167
2010-12-07,0.1658068972904687
2010-12-08,0.1556779352565147
2010-12-09,0.15450477184942735
2010-12-10,0.14838752621306767
2010-12-13,0.14428961972393128
2010-12-14,0.13477659838692066
2010-12-15,0.1361175048902916
2010-12-16,0.13522324466194266
2010-12-17,0.12985318980438
2010-12-20,0.12516753011263
2010-12-21,0.1264605950269549
2010-12-22,0.12378906191681242
2010-12-23,0.1217482826393042
2010-12-24,0.11463071420584342
2010-12-27,0.1072059446043763
2010-12-28,0.10535306043339486
2010-12-29,0.09634027415258693
2010-12-30,0.09766811242692042
2010-12-31,0.09519884282935073
2011-01-03,0.11093875926416073
2011-01-04,0.10625596891671757
2011-01-05,0.10644967081981781
2011-01-06,0.10578815095810219
2011-01-07,0.10720229680279988
2011-01-10,0.10488757836955612
2011-01-11,0.10340964038855772
2011-01-12,0.11480961157312729
2011-01-13,0.11054728801551253
2011-01-14,0.11658268179510325
2011-01-17,0.111369594827784
2011-01-18,0.10380268865314557
2011-01-19,0.12009357517306149
2011-01-20,0.11740410050486352
2011-01-21,0.11419340170676189
2011-01-24,0.11739751996420045
2011-01-25,0.11216459254902035
2011-01-26,0.10996674414837199
2011-01-27,0.10797433539815515
2011-01-28,0.13893308406497684
2011-01-31,0.14144753374166222
2011-02-01,0.15735853288403878
2011-02-02,0.1550525793402684
2011-02-03,0.1464546625871245
2011-02-04,0.14312907962168867
2011-02-07,0.14293052163565304
2011-02-08,0.13868390659471339
2011-02-09,0.13664806027103835
2011-02-10,0.1294974942036696
2011-02-11,0.12758849026168415
2011-02-14,0.12302582433593674
2011-02-15,0.12257360054645329
2011-02-16,0.12521424452520272
2011-02-17,0.12409337397832963
2011-02-18,0.11815419669759772
2011-02-21,0.11129788813269137
2011-02-22,0.14994853634723307
2011-02-23,0.15317307156366292
2011-02-24,0.1457872810208712
2011-02-25,0.15219812348518783
2011-02-28,0.1468672334064185
2011-03-01,0.16672278553857525
2011-03-02,0.16496799938638684
2011-03-03,0.17341524058798022
2011-03-04,0.17627052287945083
2011-03-07,0.17797861327882764
2011-03-08,0.18154733614552618
2011-03-09,0.1695705893008706
2011-03-10,0.19247529668665836
2011-03-11,0.1875826099171562
2011-03-14,0.18331360250189993
2011-03-15,0.1918505680584351
2011-03-16,0.2118136443691192
2011-03-17,0.2121175584295068
2011-03-18,0.20100955279842
2011-03-21,0.21675187967486395
2011-03-22,0.19914212266986234
2011-03-23,0.18769460197183352
2011-03-24,0.18850793851150144
2011-03-25,0.18068341172925403
2011-03-28,0.1770329107724964
2011-03-29,0.1733621649491531
2011-03-30,0.17235752467487148
2011-03-31,0.16056702052995322
2011-04-01,0.16029401043404362
2011-04-04,0.15188567129320538
2011-04-05,0.14093470573762854
2011-04-06,0.13587805695125052
2011-04-07,0.13185745933759102
2011-04-08,0.12863949577622286
2011-04-11,0.1299758208741045
2011-04-12,0.13859863217642793
2011-04-13,0.1301823532463456
2011-04-14,0.12332149476203248
2011-04-15,0.12260694860828089
2011-04-18,0.13936801648248148
2011-04-19,0.13442406979373456
2011-04-20,0.14763833462144774
2011-04-21,0.15007306278618904
2011-04-22,0.13791426733757542
2011-04-25,0.13412162564972618
2011-04-26,0.13605193114595288
2011-04-27,0.1381812872056012
2011-04-28,0.138025919511426
2011-04-29,0.13070300212317507
2011-05-02,0.1311924808609602
2011-05-03,0.12573292927732077
2011-05-04,0.13153829976052753
2011-05-05,0.14046147790521482
2011-05-06,0.13658390941567788
2011-05-09,0.1357630981750468
2011-05-10,0.1377693054435978
2011-05-11,0.15499598503962295
2011-05-12,0.14618576008160897
2011-05-13,0.15102267640756517
2011-05-16,0.15313734110069716
2011-05-17,0.1494278684710437
2011-05-18,0.14855197035659307
2011-05-19,0.14140868325099848
2011-05-20,0.14557389672084806
2011-05-23,0.16041061550849098
2011-05-24,0.15160715774193492
2011-05-25,0.1468022234288344
2011-05-26,0.1460553410545235
2011-05-27,0.1413509177112407
2011-05-30,0.13403425927121168
2011-05-31,0.1432325867335575
2011-06-01,0.17078260957801314
2011-06-02,0.16541606509019702
2011-06-03,0.17506483057831407
2011-06-06,0.18039196108709202
2011-06-07,0.16788127159545177
2011-06-08,0.16596591363580665
2011-06-09,0.1641538572176518
2011-06-10,0.1751144835501322
2011-06-13,0.1636727223580226
2011-06-14,0.17327718331454883
2011-06-15,0.19155465744624672
2011-06-16,0.18137611318429503
2011-06-17,0.17276000956492818
2011-06-20,0.16792979506501382
2011-06-21,0.17948963732932
2011-06-22,0.17515363976348633
2011-06-23,0.1712902691801997
2011-06-24,0.17893604463363882
2011-06-27,0.1845719295651175
2011-06-28,0.18174230537299396
2011-06-29,0.1805306552699937
2011-06-30,0.18585187878861445
2011-07-01,0.19554608924375635
2011-07-04,0.17862302987609313
2011-07-05,0.17326351545603969
2011-07-06,0.16458108945276773
2011-07-07,0.16750960009422297
2011-07-08,0.17128425481399492
2011-07-11,0.18432007298664757
2011-07-12,0.18325191921605696
2011-07-13,0.1729107576329366
2011-07-14,0.1742641477423828
2011-07-15,0.16728109574707067
2011-07-18,0.17642529139470162
2011-07-19,0.18499486933652298
2011-07-20,0.17519839750649271
2011-07-21,0.1796185173104022
2011-07-22,0.1701404725062631
2011-07-25,0.1701396784585802
2011-07-26,0.1658233321168969
2011-07-27,0.19041705320136065
2011-07-28,0.18619719256342943
2011-07-29,0.17920181509213642
2011-08-01,0.1754687965128014
2011-08-02,0.20671716568940302
2011-08-03,0.2055129244173951
2011-08-04,0.27043929107919645
2011-08-05,0.25426000055228576
2011-08-08,0.34717842043618724
2011-08-09,0.38851283989358554
2011-08-10,0.40456433627143096
2011-08-11,0.43357241064852786
2011-08-12,0.3944937844813132
2011-08-15,0.386723807089537
2011-08-16,0.3637728592721078
2011-08-17,0.33988104007646686
2011-08-18,0.3694703671662311
2011-08-19,0.36367663728109056
2011-08-22,0.32998787715138955
2011-08-23,0.34810486737866536
2011-08-24,0.33165868500093515
2011-08-25,0.3273413278177797
2011-08-26,0.3227895789248642
2011-08-29,0.33522038995064934
2011-08-30,0.3081660205777702
2011-08-31,0.2890460450708189
2011-09-01,0.2798946212502507
2011-09-02,0.29248532292213664
2011-09-05,0.27924507439961616
2011-09-06,0.2690838281421767
2011-09-07,0.2950430895473658
2011-09-08,0.28006594778035465
2011-09-09,0.29720993692281594
2011-09-12,0.2751653603940697
2011-09-13,0.2683114062515376
2011-09-14,0.2636424103467495
2011-09-15,0.2672142932390689
2011-09-16,0.2529335733573343
2011-09-19,0.2523114721046984
2011-09-20,0.23865921072481958
2011-09-21,0.2715934000775627
2011-09-22,0.2892265874344735
2011-09-23,0.2747434831096591
2011-09-26,0.2835767544429524
2011-09-27,0.2730342725897833
2011-09-28,0.28470706998541234
2011-09-29,0.26845077240378146
2011-09-30,0.29194793217541837
2011-10-03,0.30851497472584016
2011-10-04,0.3065713514226107
2011-10-05,0.30258449423987255
2011-10-06,0.30796400671302643
2011-10-07,0.29706425218308197
2011-10-10,0.3172186912535537
2011-10-11,0.2909443430042686
2011-10-12,0.2802035033807133
2011-10-13,0.26532204605129983
2011-10-14,0.2657705166152085
2011-10-17,0.27265339660258453
2011-10-18,0.28370803114672133
2011-10-19,0.2740538233727311
2011-10-20,0.26074492013252487
2011-10-21,0.2640511113058761
2011-10-24,0.2633030023956005
2011-10-25,0.27670480938357145
2011-10-26,0.26709918924044046
2011-10-27,0.2889608479672071
2011-10-28,0.2700146066635772
2011-10-31,0.2849128034042761
2011-11-01,0.29987973317657385
2011-11-02,0.2913357724307116
2011-11-03,0.29738490253737987
2011-11-04,0.28666779374710094
2011-11-07,0.2717238590172838
2011-11-08,0.26575801857908893
2011-11-09,0.29578719378738116
2011-11-10,0.2902151430915636
2011-11-11,0.2886774218248293
2011-11-14,0.280446403759523
2011-11-15,0.2680600321339373
2011-11-16,0.2687541885586225
2011-11-17,0.26967608656998926
2011-11-18,0.2571300089953448
2011-11-21,0.2637257576007039
2011-11-22,0.24652183197216546
2011-11-23,0.26344766882922344
2011-11-24,0.2387307066613211
2011-11-25,0.2331862653608822
2011-11-28,0.2556443478589384
2011-11-29,0.23817971298059193
2011-11-30,0.2930887959782063
2011-12-01,0.26197230546931466
2011-12-02,0.2508340634434037
2011-12-05,0.2396177855063867
2011-12-06,0.22393604234631734
2011-12-07,0.2047122050435921
2011-12-08,0.22640808217544828
2011-12-09,0.23668712381274853
2011-12-12,0.24240482413009004
2011-12-13,0.23592975366573418
2011-12-14,0.23632648076632548
2011-12-15,0.2198804724167252
2011-12-16,0.21095437570804104
2011-12-19,0.216557287316998
2011-12-20,0.24382976105151843
2011-12-21,0.22859346699700567
2011-12-22,0.2206987692646409
2011-12-23,0.21652059907408353
2011-12-26,0.20133149135490566
2011-12-27,0.19585685879257336
2011-12-28,0.19719147616668337
2011-12-29,0.1975545449643273
2011-12-30,0.19386345939334168
2012-01-02,0.17669072795323734
2012-01-03,0.1914397307663897
2012-01-04,0.18127274781064842
2012-01-05,0.17125829887145144
2012-01-06,0.16561877562548363
2012-01-09,0.15554773923167514
2012-01-10,0.16073338942252002
2012-01-11,0.14932910257215234
2012-01-12,0.14522563180803377
2012-01-13,0.1413783520832727
2012-01-16,0.13408125317655137
2012-01-17,0.12776818922347938
2012-01-18,0.14226807451430099
2012-01-19,0.13934978221047664
2012-01-20,0.13198265991091032
2012-01-23,0.1265056734180822
2012-01-24,0.11874516528783205
2012-01-25,0.1269866223723371
2012-01-26,0.12884807720373928
2012-01-27,0.1280084125459323
2012-01-30,0.12394220773111302
2012-01-31,0.11878890419107536
2012-02-01,0.12844302382107312
2012-02-02,0.12176453081322655
2012-02-03,0.13796113409947808
2012-02-06,0.13376516206534617
2012-02-07,0.12618887795411834
2012-02-08,0.12227816836690998
2012-02-09,0.114884729266867
2012-02-10,0.12088151805354362
2012-02-13,0.12443981370628225
2012-02-14,0.11923515675025624
2012-02-15,0.12364271625571775
2012-02-16,0.13363508665599436
2012-02-17,0.1327256468363062
2012-02-20,0.1278694257067848
2012-02-21,0.115717754200799
2012-02-22,0.11840029132492454
2012-02-23,0.11454271668148693
2012-02-24,0.11111184755261862
2012-02-27,0.10537406905268304
2012-02-28,0.10426715837464488
2012-02-29,0.1090721996097099
2012-03-01,0.11094714499965803
2012-03-02,0.11396923668280375
2012-03-05,0.11587268186575471
2012-03-06,0.13720406749196218
2012-03-07,0.13873109096942943
2012-03-08,0.1438999697626622
2012-03-09,0.13999135709953758
2012-03-12,0.1349283547959108
2012-03-13,0.15236819232280147
2012-03-14,0.1479229579603843
2012-03-15,0.15066063279820133
2012-03-16,0.14057747307731666
2012-03-19,0.13666220234434812
2012-03-20,0.1329113293215776
2012-03-21,0.1338434445711195
2012-03-22,0.13683290775933468
2012-03-23,0.13165822570863292
2012-03-26,0.14368323524748755
2012-03-27,0.14526875550933785
2012-03-28,0.1446710220129117
2012-03-29,0.13888922879810484
2012-03-30,0.13668169320714788
2012-04-02,0.13987060893656655
2012-04-03,0.13633082555242898
2012-04-04,0.15175388894744066
2012-04-05,0.13920320278314754
2012-04-06,0.13271093405644957
2012-04-09,0.14949189260212345
2012-04-10,0.16895744114382713
2012-04-11,0.16871684147804897
2012-04-12,0.17397382394886698
2012-04-13,0.1872591369935184
2012-04-16,0.17397296020936992
2012-04-17,0.1861868866706732
2012-04-18,0.18112798785476497
2012-04-19,0.1768352167963546
2012-04-20,0.16758428975018277
2012-04-23,0.1714868471347919
2012-04-24,0.16204738927375412
2012-04-25,0.17720077802665943
2012-04-26,0.17650555832249887
2012-04-27,0.16442658718413464
2012-04-30,0.15851733779799773
2012-05-01,0.15641543166213506
2012-05-02,0.15484843280900698
2012-05-03,0.1585873832670231
2012-05-04,0.17206643741118224
2012-05-07,0.1607019955426051
2012-05-08,0.16174833058264063
2012-05-09,0.16267440602702338
2012-05-10,0.15448024574229854
2012-05-11,0.15389290718131637
2012-05-14,0.16244126064626832
2012-05-15,0.1620596763123955
2012-05-16,0.1602653981971283
2012-05-17,0.17582372972221808
2012-05-18,0.17439859556361348
2012-05-21,0.18715188838726032
2012-05-22,0.17418067588747663
2012-05-23,0.16859412905531285
2012-05-24,0.15686753209215357
2012-05-25,0.1524535888835294
2012-05-28,0.1442726300608047
2012-05-29,0.14912252073314683
2012-05-30,0.16948387189840858
2012-05-31,0.15999212895046785
2012-06-01,0.19591331024398217
2012-06-04,0.17852250062022576
2012-06-05,0.17633740445982116
2012-06-06,0.20399334602263153
2012-06-07,0.1851622531502821
2012-06-08,0.18658206280957948
2012-06-11,0.19460522456085955
2012-06-12,0.1968522626161257
2012-06-13,0.19397993664384203
2012-06-14,0.19345010491939343
2012-06-15,0.20223409479150484
2012-06-18,0.17969453720536135
2012-06-19,0.18213645477022583
2012-06-20,0.17829795470623525
2012-06-21,0.2045442939770252
2012-06-22,0.19834704442664444
2012-06-25,0.20766614724999038
2012-06-26,0.19840057760181595
2012-06-27,0.203082967099681
2012-06-28,0.18971876445706756
2012-06-29,0.21341479814526648
2012-07-02,0.20076072498110556
2012-07-03,0.1978602614667364
2012-07-04,0.18234652635721973
2012-07-05,0.17831457671844145
2012-07-06,0.18017087206442148
2012-07-09,0.17581075337497226
2012-07-10,0.17691641978356495
2012-07-11,0.16231939697772918
2012-07-12,0.16306098949003767
2012-07-13,0.17642279848483605
2012-07-16,0.17098512855333958
2012-07-17,0.167431350121487
2012-07-18,0.16619237484000793
2012-07-19,0.15647512370277297
2012-07-20,0.16790311854756448
2012-07-23,0.17170554018363549
2012-07-24,0.17866576128423262
2012-07-25,0.16715710937493913
2012-07-26,0.18021727412737829
2012-07-27,0.19556522749602828
2012-07-30,0.18602497539830892
2012-07-31,0.17757475005244705
2012-08-01,0.17590546375522642
2012-08-02,0.17736124313524917
2012-08-03,0.19625454108579163
2012-08-06,0.18124726649859146
2012-08-07,0.17798111793058194
2012-08-08,0.16364297751001594
2012-08-09,0.15649489274143155
2012-08-10,0.14778748662676514
2012-08-13,0.1406244982884316
2012-08-14,0.1347847886486745
2012-08-15,0.12707415405309078
2012-08-16,0.13494353030403453
2012-08-17,0.12217026537966916
2012-08-20,0.1209609899035894
2012-08-21,0.11927903376787528
2012-08-22,0.11480700510171805
2012-08-23,0.12194997289121616
2012-08-24,0.12826213006473366
2012-08-27,0.1215384898713417
2012-08-28,0.11823304055268877
2012-08-29,0.11267314104368047
2012-08-30,0.1205365398665191
2012-08-31,0.12226630739549865
2012-09-03,0.11588872901702692
2012-09-04,0.1140034891372015
2012-09-05,0.10859060823308953
2012-09-06,0.14128092923706193
2012-09-07,0.14133629129123118
2012-09-10,0.14164851772634451
2012-09-11,0.1335827117488625
2012-09-12,0.13039803208383727
2012-09-13,0.14835211403291357
2012-09-14,0.14623147129459615
2012-09-17,0.14047554830190517
2012-09-18,0.1400075455488634
2012-09-19,0.12813470763957452
2012-09-20,0.12552207077802147
2012-09-21,0.11672697485948516
2012-09-24,0.1185573378132402
2012-09-25,0.13074455553712325
2012-09-26,0.13948677662423128
2012-09-27,0.14110826005466112
2012-09-28,0.14370275315996328
2012-10-01,0.13454974189621155
2012-10-02,0.13129762770954673
2012-10-03,0.12368968157386377
2012-10-04,0.1257659119197397
2012-10-05,0.12269607530317637
2012-10-08,0.12183357121639993
2012-10-09,0.13571257773353834
2012-10-10,0.13749116768684128
2012-10-11,0.13098843204034163
2012-10-12,0.128848690963051
2012-10-15,0.13295823776588733
2012-10-16,0.138754596296067
2012-10-17,0.13692443915267258
2012-10-18,0.1384022829490178
2012-10-19,0.1601376605439279
2012-10-22,0.14854642809860444
2012-10-23,0.16180272499227158
2012-10-24,0.1589543739520433
2012-10-25,0.15000844385289291
2012-10-26,0.1430257160617653
2012-10-29,0.139226036357424
2012-10-30,0.13032995247713533
2012-10-31,0.12425009310625056
2012-11-01,0.13519626107724025
2012-11-02,0.14322277599048835
2012-11-05,0.13934123186880124
2012-11-06,0.14292892221700376
2012-11-07,0.1754033609618166
2012-11-08,0.18504369928434086
2012-11-09,0.17480844188654812
2012-11-12,0.15818271762320096
2012-11-13,0.16540210107267822
2012-11-14,0.17160710318466
2012-11-15,0.1666802505324786
2012-11-16,0.15883612660354696
2012-11-19,0.1840776350727226
2012-11-20,0.17173341783660873
2012-11-21,0.1602053758319737
2012-11-22,0.1544237232810691
2012-11-23,0.16651911968961056
2012-11-26,0.15479119965462768
2012-11-27,0.15642017343590675
2012-11-28,0.15673119472437094
2012-11-29,0.1516817791082067
2012-11-30,0.14631486957862927
2012-12-03,0.1455367585538005
2012-12-04,0.14169313072976367
2012-12-05,0.13420451687308527
2012-12-06,0.12703462913533142
2012-12-07,0.12414074150383225
2012-12-10,0.12347199413793764
2012-12-11,0.12105830963640359
2012-12-12,0.11399652303619247
2012-12-13,0.12137077812378977
2012-12-14,0.12502536291596672
2012-12-17,0.13514632589738734
2012-12-18,0.14173630313514454
2012-12-19,0.15207314883704526
2012-12-20,0.14898670055566599
2012-12-21,0.15676744397924158
2012-12-24,0.1533925125905325
2012-12-25,0.14287305158405703
2012-12-26,0.1438157537373962
2012-12-27,0.13828799833305197
2012-12-28,0.14932078555167075
2012-12-31,0.1663701683427299
2013-01-02,0.19702515816784366
2013-01-03,0.1842234618579368
2013-01-04,0.1744735726316717
2013-01-07,0.17606846397604106
2013-01-08,0.1691933509404745
2013-01-09,0.1606925198108399
2013-01-10,0.16056922190986483
2013-01-11,0.1550087607892032
2013-01-14,0.14867183832974007
2013-01-15,0.1364427941522127
2013-01-16,0.126487407945606
2013-01-17,0.12993058856730777
2013-01-18,0.1284930869152352
2013-01-21,0.12074982425072615
2013-01-22,0.12258538772529984
2013-01-23,0.11443050284276704
2013-01-24,0.10887675463640334
2013-01-25,0.11191884864463474
2013-01-28,0.11072873421383995
2013-01-29,0.11175010760254536
2013-01-30,0.11403375814193613
2013-01-31,0.11395626095048374
2013-02-01,0.1232265099171446
2013-02-04,0.14081478232567937
2013-02-05,0.1469784109520519
2013-02-06,0.13806368288539958
2013-02-07,0.1373253422728789
2013-02-08,0.12818161802216602
2013-02-11,0.12942955748517668
2013-02-12,0.11885565312269598
2013-02-13,0.11523639609510222
2013-02-14,0.11020332632816272
2013-02-15,0.1041448817789271
2013-02-18,0.10366321805268704
2013-02-19,0.10613882483933322
2013-02-20,0.12763055716113378
2013-02-21,0.12861765111790374
2013-02-22,0.13558733431018438
2013-02-25,0.16190181413869686
2013-02-26,0.16077095544327635
2013-02-27,0.16920693366816578
2013-02-28,0.16298380121518688
2013-03-01,0.15051830254549142
2013-03-04,0.1476911390413515
2013-03-05,0.155502215230864
2013-03-06,0.14271922899205947
2013-03-07,0.13816097433153068
2013-03-08,0.13394845789765994
2013-03-11,0.13176800822322343
2013-03-12,0.128921489534615
2013-03-13,0.12215767515433389
2013-03-14,0.12292120073538428
2013-03-15,0.11851833783345633
2013-03-18,0.12467107797296698
2013-03-19,0.12341256764143733
2013-03-20,0.12715317674604135
2013-03-21,0.13453807671908297
2013-03-22,0.13580379342485385
2013-03-25,0.13317645553730392
2013-03-26,0.14175238841943408
2013-03-27,0.1306180461821806
2013-03-28,0.13226687918240915
2013-03-29,0.12587806090031653
2013-04-01,0.1263558875890358
2013-04-02,0.12521681399748302
2013-04-03,0.13835904467141147
2013-04-04,0.13285585622955182
2013-04-05,0.13345666469242906
2013-04-08,0.13408958939645874
2013-04-09,0.13382233673553084
2013-04-10,0.14104698856619247
2013-04-11,0.13813180325903063
2013-04-12,0.1369317250084308
2013-04-15,0.17546367218325193
2013-04-16,0.17959481985244372
2013-04-17,0.1934963393952461
2013-04-18,0.1885214101982855
2013-04-19,0.18797826299193698
2013-04-22,0.18673866374980436
2013-04-23,0.18482270281877194
2013-04-24,0.17041067331152374
2013-04-25,0.16872673119482975
2013-04-26,0.15917685579756957
2013-04-29,0.15623906093454973
2013-04-30,0.1528134750278002
2013-05-01,0.1571479397052253
2013-05-02,0.1704793997625998
2013-05-03,0.16778120930484455
2013-05-06,0.15779680863407175
2013-05-07,0.15630089301478617
2013-05-08,0.15125605039447648
2013-05-09,0.14844056162739136
2013-05-10,0.14481388480729382
2013-05-13,0.13844900463277765
2013-05-14,0.14411819851257895
2013-05-15,0.14282963402544527
2013-05-16,0.14380113699757419
2013-05-17,0.15052120269353234
2013-05-20,0.14415630712730967
2013-05-21,0.13508888128374258
2013-05-22,0.14722422017384743
2013-05-23,0.14146745891784088
2013-05-24,0.131721532633198
2013-05-27,0.12841327173346856
2013-05-28,0.12840790962818302
2013-05-29,0.13955758746157929
2013-05-30,0.1313526128847931
2013-05-31,0.1499782680403159
2013-06-03,0.14916992350409874
2013-06-04,0.14887038732570537
2013-06-05,0.16745249968276338
2013-06-06,0.16355292407614336
2013-06-07,0.17286675961681233
2013-06-10,0.164136453489877
2013-06-11,0.16837070891842715
2013-06-12,0.1706134651070728
2013-06-13,0.18828007164909655
2013-06-14,0.18481497103875782
2013-06-17,0.18125871631844442
2013-06-18,0.1738601187738937
2013-06-19,0.19493095963017057
2013-06-20,0.2214266431033051
2013-06-21,0.20697474883939848
2013-06-24,0.20564545117294383
2013-06-25,0.20958695312555659
2013-06-26,0.20653345698488768
2013-06-27,0.1994718555646665
2013-06-28,0.1951195223989933
2013-07-01,0.18892813104591435
2013-07-02,0.1740377075540844
2013-07-03,0.16589887780696078
2013-07-04,0.15612646154251014
2013-07-05,0.16280297962218665
2013-07-08,0.15777566400730098
2013-07-09,0.15429589191340104
2013-07-10,0.14691124683109275
2013-07-11,0.15683146445005888
2013-07-12,0.15279128914600962
2013-07-15,0.14630537139971864
2013-07-16,0.14244470187398284
2013-07-17,0.13864190233063056
2013-07-18,0.1371047428174367
2013-07-19,0.1288527218194475
2013-07-22,0.1263576237989866
2013-07-23,0.12103180135125245
2013-07-24,0.12623397091199437
2013-07-25,0.11732369164023818
2013-07-26,0.11140084735982533
2013-07-29,0.11806275963694507
2013-07-30,0.1084058810025565
2013-07-31,0.10291925185499375
2013-08-01,0.11875421877279185
2013-08-02,0.11370545556457898
2013-08-05,0.114600078162694
2013-08-06,0.11687722441914836
2013-08-07,0.11780673851648417
2013-08-08,0.11780323084319799
2013-08-09,0.11640042448286275
2013-08-12,0.11348735733513578
2013-08-13,0.11273156667880307
2013-08-14,0.11580810217507229
2013-08-15,0.1386064593336882
2013-08-16,0.1358829121293201
2013-08-19,0.13791120973422596
2013-08-20,0.13687231837786043
2013-08-21,0.13836385243326468
2013-08-22,0.14354505984117305
2013-08-23,0.13925955042425364
2013-08-26,0.14049875676479437
2013-08-27,0.15766551854137584
2013-08-28,0.15440789979817843
2013-08-29,0.1414385367943593
2013-08-30,0.14035115816213004
2013-09-02,0.1363878769952522
2013-09-03,0.13158103839917012
2013-09-04,0.137526311373747
2013-09-05,0.12781204624613215
2013-09-06,0.12009145237590699
2013-09-09,0.12799517127239154
2013-09-10,0.1360280296983873
2013-09-11,0.12953712657391864
2013-09-12,0.1300676463091238
2013-09-13,0.12575302799291002
2013-09-16,0.12770383701429505
2013-09-17,0.12431619406805461
2013-09-18,0.13728556593914348
2013-09-19,0.1337523981140043
2013-09-20,0.13850160920488055
2013-09-23,0.13983931936649838
2013-09-24,0.13398729945788654
2013-09-25,0.1352434832321952
2013-09-26,0.12882320809321324
2013-09-27,0.13217138661663982
2013-09-30,0.1326498153195891
2013-10-01,0.13856532223591786
2013-10-02,0.13234476276203166
2013-10-03,0.14057683966739198
2013-10-04,0.13853937330693372
2013-10-07,0.14818092919501802
2013-10-08,0.1602352176320242
2013-10-09,0.15108769923635496
2013-10-10,0.17851864643858947
2013-10-11,0.1700794711240498
2013-10-14,0.1646659164953133
2013-10-15,0.1694582557453799
2013-10-16,0.1756899085658888
2013-10-17,0.1723060013703632
2013-10-18,0.17357768638290558
2013-10-21,0.15845972831013846
2013-10-22,0.1547765856385734
2013-10-23,0.1604428473885389
2013-10-24,0.1514934157781686
2013-10-25,0.1470099047388389
2013-10-28,0.13829270034432894
2013-10-29,0.13936398535140782
2013-10-30,0.14259300084030757
2013-10-31,0.1416625186097648
2013-11-01,0.13502634144448958
2013-11-04,0.13168859128366311
2013-11-05,0.1299900133778241
2013-11-06,0.1272892432202033
2013-11-07,0.14766311477915398
2013-11-08,0.15803613386610954
2013-11-11,0.1453626060788416
2013-11-12,0.14206953311796783
2013-11-13,0.14461434026723677
2013-11-14,0.1400495306912989
2013-11-15,0.14218696624867913
2013-11-18,0.13909602806206492
2013-11-19,0.13721387204329785
2013-11-20,0.13530824333961952
2013-11-21,0.1396337292526747
2013-11-22,0.13218031919458684
2013-11-25,0.12683988326949378
2013-11-26,0.12394943019886358
2013-11-27,0.1227152723003396
2013-11-28,0.11469529474715828
2013-11-29,0.11135070653261436
2013-12-02,0.1116122588669496
2013-12-03,0.11165280477016803
2013-12-04,0.1095285856284676
2013-12-05,0.11319858512577442
2013-12-06,0.12505399886830457
2013-12-09,0.12165691826920426
2013-12-10,0.11999166487404676
2013-12-11,0.1333634772557934
2013-12-12,0.13569287917833114
2013-12-13,0.12521436518183568
2013-12-16,0.13073836521907384
2013-12-17,0.12858802336346123
2013-12-18,0.1494385745266526
2013-12-19,0.14216310790755926
2013-12-20,0.13852903660621133
2013-12-23,0.1390067118815239
2013-12-24,0.13173384038219346
2013-12-25,0.1265204723453272
2013-12-26,0.12552854768307428
2013-12-27,0.11997056459406623
2013-12-30,0.11469304277239348
2013-12-31,0.11408917059213662
2014-01-02,0.12491649026247242
2014-01-03,0.12286873394449166
2014-01-06,0.11969900704785853
2014-01-07,0.11740516614746267
2014-01-08,0.11404935173602926
2014-01-09,0.10839231156574873
2014-01-10,0.11064455730821124
2014-01-13,0.12734895813204236
2014-01-14,0.1354404239387379
2014-01-15,0.1349304139253823
2014-01-16,0.13221577683353575
2014-01-17,0.1339708133529821
2014-01-20,0.12400728941551292
2014-01-21,0.12005955047382377
2014-01-22,0.11326042575378954
2014-01-23,0.12371255527077828
2014-01-24,0.15985292981505275
2014-01-27,0.15866865228919097
2014-01-28,0.15395856301947317
2014-01-29,0.16636732699424267
2014-01-30,0.16713384387336702
2014-01-31,0.1663036342235627
2014-02-03,0.19747387114047632
2014-02-04,0.19331752808644057
2014-02-05,0.1852210606100843
2014-02-06,0.1902349144077125
2014-02-07,0.19919001428973543
2014-02-10,0.18475505473036638
2014-02-11,0.186151008970268
2014-02-12,0.1751589877722474
2014-02-13,0.171920301922264
2014-02-14,0.16714359496452444
2014-02-17,0.15663722118751763
2014-02-18,0.14874017924356986
2014-02-19,0.154551117410103
2014-02-20,0.15161357159633332
2014-02-21,0.14282156255648865
2014-02-24,0.14493199778378535
2014-02-25,0.14039478452757462
2014-02-26,0.13432058650842824
2014-02-27,0.1329699525990275
2014-02-28,0.12532589443485928
2014-03-03,0.13503449264021755
2014-03-04,0.1493388309024554
2014-03-05,0.1405036964069345
2014-03-06,0.13530971990939344
2014-03-07,0.1308068748004394
2014-03-10,0.12372905025308792
2014-03-11,0.12363062170532553
2014-03-12,0.12011058082385236
2014-03-13,0.13244409381000144
2014-03-14,0.13234782609794993
2014-03-17,0.1396576859684527
2014-03-18,0.1387219113462249
2014-03-19,0.1408179106412676
2014-03-20,0.14517159244818476
2014-03-21,0.14250874316395887
2014-03-24,0.13828979969342187
2014-03-25,0.13853723041559562
2014-03-26,0.14298323005130403
2014-03-27,0.13437028544706753
2014-03-28,0.13704420351107066
2014-03-31,0.13954056308490534
2014-04-01,0.1414618522990283
2014-04-02,0.1347461301757733
2014-04-03,0.13163974323527333
2014-04-04,0.14839613608402127
2014-04-07,0.1550474235569075
2014-04-08,0.15219616875408132
2014-04-09,0.15810014561429936
2014-04-10,0.1829854528776757
2014-04-11,0.1890705214948761
2014-04-14,0.18490768857111445
2014-04-15,0.18355818272002333
2014-04-16,0.1879103033014217
2014-04-17,0.1718011465160874
2014-04-18,0.161135693627163
2014-04-21,0.15627188986259466
2014-04-22,0.15202184872861918
2014-04-23,0.1493636966243691
2014-04-24,0.14088066964502555
2014-04-25,0.15050896986649753
2014-04-28,0.14239685181490833
2014-04-29,0.14098439084717987
2014-04-30,0.13603489527064316
2014-05-01,0.12654948383566303
2014-05-02,0.12466492018240716
2014-05-05,0.11830479904570095
2014-05-06,0.12778184831276998
2014-05-07,0.1290063905506233
2014-05-08,0.12589129084726725
2014-05-09,0.11868322311400671
2014-05-12,0.12988217641952055
2014-05-13,0.12223649587391866
2014-05-14,0.1257106467524688
2014-05-15,0.13828968513926387
2014-05-16,0.13205176207895292
2014-05-19,0.13100899705132105
2014-05-20,0.13073040341504352
2014-05-21,0.1375892539036836
2014-05-22,0.13245866252375085
2014-05-23,0.13011569527160155
2014-05-26,0.12479751771560407
2014-05-27,0.12489914295320495
2014-05-28,0.11936791673889134
2014-05-29,0.12167377760269449
2014-05-30,0.1179704816549537
2014-06-02,0.11010288900132766
2014-06-03,0.10510194417270101
2014-06-04,0.10459917749607778
2014-06-05,0.10618364975145217
2014-06-06,0.10816787453101379
2014-06-09,0.10210185668645608
2014-06-10,0.09986543522628573
2014-06-11,0.10070906944729548
2014-06-12,0.11142000486813629
2014-06-13,0.11005047492862553
2014-06-16,0.10442635241376821
2014-06-17,0.09976215466136655
2014-06-18,0.10903779888956626
2014-06-19,0.10406100959359041
2014-06-20,0.09884070106707839
2014-06-23,0.09355874355472804
2014-06-24,0.10353853551140418
2014-06-25,0.10459018900699704
2014-06-26,0.10426754922674125
2014-06-27,0.10074157883748257
2014-06-30,0.09478228186618891
2014-07-01,0.10175069973048702
2014-07-02,0.09697643744697225
2014-07-03,0.10074071017742933
2014-07-04,0.09800212346761128
2014-07-07,0.10166706867860616
2014-07-08,0.10980190936485126
2014-07-09,0.10923399408792632
2014-07-10,0.11635419786218124
2014-07-11,0.10656094805056149
2014-07-14,0.1059377537904529
2014-07-15,0.10503216887992733
2014-07-16,0.10687771023965256
2014-07-17,0.12441373432256869
2014-07-18,0.13272397604545785
2014-07-21,0.12999053770124294
2014-07-22,0.13144548628906003
2014-07-23,0.127776718187418
2014-07-24,0.12077358155740038
2014-07-25,0.12074858693943584
2014-07-28,0.11613481285894552
2014-07-29,0.11846219590150224
2014-07-30,0.11231650746823464
2014-07-31,0.14776865197295033
2014-08-01,0.14341914293122462
2014-08-04,0.14353731180383497
2014-08-05,0.15193991964666761
2014-08-06,0.14679078360677283
2014-08-07,0.14498583997611747
2014-08-08,0.1555942986024099
2014-08-11,0.14826731591666564
2014-08-12,0.14201535055947984
2014-08-13,0.14600845050766273
2014-08-14,0.1409067318861245
2014-08-15,0.134118248235441
2014-08-18,0.1356475594452504
2014-08-19,0.14051816677728207
2014-08-20,0.13037144995624234
2014-08-21,0.12359798815234639
2014-08-22,0.12222252534734018
2014-08-25,0.12492837285349108
2014-08-26,0.11810452345119349
2014-08-27,0.11315300769508452
2014-08-28,0.11154522370859024
2014-08-29,0.10803826126986672
2014-09-01,0.10394892267277737
2014-09-02,0.09951029612644213
2014-09-03,0.10062317833111264
2014-09-04,0.09890394673770946
2014-09-05,0.10035367798105715
2014-09-08,0.10127186172595612
2014-09-09,0.10875957696864567
2014-09-10,0.10893523197903869
2014-09-11,0.10378667258186301
2014-09-12,0.10738460178214425
2014-09-15,0.10581927345342214
2014-09-16,0.113712885030471
2014-09-17,0.1084247601746464
2014-09-18,0.11150630511571506
2014-09-19,0.10666752932640142
2014-09-22,0.11573602929085877
2014-09-23,0.12187654905795274
2014-09-24,0.12515932203792596
2014-09-25,0.14549923471179826
2014-09-26,0.15040249980315523
2014-09-29,0.14485724943177805
2014-09-30,0.14089982144520788
2014-10-01,0.1586059727149703
2014-10-02,0.15050201965822338
2014-10-03,0.15628000862350777
2014-10-06,0.15030770134914379
2014-10-07,0.1692107128968341
2014-10-08,0.18278872786034708
2014-10-09,0.20615450950415085
2014-10-10,0.21205939694050924
2014-10-13,0.22029628467077633
2014-10-14,0.2030798967591095
2014-10-15,0.20606581718004205
2014-10-16,0.1903982494511773
2014-10-17,0.19454819718670047
2014-10-20,0.1946814337643128
2014-10-21,0.20740256313332522
2014-10-22,0.20931104388673008
2014-10-23,0.21073612340575312
2014-10-24,0.20534928532063657
2014-10-27,0.19551429112751684
2014-10-28,0.1999451030806099
2014-10-29,0.18895235602012764
2014-10-30,0.18306111609355785
2014-10-31,0.18644207941516935
2014-11-03,0.17473970053922588
2014-11-04,0.16979579430869932
2014-11-05,0.16511631111680083
2014-11-06,0.16008920892073772
2014-11-07,0.15110262223965154
2014-11-10,0.14645041560697022
2014-11-11,0.13507651899589387
2014-11-12,0.13242056306455666
2014-11-13,0.1272137406720767
2014-11-14,0.11777421935936293
2014-11-17,0.11043972206664797
2014-11-18,0.11192333291529524
2014-11-19,0.10961850814049096
2014-11-20,0.10536320526140758
2014-11-21,0.1064740945142048
2014-11-24,0.1065605403174068
2014-11-25,0.10632562585809527
2014-11-26,0.10355973338827927
2014-11-27,0.09980875926469747
2014-11-28,0.0986331790852793
2014-12-01,0.10679254417854898
2014-12-02,0.11317744825469009
2014-12-03,0.10853185347414904
2014-12-04,0.10713256431748867
2014-12-05,0.10236595056692535
2014-12-08,0.11225361899480434
2014-12-09,0.10714667698761073
2014-12-10,0.13499297189217901
2014-12-11,0.13470596058677403
2014-12-12,0.15402788890264804
2014-12-15,0.15497099764575276
2014-12-16,0.15808486058277782
2014-12-17,0.1846757583804657
2014-12-18,0.20646399552260158
2014-12-19,0.1980411838221424
2014-12-22,0.18572533473347774
2014-12-23,0.18291969558700333
2014-12-24,0.16728648654606587
2014-12-25,0.15998275645484808
2014-12-26,0.1525270917049763
2014-12-29,0.14149879741779184
2014-12-30,0.14545657204041315
2014-12-31,0.15266415490157814
2015-01-02,0.14595179280291606
2015-01-05,0.16721412130819788
2015-01-06,0.1718332175408827
2015-01-07,0.18429717301031212
2015-01-08,0.1919252301051174
2015-01-09,0.19160210680663955
2015-01-12,0.1950086069760102
2015-01-13,0.18404085438066667
2015-01-14,0.180466644944959
2015-01-15,0.1848273512444413
2015-01-16,0.19167632437257617
2015-01-19,0.17955443230113485
2015-01-20,0.1683280464279364
2015-01-21,0.1672790958108922
2015-01-22,0.17811121274155936
2015-01-23,0.1725245136411438
2015-01-26,0.16751518966862183
2015-01-27,0.1773634370857522
2015-01-28,0.1906560050514748
2015-01-29,0.18551384034546298
2015-01-30,0.1964067117111061
2015-02-02,0.19894938769843484
2015-02-03,0.20995924512155806
2015-02-04,0.19611662850592057
2015-02-05,0.19971417485288673
2015-02-06,0.1922652077343742
2015-02-09,0.19092273904555288
2015-02-10,0.1886613385058688
2015-02-11,0.17596533241453693
2015-02-12,0.17747667233027584
2015-02-13,0.1743559244000919
2015-02-16,0.16209735815141252
2015-02-17,0.15362015655650996
2015-02-18,0.14643087242502698
2015-02-19,0.1396425125349794
2015-02-20,0.13863561448246128
2015-02-23,0.1348204614123062
2015-02-24,0.12801234732579367
2015-02-25,0.12372259266931124
2015-02-26,0.1230056963322315
2015-02-27,0.12158725728682049
2015-03-02,0.11956342654156718
2015-03-03,0.12931645093598906
2015-03-04,0.1259633489845198
2015-03-05,0.1196948310982105
2015-03-06,0.1373627900297433
2015-03-09,0.13728964815529593
2015-03-10,0.15957704273417742
2015-03-11,0.15241516461171598
2015-03-12,0.16466450843589361
2015-03-13,0.16534053428826295
2015-03-16,0.17301040608296528
2015-03-17,0.16598301633322693
2015-03-18,0.175414668198191
2015-03-19,0.17164881706507304
2015-03-20,0.16958565555325436
2015-03-23,0.16493373532216343
2015-03-24,0.16992277585717241
2015-03-25,0.1776653415169656
2015-03-26,0.16996350546253958
2015-03-27,0.16398804541219256
2015-03-30,0.16933026197893628
2015-03-31,0.1763093399283513
2015-04-01,0.166545442370353
2015-04-02,0.16163474788228277
2015-04-03,0.15584625273286326
2015-04-06,0.1478197973819866
2015-04-07,0.14856473085925398
2015-04-08,0.14389423397303402
2015-04-09,0.1414451766101303
2015-04-10,0.13812421546220602
2015-04-13,0.14197612978258745
2015-04-14,0.13346139435764887
2015-04-15,0.12965974680826917
2015-04-16,0.12603515923465733
2015-04-17,0.14007950323631388
2015-04-20,0.1467438066938276
2015-04-21,0.14037591018652035
2015-04-22,0.13458019524493803
2015-04-23,0.1306270677164107
2015-04-24,0.12630861300238416
2015-04-27,0.13157910339648973
2015-04-28,0.1265459749314389
2015-04-29,0.12499804873402356
2015-04-30,0.1382730278337068
2015-05-01,0.1441969010734142
2015-05-04,0.13996010213167248
2015-05-05,0.14852695152863563
2015-05-06,0.15227659316010086
2015-05-07,0.1447092232111957
2015-05-08,0.15788068117669976
2015-05-11,0.15458053816055237
2015-05-12,0.15405454438395924
2015-05-13,0.14511197714659702
2015-05-14,0.15180046459675786
2015-05-15,0.1443318246148824
2015-05-18,0.14092949108382793
2015-05-19,0.1308788987312745
2015-05-20,0.12742733844981088
2015-05-21,0.12195135353742882
2015-05-22,0.11978090607646569
2015-05-25,0.11623420098400912
2015-05-26,0.1248709156320131
2015-05-27,0.13648457990001836
2015-05-28,0.1301032277617744
2015-05-29,0.1310904103381301
2015-06-01,0.12934967794343047
2015-06-02,0.12585475538166258
2015-06-03,0.11926275843686128
2015-06-04,0.13086558655951996
2015-06-05,0.12435525502100657
2015-06-08,0.12936239588462017
2015-06-09,0.12262819166373493
2015-06-10,0.13721293159765127
2015-06-11,0.1312955593900356
2015-06-12,0.135966602066314
2015-06-15,0.13327676657147944
2015-06-16,0.136206368853909
2015-06-17,0.12716099170398215
2015-06-18,0.13468008064104664
2015-06-19,0.14020863816393905
2015-06-22,0.1411525936741476
2015-06-23,0.13038088052936458
2015-06-24,0.1345002254969699
2015-06-25,0.1363546195240904
2015-06-26,0.12915103474186876
2015-06-29,0.16037346186018706
2015-06-30,0.15437668413452416
2015-07-01,0.15331863031510212
2015-07-02,0.14600574322276075
2015-07-03,0.13803910493718205
2015-07-06,0.13620963485398813
2015-07-07,0.14140751191395992
2015-07-08,0.16046589404975856
2015-07-09,0.15101956630113111
2015-07-10,0.16257206515143485
2015-07-13,0.16827793561756682
2015-07-14,0.16187375053945988
2015-07-15,0.15714083541565024
2015-07-16,0.15477616686116114
2015-07-17,0.1474945409850299
2015-07-20,0.13630816648179056
2015-07-21,0.13696916944124196
2015-07-22,0.1365021300479798
2015-07-23,0.13657256838393594
2015-07-24,0.1482388164862558
2015-07-27,0.1460520016350145
2015-07-28,0.15889528468843378
2015-07-29,0.15925470956220172
2015-07-30,0.15442335107760038
2015-07-31,0.14543532980992202
2015-08-03,0.14338298704292932
2015-08-04,0.13592224929614832
2015-08-05,0.1332454415198888
2015-08-06,0.14184347903446767
2015-08-07,0.1388709240363636
2015-08-10,0.14791369677458976
2015-08-11,0.15753299114750965
2015-08-12,0.1462681087943634
2015-08-13,0.14149295583601254
2015-08-14,0.1363051358125297
2015-08-17,0.13620112379800625
2015-08-18,0.13405744343035816
2015-08-19,0.14044331849142347
2015-08-20,0.17390142866787087
2015-08-21,0.21387416494141726
2015-08-24,0.2654686987296304
2015-08-25,0.2657334753058643
2015-08-26,0.30341247223132267
2015-08-27,0.308875212521096
2015-08-28,0.285432136040447
2015-08-31,0.2677657058888423
2015-09-01,0.29200871677301593
2015-09-02,0.3067610990621874
2015-09-03,0.272986505768771
2015-09-04,0.26937268934552244
2015-09-07,0.2557440719731013
2015-09-08,0.2713596837687963
2015-09-09,0.2721393333027443
2015-09-10,0.2567338598750282
2015-09-11,0.23773032033680297
2015-09-14,0.22819471976932926
2015-09-15,0.23017733797173975
2015-09-16,0.228981449202242
2015-09-17,0.21106516237627732
2015-09-18,0.224916897420823
2015-09-21,0.21432251034568406
2015-09-22,0.21667749926203933
2015-09-23,0.2012665815453383
2015-09-24,0.19676314744279141
2015-09-25,0.18696212617909783
2015-09-28,0.21485091499082268
2015-09-29,0.20044554418638477
2015-09-30,0.21661180987756995
2015-10-01,0.20023951966979742
2015-10-02,0.209601377046194
2015-10-05,0.21814846175916688
2015-10-06,0.20371849456493338
2015-10-07,0.20335036318969998
2015-10-08,0.20314855561908626
2015-10-09,0.1901569964316936
2015-10-12,0.18018230296325957
2015-10-13,0.17236050516726728
2015-10-14,0.17143068124295158
2015-10-15,0.1839991964693471
2015-10-16,0.17585719783380285
2015-10-19,0.16807979699110892
2015-10-20,0.15911194946253165
2015-10-21,0.16248706208915817
2015-10-22,0.17778033348797148
2015-10-23,0.18221183958197337
2015-10-26,0.17569314611065878
2015-10-27,0.1623763072505028
2015-10-28,0.17451605082264635
2015-10-29,0.16053042081835117
2015-10-30,0.16017244806111353
2015-11-02,0.16530440765238713
2015-11-03,0.1578688080255797
2015-11-04,0.15540410727786827
2015-11-05,0.14870555577162617
2015-11-06,0.14189242508209923
2015-11-09,0.15210300418303277
2015-11-10,0.14368228959336993
2015-11-11,0.1422351589371444
2015-11-12,0.1585995938429009
2015-11-13,0.16602975610578904
2015-11-16,0.17814984607949558
2015-11-17,0.16551087717716714
2015-11-18,0.18448040892863765
2015-11-19,0.17250534440726997
2015-11-20,0.16697940547306395
2015-11-23,0.15641957929211103
2015-11-24,0.14965352177349592
2015-11-25,0.14098317180420047
2015-11-26,0.13428106167520065
2015-11-27,0.12792236659841302
2015-11-30,0.12813807191009316
2015-12-01,0.14098209713280427
2015-12-02,0.1505354429527156
2015-12-03,0.1674486291671291
2015-12-04,0.1869112461548616
2015-12-07,0.1815319543282727
2015-12-08,0.1843856324020656
2015-12-09,0.1848871522463696
2015-12-10,0.17704892758296503
2015-12-11,0.1974370379388601
2015-12-14,0.18692878607320162
2015-12-15,0.188234564137778
2015-12-16,0.19591803374808586
2015-12-17,0.20557754450228097
2015-12-18,0.22122376054928564
2015-12-21,0.21371390930807935
2015-12-22,0.2108650631173238
2015-12-23,0.2127624172872072
2015-12-24,0.20375876983401667
2015-12-25,0.18830668344987248
2015-12-28,0.17730262472240718
2015-12-29,0.18462952506078276
2015-12-30,0.18963487377409846
2015-12-31,0.18422078921543036
2016-01-04,0.20282220180208146
2016-01-05,0.18817002581743927
2016-01-06,0.19797927360018094
2016-01-07,0.22322614692849127
2016-01-08,0.2220292649014623
2016-01-11,0.20212561524743006
2016-01-12,0.20508662234516625
2016-01-13,0.2272230274145079
2016-01-14,0.22758189775204046
2016-01-15,0.2493613047402134
2016-01-18,0.23542310203165964
2016-01-19,0.22013268371570816
2016-01-20,0.2199713529016818
2016-01-21,0.20979299083497643
2016-01-22,0.2234346982474301
2016-01-25,0.22730075282513004
2016-01-26,0.23644998340608583
2016-01-27,0.2330004739026428
2016-01-28,0.21934199188042208
2016-01-29,0.23792720705813322
2016-02-01,0.22386959397919667
2016-02-02,0.23595294393906188
2016-02-03,0.2283038467187944
2016-02-04,0.20780969828434886
2016-02-05,0.22809287999861927
2016-02-08,0.22772507901731934
2016-02-09,0.21582762366788147
2016-02-10,0.20026190345918934
2016-02-11,0.20726079881178236
2016-02-12,0.2220017435790431
2016-02-15,0.20365495270063294
2016-02-16,0.21285874523409104
2016-02-17,0.22037185029577538
2016-02-18,0.2161523063718998
2016-02-19,0.2029651575348605
2016-02-22,0.20726314440672677
2016-02-23,0.21217425777129592
2016-02-24,0.20166119623479162
2016-02-25,0.20472762544368137
2016-02-26,0.19556531327611645
2016-02-29,0.1871868616751608
2016-03-01,0.21480587570412182
2016-03-02,0.2005266650319001
2016-03-03,0.19736647689012257
2016-03-04,0.1860422826026328
2016-03-07,0.17108617464318268
2016-03-08,0.17830327720720654
2016-03-09,0.17573948003568646
2016-03-10,0.1656472623268254
2016-03-11,0.1836331086707846
2016-03-14,0.1706446515039602
2016-03-15,0.164060825693801
2016-03-16,0.16165714951240506
2016-03-17,0.1583553690129454
2016-03-18,0.15308776541177072
2016-03-21,0.14349669551104335
2016-03-22,0.1394179303596268
2016-03-23,0.1435114432564546
2016-03-24,0.13873585978234704
2016-03-25,0.12852669099853498
2016-03-28,0.12417972949325788
2016-03-29,0.12713462219552246
2016-03-30,0.12595679960877482
2016-03-31,0.12228932020776262
2016-04-01,0.12573019981619507
2016-04-04,0.12690299406119296
2016-04-05,0.1404008629870638
2016-04-06,0.14304066067424853
2016-04-07,0.15717989391176096
2016-04-08,0.15178597659744705
2016-04-11,0.14358935667456635
2016-04-12,0.15090786877810394
2016-04-13,0.15699455779215668
2016-04-14,0.1501384853943869
2016-04-15,0.14303654454866147
2016-04-18,0.14135438839371636
2016-04-19,0.13734668535663044
2016-04-20,0.12994711800002312
2016-04-21,0.1300869828844986
2016-04-22,0.12633009862009673
2016-04-25,0.12223730159382346
2016-04-26,0.11732915036557126
2016-04-27,0.11365684172450467
2016-04-28,0.12789836587287978
2016-04-29,0.12660350656923108
2016-05-02,0.13151263003579247
2016-05-03,0.1431907865889738
2016-05-04,0.14131583644527126
2016-05-05,0.13666318986832757
2016-05-06,0.132706451205338
2016-05-09,0.12223680482448905
2016-05-10,0.1347150939474791
2016-05-11,0.14628601611469375
2016-05-12,0.14111678817238407
2016-05-13,0.14587651187434078
2016-05-16,0.1482812115474935
2016-05-17,0.15732412642045443
2016-05-18,0.14980359189263784
2016-05-19,0.14465355035293015
2016-05-20,0.14275660297184212
2016-05-23,0.14101946400238094
2016-05-24,0.15406395080691046
2016-05-25,0.15248657678802477
2016-05-26,0.14688940980569587
2016-05-27,0.14325652505039427
2016-05-30,0.13204264023123605
2016-05-31,0.13002925241905117
2016-06-01,0.12044079684967272
2016-06-02,0.12060500678646477
2016-06-03,0.11853563888718693
2016-06-06,0.12082811128919484
2016-06-07,0.11462701504277369
2016-06-08,0.11334357609384181
2016-06-09,0.11064571338649525
2016-06-10,0.1255828632024002
2016-06-13,0.13082864095488378
2016-06-14,0.12451691550667922
2016-06-15,0.12171305933720696
2016-06-16,0.11899435935373051
2016-06-17,0.11995105306093486
2016-06-20,0.11932920541285774
2016-06-21,0.11779973298447602
2016-06-22,0.11657428582666018
2016-06-23,0.13475136743283778
2016-06-24,0.20024948930069889
2016-06-27,0.21436359683359896
2016-06-28,0.22233761275425523
2016-06-29,0.23222231945268293
2016-06-30,0.23492137462935336
2016-07-01,0.21923537764620699
2016-07-04,0.20063601019509664
2016-07-05,0.19973101086346265
2016-07-06,0.19029438516728578
2016-07-07,0.18409263566405118
2016-07-08,0.1936372344992602
2016-07-11,0.1826152268568652
2016-07-12,0.18075736614521543
2016-07-13,0.1691555238962996
2016-07-14,0.16844330620503328
2016-07-15,0.1588825936809968
2016-07-18,0.15007900214658432
2016-07-19,0.14525103327808092
2016-07-20,0.14215479634938638
2016-07-21,0.14037190887288087
2016-07-22,0.13911946788347684
2016-07-25,0.1340071072196831
2016-07-26,0.12658657890582198
2016-07-27,0.12241076073959233
2016-07-28,0.11661140343574204
2016-07-29,0.1140172297481489
2016-08-01,0.10791056659372768
2016-08-02,0.11956238687703152
2016-08-03,0.11387969096666635
2016-08-04,0.10808829412503627
2016-08-05,0.11546200114212335
2016-08-08,0.11268301679597241
2016-08-09,0.10860283866490565
2016-08-10,0.10955009255937175
2016-08-11,0.10958247449496376
2016-08-12,0.10743283468574362
2016-08-15,0.1049070821201588
2016-08-16,0.10989558199193122
2016-08-17,0.1077883578606781
2016-08-18,0.10276682182669247
2016-08-19,0.10084026177460848
2016-08-22,0.09664075097691713
2016-08-23,0.09650967780896384
2016-08-24,0.1005751590821334
2016-08-25,0.10007074705499706
2016-08-26,0.0990048536892292
2016-08-29,0.101125739796675
2016-08-30,0.10125846840954628
2016-08-31,0.10086343123865664
2016-09-01,0.09626484014977875
2016-09-02,0.10112261876359815
2016-09-05,0.09259081651040572
2016-09-06,0.09283736470260276
2016-09-07,0.08997063832672936
2016-09-08,0.09109978173908105
2016-09-09,0.1452171133718784
2016-09-12,0.15781398573051092
2016-09-13,0.17540704133218826
2016-09-14,0.1655112883619698
2016-09-15,0.16964189001141053
2016-09-16,0.16230166435640045
2016-09-19,0.1564677450665676
2016-09-20,0.14690183293524608
2016-09-21,0.1523319279222216
2016-09-22,0.15215833257276742
2016-09-23,0.15467195492196467
2016-09-26,0.16110215540519315
2016-09-27,0.15834336521509051
2016-09-28,0.15536890712847526
2016-09-29,0.1600417073287553
2016-09-30,0.16614672877297484
2016-10-03,0.15742557291519818
2016-10-04,0.1545315401666308
2016-10-05,0.15092415871735518
2016-10-06,0.14205640643252185
2016-10-07,0.1430963068935407
2016-10-10,0.13770758839175123
2016-10-11,0.15027247699656454
2016-10-12,0.14192169290936094
2016-10-13,0.14306597775328886
2016-10-14,0.13627216425800548
2016-10-17,0.13439595577346322
2016-10-18,0.13140666277309673
2016-10-19,0.12967504540568373
2016-10-20,0.12466059182928475
2016-10-21,0.11968834590638468
2016-10-24,0.11817418369683295
2016-10-25,0.12178472594378126
2016-10-26,0.11842375259766577
2016-10-27,0.11643181579811702
2016-10-28,0.11506156885163234
2016-10-31,0.11237442212715003
2016-11-01,0.11866499481968269
2016-11-02,0.12222079856904637
2016-11-03,0.1242645689514767
2016-11-04,0.1212434636350503
2016-11-07,0.15633375688738957
2016-11-08,0.15218199015467207
2016-11-09,0.15806409991340337
2016-11-10,0.14894993293039627
2016-11-11,0.14228675018418058
2016-11-14,0.1384824950905676
2016-11-15,0.13946391338471303
2016-11-16,0.13398101271336252
2016-11-17,0.13412619318049954
2016-11-18,0.130409921174039
2016-11-21,0.13149895443946524
2016-11-22,0.1289345524708393
2016-11-23,0.11685574870643668
2016-11-24,0.11560547376801773
2016-11-25,0.1139922471578199
2016-11-28,0.11940842408751344
2016-11-29,0.11529510970749397
2016-11-30,0.11337457207467222
2016-12-01,0.10962187451725552
2016-12-02,0.10699068252855867
2016-12-05,0.11247508746004987
2016-12-06,0.10863338477733614
2016-12-07,0.12860319225896655
2016-12-08,0.12265412247822056
2016-12-09,0.12122758670229337
2016-12-12,0.11921241694589375
2016-12-13,0.12050977694276017
2016-12-14,0.1297328105100401
2016-12-15,0.12785013915306342
2016-12-16,0.12468320961952255
2016-12-19,0.12280944976509912
2016-12-20,0.1195660770384951
2016-12-21,0.11845550397512943
2016-12-22,0.11535181215951988
2016-12-23,0.10996253657525461
2016-12-26,0.10729012997651784
2016-12-27,0.09991582094226549
2016-12-28,0.1126453600465038
2016-12-29,0.11003826959024889
2016-12-30,0.11365695367859904
2017-01-02,0.10995416751840446
2017-01-03,0.11622616971001269
2017-01-04,0.11683062354051388
2017-01-05,0.11290805190872372
2017-01-06,0.1122350356317082
2017-01-09,0.1128044782805483
2017-01-10,0.10568722161113576
2017-01-11,0.10781471623309517
2017-01-12,0.10673130778875542
2017-01-13,0.1038958906582713
2017-01-16,0.09712752431605848
2017-01-17,0.09727152599786636
2017-01-18,0.09558360109585935
2017-01-19,0.09701253785636323
2017-01-20,0.09915945433176082
2017-01-23,0.09914742027380188
2017-01-24,0.10653532514261828
2017-01-25,0.11102710633213188
2017-01-26,0.10915503914351904
2017-01-27,0.10746108668363302
2017-01-30,0.11310036283193886
2017-01-31,0.11071418292506979
2017-02-01,0.10176673615499184
2017-02-02,0.09776237606345728
2017-02-03,0.10584019120921666
2017-02-06,0.10434763683148839
2017-02-07,0.09870271842659417
2017-02-08,0.09351623564034173
2017-02-09,0.09958812110128203
2017-02-10,0.0994614025279764
2017-02-13,0.10111233698302736
2017-02-14,0.10213775530357026
2017-02-15,0.10402508795480421
2017-02-16,0.1018447094179773
2017-02-17,0.09712486362340411
2017-02-20,0.09209809384678808
2017-02-21,0.09813154519187649
2017-02-22,0.09714587674226997
2017-02-23,0.09244121156152149
2017-02-24,0.08916838249802697
2017-02-27,0.08678931555785978
2017-02-28,0.08720932685180226
2017-03-01,0.10799954266560775
2017-03-02,0.11593163741649837
2017-03-03,0.10857659218105344
2017-03-06,0.11041408572959555
2017-03-07,0.11184951413104456
2017-03-08,0.11021169408005588
2017-03-09,0.10199162740524911
2017-03-10,0.10382920151507152
2017-03-13,0.100209139219588
2017-03-14,0.10028815362170167
2017-03-15,0.10677421094861127
2017-03-16,0.10680957499336129
2017-03-17,0.1071509813592173
2017-03-20,0.10473121806985664
2017-03-21,0.12390315665935751
2017-03-22,0.11854712553706137
2017-03-23,0.11308447054148076
2017-03-24,0.11096696877343529
2017-03-27,0.10909156152420231
2017-03-28,0.1136905278523191
2017-03-29,0.10911427244221232
2017-03-30,0.10740477557998297
2017-03-31,0.10670857602423965
2017-04-03,0.10330243456157023
2017-04-04,0.09951537733268483
2017-04-05,0.10130401747989468
2017-04-06,0.09820970458627594
2017-04-07,0.0968597737413718
2017-04-10,0.09170912216307166
2017-04-11,0.09118151992559316
2017-04-12,0.096948097237976
2017-04-13,0.10266730083611376
2017-04-14,0.10099824451740827
2017-04-17,0.10871921316020662
2017-04-18,0.10861085150346234
2017-04-19,0.1080918962695114
2017-04-20,0.11279925060606807
2017-04-21,0.11469243466366977
2017-04-24,0.12539298593293632
2017-04-25,0.12516176349861122
2017-04-26,0.11899787722498674
2017-04-27,0.11737506488571224
2017-04-28,0.11325268471246679
2017-05-01,0.10767306973094942
2017-05-02,0.10332517494379127
2017-05-03,0.10410299858074276
2017-05-04,0.09562859015036027
2017-05-05,0.09909188584805527
2017-05-08,0.09519488709941472
2017-05-09,0.0933143441211621
2017-05-10,0.09067790436288425
2017-05-11,0.09008354418577466
2017-05-12,0.08811757528385537
2017-05-15,0.09206364679767617
2017-05-16,0.0879286572375824
2017-05-17,0.1266291667550706
2017-05-18,0.12328489029920368
2017-05-19,0.12622496545422537
2017-05-22,0.12791440623859301
2017-05-23,0.12088911915097558
2017-05-24,0.1182356775626921
2017-05-25,0.1201404116899145
2017-05-26,0.11099253642294414
2017-05-29,0.10584814192262279
2017-05-30,0.10387045431413733
2017-05-31,0.1008357549100099
2017-06-01,0.10697267751826325
2017-06-02,0.10852742852790982
2017-06-05,0.10474705690631646
2017-06-06,0.10638207047752432
2017-06-07,0.10234324620314042
2017-06-08,0.09863283038216072
2017-06-09,0.09435346389239595
2017-06-12,0.09204375648828171
2017-06-13,0.09437437007318852
2017-06-14,0.0937279950189302
2017-06-15,0.0930934033373681
2017-06-16,0.09095756110963828
2017-06-19,0.10044255056984835
2017-06-20,0.10911018680373474
2017-06-21,0.10396663790804954
2017-06-22,0.1014150792372249
2017-06-23,0.09776422744941575
2017-06-26,0.09457560788730669
2017-06-27,0.10610882483999425
2017-06-28,0.11510571657006806
2017-06-29,0.12456405261438011
2017-06-30,0.11707832444524344
2017-07-03,0.11433158068390308
2017-07-04,0.11091071900381558
2017-07-05,0.103829274048307
2017-07-06,0.11881644067162578
2017-07-07,0.1205265310785957
2017-07-10,0.11420224148140509
2017-07-11,0.10925470860511774
2017-07-12,0.11724454112773604
2017-07-13,0.11221602760138688
2017-07-14,0.10805049839502189
2017-07-17,0.10350890373790866
2017-07-18,0.10233230559835542
2017-07-19,0.1043109706006287
2017-07-20,0.09972157179789208
2017-07-21,0.09772525211288811
2017-07-24,0.0950856694668934
2017-07-25,0.09729598027887827
2017-07-26,0.0895470298850742
2017-07-27,0.0891939013355853
2017-07-28,0.09124409886587466
2017-07-31,0.08774187037094036
2017-08-01,0.08863994400087165
2017-08-02,0.08485246521747394
2017-08-03,0.08504421829841566
2017-08-04,0.08263532266244854
2017-08-07,0.07939922396380425
2017-08-08,0.08334658074833198
2017-08-09,0.08035755972089635
2017-08-10,0.11046346810774646
2017-08-11,0.10581592402594216
2017-08-14,0.11829086310205986
2017-08-15,0.11160036965441489
2017-08-16,0.1082891587145841
2017-08-17,0.13142759910717988
2017-08-18,0.1287184904629418
2017-08-21,0.12037320063361003
2017-08-22,0.12915630391069727
2017-08-23,0.1330178309790527
2017-08-24,0.12560168236999583
2017-08-25,0.12053728043610537
2017-08-28,0.11609249841824919
2017-08-29,0.10822605221478224
2017-08-30,0.10869045344683313
2017-08-31,0.11427354917473352
2017-09-01,0.10901269623889166
2017-09-04,0.10408224345552798
2017-09-05,0.11283918682352945
2017-09-06,0.11246200176755382
2017-09-07,0.10559643107119693
2017-09-08,0.10483261590966192
2017-09-11,0.11424783843945652
2017-09-12,0.11493624986639468
2017-09-13,0.1088697919331828
2017-09-14,0.10466042950368841
2017-09-15,0.10089054079487535
2017-09-18,0.10344779275654595
2017-09-19,0.09649003389169816
2017-09-20,0.0912041207737017
2017-09-21,0.09313959987333549
2017-09-22,0.08841051298092414
2017-09-25,0.0895912322489123
2017-09-26,0.08511489634977894
2017-09-27,0.08675162539024125
2017-09-28,0.08400904872086556
2017-09-29,0.08411201640304017
2017-10-02,0.08859946031128171
2017-10-03,0.08507800716181045
2017-10-04,0.08113268753637667
2017-10-05,0.08943915254310307
2017-10-06,0.08901854305909031
2017-10-09,0.08839991942980928
2017-10-10,0.08773119716249227
2017-10-11,0.08485684731944707
2017-10-12,0.08499692205370508
2017-10-13,0.08135066130623578
2017-10-16,0.07814965449745398
2017-10-17,0.07564326479044023
2017-10-18,0.07156916008687997
2017-10-19,0.07087106587527943
2017-10-20,0.07585647634597584
2017-10-23,0.08226219070491447
2017-10-24,0.07935225947628302
2017-10-25,0.08649063240610734
2017-10-26,0.08338097878610826
2017-10-27,0.09374795614208177
2017-10-30,0.09478093126137976
2017-10-31,0.09358261729466796
2017-11-01,0.08843255085629667
2017-11-02,0.0853802035721297
2017-11-03,0.08423639381242581
2017-11-06,0.08312530733028443
2017-11-07,0.07970836193893006
2017-11-08,0.07898447324930778
2017-11-09,0.08306224692232486
2017-11-10,0.07980337642222891
2017-11-13,0.0776991980223678
2017-11-14,0.08371949975588817
2017-11-15,0.09057051624728557
2017-11-16,0.10026430434143524
2017-11-17,0.09903688543421456
2017-11-20,0.09534720416334694
2017-11-21,0.0996508795935329
2017-11-22,0.09774795720156837
2017-11-23,0.09597486854402819
2017-11-24,0.09103509193165468
2017-11-27,0.09051018601413964
2017-11-28,0.10425484719670193
2017-11-29,0.09762821052104978
2017-11-30,0.10603092415179648
2017-12-01,0.1076697534271773
2017-12-04,0.10395110418977024
2017-12-05,0.10921176194925807
2017-12-06,0.10068723584689751
2017-12-07,0.10125731773319999
2017-12-08,0.10538035812344326
2017-12-11,0.10447628282755438
2017-12-12,0.10060901796375568
2017-12-13,0.09562832339701885
2017-12-14,0.09986961623392003
2017-12-15,0.11079543822864085
2017-12-18,0.10961567562446553
2017-12-19,0.11042844794473332
2017-12-20,0.10850146814124853
2017-12-21,0.10509671329994123
2017-12-22,0.10044575899960542
2017-12-25,0.09801136903074732
2017-12-26,0.09216699096545351
2017-12-27,0.09091892039624999
2017-12-28,0.09020272983261439
2017-12-29,0.09415362882658923
2018-01-02,0.10451286564668603
2018-01-03,0.10852267152722431
2018-01-04,0.10615075052001649
2018-01-05,0.11515168233830778
2018-01-08,0.11217912656200495
2018-01-09,0.10467532356922886
2018-01-10,0.100791652316636
2018-01-11,0.10822627619061113
2018-01-12,0.11546104022917504
2018-01-15,0.10686638790572206
2018-01-16,0.10990202141986094
2018-01-17,0.12041649059825572
2018-01-18,0.1152733739568802
2018-01-19,0.11644911796076395
2018-01-22,0.12600188040555094
2018-01-23,0.11336214533798843
2018-01-24,0.11169925940140463
2018-01-25,0.10905552531375531
2018-01-26,0.11960652541113981
2018-01-29,0.12694939384365217
2018-01-30,0.14045297209571983
2018-01-31,0.1303322679540683
2018-02-01,0.12872992668140892
2018-02-02,0.1582390322446488
2018-02-05,0.23122441171737274
2018-02-06,0.23430189236966817
2018-02-07,0.22836972439750078
2018-02-08,0.27260906458814327
2018-02-09,0.2694544538507342
2018-02-12,0.26256860366237994
2018-02-13,0.25234117694052155
2018-02-14,0.24772144195080126
2018-02-15,0.24572632534258984
2018-02-16,0.23170124685478483
2018-02-19,0.21456221151847898
2018-02-20,0.2068334270115804
2018-02-21,0.19942850823972605
2018-02-22,0.1903206639533945
2018-02-23,0.1974690463487185
2018-02-26,0.19905812190266434
2018-02-27,0.2050194017591414
2018-02-28,0.20985628980402446
2018-03-01,0.21587875806506324
2018-03-02,0.20222553455031314
2018-03-05,0.20398084330125796
2018-03-06,0.195957487980625
2018-03-07,0.18182457217430442
2018-03-08,0.17681150757006614
2018-03-09,0.19071987567057622
2018-03-12,0.18403628172114098
2018-03-13,0.1788610826345912
2018-03-14,0.17839597028073567
2018-03-15,0.16946277056120815
2018-03-16,0.15866180801635504
2018-03-19,0.1776152334756958
2018-03-20,0.1613734614325863
2018-03-21,0.1601238563301614
2018-03-22,0.19362790401656454
2018-03-23,0.2115229333938885
2018-03-26,0.23841342952571626
2018-03-27,0.25142976137160666
2018-03-28,0.23387547299132383
2018-03-29,0.22877120661866618
2018-03-30,0.21491116845811745
2018-04-02,0.23624099454721592
2018-04-03,0.2357774465908855
2018-04-04,0.2322212502885911
2018-04-05,0.22438105204540354
2018-04-06,0.24251167877289956
2018-04-09,0.2326012852172909
2018-04-10,0.23299069954644283
2018-04-11,0.22751856897473885
2018-04-12,0.22234809404123
2018-04-13,0.20969673123762672
2018-04-16,0.2080447278923115
2018-04-17,0.21167892642858738
2018-04-18,0.19249797695687376
2018-04-19,0.1872028166662164
2018-04-20,0.19095044764282634
2018-04-23,0.17709792155043602
2018-04-24,0.18612844726860736
2018-04-25,0.1777518317779419
2018-04-26,0.18059521232112427
2018-04-27,0.1682509958811626
2018-04-30,0.1722407235139107
2018-05-01,0.16301291729844802
2018-05-02,0.1615009768232157
2018-05-03,0.16184129501622843
2018-05-04,0.16976573954216168
2018-05-07,0.1621470166766934
2018-05-08,0.1544266730167702
2018-05-09,0.1567512865371353
2018-05-10,0.16171411997917612
2018-05-11,0.15519851947453772
2018-05-14,0.14198617045497217
2018-05-15,0.15035349072640286
2018-05-16,0.14441327549124675
2018-05-17,0.13588844124001812
2018-05-18,0.1347519763584742
2018-05-21,0.14025769154045437
2018-05-22,0.13591509500593163
2018-05-23,0.1308611069234345
2018-05-24,0.12902691426085938
2018-05-25,0.12683887695232268
2018-05-28,0.11926594641281557
2018-05-29,0.13585141079675622
2018-05-30,0.14693529558986698
2018-05-31,0.15297397107984395
2018-06-01,0.15796527749458653
2018-06-04,0.1493775084502209
2018-06-05,0.14361607816862618
2018-06-06,0.14908052108844877
2018-06-07,0.14366169211120117
2018-06-08,0.13431409207765246
2018-06-11,0.13099268785692508
2018-06-12,0.12251575368922019
2018-06-13,0.12336806315090713
2018-06-14,0.11895928156449756
2018-06-15,0.1145534442199234
2018-06-18,0.11523794328469716
2018-06-19,0.11639840576070055
2018-06-20,0.11290741245371808
2018-06-21,0.11574163802960924
2018-06-22,0.11084763176764992
2018-06-25,0.13368050458934622
2018-06-26,0.12711487166903448
2018-06-27,0.13677015013979588
2018-06-28,0.13701451607502346
2018-06-29,0.13127235588847833
2018-07-02,0.1242894497200122
2018-07-03,0.127905469741802
2018-07-04,0.12364205026504671
2018-07-05,0.12929949582594916
2018-07-06,0.13348653385115028
2018-07-09,0.13896151530107353
2018-07-10,0.13390598283030208
2018-07-11,0.1408219133226256
2018-07-12,0.14531048991831863
2018-07-13,0.1367047721568009
2018-07-16,0.12945762163592914
2018-07-17,0.12924786058598736
2018-07-18,0.12421034910129868
2018-07-19,0.12375987852521805
2018-07-20,0.11767073643257678
2018-07-23,0.11360933744745848
2018-07-24,0.11566052025420936
2018-07-25,0.12237146777290575
2018-07-26,0.12311817511945779
2018-07-27,0.12842212961173963
2018-07-30,0.13234933669934396
2018-07-31,0.12744597678269987
2018-08-01,0.12776748993056236
2018-08-02,0.12525256299530277
2018-08-03,0.12413844558768808
2018-08-06,0.12282565441973002
2018-08-07,0.11925894839273411
2018-08-08,0.11227077302223833
2018-08-09,0.1116642187079126
2018-08-10,0.11885519540059236
2018-08-13,0.11947124154101472
2018-08-14,0.12618862776081707
2018-08-15,0.13163481092409532
2018-08-16,0.1334148484573044
2018-08-17,0.1305983376841927
2018-08-20,0.12455807113899461
2018-08-21,0.12108082411029186
2018-08-22,0.11355854241410343
2018-08-23,0.11233486677324571
2018-08-24,0.11407205448974786
2018-08-27,0.12246700041843805
2018-08-28,0.1178695375699608
2018-08-29,0.12218665229497971
2018-08-30,0.12123046606668117
2018-08-31,0.11614526977870515
2018-09-03,0.10996496842138298
2018-09-04,0.10564174666163745
2018-09-05,0.10988996555591288
2018-09-06,0.10793966934410934
2018-09-07,0.11237058678869796
2018-09-10,0.10502261604125493
2018-09-11,0.10764619180021004
2018-09-12,0.09968799229787054
2018-09-13,0.1062163364837367
2018-09-14,0.09905677054402533
2018-09-17,0.1067210768231363
2018-09-18,0.10619648152904948
2018-09-19,0.10163106850626392
2018-09-20,0.10989423552185298
2018-09-21,0.10637504029919898
2018-09-24,0.1069222371869491
2018-09-25,0.10601788438386331
2018-09-26,0.10771463548499002
2018-09-27,0.10483332909516092
2018-09-28,0.10075388593446893
2018-10-01,0.09956365352998663
2018-10-02,0.09667769116957331
2018-10-03,0.09170240519704417
2018-10-04,0.10447697645003061
2018-10-05,0.10974847016357672
2018-10-08,0.10525035651846787
2018-10-09,0.10521526223082849
2018-10-10,0.17964629350298864
2018-10-11,0.20155075215017118
2018-10-12,0.20417499891938243
2018-10-15,0.1985296076801232
2018-10-16,0.22113756001437893
2018-10-17,0.20424081836085564
2018-10-18,0.21231644746900552
2018-10-19,0.19481619626587823
2018-10-22,0.19094612132771568
2018-10-23,0.1869816444654074
2018-10-24,0.22712335396111183
2018-10-25,0.23640618253182505
2018-10-26,0.24385855840238604
2018-10-29,0.2388108760725247
2018-10-30,0.23875695979104675
2018-10-31,0.23532988965750953
2018-11-01,0.22967678144478987
2018-11-02,0.22803637472975466
2018-11-05,0.21742302185276546
2018-11-06,0.2112848328019637
2018-11-07,0.22964972605772985
2018-11-08,0.21603358214469293
2018-11-09,0.21431865740190487
2018-11-12,0.23018600086793564
2018-11-13,0.2166610655537791
2018-11-14,0.2159962727716784
2018-11-15,0.21528393843249205
2018-11-16,0.19833865696641126
2018-11-19,0.2119624453571534
2018-11-20,0.23038133028944793
2018-11-21,0.2144384048458998
2018-11-22,0.1981728599003867
2018-11-23,0.1937245050215856
2018-11-26,0.20318800903283069
2018-11-27,0.1934092646211707
2018-11-28,0.2168841717682386
2018-11-29,0.20131999556184138
2018-11-30,0.1971501732929202
2018-12-03,0.20580456944955836
2018-12-04,0.24031111185014062
2018-12-05,0.22112386521577249
2018-12-06,0.21068971409571458
2018-12-07,0.23583923592067046
2018-12-10,0.21923797286743174
2018-12-11,0.2007655442730121
2018-12-12,0.19458018787648165
2018-12-13,0.18504740047477178
2018-12-14,0.20553088747780976
2018-12-17,0.22531931743897202
2018-12-18,0.20974901983712513
2018-12-19,0.21829238511546473
2018-12-20,0.22303168996910186
2018-12-21,0.2424862657757019
2018-12-24,0.26178936992927954
2018-12-25,0.2469886459139512
2018-12-26,0.30132114085133643
2018-12-27,0.28733136434458606
2018-12-28,0.2671623132492729
2018-12-31,0.25873289121676185
2019-01-02,0.24116752602605376
2019-01-03,0.26094097927894255
2019-01-04,0.2860281704661758
2019-01-07,0.27060013834213054
2019-01-08,0.2658087663575577
2019-01-09,0.2525026725052578
2019-01-10,0.2391569595831279
2019-01-11,0.2226069080104586
2019-01-14,0.21480201517944184
2019-01-15,0.2066550752406418
2019-01-16,0.2027771228858583
2019-01-17,0.19603045305653083
2019-01-18,0.19944131077740948
2019-01-21,0.18647594244996835
2019-01-22,0.19492968775430597
2019-01-23,0.1849470225767312
2019-01-24,0.1738183784398843
2019-01-25,0.17293581453101048
2019-01-28,0.17742331959008528
2019-01-29,0.1686840184076492
2019-01-30,0.17947817305996489
2019-01-31,0.1802918466350405
2019-02-01,0.16732421796396876
2019-02-04,0.16276388596221844
2019-02-05,0.16624427888719556
2019-02-06,0.1568024458185297
2019-02-07,0.16387002888320643
2019-02-08,0.148633405790995
2019-02-11,0.1446524767599536
2019-02-12,0.1548698440725352
2019-02-13,0.15176564765729023
2019-02-14,0.14822480187749623
2019-02-15,0.1511189176810892
2019-02-18,0.14176693139432192
2019-02-19,0.13853633393040624
2019-02-20,0.1299929928941907
2019-02-21,0.12808278626920788
2019-02-22,0.13382656495618936
2019-02-25,0.1253455578889955
2019-02-26,0.11980052185849044
2019-02-27,0.11612215820757617
2019-02-28,0.11813604747326592
2019-03-01,0.1172546478817913
2019-03-04,0.11950479031516945
2019-03-05,0.11356566207195451
2019-03-06,0.12370081440385529
2019-03-07,0.13347417984520976
2019-03-08,0.12554245279757323
2019-03-11,0.14660288346759673
2019-03-12,0.14091519100807057
2019-03-13,0.14063556240337696
2019-03-14,0.13656516618535286
2019-03-15,0.137020050357625
2019-03-18,0.12982308213331947
2019-03-19,0.12442132047710437
2019-03-20,0.12142006394105327
2019-03-21,0.1352039216292052
2019-03-22,0.16003492595378885
2019-03-25,0.15546670374242186
2019-03-26,0.14929429918833356
2019-03-27,0.15380795567839226
2019-03-28,0.14624483919305464
2019-03-29,0.14490196451881804
2019-04-01,0.1564429858275949
2019-04-02,0.1476403611527229
2019-04-03,0.14131195440259445
2019-04-04,0.13557343902665858
2019-04-05,0.13363483970471704
2019-04-08,0.1291306543059412
2019-04-09,0.1281189930862209
2019-04-10,0.1254682847656658
2019-04-11,0.12163557219193465
2019-04-12,0.12209432045049792
2019-04-15,0.11951043207466142
2019-04-16,0.1115175042442182
2019-04-17,0.11226782205971743
2019-04-18,0.10742486033489394
2019-04-19,0.1029437692060417
2019-04-22,0.09805820601637068
2019-04-23,0.10593675105695728
2019-04-24,0.10855459711537814
2019-04-25,0.1015349650033587
2019-04-26,0.10328758441375993
2019-04-29,0.09922962644847814
2019-04-30,0.09365338198899326
2019-05-01,0.10510949329175719
2019-05-02,0.10162141512370051
2019-05-03,0.11585943616248245
2019-05-06,0.11835518083493458
2019-05-07,0.14452731915753766
2019-05-08,0.13674660706573163
2019-05-09,0.13641154956112236
2019-05-10,0.13432806779449846
2019-05-13,0.16757950225180238
2019-05-14,0.169379155650896
2019-05-15,0.1656948796861911
2019-05-16,0.16990279891392
2019-05-17,0.16834982502266352
2019-05-20,0.17051855358073453
2019-05-21,0.17213111454266164
2019-05-22,0.1615621263840528
2019-05-23,0.17521286829235985
2019-05-24,0.16195309673547156
2019-05-27,0.15626707198334622
2019-05-28,0.15863243151027287
2019-05-29,0.16065429889943778
2019-05-30,0.15046689826537313
2019-05-31,0.17048923869366853
2019-06-03,0.16175503572948136
2019-06-04,0.1843839130132615
2019-06-05,0.1802656640188576
2019-06-06,0.1765337064785887
2019-06-07,0.1794962106617483
2019-06-10,0.1776954720391528
2019-06-11,0.16336258997933661
2019-06-12,0.1598577486760173
2019-06-13,0.15543883682153928
2019-06-14,0.14633878255109364
2019-06-17,0.13944161062951216
2019-06-18,0.14786609729864694
2019-06-19,0.13845893001593193
2019-06-20,0.1469837097612259
2019-06-21,0.1422296767271783
2019-06-24,0.1400914282476412
2019-06-25,0.14690126853099522
2019-06-26,0.13855356139383526
2019-06-27,0.13537204184512291
2019-06-28,0.13400238876578655
2019-07-01,0.13842627997964652
2019-07-02,0.13490113602276596
2019-07-03,0.13660167722339933
2019-07-04,0.13191892480046888
2019-07-05,0.1265571173322918
2019-07-08,0.13324432033788672
2019-07-09,0.12180568808513531
2019-07-10,0.12189727979681482
2019-07-11,0.11503385283465233
2019-07-12,0.11657350898959006
2019-07-15,0.1125494287959023
2019-07-16,0.11386033771116942
2019-07-17,0.118515565919372
2019-07-18,0.1180315469062021
2019-07-19,0.12281390355819914
2019-07-22,0.11954644171379185
2019-07-23,0.12205441901181013
2019-07-24,0.12044499514187382
2019-07-25,0.12655736159824477
2019-07-26,0.12934379195627307
2019-07-29,0.12535101574915364
2019-07-30,0.12589528853598067
2019-07-31,0.13772018798833446
2019-08-01,0.14655015724253212
2019-08-02,0.14749123573993117
2019-08-05,0.1967781620391963
2019-08-06,0.1965415819479782
2019-08-07,0.19055789992497194
2019-08-08,0.20574177996947102
2019-08-09,0.19875942864471563
2019-08-12,0.20351611415969487
2019-08-13,0.21277685706500477
2019-08-14,0.23939733721292827
2019-08-15,0.23356279066942867
2019-08-16,0.2281849597740896
2019-08-19,0.228796663629559
2019-08-20,0.22598733866063958
2019-08-21,0.22230813217846607
2019-08-22,0.20658067591644233
2019-08-23,0.23269913742099538
2019-08-26,0.2267849994060092
2019-08-27,0.21829644789534372
2019-08-28,0.21170331081804125
2019-08-29,0.21369761149087646
2019-08-30,0.19917929068756007
2019-09-02,0.18671826349418572
2019-09-03,0.18590394341485825
2019-09-04,0.18990743659897014
2019-09-05,0.19598350768452724
2019-09-06,0.17865033966161692
2019-09-09,0.1711940917400077
2019-09-10,0.1595324652608731
2019-09-11,0.159366723791373
2019-09-12,0.1546049816937657
2019-09-13,0.14406609069997214
2019-09-16,0.14552198699396965
2019-09-17,0.13893722178362222
2019-09-18,0.1310494309905859
2019-09-19,0.11940151681185279
2019-09-20,0.12403985082727038
2019-09-23,0.1202792751717833
2019-09-24,0.12838569148117457
2019-09-25,0.13239603630994318
2019-09-26,0.1278574311298908
2019-09-27,0.13221311626802346
2019-09-30,0.13078968329177948
2019-10-01,0.14495632417200868
2019-10-02,0.16756272378975343
2019-10-03,0.17018616477243953
2019-10-04,0.17477056373083413
2019-10-07,0.171217248516446
2019-10-08,0.19050573036776577
2019-10-09,0.1834122044394796
2019-10-10,0.1882318609782343
2019-10-11,0.19179482224746716
2019-10-14,0.17447829904817752
2019-10-15,0.17991864606628327
2019-10-16,0.17171643579654322
2019-10-17,0.1673080728682984
2019-10-18,0.15962148893544884
2019-10-21,0.1584784998088584
2019-10-22,0.15667201031210123
2019-10-23,0.15031204831842349
2019-10-24,0.1407964137202693
2019-10-25,0.1390701636213132
2019-10-28,0.13626449026553378
2019-10-29,0.13293343960128506
2019-10-30,0.1289317744548149
2019-10-31,0.12891462916979599
2019-11-01,0.1362208001958424
2019-11-04,0.13529171162315437
2019-11-05,0.12625794126674045
2019-11-06,0.12166714532896843
2019-11-07,0.11922782537754997
2019-11-08,0.115264994182705
2019-11-11,0.11280013655414418
2019-11-12,0.10945335937070912
2019-11-13,0.10076965990700486
2019-11-14,0.09867701027094349
2019-11-15,0.10265640611818987
2019-11-18,0.09979672662961331
2019-11-19,0.09510896637373746
2019-11-20,0.1006752549043566
2019-11-21,0.0981844486352963
2019-11-22,0.09543423780122896
2019-11-25,0.10318368548784754
2019-11-26,0.10013639868394975
2019-11-27,0.09947391577139227
2019-11-28,0.0978983709089895
2019-11-29,0.10233016205944702
2019-12-02,0.11092639587148873
2019-12-03,0.11746753514469882
2019-12-04,0.1250269991392084
2019-12-05,0.11703519283361871
2019-12-06,0.12583135112094682
2019-12-09,0.12338390950931769
2019-12-10,0.11667180147265031
2019-12-11,0.11897135413030936
2019-12-12,0.12432135585237104
2019-12-13,0.11757155816502736
2019-12-16,0.1207584896329567
2019-12-17,0.11704182283169903
2019-12-18,0.11066097864287805
2019-12-19,0.11277316822795751
2019-12-20,0.1149044278013073
2019-12-23,0.10551114973314853
2019-12-24,0.10305948759351673
2019-12-25,0.09968901587279265
2019-12-26,0.10329935477120061
2019-12-27,0.09611238999381694
2019-12-30,0.1054174820324524
2019-12-31,0.10395081757821649
2020-01-02,0.11476769155426869
2020-01-03,0.12153660083154028
2020-01-06,0.11562176752911271
2020-01-07,0.11670801250245007
2020-01-08,0.11863657663988235
2020-01-09,0.11817980292107966
2020-01-10,0.11877058342011793
2020-01-13,0.1275792629845847
2020-01-14,0.11838625060645094
2020-01-15,0.11453535010982244
2020-01-16,0.12350133544450739
2020-01-17,0.12084683097207585
2020-01-20,0.11667564767401645
2020-01-21,0.11246649081642637
2020-01-22,0.10923894840338709
2020-01-23,0.10366126507975408
2020-01-24,0.11533432271516446
2020-01-27,0.13998503670017318
2020-01-28,0.15210192175491333
2020-01-29,0.142152388197923
2020-01-30,0.13387474437151967
2020-01-31,0.16016775831362118
2020-02-03,0.15893791637596552
2020-02-04,0.1718316629236987
2020-02-05,0.17594093888370538
2020-02-06,0.16850400389213843
2020-02-07,0.16859137933574372
2020-02-10,0.16463363009194923
2020-02-11,0.15695567379444997
2020-02-12,0.15561403675749666
2020-02-13,0.15255070160007808
2020-02-14,0.1431504301595556
2020-02-17,0.1349157406598994
2020-02-18,0.13414892763667993
2020-02-19,0.12724777657185896
2020-02-20,0.13350884212346983
2020-02-21,0.14107224384184405
2020-02-24,0.19939576631384642
2020-02-25,0.23266311111887408
2020-02-26,0.22625247373900934
2020-02-27,0.2799834671284184
2020-02-28,0.26797129597973035
2020-03-02,0.3154490598195215
2020-03-03,0.3283322465828179
2020-03-04,0.35635379470174877
2020-03-05,0.3723465373799903
2020-03-06,0.35357775067577385
2020-03-09,0.45045853107480294
2020-03-10,0.4655079732396554
2020-03-11,0.4799520224855327
2020-03-12,0.5677654365142081
2020-03-13,0.6248200410621846
2020-03-16,0.7390598338923624
2020-03-17,0.7104316177508985
2020-03-18,0.6993066103411919
2020-03-19,0.6328556100761157
2020-03-20,0.6287289668040523
2020-03-23,0.6032718378274016
2020-03-24,0.6413473987234516
2020-03-25,0.5900752149869037
2020-03-26,0.6050329984036622
2020-03-27,0.5918201931385287
2020-03-30,0.5713207824231116
2020-03-31,0.526166028070003
2020-04-01,0.5480529085072985
2020-04-02,0.5069845517679837
2020-04-03,0.4800280651899932
2020-04-06,0.5342224355560382
2020-04-07,0.47753764396473974
2020-04-08,0.47273001611561677
2020-04-09,0.45153078091497545
2020-04-10,0.413212165499068
2020-04-13,0.38495698908815995
2020-04-14,0.3962114635338284
2020-04-15,0.3885184621970024
2020-04-16,0.3648341776743575
2020-04-17,0.37244670057907214
2020-04-20,0.3627097431246862
2020-04-21,0.36996882227887673
2020-04-22,0.3628320577548235
2020-04-23,0.33573789855732616
2020-04-24,0.3218326812481669
2020-04-27,0.31825912350144947
2020-04-28,0.30234768809662993
2020-04-29,0.309509406331109
2020-04-30,0.2936254269988094
2020-05-01,0.3094982886862754
2020-05-04,0.295883120578025
2020-05-05,0.28456721098007315
2020-05-06,0.2774096550691741
2020-05-07,0.27303125904740133
2020-05-08,0.2659268824017128
2020-05-11,0.24627063478380065
2020-05-12,0.25982379229681446
2020-05-13,0.26435775179747684
2020-05-14,0.26484035943962897
2020-05-15,0.2441421723501328
2020-05-18,0.2676905670239606
2020-05-19,0.2668820108912302
2020-05-20,0.26544836723836673
2020-05-21,0.25487778296705044
2020-05-22,0.24324229452710106
2020-05-25,0.22501698719772653
2020-05-26,0.22488344614755956
2020-05-27,0.2315847661034783
2020-05-28,0.21537890830314507
2020-05-29,0.20964132322028814
2020-06-01,0.20072688878689424
2020-06-02,0.19336880756566333
2020-06-03,0.2026911641896428
2020-06-04,0.1948113697167018
2020-06-05,0.21788377869657094
2020-06-08,0.218802195757033
2020-06-09,0.2152375361938143
2020-06-10,0.2118260744462681
2020-06-11,0.3021533380887535
2020-06-12,0.29550396115856276
2020-06-15,0.2815170533935651
2020-06-16,0.2886473038181182
2020-06-17,0.26377576647664164
2020-06-18,0.24834981155228217
2020-06-19,0.2393728239241162
2020-06-22,0.23078311136879573
2020-06-23,0.21536475423353493
2020-06-24,0.24395973366562815
2020-06-25,0.23672785102252603
2020-06-26,0.2541248923571625
2020-06-29,0.25735329996149275
2020-06-30,0.26185467325986395
2020-07-01,0.2421954744054991
2020-07-02,0.2331132553240196
2020-07-03,0.21509715015856354
2020-07-06,0.2276331536084565
2020-07-07,0.22684331622080994
2020-07-08,0.21859252316606154
2020-07-09,0.21478632266780268
2020-07-10,0.21206177905669288
2020-07-13,0.21153684430727182
2020-07-14,0.21093884562957396
2020-07-15,0.20918839485252064
2020-07-16,0.20151659526924234
2020-07-17,0.19427325810159987
2020-07-20,0.19145489247420452
2020-07-21,0.18165290879361415
2020-07-22,0.17267647335252442
2020-07-23,0.1848681618309512
2020-07-24,0.17990166942473312
2020-07-27,0.18300635944718086
2020-07-28,0.17330444080015156
2020-07-29,0.18573515538172977
2020-07-30,0.17752113073051318
2020-07-31,0.17634089056395177
2020-08-03,0.17723466948956942
2020-08-04,0.17060902284452986
2020-08-05,0.16601343849252104
2020-08-06,0.16244757881958174
2020-08-07,0.15169142888167797
2020-08-10,0.14731891518005816
2020-08-11,0.1532724828464768
2020-08-12,0.1614103223988137
2020-08-13,0.1582117313395845
2020-08-14,0.14907033221882288
2020-08-17,0.14544220891161527
2020-08-18,0.13895808605520363
2020-08-19,0.13745940255166292
2020-08-20,0.13667949376700195
2020-08-21,0.13008104254253647
2020-08-24,0.14003177730881508
2020-08-25,0.1326867826961544
2020-08-26,0.14212799040486232
2020-08-27,0.13544540806894514
2020-08-28,0.13296461772162788
2020-08-31,0.13230663193252754
2020-09-01,0.1377258390346405
2020-09-02,0.15369966323448406
2020-09-03,0.2067587478242126
2020-09-04,0.20886771911462004
2020-09-07,0.19262084800271875
2020-09-08,0.22829291834729712
2020-09-09,0.2392396819342932
2020-09-10,0.24598108082011297
2020-09-11,0.236283213948961
2020-09-14,0.22850786558859018
2020-09-15,0.21820889744916142
2020-09-16,0.21322728601953575
2020-09-17,0.21528438572208744
2020-09-18,0.21281563421007063
2020-09-21,0.21633700919934049
2020-09-22,0.2151523678845654
2020-09-23,0.23610527108961965
2020-09-24,0.2279706004230394
2020-09-25,0.22794986634882428
2020-09-28,0.23568652481140517
2020-09-29,0.22601325504000022
2020-09-30,0.21766326319407422
2020-10-01,0.21387681628641939
2020-10-02,0.20899589820658854
2020-10-05,0.21932319858107918
2020-10-06,0.22653849372316667
2020-10-07,0.23638669798532913
2020-10-08,0.22413495323402324
2020-10-09,0.22215271161708922
2020-10-12,0.22490604053247795
2020-10-13,0.2264371863982718
2020-10-14,0.21267303716753014
2020-10-15,0.2035697184248558
2020-10-16,0.18968419843495243
2020-10-19,0.2058896565520747
2020-10-20,0.19519848286569996
2020-10-21,0.188680229468317
2020-10-22,0.18247720829093525
2020-10-23,0.17684107930316356
2020-10-26,0.19105214660886483
2020-10-27,0.18441141494187174
2020-10-28,0.23856996526498822
2020-10-29,0.2304637301872478
2020-10-30,0.22858654080268392
2020-11-02,0.2353575350230506
2020-11-03,0.24222050293885183
2020-11-04,0.2560662476451748
2020-11-05,0.25861256709338465
2020-11-06,0.24526060763280322
2020-11-09,0.23822932603295285
2020-11-10,0.22702143015759732
2020-11-11,0.22073503224816857
2020-11-12,0.2208560024348583
2020-11-13,0.22392760563105713
2020-11-16,0.21662639164574587
2020-11-17,0.21193509949857478
2020-11-18,0.22253252350444463
2020-11-19,0.20642660467624716
2020-11-20,0.20180513322673832
2020-11-23,0.19367549755627594
2020-11-24,0.2076922927208421
2020-11-25,0.19302396495650379
2020-11-26,0.18684584089357095
2020-11-27,0.17277239547610918
2020-11-30,0.17085710551452826
2020-12-01,0.17418603573887062
2020-12-02,0.16302915584588507
2020-12-03,0.15856157033704793
2020-12-04,0.15679470233803997
2020-12-07,0.15291835563495057
2020-12-08,0.14799202411618576
2020-12-09,0.15214617452603793
2020-12-10,0.14814927374313347
2020-12-11,0.14144970783104194
2020-12-14,0.14080804533872232
2020-12-15,0.15313812001270236
2020-12-16,0.14485935039607903
2020-12-17,0.14707281240494596
2020-12-18,0.1394008094338786
2020-12-21,0.13862689696924466
2020-12-22,0.13509293715289722
2020-12-23,0.12992380892474503
2020-12-24,0.12315491968538796
2020-12-25,0.11752375764205128
2020-12-28,0.12468146148096759
2020-12-29,0.12346208959601251
2020-12-30,0.11893829559288484
2020-12-31,0.12227126175938767
2021-01-04,0.14093710193383047
2021-01-05,0.14209653453469684
2021-01-06,0.14050221012635403
2021-01-07,0.15630013540450208
2021-01-08,0.15510257765251656
2021-01-11,0.1562378672697548
2021-01-12,0.1510525198744799
2021-01-13,0.14036052438392252
2021-01-14,0.13963259193671532
2021-01-15,0.14429642769787557
2021-01-18,0.1335183518784851
2021-01-19,0.13880463343551586
2021-01-20,0.15356835641226588
2021-01-21,0.14392778447759694
2021-01-22,0.14379684093833628
2021-01-25,0.13567643204456295
2021-01-26,0.13062046139609115
2021-01-27,0.17626909511141028
2021-01-28,0.17540004590017885
2021-01-29,0.19763032595828195
2021-02-01,0.20536754123958728
2021-02-02,0.20573033677560357
2021-02-03,0.19799254039681222
2021-02-04,0.20065938423023272
2021-02-05,0.1941615841658488
2021-02-08,0.18878251070631658
2021-02-09,0.17670874101136239
2021-02-10,0.16662490005376537
2021-02-11,0.15870204901600757
2021-02-12,0.15448273395279344
2021-02-15,0.14075327360460824
2021-02-16,0.1405220261389088
2021-02-17,0.1312997063549831
2021-02-18,0.13295701793576392
2021-02-19,0.132233897736084
2021-02-22,0.13603410629099053
2021-02-23,0.1309002597221526
2021-02-24,0.13951819896587003
2021-02-25,0.17735436066133659
2021-02-26,0.17206514926297325
2021-03-01,0.19739721295311596
2021-03-02,0.20139069218167935
2021-03-03,0.20582532032595516
2021-03-04,0.21368247661033343
2021-03-05,0.22491183008414525
2021-03-08,0.22238348991340187
2021-03-09,0.22020627525890651
2021-03-10,0.2121208240046101
2021-03-11,0.21269539935865905
2021-03-12,0.19819122769037928
2021-03-15,0.19174242902698543
2021-03-16,0.18166862685908194
2021-03-17,0.17750338227896648
2021-03-18,0.18901800204156816
2021-03-19,0.17616944591234193
2021-03-22,0.17071240939131885
2021-03-23,0.1737455190259867
2021-03-24,0.17386455325152647
2021-03-25,0.17168157653893606
2021-03-26,0.18474943407543964
2021-03-29,0.1756867186004737
2021-03-30,0.16529588311601365
2021-03-31,0.163723049662499
2021-04-01,0.165364593792969
2021-04-02,0.15524233384450653
2021-04-05,0.17188764990300961
2021-04-06,0.16399065374906074
2021-04-07,0.15179309807689756
2021-04-08,0.15111031681289583
2021-04-09,0.1514698842870116
2021-04-12,0.1439943346010446
2021-04-13,0.1404004703204613
2021-04-14,0.13723741120473487
2021-04-15,0.1492307552629654
2021-04-16,0.14278095994865211
2021-04-19,0.1455813093927562
2021-04-20,0.15075502978250208
2021-04-21,0.1493444388098087
2021-04-22,0.15709037109105103
2021-04-23,0.161956837625651
2021-04-26,0.15464853878314477
2021-04-27,0.1459281503443175
2021-04-28,0.14324852746064937
2021-04-29,0.13949275292110433
2021-04-30,0.14358220743058947
2021-05-03,0.14061794119732132
2021-05-04,0.13970873226938946
2021-05-05,0.13555907330322278
2021-05-06,0.13898297519605698
2021-05-07,0.1430148829678435
2021-05-10,0.1558072551090567
2021-05-11,0.15492995275121796
2021-05-12,0.18760806955558526
2021-05-13,0.1951137005585666
2021-05-14,0.1970689464170713
2021-05-17,0.18841257388968066
2021-05-18,0.1919002655335728
2021-05-19,0.18313013304306497
2021-05-20,0.18392987571202113
2021-05-21,0.17676524780107009
2021-05-24,0.1792114700167869
2021-05-25,0.16790851794434244
2021-05-26,0.16295574666658838
2021-05-27,0.14566647601938498
2021-05-28,0.14084926879109808
2021-05-31,0.13194840848370837
2021-06-01,0.1298249419607447
2021-06-02,0.1256859344597199
2021-06-03,0.12385738534770797
2021-06-04,0.1316354729838764
2021-06-07,0.1256037751441768
2021-06-08,0.11889605228286376
2021-06-09,0.11545196350771783
2021-06-10,0.11460839720174504
2021-06-11,0.11201188736594733
2021-06-14,0.10803638474911471
2021-06-15,0.10590940395153751
2021-06-16,0.11436566486830578
2021-06-17,0.10861060316187343
2021-06-18,0.12576873974231437
2021-06-21,0.1426748959878902
2021-06-22,0.1428377364966568
2021-06-23,0.1358122885923933
2021-06-24,0.13733874754776815
2021-06-25,0.13040154920483565
2021-06-28,0.1275008565617777
2021-06-29,0.12202491880375683
2021-06-30,0.11559204661315205
2021-07-01,0.11685400036394276
2021-07-02,0.12198922380144245
2021-07-05,0.11546071453309158
2021-07-06,0.11452616959156343
2021-07-07,0.11275702145620568
2021-07-08,0.12348879603598475
2021-07-09,0.13460102435019095
2021-07-12,0.12873117886821347
2021-07-13,0.12857500476260708
2021-07-14,0.12124634253074364
2021-07-15,0.12508078176346035
2021-07-16,0.12979832390630155
2021-07-19,0.15175464951817252
2021-07-20,0.16471489653395913
2021-07-21,0.16566096710330577
2021-07-22,0.15739889222382245
2021-07-23,0.16140939106683944
2021-07-26,0.15570632365107168
2021-07-27,0.15481315781940666
2021-07-28,0.1441906499538855
2021-07-29,0.14012820540610288
2021-07-30,0.14260586438887268
2021-08-02,0.13861519017553872
2021-08-03,0.14145814157923467
2021-08-04,0.14250090071692267
2021-08-05,0.14021508139496863
2021-08-06,0.1352109543784776
2021-08-09,0.12978423926216834
2021-08-10,0.1233588618671206
2021-08-11,0.11526682694476179
2021-08-12,0.11677562972728567
2021-08-13,0.11171990221927257
2021-08-16,0.10682536332445013
2021-08-17,0.11392011434349744
2021-08-18,0.12817735494844956
2021-08-19,0.12091925417218742
2021-08-20,0.1287446395414191
2021-08-23,0.13344945088757879
2021-08-24,0.12941441211225224
2021-08-25,0.1239285684270794
2021-08-26,0.12714315898852677
2021-08-27,0.13032674557650392
2021-08-30,0.13235696489353355
2021-08-31,0.12816822159130825
2021-09-01,0.12067370298606067
2021-09-02,0.11785228619443378
2021-09-03,0.11390158600622773
2021-09-06,0.10953675284232081
2021-09-07,0.10680245499401661
2021-09-08,0.10816125515522865
2021-09-09,0.11035681009428508
2021-09-10,0.12034770839411014
2021-09-13,0.11521589301397019
2021-09-14,0.11855729292898756
2021-09-15,0.12464957300316311
2021-09-16,0.12273376183019426
2021-09-17,0.1288362026560625
2021-09-20,0.15202115621784915
2021-09-21,0.14997153914504963
2021-09-22,0.15311222710931194
2021-09-23,0.16105565338975164
2021-09-24,0.1537365112305098
2021-09-27,0.14819749105744673
2021-09-28,0.17795641064976758
2021-09-29,0.16723264874643634
2021-09-30,0.1698360626089504
2021-10-01,0.17932933142050334
2021-10-04,0.18974354210107608
2021-10-05,0.18741167774784212
2021-10-06,0.18494828329585394
2021-10-07,0.18223678068053759
2021-10-08,0.17146715997462636
2021-10-11,0.1746628661305565
2021-10-12,0.16699895173388526
2021-10-13,0.16237004101670766
2021-10-14,0.17812655657768675
2021-10-15,0.17233821710792116
2021-10-18,0.16653735073681697
2021-10-19,0.16708225898585474
2021-10-20,0.15889515324029124
2021-10-21,0.15309385967649866
2021-10-22,0.14581682594957757
2021-10-25,0.1426394214056136
2021-10-26,0.13590718804202437
2021-10-27,0.1412620589148679
2021-10-28,0.14693911680325544
2021-10-29,0.13879712440074873
2021-11-01,0.13024884338956985
2021-11-02,0.1295736002819283
2021-11-03,0.13214523750553872
2021-11-04,0.1261024266103488
2021-11-05,0.12620522298907202
2021-11-08,0.1199529278454128
2021-11-09,0.11871674953977598
2021-11-10,0.12609695137650642
2021-11-11,0.11918307734142887
2021-11-12,0.12872407882432532
2021-11-15,0.12202694549542865
2021-11-16,0.11830999636785142
2021-11-17,0.11589923987412139
2021-11-18,0.11427618289831573
2021-11-19,0.1138388289077281
2021-11-22,0.11156233361927256
2021-11-23,0.10929794460487059
2021-11-24,0.10620715215553606
2021-11-25,0.10193242090636989
2021-11-26,0.14107539767706456
2021-11-29,0.156584571455706
2021-11-30,0.17862095645839837
2021-12-01,0.18762027406661938
2021-12-02,0.1954898849370971
2021-12-03,0.19556754158117726
2021-12-06,0.19983560510904846
2021-12-07,0.21307685596905948
2021-12-08,0.20264112129154513
2021-12-09,0.19736435497949598
2021-12-10,0.19755430743169217
2021-12-13,0.20303265908491183
2021-12-14,0.19640863024137645
2021-12-15,0.2087298043862188
2021-12-16,0.20823891513380008
2021-12-17,0.21111027552131612
2021-12-20,0.21220202018802709
2021-12-21,0.22140497730297717
2021-12-22,0.21504735546710624
2021-12-23,0.21118414053438778
2021-12-24,0.19935466809601357
2021-12-27,0.2054207994783889
2021-12-28,0.19305976093607427
2021-12-29,0.18077860100401488
2021-12-30,0.17465167304109103
2021-12-31,0.17073770317953724
2022-01-03,0.1648257591282597
2022-01-04,0.15920098776388014
2022-01-05,0.1789415010632056
2022-01-06,0.16993827145222368
2022-01-07,0.16492636458648088
2022-01-10,0.16048068755620348
2022-01-11,0.16292231668884796
2022-01-12,0.1539869422510889
2022-01-13,0.16914431630064863
2022-01-14,0.16074581309289773
2022-01-17,0.14922220005058015
2022-01-18,0.17429145554924894
2022-01-19,0.17995567373441138
2022-01-20,0.18193696141397434
2022-01-21,0.20556396965328189
2022-01-24,0.19751678371951092
2022-01-25,0.198844852923522
2022-01-26,0.19015255289346547
2022-01-27,0.18376972385256465
2022-01-28,0.21015372269926036
2022-01-31,0.21865215182175504
2022-02-01,0.21102581261161427
2022-02-02,0.21262723061692848
2022-02-03,0.23287814212630722
2022-02-04,0.22511764129902154
2022-02-07,0.2153712113096023
2022-02-08,0.2075091087898825
2022-02-09,0.21484026462209158
2022-02-10,0.228217475883635
2022-02-11,0.2389380071665698
2022-02-14,0.2298328151151851
2022-02-15,0.23300156122052937
2022-02-16,0.21573397470842953
2022-02-17,0.23362188197621692
2022-02-18,0.22985355964429743
2022-02-21,0.21283564523838513
2022-02-22,0.21767798762631269
2022-02-23,0.22527469705268288
2022-02-24,0.23207261498069612
2022-02-25,0.24678959750136378
2022-02-28,0.2286034350906893
2022-03-01,0.24371939966788855
2022-03-02,0.24657991960121858
2022-03-03,0.23890343728114502
2022-03-04,0.2343248064154847
2022-03-07,0.2592782013632908
2022-03-08,0.24604275040704324
2022-03-09,0.26657623148168325
2022-03-10,0.25220102112839615
2022-03-11,0.2549686879059811
2022-03-14,0.2529084877520353
2022-03-15,0.2586180517223768
2022-03-16,0.26906788372481166
2022-03-17,0.2628931374117054
2022-03-18,0.2573888029716734
2022-03-21,0.23569702859768243
2022-03-22,0.2434697989466219
2022-03-23,0.2416328134604648
2022-03-24,0.24394611337359173
2022-03-25,0.22798274963817938
2022-03-28,0.2195914390409756
2022-03-29,0.22426644680400137
2022-03-30,0.21629944584034988
2022-03-31,0.22771006209892014
2022-04-01,0.21223222217763069
2022-04-04,0.20782179240569704
2022-04-05,0.21056297260316137
2022-04-06,0.21936159846745276
2022-04-07,0.20146781250111712
2022-04-08,0.19601513517056857
2022-04-11,0.20842635393897976
2022-04-12,0.19990438493234022
2022-04-13,0.20112668035838197
2022-04-14,0.20918811788675887
2022-04-15,0.19033695712374532
2022-04-18,0.1853052624983518
2022-04-19,0.18996162870071462
2022-04-20,0.1860185673839165
2022-04-21,0.19287657194023397
2022-04-22,0.2226717016573788
2022-04-25,0.21611262903990705
2022-04-26,0.24746516416904388
2022-04-27,0.2330659889536613
2022-04-28,0.250144779828775
2022-04-29,0.2882707882029176
2022-05-02,0.27031216178973483
2022-05-03,0.25297579170155665
2022-05-04,0.28329098295764604
2022-05-05,0.30569512726072634
2022-05-06,0.2950921078038885
2022-05-09,0.3165674015567499
2022-05-10,0.29477846584199713
2022-05-11,0.2869108430792575
2022-05-12,0.27515600056808553
2022-05-13,0.28872874151481587
2022-05-16,0.27246894456104637
2022-05-17,0.27374843735403526
2022-05-18,0.31000352922733204
2022-05-19,0.30127296036783063
2022-05-20,0.2716107981932733
2022-05-23,0.2734970045146073
2022-05-24,0.2729226922770492
2022-05-25,0.2624079347246606
2022-05-26,0.26881151347720844
2022-05-27,0.2765421281845173
2022-05-30,0.2523720937654218
2022-05-31,0.2499216760468376
2022-06-01,0.24071111677272625
2022-06-02,0.2487137282816725
2022-06-03,0.2552758615328813
2022-06-06,0.23866576441900136
2022-06-07,0.24054170604537825
2022-06-08,0.23181330469024075
2022-06-09,0.2486959584246583
2022-06-10,0.27465260809360403
2022-06-13,0.3176350492479793
2022-06-14,0.2976807876909706
2022-06-15,0.28825981312601723
2022-06-16,0.311895392952402
2022-06-17,0.29091050013463815
2022-06-20,0.2718814893385137
2022-06-21,0.28391465118170955
2022-06-22,0.252071972907414
2022-06-23,0.25480832807992587
2022-06-24,0.2776154588818328
2022-06-27,0.25938885808643564
2022-06-28,0.2674135673200771
2022-06-29,0.25052743745324285
2022-06-30,0.24407732649028677
2022-07-01,0.24937922017081954
2022-07-04,0.22167764619907884
2022-07-05,0.21163422175380864
2022-07-06,0.20161573742276467
2022-07-07,0.2095112236365946
2022-07-08,0.1940517199492109
2022-07-11,0.20362134536191998
2022-07-12,0.20292745294624273
2022-07-13,0.19629896613880465
2022-07-14,0.18842180327070815
2022-07-15,0.20331973848530657
2022-07-18,0.2043774622095486
2022-07-19,0.22769166580974956
2022-07-20,0.2164033142180181
2022-07-21,0.2181821692351112
2022-07-22,0.2123876850962433
2022-07-25,0.19697101927000368
2022-07-26,0.20690585660761046
2022-07-27,0.2329113700216557
2022-07-28,0.22631665379183455
2022-07-29,0.22860874889551397
2022-08-01,0.21540739039886878
2022-08-02,0.21727954520465068
2022-08-03,0.2216631755295062
2022-08-04,0.206737801006538
2022-08-05,0.1962715668274955
2022-08-08,0.18862806889301462
2022-08-09,0.18088254920790492
2022-08-10,0.20101556364574838
2022-08-11,0.1881001184905997
2022-08-12,0.20034652883039514
2022-08-15,0.19116240506442894
2022-08-16,0.18036273180854134
2022-08-17,0.1817341003374535
2022-08-18,0.17242343513230599
2022-08-19,0.1798753388570505
2022-08-22,0.20526880392927274
2022-08-23,0.1950770047825324
2022-08-24,0.1909500977570491
2022-08-25,0.19480379034539141
2022-08-26,0.2392677808788169
2022-08-29,0.23140536502632642
2022-08-30,0.23083530216257866
2022-08-31,0.22594132858930663
2022-09-01,0.20846435342048875
2022-09-02,0.21052987366492992
2022-09-05,0.20147429643347495
2022-09-06,0.19364887146838167
2022-09-07,0.21007433749035612
2022-09-08,0.20168063725915167
2022-09-09,0.21846131528127188
2022-09-12,0.21116403625624064
2022-09-13,0.26432097862364357
2022-09-14,0.2484996458002861
2022-09-15,0.24347259816847344
2022-09-16,0.24334393923816602
2022-09-19,0.23362738225877985
2022-09-20,0.2288000012455303
2022-09-21,0.24584409683303962
2022-09-22,0.23521205412470597
2022-09-23,0.23704869597309167
2022-09-26,0.24145725094483
2022-09-27,0.23118978720908975
2022-09-28,0.23945022826540122
2022-09-29,0.252526186627291
2022-09-30,0.2579479698865
2022-10-03,0.27151413273959474
2022-10-04,0.2898851530002165
2022-10-05,0.2766629675371644
2022-10-06,0.270862323867835
2022-10-07,0.28775810115188066
2022-10-10,0.2739492831913536
2022-10-11,0.2662882762107811
2022-10-12,0.2541485110077132
2022-10-13,0.2642345543881675
2022-10-14,0.27961180278962583
2022-10-17,0.29587224641825344
2022-10-18,0.2836621389969566
2022-10-19,0.2763842622706538
2022-10-20,0.26093871504899513
2022-10-21,0.27833151088957264
2022-10-24,0.2688946762463992
2022-10-25,0.2719709300291555
2022-10-26,0.26071032441060177
2022-10-27,0.2555559962552368
2022-10-28,0.2691137610922826
2022-10-31,0.26293086711144364
2022-11-01,0.24681187244102237
2022-11-02,0.26453703139233936
2022-11-03,0.26314534384566424
2022-11-04,0.2590025447766172
2022-11-07,0.2506200104669714
2022-11-08,0.24132488779088312
2022-11-09,0.25544368056553096
2022-11-10,0.30981778115798575
2022-11-11,0.30688392359662825
2022-11-14,0.288607501300698
2022-11-15,0.27702486505471147
2022-11-16,0.2697389521346542
2022-11-17,0.2531628051030041
2022-11-18,0.24134560980235487
2022-11-21,0.2281044318698297
2022-11-22,0.22915454454552064
2022-11-23,0.2195811472777804
2022-11-24,0.20568694447061264
2022-11-25,0.19388112377172884
2022-11-28,0.2026373302421151
2022-11-29,0.19638967849961061
2022-11-30,0.22463909347917557
2022-12-01,0.21639375362838076
2022-12-02,0.20109583028926534
2022-12-05,0.21311845184949355
2022-12-06,0.22413165053893044
2022-12-07,0.2126247445669944
2022-12-08,0.20771986863771302
2022-12-09,0.20353589756865523
2022-12-12,0.2080605119987836
2022-12-13,0.20660673404857077
2022-12-14,0.2000707894050168
2022-12-15,0.2284292007227093
2022-12-16,0.2260593368313987
2022-12-19,0.2243964751603519
2022-12-20,0.20975570904664176
2022-12-21,0.21715302033679681
2022-12-22,0.2210081269076527
2022-12-23,0.21418872783963683
2022-12-26,0.19871657244222324
2022-12-27,0.1946839108424684
2022-12-28,0.19943615307532328
2022-12-29,0.20885854125708797
2022-12-30,0.20337076320981376
2023-01-02,0.18553578622192554
2023-01-03,0.1852221256948732
2023-01-04,0.1797930846565441
2023-01-05,0.18815238272807994
2023-01-06,0.20805276955398833
2023-01-09,0.19108916577184057
2023-01-10,0.18944733572349745
2023-01-11,0.19749153854449356
2023-01-12,0.19031680309991564
2023-01-13,0.18208050715530977
2023-01-16,0.16712442910156522
2023-01-17,0.16394652557977551
2023-01-18,0.17678669903262553
2023-01-19,0.17537857828839482
2023-01-20,0.19481273761685775
2023-01-23,0.20016018547024383
2023-01-24,0.18621961845652069
2023-01-25,0.17953403699855616
2023-01-26,0.1821266819113889
2023-01-27,0.16636339616309093
2023-01-30,0.1846711564217517
2023-01-31,0.19463148150435308
2023-02-01,0.19231581858111574
2023-02-02,0.19944113643245046
2023-02-03,0.19973236353827123
2023-02-06,0.19618555327680745
2023-02-07,0.2060692445315539
2023-02-08,0.20865676220232354
2023-02-09,0.20765147136547604
2023-02-10,0.19364079885436697
2023-02-13,0.19564634268802805
2023-02-14,0.18451391871663514
2023-02-15,0.175379392800265
2023-02-16,0.18439301934105687
2023-02-17,0.17912983320097076
2023-02-20,0.1719206117412956
2023-02-21,0.18886386609174305
2023-02-22,0.18053500585477228
2023-02-23,0.1791150129985568
2023-02-24,0.18168996682944996
2023-02-27,0.1771163059420718
2023-02-28,0.16779076982537305
2023-03-01,0.16535105605804232
2023-03-02,0.16450292733568722
2023-03-03,0.17820691807682765
2023-03-06,0.16753381342381596
2023-03-07,0.17967710495425632
2023-03-08,0.1735754665580227
2023-03-09,0.19189111087020305
2023-03-10,0.20297388819217807
2023-03-13,0.19029725702625036
2023-03-14,0.20622360663063208
2023-03-15,0.197158165504306
2023-03-16,0.21079198642845007
2023-03-17,0.2130940105575135
2023-03-20,0.20911339129940404
2023-03-21,0.21211416930734228
2023-03-22,0.22196259082456102
2023-03-23,0.21163096504498652
2023-03-24,0.20437959038084125
2023-03-27,0.19182361579287865
2023-03-28,0.18396091473086526
2023-03-29,0.1877767149401925
2023-03-30,0.18161934548652617
2023-03-31,0.1888919948103278
2023-04-03,0.17942704019031527
2023-04-04,0.17957250455553114
2023-04-05,0.17495431924781232
2023-04-06,0.16494558620176414
2023-04-07,0.15734999050258539
2023-04-10,0.14553177682643764
2023-04-11,0.13876574016442736
2023-04-12,0.14159737462677036
2023-04-13,0.15074235323181612
2023-04-14,0.14789187665459363
2023-04-17,0.14349150136364494
2023-04-18,0.13722101024073555
2023-04-19,0.12677125084153798
2023-04-20,0.12908270464659216
2023-04-21,0.12207244752703766
2023-04-24,0.11812035091005312
2023-04-25,0.14063519052802612
2023-04-26,0.13971295791259905
2023-04-27,0.1610399946798761
2023-04-28,0.16298472026674854
2023-05-01,0.15840486170990184
2023-05-02,0.16468203778517598
2023-05-03,0.16767201326477174
2023-05-04,0.16457214968337447
2023-05-05,0.1876895543172276
2023-05-08,0.1722652802980736
2023-05-09,0.1710723664691829
2023-05-10,0.16676417537945334
2023-05-11,0.15816498024016684
2023-05-12,0.15379469793329
2023-05-15,0.143928712561813
2023-05-16,0.14705645039976464
2023-05-17,0.15590738024590187
2023-05-18,0.15736525751598684
2023-05-19,0.15526073534552398
2023-05-22,0.14647388055622174
2023-05-23,0.15676459729964248
2023-05-24,0.15836017311603062
2023-05-25,0.16381719560930882
2023-05-26,0.16916945930143318
2023-05-29,0.15933711428590586
2023-05-30,0.1503337178079237
2023-05-31,0.15092294664452255
2023-06-01,0.15801771398591907
2023-06-02,0.16974490935880135
2023-06-05,0.16357586490441842
2023-06-06,0.15444030310557552
2023-06-07,0.14973913899032898
2023-06-08,0.1532162970702898
2023-06-09,0.14486446871114844
2023-06-12,0.1450292497508575
2023-06-13,0.15047207326719825
2023-06-14,0.13946863538368892
2023-06-15,0.14897472817341265
2023-06-16,0.14537205855512683
2023-06-19,0.1414741967764952
2023-06-20,0.1417249028089054
2023-06-21,0.14147611258948026
2023-06-22,0.13855285633584313
2023-06-23,0.1435928595569316
2023-06-26,0.14539414866510328
2023-06-27,0.15336670627348672
2023-06-28,0.14259727389931903
2023-06-29,0.1433985376862229
2023-06-30,0.15199569523449635
2023-07-03,0.139831641675715
2023-07-04,0.13611159247126864
2023-07-05,0.1314785305375531
2023-07-06,0.13734513059357384
2023-07-07,0.1356794409506858
2023-07-10,0.12838761115529396
2023-07-11,0.1350024866279408
2023-07-12,0.13741223347776155
2023-07-13,0.1449551255779366
2023-07-14,0.135176509940239
2023-07-17,0.1322875470221496
2023-07-18,0.13895347427679544
2023-07-19,0.1298146251334764
2023-07-20,0.13450136074222188
2023-07-21,0.12490644558617127
2023-07-24,0.12623101575269294
2023-07-25,0.1204424667890142
2023-07-26,0.11594593586742982
2023-07-27,0.12091856716912006
2023-07-28,0.13172960331828
2023-07-31,0.12429867768470865
2023-08-01,0.12228589941129765
2023-08-02,0.14382714549443282
2023-08-03,0.13670082376059509
2023-08-04,0.1404345598911544
2023-08-07,0.14622086284848076
2023-08-08,0.14526022026675786
2023-08-09,0.1484596557098908
2023-08-10,0.14010431551756847
2023-08-11,0.13042095714809113
2023-08-14,0.1360861572554616
2023-08-15,0.14449748099709664
2023-08-16,0.14752179587619837
2023-08-17,0.1549390665701563
2023-08-18,0.14748084574747955
2023-08-21,0.14818232675773063
2023-08-22,0.1481555427548451
2023-08-23,0.1504853738371219
2023-08-24,0.16317276397775912
2023-08-25,0.16348434704870365
2023-08-28,0.16484686493951037
2023-08-29,0.17013176433320776
2023-08-30,0.1652607515152039
2023-08-31,0.15946983814799987
2023-09-01,0.1500864064597574
2023-09-04,0.14325209373775197
2023-09-05,0.14282250673572305
2023-09-06,0.14739751115200353
2023-09-07,0.1448384226039685
2023-09-08,0.13593364076077039
2023-09-11,0.13774180496989707
2023-09-12,0.14109840760860318
2023-09-13,0.13292920319801776
2023-09-14,0.13935967667840105
2023-09-15,0.151350975030742
2023-09-18,0.144633215067754
2023-09-19,0.13903992451450037
2023-09-20,0.1470132280006027
2023-09-21,0.16362276169673595
2023-09-22,0.16069134361458415
2023-09-25,0.15233145193497993
2023-09-26,0.16982572451740585
2023-09-27,0.16149070593541906
2023-09-28,0.15713551734733353
2023-09-29,0.15243846666698627
2023-10-02,0.1447865134298291
2023-10-03,0.1579112115577584
2023-10-04,0.16169763287033478
2023-10-05,0.1530179304302522
2023-10-06,0.16498070448109575
2023-10-09,0.1589722390800499
2023-10-10,0.15858675777514433
2023-10-11,0.1495783982167159
2023-10-12,0.15529794360426927
2023-10-13,0.15350173229310912
2023-10-16,0.15803850480730333
2023-10-17,0.15436089121446023
2023-10-18,0.16535199058224942
2023-10-19,0.16797193528104165
2023-10-20,0.17898969975151682
2023-10-23,0.1678514385582474
2023-10-24,0.16862420957377305
2023-10-25,0.17793544548807458
2023-10-26,0.18715479848744843
2023-10-27,0.184980755187785
2023-10-30,0.18492396825400542
2023-10-31,0.18530756425651057
2023-11-01,0.1848170985865132
2023-11-02,0.20280637382342798
2023-11-03,0.2032757788519076
2023-11-06,0.1882588345585607
2023-11-07,0.18290185088160738
2023-11-08,0.16716316282311183
2023-11-09,0.170414678520915
2023-11-10,0.1815805780231227
2023-11-13,0.1694881810597947
2023-11-14,0.18614159106350453
2023-11-15,0.17722242430672336
2023-11-16,0.16754740546863098
2023-11-17,0.16181048156281475
2023-11-20,0.16009943825571502
2023-11-21,0.15441206779923086
2023-11-22,0.148462576380274
2023-11-23,0.1424357825315059
2023-11-24,0.13144675554980018
2023-11-27,0.13031713996389457
2023-11-28,0.12336869558070417
2023-11-29,0.11830661339217297
2023-11-30,0.1187872258854757
2023-12-01,0.11638571912360696
2023-12-04,0.12144091251344293
2023-12-05,0.11668103838507322
2023-12-06,0.11904992759803071
2023-12-07,0.12472050088523497
2023-12-08,0.12056994025363584
2023-12-11,0.11839472781821483
2023-12-12,0.12094170956041074
2023-12-13,0.13585232216106416
2023-12-14,0.12944851129235452
2023-12-15,0.12576309898434532
2023-12-18,0.12435357484486943
2023-12-19,0.12499029920494614
2023-12-20,0.14961631554820443
2023-12-21,0.15216637093881252
2023-12-22,0.14501470836802066
2023-12-25,0.1368497321775581
2023-12-26,0.13438747526663924
2023-12-27,0.12401340666765212
2023-12-28,0.12151601287302628
2023-12-29,0.11904065854868078
2024-01-02,0.12457217993344005
2024-01-03,0.13180022275066836
2024-01-04,0.1333703355233544
2024-01-05,0.12438032191888629
2024-01-08,0.14092645363408546
2024-01-09,0.13571427704766573
2024-01-10,0.13772292087303578
2024-01-11,0.1309474864113471
2024-01-12,0.12258437506783539
2024-01-15,0.12011667467507943
2024-01-16,0.12022308592435213
2024-01-17,0.12406347054546754
2024-01-18,0.12610955128644244
2024-01-19,0.1384767966524026
2024-01-22,0.13499474474965661
2024-01-23,0.1292549111089309
2024-01-24,0.12197986412003871
2024-01-25,0.12416019930294803
2024-01-26,0.11656352798683102
2024-01-29,0.12484143173563354
2024-01-30,0.11902816293481774
2024-01-31,0.14484068097130992
2024-02-01,0.15259148615695756
2024-02-02,0.1604786545017637
2024-02-05,0.1533193589586445
2024-02-06,0.14879191017292503
2024-02-07,0.15226235454804166
2024-02-08,0.14171865826633417
2024-02-09,0.13834334206456567
2024-02-12,0.13741377094730065
2024-02-13,0.1518165538117418
2024-02-14,0.1650381718314501
2024-02-15,0.15397652692980157
2024-02-16,0.15777200828420826
2024-02-19,0.14348541315094435
2024-02-20,0.15083171188313854
2024-02-21,0.14037768997661687
2024-02-22,0.16505936365069807
2024-02-23,0.15773239028509614
2024-02-26,0.1533040751178455
2024-02-27,0.14404213358842197
2024-02-28,0.13922221627399212
2024-02-29,0.14230926844705322
2024-03-01,0.14601388351854583
2024-03-04,0.1391458693391795
2024-03-05,0.1460558213793589
2024-03-06,0.1428842330299055
2024-03-07,0.1522383221010024
2024-03-08,0.15212399091986112
2024-03-11,0.14452208662972701
2024-03-12,0.15483629260523593
2024-03-13,0.14811356688925106
2024-03-14,0.14681896335061154
2024-03-15,0.14913546572241543
2024-03-18,0.1521355654637511
2024-03-19,0.14948291336367006
2024-03-20,0.1539035192057009
2024-03-21,0.147022553705518
2024-03-22,0.1398817738954095
2024-03-25,0.13465866279046407
2024-03-26,0.13398210851925352
2024-03-27,0.13960134638584273
2024-03-28,0.13176049947598498
2024-03-29,0.12498947047262385
2024-04-01,0.12534619402903863
2024-04-02,0.1303801376488357
2024-04-03,0.123173212411499
2024-04-04,0.1398596033847856
2024-04-05,0.14547414312703075
2024-04-08,0.14375940012272423
2024-04-09,0.1351983233813493
2024-04-10,0.1434823899534353
2024-04-11,0.1444326349530287
2024-04-12,0.15919078960422564
2024-04-15,0.1731485539668749
2024-04-16,0.1644057562337543
2024-04-17,0.16537303715987087
2024-04-18,0.15737000298462178
2024-04-19,0.1636039901325781
2024-04-22,0.16401025927770893
2024-04-23,0.17314970391947324
2024-04-24,0.1622305355834949
2024-04-25,0.1605069572243336
2024-04-26,0.16184870325551687
2024-04-29,0.15842883606626992
2024-04-30,0.16967586314591893
2024-05-01,0.16963767067162439
2024-05-02,0.17375282003041284
2024-05-03,0.17751321988841745
2024-05-06,0.18066467756215185
2024-05-07,0.1724214584156065
2024-05-08,0.15963564892692514
2024-05-09,0.15655061243967724
2024-05-10,0.14894887189716965
2024-05-13,0.1412926700134036
2024-05-14,0.13982368221244176
2024-05-15,0.14864687387259168
2024-05-16,0.14608050458187932
2024-05-17,0.13476977154654735
2024-05-20,0.1300989994924416
2024-05-21,0.12326040355824884
2024-05-22,0.12123995158873367
2024-05-23,0.1270858527887112
2024-05-24,0.13488442544530227
2024-05-27,0.12544520275953194
2024-05-28,0.11974038144037583
2024-05-29,0.12687042941547705
2024-05-30,0.13019602595805305
2024-05-31,0.13836652090253324
2024-06-03,0.1268837181525277
2024-06-04,0.12092261102243108
2024-06-05,0.13284562232798347
2024-06-06,0.12890409870636918
2024-06-07,0.1225780059570461
2024-06-10,0.1217932447983342
2024-06-11,0.11612922380787068
2024-06-12,0.12343404249857588
2024-06-13,0.11821795087189362
2024-06-14,0.11394413661233503
2024-06-17,0.12191135552623811
2024-06-18,0.1163735861414764
2024-06-19,0.11201549087930053
2024-06-20,0.10966146510478493
2024-06-21,0.10470275712716069
2024-06-24,0.10697360436933542
2024-06-25,0.1068688483159823
2024-06-26,0.1032779411265887
2024-06-27,0.09782546317828697
2024-06-28,0.1037675196185845
2024-07-01,0.10084337873538422
2024-07-02,0.10429563268563673
2024-07-03,0.1089144793967046
2024-07-04,0.10095349297686824
2024-07-05,0.10447936553849568
2024-07-08,0.10135491242932582
2024-07-09,0.09707570353503271
2024-07-10,0.10887413897882578
2024-07-11,0.11942084291950247
2024-07-12,0.12017402384374164
2024-07-15,0.11452196713694981
2024-07-16,0.11924942106751496
2024-07-17,0.14068600727951283
2024-07-18,0.14749062952956335
2024-07-19,0.14908285493475187
2024-07-22,0.15699884909556622
2024-07-23,0.15181671632565477
2024-07-24,0.18297196626652526
2024-07-25,0.17558609191755636
2024-07-26,0.1841221165823456
2024-07-29,0.1702635814094113
2024-07-30,0.17004931981942878
2024-07-31,0.18114093752375954
2024-08-01,0.1905912702808096
2024-08-02,0.2071789309113112
2024-08-05,0.24517484029986633
2024-08-06,0.23931215274147363
2024-08-07,0.23244162320117548
2024-08-08,0.24925485386949825
2024-08-09,0.2346889513189627
2024-08-12,0.2188956866571869
2024-08-13,0.2283018923631986
2024-08-14,0.22050201427727298
2024-08-15,0.2228884362052276
2024-08-16,0.2096024034508582
2024-08-19,0.21062631143375848
2024-08-20,0.19570097261198366
2024-08-21,0.1874768218512023
2024-08-22,0.18928170584751858
2024-08-23,0.18999025041070355
2024-08-26,0.18553458533447156
2024-08-27,0.17420761497666148
2024-08-28,0.17285463192300476
2024-08-29,0.16408990305448182
2024-08-30,0.16770355546603016
2024-09-02,0.1557762851761148
2024-09-03,0.18380162831113658
2024-09-04,0.17519207157601022
2024-09-05,0.16694894912917585
2024-09-06,0.18539882231633237
2024-09-09,0.18874221747857833
2024-09-10,0.18289147418236382
2024-09-11,0.18584329713892206
2024-09-12,0.18267214500483392
2024-09-13,0.1757565548271728
2024-09-16,0.17079302957902176
2024-09-17,0.16007314225306762
2024-09-18,0.15246232011627553
2024-09-19,0.17127889714034056
2024-09-20,0.16461850901419545
2024-09-23,0.15607107870690587
2024-09-24,0.14995323736809243
2024-09-25,0.1471308654307533
2024-09-26,0.14112728141936506
2024-09-27,0.1370539547454053
2024-09-30,0.13240920676939047
2024-10-01,0.14411886462176157
2024-10-02,0.13426469670805938
2024-10-03,0.1313727838298835
2024-10-04,0.13805881162726555
2024-10-07,0.14820017756486473
2024-10-08,0.15162999486031148
2024-10-09,0.15608161948806623
2024-10-10,0.14794400035588337
2024-10-11,0.14443700473284066
2024-10-14,0.1490673729098076
2024-10-15,0.15424217576876734
2024-10-16,0.15062830056660007
2024-10-17,0.14226068367635217
2024-10-18,0.13928782824362104
2024-10-21,0.13617623782776198
2024-10-22,0.12783931373522114
2024-10-23,0.1349418625575813
2024-10-24,0.13130042746825765
2024-10-25,0.12774396988635953
2024-10-28,0.1206504790327895
2024-10-29,0.11655970036413017
2024-10-30,0.11964724434346087
2024-10-31,0.15075244909035013
2024-11-01,0.1422870030256865
2024-11-04,0.14024500991736363
2024-11-05,0.15287400660159436
2024-11-06,0.1825478694671034
2024-11-07,0.18260643279096953
2024-11-08,0.17002394238281493
2024-11-11,0.159661823664059
2024-11-12,0.1541031120266188
2024-11-13,0.14776493225193993
2024-11-14,0.14953310533361772
2024-11-15,0.16431996146447192
2024-11-18,0.15714472210277183
2024-11-19,0.15529247358603462
2024-11-20,0.14285403907715977
2024-11-21,0.14217606386837203
2024-11-22,0.13864064850975777
2024-11-25,0.13446503959867595
2024-11-26,0.13496552234516165
2024-11-27,0.13399140142282648
2024-11-28,0.12526771885343718
2024-11-29,0.1267421181675659
2024-12-02,0.12472912288890797
2024-12-03,0.11599792529942678
2024-12-04,0.11935974128943505
2024-12-05,0.11672843984640657
2024-12-06,0.1133190118009539
2024-12-09,0.1186793258328133
2024-12-10,0.11614777347989294
2024-12-11,0.12415925851661168
2024-12-12,0.1282367528154662
2024-12-13,0.12249617103637088
2024-12-16,0.11900706730342799
2024-12-17,0.12039544165078073
2024-12-18,0.17643023699044377
2024-12-19,0.16371442998697963
2024-12-20,0.17219340416229958
2024-12-23,0.17095554332281132
2024-12-24,0.1769180013743212
2024-12-25,0.164227723518609
2024-12-26,0.15606100222606392
2024-12-27,0.16930744923961943
2024-12-30,0.17466510212368772
2024-12-31,0.16841822394187814
2025-01-02,0.16591968251454034
2025-01-03,0.17069225679285127
2025-01-06,0.16691653354551522
2025-01-07,0.17503394977917347
2025-01-08,0.16944382839689617
2025-01-09,0.1561546711516824
2025-01-10,0.16432508564443965
2025-01-13,0.1631092214513633
2025-01-14,0.15389167327857559
2025-01-15,0.1734137131610726
2025-01-16,0.16307085370338076
2025-01-17,0.1707621131267844
2025-01-20,0.1623384867509517
2025-01-21,0.16078575976513965
2025-01-22,0.16083900517151004
2025-01-23,0.15162013896421336
2025-01-24,0.1510454666541502
2025-01-27,0.17155607935646935
2025-01-28,0.17468684334986823
2025-01-29,0.16573153008442076
2025-01-30,0.16107230974704356
2025-01-31,0.16087278953942155
2025-02-03,0.16277617713076512
2025-02-04,0.1630000185417006
2025-02-05,0.162145106934713
2025-02-06,0.15261286624591086
2025-02-07,0.15854633020878459
2025-02-10,0.1583414140019454
2025-02-11,0.14899466999528335
2025-02-12,0.14600303733580566
2025-02-13,0.15317984577615953
2025-02-14,0.14272234269760556
2025-02-17,0.1393608586282016
2025-02-18,0.13141021039422598
2025-02-19,0.12596812648602324
2025-02-20,0.12490347078758235
2025-02-21,0.1509759450773104
2025-02-24,0.15106114477572485
2025-02-25,0.1466513128214774
2025-02-26,0.14262647572013673
2025-02-27,0.1618413794252845
2025-02-28,0.1757369169158673
2025-03-03,0.1951765213890571
2025-03-04,0.1981742569847113
2025-03-05,0.20655514887406567
2025-03-06,0.21660503111462545
2025-03-07,0.20744629691522667
2025-03-10,0.23406045799345196
2025-03-11,0.23053678227960842
2025-03-12,0.2240315259726806
2025-03-13,0.22403632325988132
2025-03-14,0.2386326557535636
2025-03-17,0.2299215200366956
2025-03-18,0.22375367625402057
2025-03-19,0.2268582957231012
2025-03-20,0.21197581999639156
2025-03-21,0.19852138301456537
2025-03-24,0.211914489257948
2025-03-25,0.19904460109350874
2025-03-26,0.2035775578319999
2025-03-27,0.19240626230555358
2025-03-28,0.20821284048179348
2025-03-31,0.20440148997056307
2025-04-01,0.19241554184160445
2025-04-02,0.19005701376810746
2025-04-03,0.2669608953579792
2025-04-04,0.3367827629779382
2025-04-07,0.32518569826283344
2025-04-08,0.31235654162289206
2025-04-09,0.4278430243165052
2025-04-10,0.43878728940613126
2025-04-11,0.4156267745305717
2025-04-14,0.38294292375752487
2025-04-15,0.3618909937476587
2025-04-16,0.3580199426897168
2025-04-17,0.3225757745610527
2025-04-18,0.31000848511861195
2025-04-21,0.3090629605676804
2025-04-22,0.32025774520980127
2025-04-23,0.3132887922554588
2025-04-24,0.31320029711253355
2025-04-25,0.3017570875080602
2025-04-28,0.278344985462452
2025-04-29,0.2631600219130207
2025-04-30,0.2386345698267831
2025-05-01,0.23325469363471274
2025-05-02,0.23223637433440286
2025-05-05,0.22761916424621856
2025-05-06,0.2231468125094234
2025-05-07,0.2130458619714768
2025-05-08,0.20282170406544878
2025-05-09,0.19533275073284692
2025-05-12,0.23482982098057212
2025-05-13,0.21950836692077672
2025-05-14,0.208209509549527
2025-05-15,0.19905486990049787
2025-05-16,0.1946181231490296
2025-05-19,0.18325255386732905
2025-05-20,0.17439969030169164
2025-05-21,0.189354546326458
2025-05-22,0.17743164451215254
2025-05-23,0.17853214598155212
2025-05-26,0.16926887950495986
2025-05-27,0.18654456350362117
2025-05-28,0.18961642434715273
2025-05-29,0.17744688805294206
2025-05-30,0.1699885768584236
2025-06-02,0.16084204404619112
2025-06-03,0.16022624682361294
2025-06-04,0.15169199307931935
2025-06-05,0.15055018234495304
2025-06-06,0.15383154613030034
2025-06-09,0.14812824939656072
2025-06-10,0.1454457174050517
2025-06-11,0.1406928920755964
2025-06-12,0.13908727472966428
2025-06-13,0.15121893615433954
2025-06-16,0.15563793389083191
2025-06-17,0.15626897498262157
2025-06-18,0.14962992050148044
2025-06-19,0.1433257243774525
2025-06-20,0.13990250984194488
2025-06-23,0.14539674299766736
2025-06-24,0.1570778171306868
2025-06-25,0.14218211017390522
2025-06-26,0.15087358687889812
2025-06-27,0.1454518366301099
2025-06-30,0.14274951591315357
2025-07-01,0.14076939946598563
2025-07-02,0.13598237514049952
2025-07-03,0.14202396695736524
2025-07-04,0.12964768549291483
2025-07-07,0.13941567826278012
2025-07-08,0.13238381364241622
2025-07-09,0.13309810312393025
2025-07-10,0.12833808946681896
2025-07-11,0.1279849061615974
2025-07-14,0.12116951083596625
2025-07-15,0.12626553387233963
2025-07-16,0.12141056124200346
2025-07-17,0.12082314003730729
2025-07-18,0.11609273151494412
2025-07-21,0.11295381071099551
2025-07-22,0.10494282986121813
2025-07-23,0.11123531828810644
2025-07-24,0.10605414670435435
2025-07-25,0.10532095769913465
2025-07-28,0.10287861872306692
2025-07-29,0.10496116808867473
2025-07-30,0.1027185505103854
2025-07-31,0.1042849936233807
2025-08-01,0.130199444388703
2025-08-04,0.145661062313667
2025-08-05,0.14581972266343246
2025-08-06,0.15001200539982623
2025-08-07,0.13990045289741973
2025-08-08,0.14274408477711845
2025-08-11,0.13870737819683743
2025-08-12,0.1491026917525155
2025-08-13,0.14658106338905563
2025-08-14,0.13371047938105338
2025-08-15,0.13619710031178023
2025-08-18,0.12668759042999617
2025-08-19,0.13124512169049174
2025-08-20,0.12966372040415855
2025-08-21,0.12979539606401616
2025-08-22,0.14913031909953245
2025-08-25,0.1431942234658536
2025-08-26,0.14271057822037558
2025-08-27,0.1352448864201682
2025-08-28,0.13189074690856858
2025-08-29,0.1359666351891406
2025-09-01,0.13170179576470553
2025-09-02,0.13072931575543564
2025-09-03,0.1314893062822127
2025-09-04,0.13954509267398912
2025-09-05,0.13536510398153795
2025-09-08,0.1330979780079469
2025-09-09,0.12492441003700885
2025-09-10,0.12200882342804381
2025-09-11,0.13076126075920383
2025-09-12,0.12483740122135545
2025-09-15,0.1242271291036666
2025-09-16,0.11810471109730214
2025-09-17,0.11615754527039544
2025-09-18,0.11570755592053938
2025-09-19,0.11708584843322965
2025-09-22,0.11754964678020391
2025-09-23,0.12065099561745089
2025-09-24,0.11995204528163239
2025-09-25,0.1232691512661317
2025-09-26,0.12330426614502342
2025-09-29,0.11852447789389092
2025-09-30,0.11922127419031912
2025-10-01,0.11667919535841084
2025-10-02,0.1110462233799705
2025-10-03,0.10642616818250777
2025-10-06,0.10566422460174041
2025-10-07,0.10744750518747002
2025-10-08,0.10913559021864827
2025-10-09,0.10743029035834244
2025-10-10,0.16433998552237267
2025-10-13,0.17587212193229518
2025-10-14,0.17066258834838
2025-10-15,0.16006204547179673
2025-10-16,0.16160280502244717
2025-10-17,0.15906885870572307
2025-10-20,0.165843725073296
2025-10-21,0.1505616324555354
2025-10-22,0.15564770598455344
2025-10-23,0.15381154320753132
2025-10-24,0.15598333668280662
2025-10-27,0.16318813765814616
2025-10-28,0.15647671737854926
2025-10-29,0.14817518388825057
2025-10-30,0.15459289238540294
2025-10-31,0.14903104168168346
2025-11-03,0.14039654745089025
2025-11-04,0.1535497884163183
2025-11-05,0.14922061049666244
2025-11-06,0.16140891884832612
2025-11-07,0.15268662458498045
2025-11-10,0.16613287405051624
2025-11-11,0.15395650639827183
2025-11-12,0.14826936208416447
2025-11-13,0.16704974118902483
2025-11-14,0.15505428162715226
2025-11-17,0.16423771350993774
2025-11-18,0.1681109851046697
2025-11-19,0.15884137090153064
2025-11-20,0.1762705090155412
2025-11-21,0.17951648142813906
2025-11-24,0.18762995297259155
2025-11-25,0.18398699041732805
2025-11-26,0.18985410150856913
2025-11-27,0.17785852883914327
2025-11-28,0.16741380137505815
2025-12-01,0.16845212191119877
2025-12-02,0.16294817720832094
2025-12-03,0.154349807624912
2025-12-04,0.14355611256819018
2025-12-05,0.13689387093421054
2025-12-08,0.13355094277802432
2025-12-09,0.12869204118809902
2025-12-10,0.13400793092403535
2025-12-11,0.12614563389441064
2025-12-12,0.1361967578196024
2025-12-15,0.13554709730481734
2025-12-16,0.1311364769760126
2025-12-17,0.14389828754296757
2025-12-18,0.1503206610818438
2025-12-19,0.1517004869151807
2025-12-22,0.15157495873067617
2025-12-23,0.15075347209275225
2025-12-24,0.14177801472263202
2025-12-25,0.13409899546758458
2025-12-26,0.1299395209881473
2025-12-29,0.13163550637237934
