Date,garch_forecast_h5
2005-03-02,0.10400482853666887
2005-03-03,0.10267930238355732
2005-03-04,0.10491723410260169
2005-03-07,0.1034612710366052
2005-03-08,0.10186927825642024
2005-03-09,0.11016216892950083
2005-03-10,0.10819403517066026
2005-03-11,0.11197809465665086
2005-03-14,0.10985997564592868
2005-03-15,0.11339686639443673
2005-03-16,0.11769337026641791
2005-03-17,0.10528986251010819
2005-03-18,0.10253889030629655
2005-03-21,0.09986107613102921
2005-03-22,0.1036829935707499
2005-03-23,0.10006935241011813
2005-03-24,0.09687484887273214
2005-03-25,0.09557532797208564
2005-03-28,0.09527141359427597
2005-03-29,0.09447288746890091
2005-03-30,0.10885920047927936
2005-03-31,0.10627084954617319
2005-04-01,0.10321809554751263
2005-04-04,0.10228220671837628
2005-04-05,0.09900869634777182
2005-04-06,0.09650793966537066
2005-04-07,0.09526757956660963
2005-04-08,0.09675314082427719
2005-04-11,0.09554908274893383
2005-04-12,0.09725201156668074
2005-04-13,0.10719279779650312
2005-04-14,0.10836574006630412
2005-04-15,0.12884960745459464
2005-04-18,0.12747062269453258
2005-04-19,0.12779547162089247
2005-04-20,0.13810584233362444
2005-04-21,0.1564658189194501
2005-04-22,0.1496098439363845
2005-04-25,0.15116047695853974
2005-04-26,0.15253877110507544
2005-04-27,0.15056930408413013
2005-04-28,0.15557829689244684
2005-04-29,0.1613417584141765
2005-05-02,0.15879210845607894
2005-05-03,0.1545685564912474
2005-05-04,0.161283409934062
2005-05-05,0.1592693319675139
2005-05-06,0.15257580281059935
2005-05-09,0.14967358019502153
2005-05-10,0.14429871454141927
2005-05-11,0.1436076819963114
2005-05-12,0.14735119313569756
2005-05-13,0.14001164397230517
2005-05-16,0.12861586816710108
2005-05-17,0.12781502381729987
2005-05-18,0.12935779277003
2005-05-19,0.1256526740751508
2005-05-20,0.1238271063545521
2005-05-23,0.11740614500566016
2005-05-24,0.10875008168196053
2005-05-25,0.10792522854949149
2005-05-26,0.10956026491750516
2005-05-27,0.100407546038343
2005-05-30,0.0987768663097413
2005-05-31,0.10129464497853499
2005-06-01,0.10491953904242948
2005-06-02,0.09706429830643856
2005-06-03,0.09977121975038063
2005-06-06,0.0922102588004458
2005-06-07,0.0902525414533438
2005-06-08,0.08339195716323036
2005-06-09,0.08192922008474242
2005-06-10,0.07447189633411358
2005-06-13,0.07248666537306792
2005-06-14,0.07185300804625715
2005-06-15,0.0708744059860161
2005-06-16,0.07140679917984102
2005-06-17,0.07239495070937496
2005-06-20,0.06879592258391105
2005-06-21,0.0686708912536188
2005-06-22,0.06809187001861326
2005-06-23,0.07966988489740945
2005-06-24,0.0798978136224035
2005-06-27,0.0783662648665683
2005-06-28,0.08233874701167976
2005-06-29,0.08179743934822396
2005-06-30,0.08613555083294959
2005-07-01,0.08520463787273869
2005-07-04,0.08194720700818944
2005-07-05,0.08836384904955448
2005-07-06,0.09390897142386667
2005-07-07,0.09288572445525062
2005-07-08,0.10319229115623975
2005-07-11,0.10465881566851598
2005-07-12,0.10212381289222962
2005-07-13,0.10101035514801049
2005-07-14,0.10023751599264184
2005-07-15,0.09944118657622376
2005-07-18,0.09463379035774949
2005-07-19,0.09413659253779307
2005-07-20,0.09515893814858953
2005-07-21,0.09342827836662378
2005-07-22,0.09504240040772738
2005-07-25,0.09252894115816579
2005-07-26,0.0914336452704306
2005-07-27,0.09234554954625226
2005-07-28,0.08943628683371856
2005-07-29,0.0901172017698711
2005-08-01,0.0889399933438897
2005-08-02,0.08404765867257567
2005-08-03,0.07983172193482965
2005-08-04,0.08518305171942725
2005-08-05,0.09042045851116635
2005-08-08,0.08949374782951805
2005-08-09,0.09236018807045035
2005-08-10,0.08996249545854111
2005-08-11,0.09053949348916014
2005-08-12,0.09191070384848513
2005-08-15,0.08849991416253264
2005-08-16,0.09978897361625703
2005-08-17,0.09733911154553723
2005-08-18,0.0960603693932241
2005-08-19,0.09368746535454459
2005-08-22,0.09088066646821864
2005-08-23,0.08758452734971194
2005-08-24,0.09098794097981905
2005-08-25,0.08765542467326526
2005-08-26,0.0902368664102142
2005-08-29,0.08948113680459734
2005-08-30,0.08569303194076888
2005-08-31,0.09317718871027578
2005-09-01,0.08952613508390968
2005-09-02,0.08883075300798386
2005-09-05,0.08513189838246821
2005-09-06,0.0968992879946795
2005-09-07,0.09522163456407179
2005-09-08,0.08678917469687433
2005-09-09,0.09175989330054571
2005-09-12,0.09039194873389728
2005-09-13,0.09550860892073137
2005-09-14,0.09478429353743041
2005-09-15,0.09323781862122679
2005-09-16,0.09594195746270073
2005-09-19,0.09742515391323943
2005-09-20,0.09991610833854009
2005-09-21,0.10444980062551379
2005-09-22,0.10392649675145055
2005-09-23,0.09715616059382691
2005-09-26,0.09581318454488895
2005-09-27,0.09419934730276824
2005-09-28,0.09327387379846347
2005-09-29,0.08984810109230576
2005-09-30,0.0887192858037375
2005-10-03,0.08736266603032908
2005-10-04,0.09280643623705856
2005-10-05,0.11166588879194436
2005-10-06,0.10872609435599878
2005-10-07,0.10756380068557919
2005-10-10,0.11003357720858373
2005-10-11,0.10553167146255442
2005-10-12,0.1057283300858953
2005-10-13,0.10101855060969663
2005-10-14,0.10038682933708967
2005-10-17,0.09955754960061022
2005-10-18,0.10726186010265883
2005-10-19,0.12248232377888028
2005-10-20,0.13679159344795463
2005-10-21,0.134430950736383
2005-10-24,0.14710474388831823
2005-10-25,0.14496233086694668
2005-10-26,0.14451176800396234
2005-10-27,0.14553658440686076
2005-10-28,0.15027987875948906
2005-10-31,0.15047095732219484
2005-11-01,0.1485648571105904
2005-11-02,0.1504771797496595
2005-11-03,0.14921261844111883
2005-11-04,0.14619599163878116
2005-11-07,0.14540984100786858
2005-11-08,0.14181646943992185
2005-11-09,0.1406132549854693
2005-11-10,0.1397722711618729
2005-11-11,0.1297280008703981
2005-11-14,0.11801359643964918
2005-11-15,0.11833550798937088
2005-11-16,0.10315630278178665
2005-11-17,0.10902967206444489
2005-11-18,0.10818835352330028
2005-11-21,0.10343153693374112
2005-11-22,0.08819583011440657
2005-11-23,0.08497999209709718
2005-11-24,0.08325137921610572
2005-11-25,0.07527898009341466
2005-11-28,0.08180293525305027
2005-11-29,0.08104063626002322
2005-11-30,0.08407471026196542
2005-12-01,0.09617364671007253
2005-12-02,0.09497660178752572
2005-12-05,0.08941041671859004
2005-12-06,0.0881137556658739
2005-12-07,0.08974920149775772
2005-12-08,0.08815420260103805
2005-12-09,0.08750774733990535
2005-12-12,0.08076440091990457
2005-12-13,0.08194127666936203
2005-12-14,0.08069509042290945
2005-12-15,0.0783841067935069
2005-12-16,0.07781538551680695
2005-12-19,0.08154223847996508
2005-12-20,0.08037006598614761
2005-12-21,0.07499735319008664
2005-12-22,0.07609102774324422
2005-12-23,0.07250424947395792
2005-12-26,0.059010805244904985
2005-12-27,0.0715562662463328
2005-12-28,0.0701291322950677
2005-12-29,0.07021774217266681
2005-12-30,0.07073710404102061
2006-01-02,0.06977971182564828
2006-01-03,0.0957909324715369
2006-01-04,0.09528742883435234
2006-01-05,0.09212719035416066
2006-01-06,0.09804957082087427
2006-01-09,0.09726614475512142
2006-01-10,0.09562656767775328
2006-01-11,0.09315281344016353
2006-01-12,0.09621935632494279
2006-01-13,0.09517764996576483
2006-01-16,0.09324765864749959
2006-01-17,0.0937225757145101
2006-01-18,0.09467364649115033
2006-01-19,0.090690205984919
2006-01-20,0.11938044911646144
2006-01-23,0.11773220263675205
2006-01-24,0.1146171921388267
2006-01-25,0.11399329228470778
2006-01-26,0.10268774985081816
2006-01-27,0.10532022932469315
2006-01-30,0.10396185927118087
2006-01-31,0.09928845417332746
2006-02-01,0.09758800378599942
2006-02-02,0.10435074578027428
2006-02-03,0.10473504095106168
2006-02-06,0.10145259812258761
2006-02-07,0.10642482562995118
2006-02-08,0.11117121104549778
2006-02-09,0.1095781152178529
2006-02-10,0.1077429833102145
2006-02-13,0.10604800561482317
2006-02-14,0.09403976981263143
2006-02-15,0.09395959563618167
2006-02-16,0.09662625384746558
2006-02-17,0.09578533073227272
2006-02-20,0.0916373789635457
2006-02-21,0.0877854508145145
2006-02-22,0.09216066673455939
2006-02-23,0.09166681498016215
2006-02-24,0.0907674055493475
2006-02-27,0.0856242745404304
2006-02-28,0.09461550129461417
2006-03-01,0.09877332313632982
2006-03-02,0.09449199784962883
2006-03-03,0.08870682891641526
2006-03-06,0.09247106593194446
2006-03-07,0.09151538933908661
2006-03-08,0.08999909354227859
2006-03-09,0.08506539119603233
2006-03-10,0.08832751855286565
2006-03-13,0.0844360909309811
2006-03-14,0.09303449308677793
2006-03-15,0.0937551943651564
2006-03-16,0.09248672637710774
2006-03-17,0.0879986540393274
2006-03-20,0.08646572564849356
2006-03-21,0.08964265526069849
2006-03-22,0.09123789812703573
2006-03-23,0.0838715349868232
2006-03-24,0.0782908001608226
2006-03-27,0.07755745324952976
2006-03-28,0.08138781157033269
2006-03-29,0.08317680565068954
2006-03-30,0.0822909395953401
2006-03-31,0.0832167589156337
2006-04-03,0.08104428156738896
2006-04-04,0.08057762726016729
2006-04-05,0.08121336770104039
2006-04-06,0.07336071747305212
2006-04-07,0.08364728689218039
2006-04-10,0.08283295613687193
2006-04-11,0.08809347185836038
2006-04-12,0.08658313220415455
2006-04-13,0.08286829558783657
2006-04-14,0.07944288000155188
2006-04-17,0.07953233990808618
2006-04-18,0.10527001903697437
2006-04-19,0.1037916635419676
2006-04-20,0.100119073218118
2006-04-21,0.09601269878518076
2006-04-24,0.09502738693360596
2006-04-25,0.09546330132628987
2006-04-26,0.09454474280156404
2006-04-27,0.09240235909836474
2006-04-28,0.09049798666257688
2006-05-01,0.09123707031787524
2006-05-02,0.08677716573060984
2006-05-03,0.08777090279655772
2006-05-04,0.0837778182593709
2006-05-05,0.0933813900239822
2006-05-08,0.09206899437434928
2006-05-09,0.09104360219653354
2006-05-10,0.0903164687514179
2006-05-11,0.08818681258356538
2006-05-12,0.09904777964071092
2006-05-15,0.09764476877911656
2006-05-16,0.0965159870040332
2006-05-17,0.11907163461702529
2006-05-18,0.11958104580196707
2006-05-19,0.11834587601045563
2006-05-22,0.11714836031297138
2006-05-23,0.11745922290472575
2006-05-24,0.1152907458429571
2006-05-25,0.12117195114895274
2006-05-26,0.12146917367528096
2006-05-29,0.1195853438776305
2006-05-30,0.131987600799742
2006-05-31,0.1343055398653809
2006-06-01,0.14207699584168268
2006-06-02,0.1398870968688212
2006-06-05,0.15218263678756028
2006-06-06,0.14477389039956418
2006-06-07,0.14559538910110614
2006-06-08,0.1433014821545425
2006-06-09,0.13116776780586906
2006-06-12,0.13682008202606538
2006-06-13,0.1430102596931707
2006-06-14,0.1419144283031978
2006-06-15,0.16459298762497884
2006-06-16,0.16344051965164094
2006-06-19,0.16111726884821084
2006-06-20,0.15788150350061145
2006-06-21,0.1609535737879418
2006-06-22,0.15144591256131065
2006-06-23,0.1472010128943902
2006-06-26,0.1407832282257577
2006-06-27,0.1448370411250047
2006-06-28,0.13211907748555204
2006-06-29,0.15769490427368782
2006-06-30,0.15459475147176333
2006-07-03,0.15555916407350953
2006-07-04,0.15326119072511982
2006-07-05,0.14909965292879504
2006-07-06,0.1427961785540453
2006-07-07,0.1433793055721298
2006-07-10,0.12283152959605895
2006-07-11,0.12179116087231691
2006-07-12,0.12549551121800093
2006-07-13,0.13575461710415668
2006-07-14,0.13203616486437258
2006-07-17,0.12894670222222265
2006-07-18,0.12773427246663943
2006-07-19,0.14689780820551926
2006-07-20,0.14597996830532953
2006-07-21,0.14639710068720274
2006-07-24,0.14257424605467647
2006-07-25,0.14237711355048688
2006-07-26,0.13788295882989493
2006-07-27,0.1372208169594609
2006-07-28,0.14217968129562797
2006-07-31,0.14075550134943798
2006-08-01,0.1381269497679707
2006-08-02,0.1382279090573862
2006-08-03,0.13655107014712772
2006-08-04,0.1302131772159214
2006-08-07,0.12186648746523783
2006-08-08,0.12049305115291555
2006-08-09,0.1209369074335079
2006-08-10,0.12122890727655909
2006-08-11,0.10462713980259192
2006-08-14,0.09958720903229566
2006-08-15,0.11103859247620056
2006-08-16,0.09984452751244385
2006-08-17,0.0960300097805917
2006-08-18,0.09615896417999713
2006-08-21,0.09483849667838089
2006-08-22,0.08489234764216633
2006-08-23,0.08560501158647471
2006-08-24,0.083938882407897
2006-08-25,0.08107694388703116
2006-08-28,0.08242625813026198
2006-08-29,0.0818826390313167
2006-08-30,0.08065470352789639
2006-08-31,0.07930816288044704
2006-09-01,0.08050911768979314
2006-09-04,0.07824038408325651
2006-09-05,0.07678648019864183
2006-09-06,0.08754998589255146
2006-09-07,0.07630338385551998
2006-09-08,0.07205016986973413
2006-09-11,0.0710686294714853
2006-09-12,0.08077292637926596
2006-09-13,0.08033008018082001
2006-09-14,0.07934479549091653
2006-09-15,0.07749222811338746
2006-09-18,0.07613843971912548
2006-09-19,0.07675922855612365
2006-09-20,0.07710965010932642
2006-09-21,0.0799898554622522
2006-09-22,0.07955025702170104
2006-09-25,0.08633149740426231
2006-09-26,0.08949877959254844
2006-09-27,0.08791907760935634
2006-09-28,0.08728430595209082
2006-09-29,0.08063778298263705
2006-10-02,0.07964788172701319
2006-10-03,0.07789582951002012
2006-10-04,0.091811220416662
2006-10-05,0.0839847978512508
2006-10-06,0.08266890897469108
2006-10-09,0.08197607830992457
2006-10-10,0.0810255780642292
2006-10-11,0.08111011060538366
2006-10-12,0.08867339613613336
2006-10-13,0.0860765380825232
2006-10-16,0.08366456341246484
2006-10-17,0.0841479576292891
2006-10-18,0.07789904656873564
2006-10-19,0.073171367833214
2006-10-20,0.07268985066346169
2006-10-23,0.07598333530092292
2006-10-24,0.07494438907082883
2006-10-25,0.0748571329521564
2006-10-26,0.07684952623028551
2006-10-27,0.0742420949566892
2006-10-30,0.07267380071781941
2006-10-31,0.07143110790746617
2006-11-01,0.07745539612141578
2006-11-02,0.07616201828427077
2006-11-03,0.0753768593294762
2006-11-06,0.08213670484444552
2006-11-07,0.08113860211211324
2006-11-08,0.07975171712511187
2006-11-09,0.08145633039636518
2006-11-10,0.08029522316496786
2006-11-13,0.08051262267589077
2006-11-14,0.08339420098444254
2006-11-15,0.08054537763358394
2006-11-16,0.08022108266988219
2006-11-17,0.07871204372034837
2006-11-20,0.0764017721758349
2006-11-21,0.07066663601118248
2006-11-22,0.07053544552721981
2006-11-23,0.06998840530601837
2006-11-24,0.0671009609732976
2006-11-27,0.08839688918302753
2006-11-28,0.08813666361440366
2006-11-29,0.08665975565301735
2006-11-30,0.0848168117862853
2006-12-01,0.08429932625691439
2006-12-04,0.0890669848122473
2006-12-05,0.08909185332075446
2006-12-06,0.08787865016008328
2006-12-07,0.08606047345246529
2006-12-08,0.0849088705238987
2006-12-11,0.0838372987345539
2006-12-12,0.08328956088160723
2006-12-13,0.08294409906309365
2006-12-14,0.08946280597825473
2006-12-15,0.08836548538481315
2006-12-18,0.08855127538503287
2006-12-19,0.08771888397211139
2006-12-20,0.07418904509867262
2006-12-21,0.07443200213844484
2006-12-22,0.07068974718992978
2006-12-25,0.06993941411234587
2006-12-26,0.07038744886759156
2006-12-27,0.06965937450228062
2006-12-28,0.06774658487551226
2006-12-29,0.0697653550665282
2007-01-02,0.06770306498392417
2007-01-03,0.06669142593502286
2007-01-04,0.06597875031167928
2007-01-05,0.07021219055511471
2007-01-08,0.07003526353342278
2007-01-09,0.0630971393668532
2007-01-10,0.0626570669074963
2007-01-11,0.0663725413473858
2007-01-12,0.06814507125141395
2007-01-15,0.0674309115267757
2007-01-16,0.06540231493131679
2007-01-17,0.06255064246407739
2007-01-18,0.06353885956041498
2007-01-19,0.06259605500919074
2007-01-22,0.061596331429406
2007-01-23,0.062350251932159984
2007-01-24,0.06914758299742163
2007-01-25,0.08411401154375063
2007-01-26,0.08270714864550897
2007-01-29,0.0812466414194701
2007-01-30,0.08130746608861575
2007-01-31,0.08407438175411219
2007-02-01,0.08587934212937924
2007-02-02,0.08483546386491793
2007-02-05,0.0812338352273532
2007-02-06,0.07885011764455492
2007-02-07,0.07871452060222385
2007-02-08,0.07778517366675775
2007-02-09,0.08299444646005144
2007-02-12,0.08303257603893664
2007-02-13,0.08724371908702461
2007-02-14,0.09039071658245214
2007-02-15,0.0886409293862873
2007-02-16,0.08330153288205695
2007-02-19,0.07293017576836915
2007-02-20,0.07288672653020195
2007-02-21,0.07238012238277977
2007-02-22,0.06928887440120522
2007-02-23,0.06682270154285691
2007-02-26,0.06390868376908353
2007-02-27,0.16142015673189308
2007-02-28,0.16057148679984184
2007-03-01,0.1574941745173681
2007-03-02,0.16244907079681026
2007-03-05,0.16477802132096162
2007-03-06,0.17287196017130016
2007-03-07,0.16988775972272702
2007-03-08,0.16764947389273638
2007-03-09,0.163660366142933
2007-03-12,0.16202062188193186
2007-03-13,0.18281647752660343
2007-03-14,0.18279509955977094
2007-03-15,0.18060504941485278
2007-03-16,0.17950866259305784
2007-03-19,0.1834097043376934
2007-03-20,0.18296576961400676
2007-03-21,0.19478112906122688
2007-03-22,0.1513900794855497
2007-03-23,0.14802976497374964
2007-03-26,0.14632748996318123
2007-03-27,0.14151683965504883
2007-03-28,0.14066778552804474
2007-03-29,0.13032367791908936
2007-03-30,0.12872722511742596
2007-04-02,0.12531495808079235
2007-04-03,0.129659253790986
2007-04-04,0.12822471151721548
2007-04-05,0.10733843541226175
2007-04-06,0.1033906885044051
2007-04-09,0.10160841569144824
2007-04-10,0.10045892271985354
2007-04-11,0.09703830217486059
2007-04-12,0.09676903473630077
2007-04-13,0.0778081768529909
2007-04-16,0.0887229669315555
2007-04-17,0.08781184645865313
2007-04-18,0.08617486274607583
2007-04-19,0.08283856389622564
2007-04-20,0.08610727309506906
2007-04-23,0.08484422172233709
2007-04-24,0.08364445053902117
2007-04-25,0.09222656058674733
2007-04-26,0.08587946146459796
2007-04-27,0.08441640906639572
2007-04-30,0.0896832773661953
2007-05-01,0.08896580934132144
2007-05-02,0.09207590630200378
2007-05-03,0.09209122732467859
2007-05-04,0.08914096924437977
2007-05-07,0.08591877624027953
2007-05-08,0.08470888836644297
2007-05-09,0.07708761779351765
2007-05-10,0.09650470043966855
2007-05-11,0.10318601011495548
2007-05-14,0.10187484548694507
2007-05-15,0.09613978501758653
2007-05-16,0.10103300453056716
2007-05-17,0.0996739827468926
2007-05-18,0.09623241673845749
2007-05-21,0.09545984340155178
2007-05-22,0.09417422180905147
2007-05-23,0.0897553657853256
2007-05-24,0.09768264804697778
2007-05-25,0.09669146651650337
2007-05-28,0.09420396899047176
2007-05-29,0.09370786319303687
2007-05-30,0.09792789413451158
2007-05-31,0.09707960876817821
2007-06-01,0.0963517280931195
2007-06-04,0.08332182539082653
2007-06-05,0.07952066667927625
2007-06-06,0.08748563296122029
2007-06-07,0.1145235605933357
2007-06-08,0.11846194961814113
2007-06-11,0.11601042467668256
2007-06-12,0.12153926228619033
2007-06-13,0.1345407075368804
2007-06-14,0.1336301806264605
2007-06-15,0.13473452772512018
2007-06-18,0.12884634007580228
2007-06-19,0.125590323934583
2007-06-20,0.13781080096149687
2007-06-21,0.1380980874315809
2007-06-22,0.14487040405816257
2007-06-25,0.1436138241045356
2007-06-26,0.14204881712138184
2007-06-27,0.1449983064201412
2007-06-28,0.14252911399806656
2007-06-29,0.1380769423320541
2007-07-02,0.130678044153427
2007-07-03,0.12456277126296389
2007-07-04,0.12292607743669337
2007-07-05,0.1164083416876066
2007-07-06,0.10433952418307052
2007-07-09,0.10154304460163673
2007-07-10,0.1154473283748899
2007-07-11,0.11682079325876342
2007-07-12,0.13942873294144384
2007-07-13,0.1297700255890556
2007-07-16,0.1264068169954555
2007-07-17,0.1164167908644748
2007-07-18,0.11510100593985148
2007-07-19,0.11444091926415652
2007-07-20,0.12132205157190402
2007-07-23,0.12095804499435721
2007-07-24,0.14639999016709906
2007-07-25,0.14132163274634615
2007-07-26,0.17056077397620914
2007-07-27,0.18166180005427648
2007-07-30,0.18336261221460282
2007-07-31,0.18759927991817146
2007-08-01,0.18803426482285115
2007-08-02,0.17997220172419448
2007-08-03,0.21028184458042729
2007-08-06,0.22007887083229263
2007-08-07,0.21777569601276003
2007-08-08,0.22203882850212267
2007-08-09,0.2536979576901076
2007-08-10,0.2500195847053359
2007-08-13,0.2451390024645467
2007-08-14,0.25125390508732076
2007-08-15,0.2549701523780332
2007-08-16,0.24270969503437706
2007-08-17,0.25992900599402224
2007-08-20,0.24376755438694528
2007-08-21,0.23477807778716095
2007-08-22,0.23445843789112056
2007-08-23,0.22824274133735095
2007-08-24,0.22964485171008367
2007-08-27,0.22966817933743874
2007-08-28,0.23190332377989567
2007-08-29,0.23228868901220973
2007-08-30,0.2290415853716562
2007-08-31,0.22574956991070952
2007-09-03,0.19904730641238833
2007-09-04,0.2002829079586457
2007-09-05,0.20467652713059684
2007-09-06,0.1930944261529624
2007-09-07,0.1984640050816705
2007-09-10,0.19558673928963588
2007-09-11,0.18372320553870802
2007-09-12,0.1813378065581364
2007-09-13,0.18252423138503196
2007-09-14,0.17593346259911777
2007-09-17,0.1758599625803981
2007-09-18,0.20810501826413594
2007-09-19,0.2042948983538037
2007-09-20,0.18763003426475094
2007-09-21,0.17084476652517405
2007-09-24,0.16888531916787425
2007-09-25,0.16267139271526668
2007-09-26,0.1622481983081501
2007-09-27,0.15752648202612182
2007-09-28,0.15152110644139902
2007-10-01,0.15878255143793307
2007-10-02,0.14637778160905074
2007-10-03,0.14618314599944657
2007-10-04,0.13753414547382664
2007-10-05,0.14175626744266512
2007-10-08,0.13828752925708762
2007-10-09,0.1408406837037777
2007-10-10,0.13859437749859907
2007-10-11,0.09969668418962824
2007-10-12,0.0985731090809868
2007-10-15,0.10085356749131762
2007-10-16,0.10214368462956053
2007-10-17,0.09902872568702685
2007-10-18,0.09825012282258361
2007-10-19,0.14569594688912405
2007-10-22,0.1427298825522449
2007-10-23,0.14463291584882113
2007-10-24,0.13568467431242556
2007-10-25,0.13351023947965765
2007-10-26,0.14261084992668782
2007-10-29,0.14101343561069077
2007-10-30,0.1381462154385585
2007-10-31,0.14496160637811828
2007-11-01,0.18110367110738018
2007-11-02,0.17737598899636933
2007-11-05,0.1756622794631078
2007-11-06,0.17917018161214884
2007-11-07,0.2154446228530784
2007-11-08,0.21094114444737108
2007-11-09,0.21662074994979535
2007-11-12,0.2177733442110693
2007-11-13,0.22988308311385236
2007-11-14,0.22798820473064627
2007-11-15,0.23004859220921497
2007-11-16,0.22731130204620376
2007-11-19,0.237165896255137
2007-11-20,0.22949488768220902
2007-11-21,0.2366354893957051
2007-11-22,0.23251096652662248
2007-11-23,0.23671435016848374
2007-11-26,0.23937082871231707
2007-11-27,0.24359661100584862
2007-11-28,0.26613958223192746
2007-11-29,0.2604406676485456
2007-11-30,0.23831360165321486
2007-12-03,0.23660108079530306
2007-12-04,0.23023017621218272
2007-12-05,0.23389807088960313
2007-12-06,0.21895626397237175
2007-12-07,0.21447015481501072
2007-12-10,0.20977822538589044
2007-12-11,0.2330961196273997
2007-12-12,0.22401994272556305
2007-12-13,0.2206182388233461
2007-12-14,0.21918811806783378
2007-12-17,0.22638509788259834
2007-12-18,0.2182802060375037
2007-12-19,0.20103244812610635
2007-12-20,0.19276920746677187
2007-12-21,0.1787519539623299
2007-12-24,0.17926989483350939
2007-12-25,0.17506395831784868
2007-12-26,0.17200656231181266
2007-12-27,0.17963835789775046
2007-12-28,0.1698067854628469
2007-12-31,0.1631289081447667
2008-01-02,0.17265296754747056
2008-01-03,0.16900766352187624
2008-01-04,0.17715911715489382
2008-01-07,0.17341501908793236
2008-01-08,0.18856749194338662
2008-01-09,0.18795863095495868
2008-01-10,0.18025229757436403
2008-01-11,0.18583945716524664
2008-01-14,0.18812685279810856
2008-01-15,0.21409231707730328
2008-01-16,0.20440861991326628
2008-01-17,0.2357537326373304
2008-01-18,0.23302008355715234
2008-01-21,0.22944775809259177
2008-01-22,0.22613586177201242
2008-01-23,0.2398082588888964
2008-01-24,0.23930651305553308
2008-01-25,0.24068815551626813
2008-01-28,0.2487503728440905
2008-01-29,0.23235410128392534
2008-01-30,0.22993450271567267
2008-01-31,0.22935073096361916
2008-02-01,0.22794896448505625
2008-02-04,0.22761947299326285
2008-02-05,0.25962719712096544
2008-02-06,0.2557313548403599
2008-02-07,0.24017318872611693
2008-02-08,0.23683265257600833
2008-02-11,0.21283348179119668
2008-02-12,0.21144323216798447
2008-02-13,0.21659900187335415
2008-02-14,0.2185783942187229
2008-02-15,0.20300692820168464
2008-02-18,0.199060700083409
2008-02-19,0.18884584956992706
2008-02-20,0.18077763258555574
2008-02-21,0.18603916110707885
2008-02-22,0.18587865021631747
2008-02-25,0.18462213706203018
2008-02-26,0.18008909667202372
2008-02-27,0.1744328567510852
2008-02-28,0.13916340874262725
2008-02-29,0.17797325890238805
2008-03-03,0.17283849313811028
2008-03-04,0.16965649213163383
2008-03-05,0.1669841100874143
2008-03-06,0.18861175665196708
2008-03-07,0.18409847914169775
2008-03-10,0.1870162370933388
2008-03-11,0.2381233950192186
2008-03-12,0.2376897959170097
2008-03-13,0.23469267886720013
2008-03-14,0.24683825924159375
2008-03-17,0.24239817125471058
2008-03-18,0.29380377247834044
2008-03-19,0.3039925579338197
2008-03-20,0.31416884099299613
2008-03-21,0.3090805412811897
2008-03-24,0.3098396439179978
2008-03-25,0.2911811981037046
2008-03-26,0.29029844934431204
2008-03-27,0.291610786570744
2008-03-28,0.2898305958461708
2008-03-31,0.277869282398791
2008-04-01,0.310887566200906
2008-04-02,0.30206651989171296
2008-04-03,0.27284437853335625
2008-04-04,0.26813349147417503
2008-04-07,0.26550279491112544
2008-04-08,0.2534186757781558
2008-04-09,0.2523269019313834
2008-04-10,0.20800764574350591
2008-04-11,0.20741885366627355
2008-04-14,0.18895868418208836
2008-04-15,0.18706185939237974
2008-04-16,0.20031176150534713
2008-04-17,0.19739471155448862
2008-04-18,0.20587896885521922
2008-04-21,0.20039231182112183
2008-04-22,0.1992349248875587
2008-04-23,0.1968269612709851
2008-04-24,0.1555783008125942
2008-04-25,0.1554155441228528
2008-04-28,0.15320727321249328
2008-04-29,0.1521229336170379
2008-04-30,0.1516703895471185
2008-05-01,0.1647315430047532
2008-05-02,0.16144385014408605
2008-05-05,0.16012538501570298
2008-05-06,0.1459528833411861
2008-05-07,0.16330194070485224
2008-05-08,0.16066576704714808
2008-05-09,0.14275443216401917
2008-05-12,0.14778689825310054
2008-05-13,0.1323688658476395
2008-05-14,0.13151534637969162
2008-05-15,0.1331911305404981
2008-05-16,0.1315978301042503
2008-05-19,0.12770827586324277
2008-05-20,0.13108971259980978
2008-05-21,0.14715540124907212
2008-05-22,0.14411043270452972
2008-05-23,0.1532720769219654
2008-05-26,0.13947120685569142
2008-05-27,0.14027932350755395
2008-05-28,0.138622340046968
2008-05-29,0.13599894051095762
2008-05-30,0.12005475239823601
2008-06-02,0.12643041470275004
2008-06-03,0.12494724161993778
2008-06-04,0.11804871289940976
2008-06-05,0.1416177278338557
2008-06-06,0.19221437486326623
2008-06-09,0.18524739421082834
2008-06-10,0.18193529424758667
2008-06-11,0.19367185673101264
2008-06-12,0.1882651165778782
2008-06-13,0.18800670822314994
2008-06-16,0.185083081082268
2008-06-17,0.17949345328149802
2008-06-18,0.18182889523487716
2008-06-19,0.17920792522079368
2008-06-20,0.19317819827252397
2008-06-23,0.1905245394330099
2008-06-24,0.18862261022764945
2008-06-25,0.1851359763647708
2008-06-26,0.22216182318206876
2008-06-27,0.2188027331695313
2008-06-30,0.20661353328500712
2008-07-01,0.17506050485260496
2008-07-02,0.18906523660439778
2008-07-03,0.18618943847712735
2008-07-04,0.17424406344528934
2008-07-07,0.1757355324082636
2008-07-08,0.18021705191470969
2008-07-09,0.2030590750797708
2008-07-10,0.20036272481944287
2008-07-11,0.20095817661858975
2008-07-14,0.20194307902015673
2008-07-15,0.19471356149036315
2008-07-16,0.21840649880040758
2008-07-17,0.2205990870937354
2008-07-18,0.216617868323983
2008-07-21,0.18841284270518163
2008-07-22,0.19410615226441102
2008-07-23,0.19175712931078723
2008-07-24,0.21356877165333574
2008-07-25,0.20208354605481277
2008-07-28,0.21556982787732576
2008-07-29,0.23307197508205577
2008-07-30,0.238230738593191
2008-07-31,0.23476300729127025
2008-08-01,0.21965886695567036
2008-08-04,0.21850702820132556
2008-08-05,0.24339040148402463
2008-08-06,0.23833841747138337
2008-08-07,0.2444700456015953
2008-08-08,0.24682331933829943
2008-08-11,0.2415311351446633
2008-08-12,0.2440910456777527
2008-08-13,0.2410866475697558
2008-08-14,0.23509620131169917
2008-08-15,0.2333111485301987
2008-08-18,0.22646646779003007
2008-08-19,0.2264825537888435
2008-08-20,0.21666787295428386
2008-08-21,0.19993704956005282
2008-08-22,0.19607361493198275
2008-08-25,0.20609117432508176
2008-08-26,0.20362798431619936
2008-08-27,0.2016570247307911
2008-08-28,0.18541363238450276
2008-08-29,0.19166500729005828
2008-09-01,0.17965965656822727
2008-09-02,0.1590716988831866
2008-09-03,0.15540656913437503
2008-09-04,0.19632839909361288
2008-09-05,0.19266671636252447
2008-09-08,0.2073503768661548
2008-09-09,0.25074796908197955
2008-09-10,0.24213361832330482
2008-09-11,0.24274946463062394
2008-09-12,0.23854199621134353
2008-09-15,0.3111635678019601
2008-09-16,0.3117184794186263
2008-09-17,0.3635217403343526
2008-09-18,0.39763203700197686
2008-09-19,0.4216940534867902
2008-09-22,0.44511550682199263
2008-09-23,0.43945373911233365
2008-09-24,0.4333429942341511
2008-09-25,0.43460913280265323
2008-09-26,0.42925717844767364
2008-09-29,0.5651914967647519
2008-09-30,0.5978568852854379
2008-10-01,0.5848443761621126
2008-10-02,0.590090878993768
2008-10-03,0.5854830087740335
2008-10-06,0.5993569539667246
2008-10-07,0.640588440560983
2008-10-08,0.6131132879825916
2008-10-09,0.6890954264060903
2008-10-10,0.6613641689279567
2008-10-13,0.786410997126955
2008-10-14,0.7603674851471992
2008-10-15,0.8399698002935952
2008-10-16,0.8418606614046232
2008-10-17,0.8280763353240618
2008-10-20,0.8415078312948583
2008-10-21,0.8387509628872462
2008-10-22,0.8115823409132731
2008-10-23,0.7834320732647846
2008-10-24,0.7875998118886224
2008-10-27,0.77754918252002
2008-10-28,0.8817315744025714
2008-10-29,0.8594453974406782
2008-10-30,0.8338306583259061
2008-10-31,0.8265269401144617
2008-11-03,0.7722797889691494
2008-11-04,0.7806461564457582
2008-11-05,0.7153556310453327
2008-11-06,0.7398603104599663
2008-11-07,0.6674962567879943
2008-11-10,0.645857525945336
2008-11-11,0.6428566133684086
2008-11-12,0.6552145463909775
2008-11-13,0.6977718226320219
2008-11-14,0.6803625025696303
2008-11-17,0.6783378866332955
2008-11-18,0.6583816202923645
2008-11-19,0.6951621256829801
2008-11-20,0.6618547355752598
2008-11-21,0.6976588021933722
2008-11-24,0.7309552346147473
2008-11-25,0.7177720360314072
2008-11-26,0.7216266373795828
2008-11-27,0.6989583280253477
2008-11-28,0.6687912953692108
2008-12-01,0.7473635942570518
2008-12-02,0.7506987959971055
2008-12-03,0.7455084496610581
2008-12-04,0.7432405815600694
2008-12-05,0.7277103560904379
2008-12-08,0.7006020221795151
2008-12-09,0.6830858468516744
2008-12-10,0.6723069923160201
2008-12-11,0.6748485724728303
2008-12-12,0.6337051293782457
2008-12-15,0.5850694001564453
2008-12-16,0.579978476201948
2008-12-17,0.5348559931280726
2008-12-18,0.5353587349287678
2008-12-19,0.5160140404165195
2008-12-22,0.5158385136686983
2008-12-23,0.5124643616241816
2008-12-24,0.39755966433807477
2008-12-25,0.36962291666234837
2008-12-26,0.35495930756301924
2008-12-29,0.33647344507132276
2008-12-30,0.3256163940946865
2008-12-31,0.3000346889150023
2009-01-02,0.3130790988129637
2009-01-05,0.3068469596700867
2009-01-06,0.2878460684039151
2009-01-07,0.31076926485843975
2009-01-08,0.30389178595711175
2009-01-09,0.2631615026720235
2009-01-12,0.27394006025017625
2009-01-13,0.26057858351484936
2009-01-14,0.2929920705088412
2009-01-15,0.2809748682393177
2009-01-16,0.27662932367178894
2009-01-19,0.27134942765593906
2009-01-20,0.3519166171749241
2009-01-21,0.3887292448112582
2009-01-22,0.38693453130485966
2009-01-23,0.37305684062176664
2009-01-26,0.36599422563341616
2009-01-27,0.3482556583333283
2009-01-28,0.3688788079732096
2009-01-29,0.3918256641563808
2009-01-30,0.38474730122987244
2009-02-02,0.3786901056551983
2009-02-03,0.372338491206897
2009-02-04,0.36183432870544735
2009-02-05,0.36387248231909364
2009-02-06,0.35896995552252836
2009-02-09,0.3551912428961344
2009-02-10,0.4102898175245066
2009-02-11,0.40569888851120856
2009-02-12,0.3568327999428546
2009-02-13,0.32392375008009305
2009-02-16,0.31581118818380965
2009-02-17,0.3677488437391151
2009-02-18,0.3622497148092507
2009-02-19,0.3594145251494849
2009-02-20,0.3406137684187451
2009-02-23,0.34939104987961145
2009-02-24,0.37328169800464994
2009-02-25,0.37043363181834316
2009-02-26,0.3672386728262305
2009-02-27,0.37531542137323615
2009-03-02,0.41913714320092826
2009-03-03,0.4036346422995352
2009-03-04,0.40975942681056937
2009-03-05,0.4111394406619727
2009-03-06,0.4034860855042942
2009-03-09,0.4003448356919535
2009-03-10,0.47016616073714534
2009-03-11,0.46375118468937043
2009-03-12,0.45992375789983286
2009-03-13,0.4538302673826998
2009-03-16,0.4469703732855354
2009-03-17,0.4593413699648672
2009-03-18,0.4474086539151182
2009-03-19,0.424444807524986
2009-03-20,0.4263876732557482
2009-03-23,0.5055569077512442
2009-03-24,0.5013141138763404
2009-03-25,0.46785412518790326
2009-03-26,0.4728412605055921
2009-03-27,0.4676377078062314
2009-03-30,0.4621110557480431
2009-03-31,0.45985204854193007
2009-04-01,0.4590848717423771
2009-04-02,0.41930690918099384
2009-04-03,0.41650490759681896
2009-04-06,0.38980947475858746
2009-04-07,0.3987738290689989
2009-04-08,0.3972190577696368
2009-04-09,0.40860804555127767
2009-04-10,0.39700313693710026
2009-04-13,0.3902642584376807
2009-04-14,0.3910285900139971
2009-04-15,0.3145548571920943
2009-04-16,0.30923658225860035
2009-04-17,0.30434063976742126
2009-04-20,0.34481691042327534
2009-04-21,0.3434990882056702
2009-04-22,0.31849267847808677
2009-04-23,0.31359245134861236
2009-04-24,0.3112408963065777
2009-04-27,0.2947801252292547
2009-04-28,0.29026973845904613
2009-04-29,0.298670846910092
2009-04-30,0.2829199284985609
2009-05-01,0.2784240490359356
2009-05-04,0.2814033944877963
2009-05-05,0.2784369000190894
2009-05-06,0.28396160844857593
2009-05-07,0.2770675905755483
2009-05-08,0.2886416932586657
2009-05-11,0.29514501125845505
2009-05-12,0.29112170529163
2009-05-13,0.27191178490032425
2009-05-14,0.2614868282345158
2009-05-15,0.2615608569308269
2009-05-18,0.28435487783249463
2009-05-19,0.27452719206778886
2009-05-20,0.26964265659340986
2009-05-21,0.27590145290821133
2009-05-22,0.2625720483580047
2009-05-25,0.2595408044589631
2009-05-26,0.27814930197807586
2009-05-27,0.26345798475169274
2009-05-28,0.26738097076965484
2009-05-29,0.2627870370872379
2009-06-01,0.27767110580307647
2009-06-02,0.261850435418544
2009-06-03,0.25489450764167254
2009-06-04,0.25657525725527097
2009-06-05,0.23581657800614236
2009-06-08,0.2306140399557036
2009-06-09,0.22515167282452536
2009-06-10,0.19935329285028894
2009-06-11,0.1983941275227581
2009-06-12,0.19611873393713064
2009-06-15,0.2114297648835216
2009-06-16,0.21604465782874427
2009-06-17,0.21361351147563437
2009-06-18,0.19515654482504416
2009-06-19,0.18260974017272835
2009-06-22,0.21702937082149584
2009-06-23,0.2084273279093825
2009-06-24,0.18807278878801933
2009-06-25,0.2050667170661266
2009-06-26,0.1967276142025011
2009-06-29,0.19277790379673998
2009-06-30,0.1939433886098111
2009-07-01,0.19182978038879844
2009-07-02,0.22679697619722802
2009-07-03,0.2232915005468123
2009-07-06,0.21987158548429414
2009-07-07,0.23197722707769663
2009-07-08,0.2145932558175905
2009-07-09,0.20815893330011506
2009-07-10,0.20660835992662083
2009-07-13,0.2264512473335356
2009-07-14,0.2249965563679459
2009-07-15,0.23089963609309522
2009-07-16,0.22950567147024148
2009-07-17,0.22523993481321639
2009-07-20,0.21578739787595538
2009-07-21,0.21391939360579496
2009-07-22,0.2088031288779972
2009-07-23,0.22596108255397987
2009-07-24,0.22300759395428815
2009-07-27,0.19708001969771788
2009-07-28,0.1958131534531401
2009-07-29,0.19406223842713374
2009-07-30,0.18636620633158668
2009-07-31,0.18444269885254433
2009-08-03,0.1930925004226928
2009-08-04,0.1911062749948267
2009-08-05,0.17017983680453644
2009-08-06,0.16963925012199857
2009-08-07,0.14635618396945974
2009-08-10,0.14227005772878545
2009-08-11,0.15049233283295063
2009-08-12,0.15120945718133635
2009-08-13,0.1516747310110089
2009-08-14,0.15404526143881755
2009-08-17,0.16658929766643826
2009-08-18,0.1690270094069043
2009-08-19,0.16843198933712522
2009-08-20,0.1712838229032895
2009-08-21,0.1846730634570541
2009-08-24,0.17793087051153342
2009-08-25,0.17532213967895305
2009-08-26,0.1656276145169458
2009-08-27,0.16363776851805845
2009-08-28,0.16180451854306263
2009-08-31,0.1629187170368789
2009-09-01,0.18196254106014575
2009-09-02,0.18011352286181115
2009-09-03,0.17578004108296882
2009-09-04,0.17771505487122777
2009-09-07,0.1742447687642534
2009-09-08,0.17336924723501784
2009-09-09,0.1536533554796295
2009-09-10,0.15429611459111459
2009-09-11,0.15040282206048927
2009-09-14,0.14626407449834647
2009-09-15,0.1313348249727772
2009-09-16,0.14413961154056518
2009-09-17,0.1426975062582899
2009-09-18,0.141502584239673
2009-09-21,0.14075611378075556
2009-09-22,0.14122221413085873
2009-09-23,0.1439780124313761
2009-09-24,0.12804086462351774
2009-09-25,0.1280202250321263
2009-09-28,0.1435800066028399
2009-09-29,0.13513469414063337
2009-09-30,0.13402431792537017
2009-10-01,0.17002510199384738
2009-10-02,0.16549262942922405
2009-10-05,0.17059738242862932
2009-10-06,0.17754890509372812
2009-10-07,0.17348829026634974
2009-10-08,0.17319600590422118
2009-10-09,0.16424470153248696
2009-10-12,0.16363035891122288
2009-10-13,0.1616192829704866
2009-10-14,0.17519178026244017
2009-10-15,0.1729575015602132
2009-10-16,0.17136615143394693
2009-10-19,0.17107395926873764
2009-10-20,0.17022387286873203
2009-10-21,0.1620255941804493
2009-10-22,0.16595475198930665
2009-10-23,0.17221509001222626
2009-10-26,0.15438195041718858
2009-10-27,0.1519579819602079
2009-10-28,0.16479862596068817
2009-10-29,0.18052048720489533
2009-10-30,0.21437276634015773
2009-11-02,0.21063712541142415
2009-11-03,0.20620026982823766
2009-11-04,0.20249744663929498
2009-11-05,0.2147358705737201
2009-11-06,0.20422987362926923
2009-11-09,0.22016107774356275
2009-11-10,0.21578897024895105
2009-11-11,0.2121236100281546
2009-11-12,0.21317787654836848
2009-11-13,0.2099562316270358
2009-11-16,0.2132020764725576
2009-11-17,0.20709053316554596
2009-11-18,0.2012046976665376
2009-11-19,0.20701520310036345
2009-11-20,0.19516621999125244
2009-11-23,0.1864404849176877
2009-11-24,0.15772779308384113
2009-11-25,0.15494967873884471
2009-11-26,0.15267418880018485
2009-11-27,0.1684799427552467
2009-11-30,0.15441036810370365
2009-12-01,0.1597749880752517
2009-12-02,0.13904250134237855
2009-12-03,0.14169360603401998
2009-12-04,0.14049526629511602
2009-12-07,0.13466329611710554
2009-12-08,0.13903956934000505
2009-12-09,0.12919197739258456
2009-12-10,0.12963411361483798
2009-12-11,0.1294262669427158
2009-12-14,0.12274389472366229
2009-12-15,0.1231586768543564
2009-12-16,0.11300995946268759
2009-12-17,0.12308985189281589
2009-12-18,0.12262239365556796
2009-12-21,0.12855699877523596
2009-12-22,0.11380202833945041
2009-12-23,0.11157701064116632
2009-12-24,0.10498129074325958
2009-12-25,0.10346783819395003
2009-12-28,0.09814899555265473
2009-12-29,0.0956907246437466
2009-12-30,0.09475384861631422
2009-12-31,0.0970168443375354
2010-01-04,0.11601519317668747
2010-01-05,0.11310556555237652
2010-01-06,0.11086229808064328
2010-01-07,0.10805995297502115
2010-01-08,0.10591189611405723
2010-01-11,0.10487670799186707
2010-01-12,0.10415084713458181
2010-01-13,0.10643570175441397
2010-01-14,0.09950021472009621
2010-01-15,0.1078786111936571
2010-01-18,0.10583349721256124
2010-01-19,0.11545442676391772
2010-01-20,0.12273152096566306
2010-01-21,0.14586793580655033
2010-01-22,0.17194261651888537
2010-01-25,0.16953598459554994
2010-01-26,0.1650324840929033
2010-01-27,0.15463324965489192
2010-01-28,0.16044825751925518
2010-01-29,0.1629005197633317
2010-02-01,0.17116449448678936
2010-02-02,0.1763385897032432
2010-02-03,0.17559947922441566
2010-02-04,0.21731800433929488
2010-02-05,0.2119638341641318
2010-02-08,0.21195351680378854
2010-02-09,0.21345798583603606
2010-02-10,0.21006613900673118
2010-02-11,0.20770243061283172
2010-02-12,0.2022817001004087
2010-02-15,0.18933932694340866
2010-02-16,0.18678771522929974
2010-02-17,0.18468471089645458
2010-02-18,0.1837487154765641
2010-02-19,0.18180288389882995
2010-02-22,0.17564056592942356
2010-02-23,0.17888536217899023
2010-02-24,0.17451932066605028
2010-02-25,0.1678868399537791
2010-02-26,0.16530016963184568
2010-03-01,0.13072918954210988
2010-03-02,0.1295141120885892
2010-03-03,0.12402826814020922
2010-03-04,0.11536092961848507
2010-03-05,0.1276778923553168
2010-03-08,0.12190652977415145
2010-03-09,0.11993105878109689
2010-03-10,0.1199998771156249
2010-03-11,0.1036479840383107
2010-03-12,0.10131870225079419
2010-03-15,0.09756694644771496
2010-03-16,0.1017495111470942
2010-03-17,0.10336721689262099
2010-03-18,0.09349473952116591
2010-03-19,0.08939708816441821
2010-03-22,0.09046095327865344
2010-03-23,0.09402240711987497
2010-03-24,0.08969865629021673
2010-03-25,0.08916289500799228
2010-03-26,0.0878240179341944
2010-03-29,0.08893661703216052
2010-03-30,0.07454703204481453
2010-03-31,0.07521705415128073
2010-04-01,0.08012099841560981
2010-04-02,0.07773604658814019
2010-04-05,0.08219655120355913
2010-04-06,0.08147283734839181
2010-04-07,0.08480264783621924
2010-04-08,0.08079195443821467
2010-04-09,0.08203496444232591
2010-04-12,0.08098319458056855
2010-04-13,0.07848444738222901
2010-04-14,0.08864858920170862
2010-04-15,0.08411564560239133
2010-04-16,0.10621235013652004
2010-04-19,0.10628500748739125
2010-04-20,0.10997134592918946
2010-04-21,0.10632214411592707
2010-04-22,0.10570293555415855
2010-04-23,0.10760986195348261
2010-04-26,0.10526454067186537
2010-04-27,0.1448902553118869
2010-04-28,0.14209022204827157
2010-04-29,0.14903561232550627
2010-04-30,0.16174812974523814
2010-05-03,0.16790042311553566
2010-05-04,0.19302037899794752
2010-05-05,0.19289974085911862
2010-05-06,0.2346256158934569
2010-05-07,0.2368041111275958
2010-05-10,0.29484893694827374
2010-05-11,0.2848933043432793
2010-05-12,0.28502067738252806
2010-05-13,0.2837210161237874
2010-05-14,0.29154627534313254
2010-05-17,0.2876039378087491
2010-05-18,0.28915744767295876
2010-05-19,0.28668554590163653
2010-05-20,0.3198671990475114
2010-05-21,0.3205865019717071
2010-05-24,0.31842325921456976
2010-05-25,0.3095599949296972
2010-05-26,0.30409597105025105
2010-05-27,0.31961411181578964
2010-05-28,0.31965167629875313
2010-05-31,0.2956021588292506
2010-06-01,0.29703086723395805
2010-06-02,0.27626791825081204
2010-06-03,0.2722516308974001
2010-06-04,0.30299923838033466
2010-06-07,0.3022288239022594
2010-06-08,0.2934640974985109
2010-06-09,0.29125339280343443
2010-06-10,0.30858171337192297
2010-06-11,0.3043033621772368
2010-06-14,0.2692282735585829
2010-06-15,0.27868960548176386
2010-06-16,0.27144509028543173
2010-06-17,0.2681502881918579
2010-06-18,0.2650696923982429
2010-06-21,0.23878883887596955
2010-06-22,0.24255735209766202
2010-06-23,0.24025913704261884
2010-06-24,0.24186923775612687
2010-06-25,0.22365709439482845
2010-06-28,0.22119644353141926
2010-06-29,0.22780013444828157
2010-06-30,0.22257294218505677
2010-07-01,0.21672180991014636
2010-07-02,0.21428664909661943
2010-07-05,0.18714897946337164
2010-07-06,0.18520427415894805
2010-07-07,0.22300816430710108
2010-07-08,0.20856980906677
2010-07-09,0.20719534536222112
2010-07-12,0.20476965225180896
2010-07-13,0.21136809222103278
2010-07-14,0.20844908670471413
2010-07-15,0.19912737881473655
2010-07-16,0.23260093501499093
2010-07-19,0.22259756681500273
2010-07-20,0.22468611197334662
2010-07-21,0.22844924583139162
2010-07-22,0.21951318862989835
2010-07-23,0.21637318926808133
2010-07-26,0.21752063413104347
2010-07-27,0.2147282853277934
2010-07-28,0.21408013072676046
2010-07-29,0.21208496615399663
2010-07-30,0.18228934951849743
2010-08-02,0.19901477665595532
2010-08-03,0.19626777306728233
2010-08-04,0.19572997043730386
2010-08-05,0.18656072023520864
2010-08-06,0.1855675405414078
2010-08-09,0.18522223276665978
2010-08-10,0.1570394687774485
2010-08-11,0.1955759608409975
2010-08-12,0.1895589826346575
2010-08-13,0.1832178672541236
2010-08-16,0.1644212890641662
2010-08-17,0.1672611720183865
2010-08-18,0.1602265020886475
2010-08-19,0.17400607239800933
2010-08-20,0.17058787434322556
2010-08-23,0.1689115633651016
2010-08-24,0.17847522229637913
2010-08-25,0.16047976792457663
2010-08-26,0.16080577076111632
2010-08-27,0.17168138019775156
2010-08-30,0.18108749285287468
2010-08-31,0.1781190781945678
2010-09-01,0.2124136181233382
2010-09-02,0.21145656860200332
2010-09-03,0.19314103470375207
2010-09-06,0.1900731361397018
2010-09-07,0.1928540834349567
2010-09-08,0.1917758656437195
2010-09-09,0.1858268609989085
2010-09-10,0.18497444444414557
2010-09-13,0.17915280114307075
2010-09-14,0.17716696668650964
2010-09-15,0.17553177865378533
2010-09-16,0.16625637729420323
2010-09-17,0.16490047004987368
2010-09-20,0.17326599442833537
2010-09-21,0.1628097762380059
2010-09-22,0.1549259410847884
2010-09-23,0.15784809866791033
2010-09-24,0.14967027507474137
2010-09-27,0.1460116521115637
2010-09-28,0.1378810578038553
2010-09-29,0.13625834364826844
2010-09-30,0.12979475155079895
2010-10-01,0.12741821504653444
2010-10-04,0.12900812721458504
2010-10-05,0.15293631561846624
2010-10-06,0.14595012340387764
2010-10-07,0.1440600134556228
2010-10-08,0.1444789726948519
2010-10-11,0.14231000121848428
2010-10-12,0.14120592905402302
2010-10-13,0.13365794991157234
2010-10-14,0.1330752890098529
2010-10-15,0.1310488989289723
2010-10-18,0.13038479726144814
2010-10-19,0.12741944086904633
2010-10-20,0.13121189862171662
2010-10-21,0.1289027331946718
2010-10-22,0.12771780058783908
2010-10-25,0.1257976554602403
2010-10-26,0.12373115334501059
2010-10-27,0.11985688001062286
2010-10-28,0.09604383580678816
2010-10-29,0.09486595078849101
2010-11-01,0.09384114022354577
2010-11-02,0.09611854925331352
2010-11-03,0.09578731500099628
2010-11-04,0.12325011339130003
2010-11-05,0.12024357060204484
2010-11-08,0.11877140016982982
2010-11-09,0.12168352240005417
2010-11-10,0.11920429576058869
2010-11-11,0.10637156833791171
2010-11-12,0.11104845364829226
2010-11-15,0.10883552144175374
2010-11-16,0.12816944436760205
2010-11-17,0.1258562258019923
2010-11-18,0.1387809763870583
2010-11-19,0.13689908429849548
2010-11-22,0.1348283689107458
2010-11-23,0.14689874900341104
2010-11-24,0.1578903798542297
2010-11-25,0.1531462897500384
2010-11-26,0.15415455676870995
2010-11-29,0.13821836998057993
2010-11-30,0.13860377912681263
2010-12-01,0.1625627022349853
2010-12-02,0.16702743778486864
2010-12-03,0.16427082977678234
2010-12-06,0.16182038972473894
2010-12-07,0.15497272534329223
2010-12-08,0.15364818133626348
2010-12-09,0.14290499464436443
2010-12-10,0.1436094708614984
2010-12-13,0.13256572627593133
2010-12-14,0.13098194731759294
2010-12-15,0.13170424253734253
2010-12-16,0.12373256915390411
2010-12-17,0.11229201352129749
2010-12-20,0.11156483329966144
2010-12-21,0.11048460687073514
2010-12-22,0.11060024736094543
2010-12-23,0.10792429334578493
2010-12-24,0.07885643993676314
2010-12-27,0.0651073483643623
2010-12-28,0.06371051322990348
2010-12-29,0.06299863070487736
2010-12-30,0.06282820665192665
2010-12-31,0.06084707266007696
2011-01-03,0.0748833374087071
2011-01-04,0.07132231634650112
2011-01-05,0.07296248214218251
2011-01-06,0.07254118824322493
2011-01-07,0.07011811546647227
2011-01-10,0.06636660581617872
2011-01-11,0.0677503373185839
2011-01-12,0.0759310768841247
2011-01-13,0.0722974993796483
2011-01-14,0.07662778830557869
2011-01-17,0.07548875282111875
2011-01-18,0.07518615195448093
2011-01-19,0.08643588699357535
2011-01-20,0.0851457564513886
2011-01-21,0.08442328085199947
2011-01-24,0.08681986252868376
2011-01-25,0.08596028270219153
2011-01-26,0.07803925252314121
2011-01-27,0.07774517557628728
2011-01-28,0.10710063011663185
2011-01-31,0.10952458665435902
2011-02-01,0.1277854772093433
2011-02-02,0.1260674158855931
2011-02-03,0.12429568429513604
2011-02-04,0.11891982346665755
2011-02-07,0.12003407695004537
2011-02-08,0.11772952199356584
2011-02-09,0.11681580985214132
2011-02-10,0.11574193358100218
2011-02-11,0.11154377310680222
2011-02-14,0.11055798098469367
2011-02-15,0.11044512272389866
2011-02-16,0.1106734739461106
2011-02-17,0.11056107066149803
2011-02-18,0.10914312790569104
2011-02-21,0.10816550233982584
2011-02-22,0.12480995868848305
2011-02-23,0.12326294722036439
2011-02-24,0.10794403174638986
2011-02-25,0.11456951604882662
2011-02-28,0.11391448273146204
2011-03-01,0.13065207946770352
2011-03-02,0.12679475603580234
2011-03-03,0.14347856689896518
2011-03-04,0.14395412318997855
2011-03-07,0.1466208188456894
2011-03-08,0.14766620317269336
2011-03-09,0.14565007304229985
2011-03-10,0.1649087898109182
2011-03-11,0.16399027998478202
2011-03-14,0.16340814545240873
2011-03-15,0.16798280612980376
2011-03-16,0.18635977780261867
2011-03-17,0.17839810949653512
2011-03-18,0.17562116372605652
2011-03-21,0.18416479924592954
2011-03-22,0.1783366199192468
2011-03-23,0.17568665662910754
2011-03-24,0.16994605326314025
2011-03-25,0.1683654249106845
2011-03-28,0.15660452819337378
2011-03-29,0.15554955493869158
2011-03-30,0.153853051996174
2011-03-31,0.1499337461636143
2011-04-01,0.1497106517806381
2011-04-04,0.13370808062224046
2011-04-05,0.1305332384490878
2011-04-06,0.12808022317032125
2011-04-07,0.1216068940585676
2011-04-08,0.10220892040566659
2011-04-11,0.09150218139528776
2011-04-12,0.09565729765906182
2011-04-13,0.08024355152023728
2011-04-14,0.07801725500627531
2011-04-15,0.07764309526029803
2011-04-18,0.08465543426944024
2011-04-19,0.08592800900032965
2011-04-20,0.10069876370171396
2011-04-21,0.09815400642435884
2011-04-22,0.09413815826962581
2011-04-25,0.09266508523512154
2011-04-26,0.09713054840431336
2011-04-27,0.09941094051437431
2011-04-28,0.09894034857070498
2011-04-29,0.09805339863482224
2011-05-02,0.09687962476731236
2011-05-03,0.09618103971636788
2011-05-04,0.09960113281501089
2011-05-05,0.10255686239193958
2011-05-06,0.10252413315019698
2011-05-09,0.10340495557362796
2011-05-10,0.10658789382574155
2011-05-11,0.10962658089841225
2011-05-12,0.10817917474170959
2011-05-13,0.10304933508521458
2011-05-16,0.10349577771124678
2011-05-17,0.10206307091824217
2011-05-18,0.10731590165141197
2011-05-19,0.10132243884707016
2011-05-20,0.10328634459545503
2011-05-23,0.11344915854955645
2011-05-24,0.11195058939432764
2011-05-25,0.11078480475871955
2011-05-26,0.11035315651047409
2011-05-27,0.10783321563245413
2011-05-30,0.10200120409541293
2011-05-31,0.10958737455524672
2011-06-01,0.1444402668312685
2011-06-02,0.14020999724386124
2011-06-03,0.13889692630426967
2011-06-06,0.14340863948518795
2011-06-07,0.1387498927500081
2011-06-08,0.13646494628120362
2011-06-09,0.13779496683211126
2011-06-10,0.14620297192709908
2011-06-13,0.143342154053505
2011-06-14,0.1491438791126654
2011-06-15,0.15984679531382218
2011-06-16,0.15776906963873827
2011-06-17,0.1557015788509803
2011-06-20,0.15451599706079278
2011-06-21,0.1621811908595112
2011-06-22,0.1627687636764892
2011-06-23,0.15776644664441974
2011-06-24,0.14461055339480713
2011-06-27,0.1475738989950431
2011-06-28,0.15181217378876757
2011-06-29,0.14871226099284704
2011-06-30,0.15249616459563078
2011-07-01,0.16108150559509996
2011-07-04,0.15734116715852092
2011-07-05,0.14814029144394222
2011-07-06,0.14660336166139357
2011-07-07,0.1453401174354322
2011-07-08,0.13428543242136065
2011-07-11,0.1536494443349213
2011-07-12,0.152345371562003
2011-07-13,0.1500799579660041
2011-07-14,0.14408426922771492
2011-07-15,0.14246551799968019
2011-07-18,0.14463072820506198
2011-07-19,0.15257990411273778
2011-07-20,0.14740358911602636
2011-07-21,0.15005646210278448
2011-07-22,0.14555281869102757
2011-07-25,0.14169639906986675
2011-07-26,0.13255837436353082
2011-07-27,0.15735385017838846
2011-07-28,0.15579346663672164
2011-07-29,0.15609667852850007
2011-08-01,0.1509269235934898
2011-08-02,0.18381609590931586
2011-08-03,0.1715013784631023
2011-08-04,0.26620154146145536
2011-08-05,0.26082349871386823
2011-08-08,0.38806958542480996
2011-08-09,0.42604381357856486
2011-08-10,0.45811385225339407
2011-08-11,0.4841554353573249
2011-08-12,0.4761660803713677
2011-08-15,0.4747874540863378
2011-08-16,0.46963123017576924
2011-08-17,0.4620153294906709
2011-08-18,0.49534051429434894
2011-08-19,0.4891496511846712
2011-08-22,0.4827495679545845
2011-08-23,0.49845436839380586
2011-08-24,0.4948731734571072
2011-08-25,0.4869745399185614
2011-08-26,0.48617676329670095
2011-08-29,0.46787118125660077
2011-08-30,0.4635740365486762
2011-08-31,0.39699253532529344
2011-09-01,0.36505240771139086
2011-09-02,0.3447068620580156
2011-09-05,0.30405577402977935
2011-09-06,0.30101420688306607
2011-09-07,0.31155531861273067
2011-09-08,0.30908888572739995
2011-09-09,0.32534341162341196
2011-09-12,0.28431489634257295
2011-09-13,0.2770020430699951
2011-09-14,0.2784346887301365
2011-09-15,0.25989128044177134
2011-09-16,0.25390942424766466
2011-09-19,0.2483719120488884
2011-09-20,0.2402059287475562
2011-09-21,0.25052626767499475
2011-09-22,0.28287449458143876
2011-09-23,0.27954822767922743
2011-09-26,0.2883605696742589
2011-09-27,0.27416820272077463
2011-09-28,0.2855031741380168
2011-09-29,0.28222481206779004
2011-09-30,0.28234830938692546
2011-10-03,0.3007851674995983
2011-10-04,0.29706462141610795
2011-10-05,0.3013778998097569
2011-10-06,0.30464713616189737
2011-10-07,0.299009085183672
2011-10-10,0.3220873183012823
2011-10-11,0.3172676707578776
2011-10-12,0.31340774312502767
2011-10-13,0.31039580688041263
2011-10-14,0.2992485273588229
2011-10-17,0.28690941106641027
2011-10-18,0.2947711586457156
2011-10-19,0.2860564304471155
2011-10-20,0.28110080214466837
2011-10-21,0.2801918331586225
2011-10-24,0.2806342831013554
2011-10-25,0.2775735391242811
2011-10-26,0.260204935035656
2011-10-27,0.2828086662711516
2011-10-28,0.27249532319423236
2011-10-31,0.28226563652194214
2011-11-01,0.30104784775769683
2011-11-02,0.28358634243905173
2011-11-03,0.2884245799264972
2011-11-04,0.28475821399973367
2011-11-07,0.2816501708688012
2011-11-08,0.27605154380326796
2011-11-09,0.307902421391311
2011-11-10,0.2979863678047023
2011-11-11,0.3011856927958924
2011-11-14,0.3000970004091893
2011-11-15,0.29045637732571655
2011-11-16,0.2924658216933156
2011-11-17,0.2903358230018383
2011-11-18,0.28489957625997664
2011-11-21,0.2699901894106215
2011-11-22,0.2677840333922908
2011-11-23,0.2681546122140811
2011-11-24,0.2470089524495521
2011-11-25,0.2382899208961077
2011-11-28,0.25762210475637554
2011-11-29,0.25274755336555693
2011-11-30,0.3055850314000064
2011-12-01,0.29816918240241574
2011-12-02,0.2650640546037055
2011-12-05,0.26337132074033653
2011-12-06,0.25100466107175506
2011-12-07,0.24586650910764513
2011-12-08,0.2596720077491488
2011-12-09,0.25892425451049766
2011-12-12,0.2563183990839603
2011-12-13,0.2563766860715113
2011-12-14,0.25120545111096143
2011-12-15,0.24764507969131522
2011-12-16,0.23336094377141203
2011-12-19,0.23675774140696493
2011-12-20,0.2642905315249681
2011-12-21,0.2428093982335005
2011-12-22,0.24153683110144197
2011-12-23,0.19497119187772632
2011-12-26,0.19187529938718692
2011-12-27,0.18908757922072683
2011-12-28,0.19132653744357625
2011-12-29,0.19378490044619087
2011-12-30,0.1928425074978054
2012-01-02,0.17628951552996366
2012-01-03,0.17703760046081643
2012-01-04,0.16674482793242673
2012-01-05,0.16300304061727836
2012-01-06,0.15671406928289394
2012-01-09,0.15501218081584578
2012-01-10,0.1574997290662062
2012-01-11,0.15080387843565257
2012-01-12,0.11224605926696292
2012-01-13,0.11268595155578938
2012-01-16,0.10733417422734597
2012-01-17,0.10293852796784311
2012-01-18,0.11147859343850182
2012-01-19,0.11182300876561822
2012-01-20,0.10216879521598345
2012-01-23,0.09398705522849495
2012-01-24,0.09219602635073944
2012-01-25,0.09807983354892977
2012-01-26,0.08532053297327036
2012-01-27,0.08473900507326575
2012-01-30,0.08357941828430247
2012-01-31,0.08211437563605291
2012-02-01,0.08860354141616386
2012-02-02,0.08252592654634468
2012-02-03,0.10143523914313189
2012-02-06,0.09949867248247075
2012-02-07,0.09741634059337646
2012-02-08,0.09621882832263856
2012-02-09,0.09431438327361483
2012-02-10,0.09089354443944626
2012-02-13,0.09234005448359496
2012-02-14,0.09121672100908497
2012-02-15,0.09329483001286118
2012-02-16,0.1028253527149657
2012-02-17,0.09763461003694357
2012-02-20,0.09447385956256052
2012-02-21,0.09355212520421266
2012-02-22,0.0934049623980747
2012-02-23,0.09423472704206363
2012-02-24,0.08880633577420347
2012-02-27,0.08801821223359224
2012-02-28,0.0734205910301968
2012-02-29,0.0756231346737567
2012-03-01,0.0786848096642326
2012-03-02,0.07882830672336069
2012-03-05,0.07984473624844889
2012-03-06,0.10014167566778359
2012-03-07,0.10005976094338166
2012-03-08,0.10625668868887783
2012-03-09,0.10419656036396778
2012-03-12,0.09592201937737059
2012-03-13,0.12001672835417251
2012-03-14,0.11814536160299315
2012-03-15,0.1190338701128801
2012-03-16,0.1170628195586865
2012-03-19,0.11547593146524161
2012-03-20,0.11517104435955798
2012-03-21,0.114091991247812
2012-03-22,0.11693951025677604
2012-03-23,0.11540419859390497
2012-03-26,0.1258556307692655
2012-03-27,0.12442769565473413
2012-03-28,0.12468969277596824
2012-03-29,0.1118673195254847
2012-03-30,0.10940400227767771
2012-04-02,0.10760568536764706
2012-04-03,0.10715445122566754
2012-04-04,0.11520711544504535
2012-04-05,0.09622054455019696
2012-04-06,0.09476990601742868
2012-04-09,0.10362229059599778
2012-04-10,0.12543997938841492
2012-04-11,0.1271944044067071
2012-04-12,0.13669762707999436
2012-04-13,0.1446644928311943
2012-04-16,0.14032860260312127
2012-04-17,0.15187265325656535
2012-04-18,0.14362504731118308
2012-04-19,0.14317302486063954
2012-04-20,0.14061899740513661
2012-04-23,0.1434165267549736
2012-04-24,0.14216437122326137
2012-04-25,0.14935521045556951
2012-04-26,0.14938247891608536
2012-04-27,0.14375554731621606
2012-04-30,0.1432576059188661
2012-05-01,0.14373973656647843
2012-05-02,0.13790145010774954
2012-05-03,0.12833760413146747
2012-05-04,0.1423355252892458
2012-05-07,0.13238948749758345
2012-05-08,0.12535652305540634
2012-05-09,0.12699859268291824
2012-05-10,0.11483035488242191
2012-05-11,0.11367508773702081
2012-05-14,0.12002190334728523
2012-05-15,0.12104921238396554
2012-05-16,0.11748310601418928
2012-05-17,0.13240275361488799
2012-05-18,0.12642544164638078
2012-05-21,0.1384068604424713
2012-05-22,0.1360969128315993
2012-05-23,0.1341224475092733
2012-05-24,0.13053754374821305
2012-05-25,0.12932098478208176
2012-05-28,0.12522385430825497
2012-05-29,0.12012754166575504
2012-05-30,0.1337296053506707
2012-05-31,0.1316479642766617
2012-06-01,0.16623697195452924
2012-06-04,0.16288056046268334
2012-06-05,0.1615559977700535
2012-06-06,0.18229569963416664
2012-06-07,0.1776376422172292
2012-06-08,0.17728474591643445
2012-06-11,0.17675927175139433
2012-06-12,0.17881485807512226
2012-06-13,0.17032796449490334
2012-06-14,0.17421880988045735
2012-06-15,0.1769284235520981
2012-06-18,0.17473036257888758
2012-06-19,0.17751215565254616
2012-06-20,0.17594815417569315
2012-06-21,0.19535304567218
2012-06-22,0.18914273152555672
2012-06-25,0.19844700111285482
2012-06-26,0.1784458155477668
2012-06-27,0.17996375054189773
2012-06-28,0.17692553663828017
2012-06-29,0.18743322770489698
2012-07-02,0.18449957956578564
2012-07-03,0.18189265413303374
2012-07-04,0.17452963529430027
2012-07-05,0.16912266706907716
2012-07-06,0.17058460062832623
2012-07-09,0.1646905203748995
2012-07-10,0.16303704571661923
2012-07-11,0.16114492396836383
2012-07-12,0.15794285613433454
2012-07-13,0.1704102303386128
2012-07-16,0.15124803400725506
2012-07-17,0.15066687146552216
2012-07-18,0.14071741535627755
2012-07-19,0.13852827998530842
2012-07-20,0.1404255462802775
2012-07-23,0.14401379340305365
2012-07-24,0.12221232480245196
2012-07-25,0.12007237918290986
2012-07-26,0.13552491510667716
2012-07-27,0.1544045048382755
2012-07-30,0.15067405813422613
2012-07-31,0.14667162297627903
2012-08-01,0.14469866897323738
2012-08-02,0.143758823911014
2012-08-03,0.1626988373714768
2012-08-06,0.1594929830367794
2012-08-07,0.14922529587585162
2012-08-08,0.14715096590893692
2012-08-09,0.14294049842744447
2012-08-10,0.1403853834113764
2012-08-13,0.13875793465577807
2012-08-14,0.13330208466222843
2012-08-15,0.12862416747244257
2012-08-16,0.12730758905842499
2012-08-17,0.12663949367700714
2012-08-20,0.11280996825135295
2012-08-21,0.09313324594359969
2012-08-22,0.09253570875829698
2012-08-23,0.09691650358446176
2012-08-24,0.09880158897396393
2012-08-27,0.09437651744210103
2012-08-28,0.06860475725760001
2012-08-29,0.06684320735932756
2012-08-30,0.07238833114816487
2012-08-31,0.07398179324556658
2012-09-03,0.07278173558138576
2012-09-04,0.07143596897637021
2012-09-05,0.07091343839904876
2012-09-06,0.10936673441336793
2012-09-07,0.10863217133684079
2012-09-10,0.10785601139442388
2012-09-11,0.10632655753462454
2012-09-12,0.10556730234147645
2012-09-13,0.12334701600385728
2012-09-14,0.12259476191500125
2012-09-17,0.1184066097557019
2012-09-18,0.11478764757314634
2012-09-19,0.11393301074414956
2012-09-20,0.11265019709231536
2012-09-21,0.11144591784762542
2012-09-24,0.10794054628977402
2012-09-25,0.11542954456160205
2012-09-26,0.11709334508925129
2012-09-27,0.12203747707407682
2012-09-28,0.12239675455826897
2012-10-01,0.10045474861938652
2012-10-02,0.09865979852370062
2012-10-03,0.09631419303738925
2012-10-04,0.09894787757478107
2012-10-05,0.09773459425362789
2012-10-08,0.08161979040670612
2012-10-09,0.08982332788436112
2012-10-10,0.0922438025038659
2012-10-11,0.09091181794032711
2012-10-12,0.09066309837263482
2012-10-15,0.09532216356788235
2012-10-16,0.10308326126596884
2012-10-17,0.10322326699711089
2012-10-18,0.09605835907780585
2012-10-19,0.11686195123542771
2012-10-22,0.11057593209143968
2012-10-23,0.1242716940423756
2012-10-24,0.12281105044913163
2012-10-25,0.12102867765070882
2012-10-26,0.11922259524737548
2012-10-29,0.11490012947095472
2012-10-30,0.11387633539010057
2012-10-31,0.11187667781304195
2012-11-01,0.1147429641402893
2012-11-02,0.11857607991171638
2012-11-05,0.11787901948121979
2012-11-06,0.12035397201400347
2012-11-07,0.1539515528583322
2012-11-08,0.15667330477861036
2012-11-09,0.15382581835441383
2012-11-12,0.15149343541826046
2012-11-13,0.13947667650039625
2012-11-14,0.15033306108769118
2012-11-15,0.13940835321671474
2012-11-16,0.13855200363354345
2012-11-19,0.15919405194605074
2012-11-20,0.15618568555229403
2012-11-21,0.15466946072063
2012-11-22,0.15303422679270406
2012-11-23,0.16084856945680437
2012-11-26,0.15497641021306838
2012-11-27,0.15187524069267347
2012-11-28,0.15364265382403824
2012-11-29,0.15079993599781846
2012-11-30,0.12555551265583959
2012-12-03,0.11889732851370484
2012-12-04,0.1178227640849042
2012-12-05,0.11668140871422707
2012-12-06,0.11578239944616318
2012-12-07,0.10494596087701719
2012-12-10,0.10436559845774977
2012-12-11,0.10553191269248778
2012-12-12,0.08072339036108121
2012-12-13,0.08443269142118941
2012-12-14,0.08511048567665506
2012-12-17,0.09714004852977522
2012-12-18,0.09736294925424362
2012-12-19,0.10075480436303555
2012-12-20,0.10038446011618873
2012-12-21,0.10380095152050221
2012-12-24,0.10141686144935709
2012-12-25,0.1002641382890307
2012-12-26,0.09947918241885262
2012-12-27,0.09822581675205179
2012-12-28,0.1080664740405361
2012-12-31,0.1268015978880979
2013-01-02,0.16265023100389212
2013-01-03,0.1602925272341258
2013-01-04,0.15774299922019205
2013-01-07,0.15574071407968382
2013-01-08,0.1529006891881372
2013-01-09,0.15065979639773813
2013-01-10,0.14677205303415997
2013-01-11,0.1403316600762248
2013-01-14,0.13643365919923056
2013-01-15,0.13402912764368516
2013-01-16,0.12880619232831503
2013-01-17,0.12966477184399236
2013-01-18,0.12964997722694108
2013-01-21,0.1277655833570459
2013-01-22,0.12798516905846957
2013-01-23,0.1216669540873409
2013-01-24,0.10673807922735423
2013-01-25,0.06747022441488179
2013-01-28,0.06671727044613499
2013-01-29,0.06673731499411359
2013-01-30,0.06741249320453867
2013-01-31,0.06640018221944956
2013-02-01,0.07681000001378785
2013-02-04,0.08670244508123674
2013-02-05,0.09549811880159631
2013-02-06,0.09387335865249044
2013-02-07,0.09275312508385596
2013-02-08,0.09398742019060297
2013-02-11,0.09068764955295648
2013-02-12,0.08925197292883194
2013-02-13,0.08855721634999242
2013-02-14,0.086090314412871
2013-02-15,0.08532018784899882
2013-02-18,0.08487196725174216
2013-02-19,0.08759263619567634
2013-02-20,0.10163743123989871
2013-02-21,0.10277185809484979
2013-02-22,0.10653673077507483
2013-02-25,0.13134720599018815
2013-02-26,0.1269178238231729
2013-02-27,0.12992331008564825
2013-02-28,0.12294895703010617
2013-03-01,0.12127077754359289
2013-03-04,0.12085436106937691
2013-03-05,0.12421233906003143
2013-03-06,0.1228598199016021
2013-03-07,0.12122291924223769
2013-03-08,0.12135713217680108
2013-03-11,0.12078192282473567
2013-03-12,0.12039951632787704
2013-03-13,0.11934781311569531
2013-03-14,0.11824286711812047
2013-03-15,0.10961539095095243
2013-03-18,0.10961562021429799
2013-03-19,0.10552236599710411
2013-03-20,0.08796911447753251
2013-03-21,0.09230037471345472
2013-03-22,0.08536161516685713
2013-03-25,0.08550085030711435
2013-03-26,0.08960121886750648
2013-03-27,0.08726026649799688
2013-03-28,0.08138053971335651
2013-03-29,0.0803396233275851
2013-04-01,0.08146816893567305
2013-04-02,0.08149684058184407
2013-04-03,0.09245710030625728
2013-04-04,0.09191434100380907
2013-04-05,0.09255411566175947
2013-04-08,0.09324189222516747
2013-04-09,0.09291059229412031
2013-04-10,0.10305481553930884
2013-04-11,0.10200776433557047
2013-04-12,0.09941756733441723
2013-04-15,0.13656438091323175
2013-04-16,0.14414128598659967
2013-04-17,0.15419480695468432
2013-04-18,0.15215092194045804
2013-04-19,0.1538351629321176
2013-04-22,0.15199289903521118
2013-04-23,0.1556747426221141
2013-04-24,0.1530839416402522
2013-04-25,0.15115765108379842
2013-04-26,0.14542076650749905
2013-04-29,0.14643676768414968
2013-04-30,0.1446255481795254
2013-05-01,0.1473150789854382
2013-05-02,0.1506125147726652
2013-05-03,0.1498624982851428
2013-05-06,0.14832567632672058
2013-05-07,0.14820942174678295
2013-05-08,0.1252087195740246
2013-05-09,0.11606532635084053
2013-05-10,0.10476424762880228
2013-05-13,0.10121438266684198
2013-05-14,0.10360346425481211
2013-05-15,0.1037222813236283
2013-05-16,0.09879414987141572
2013-05-17,0.1061870358626802
2013-05-20,0.10416056179007555
2013-05-21,0.10290641777873148
2013-05-22,0.10531321280864932
2013-05-23,0.10462636997066734
2013-05-24,0.09856352150728812
2013-05-27,0.09220271357429954
2013-05-28,0.08794234375190783
2013-05-29,0.0916640782163676
2013-05-30,0.0903120053873597
2013-05-31,0.10744953622963199
2013-06-03,0.10803430550473696
2013-06-04,0.10822039208710527
2013-06-05,0.12178981517088104
2013-06-06,0.11997597534667495
2013-06-07,0.12843889967051844
2013-06-10,0.1254804821493745
2013-06-11,0.1268587760839667
2013-06-12,0.1298687212014596
2013-06-13,0.141509753141067
2013-06-14,0.1389238764257797
2013-06-17,0.14003345620646437
2013-06-18,0.14201744129178273
2013-06-19,0.15235175226410522
2013-06-20,0.18327546038923073
2013-06-21,0.17878575455082005
2013-06-24,0.18408301067372296
2013-06-25,0.179262306053112
2013-06-26,0.179327558693457
2013-06-27,0.17762277764109216
2013-06-28,0.1704172652677937
2013-07-01,0.16767286429075481
2013-07-02,0.16044281356785764
2013-07-03,0.15875325330644935
2013-07-04,0.15328880342408935
2013-07-05,0.15516925175501
2013-07-08,0.14708375043790534
2013-07-09,0.1473694069630271
2013-07-10,0.1440069061580367
2013-07-11,0.15117746542838217
2013-07-12,0.14261730090808167
2013-07-15,0.11262137896785493
2013-07-16,0.11181185975620547
2013-07-17,0.10293922530035901
2013-07-18,0.09863136309727143
2013-07-19,0.0920642823410122
2013-07-22,0.08937460051152395
2013-07-23,0.08721776635587028
2013-07-24,0.08617213005557187
2013-07-25,0.08579757058127939
2013-07-26,0.08495528305158162
2013-07-29,0.08595095354707884
2013-07-30,0.0777076272856664
2013-07-31,0.07531480062628093
2013-08-01,0.08731755145138737
2013-08-02,0.08628185008727035
2013-08-05,0.07255912716960247
2013-08-06,0.07542363315836231
2013-08-07,0.07592931547265157
2013-08-08,0.07527679550866832
2013-08-09,0.07595672769041475
2013-08-12,0.07266191388138969
2013-08-13,0.07256759367822248
2013-08-14,0.07494186568783386
2013-08-15,0.09607534701581014
2013-08-16,0.09474778313669212
2013-08-19,0.09626622367397278
2013-08-20,0.09631101902500397
2013-08-21,0.0971854405208954
2013-08-22,0.10254201715886481
2013-08-23,0.10259717002885213
2013-08-26,0.09415248622092019
2013-08-27,0.11440344439318123
2013-08-28,0.1135979309520993
2013-08-29,0.11044948143535502
2013-08-30,0.10891149567050915
2013-09-02,0.10695908369258857
2013-09-03,0.10617083087397715
2013-09-04,0.11003962060921547
2013-09-05,0.1088401965513092
2013-09-06,0.10639679289739766
2013-09-09,0.10213861173323655
2013-09-10,0.10474233535226209
2013-09-11,0.10237162921235075
2013-09-12,0.10133565046450381
2013-09-13,0.09931218493321581
2013-09-16,0.0970203922868494
2013-09-17,0.09642918875752594
2013-09-18,0.10700614910663521
2013-09-19,0.091441622898376
2013-09-20,0.09524386388080854
2013-09-23,0.09562186025766302
2013-09-24,0.09479958076647915
2013-09-25,0.09417183642489808
2013-09-26,0.0933737555831171
2013-09-27,0.09013897130092526
2013-09-30,0.0929987493123945
2013-10-01,0.09763552730718894
2013-10-02,0.09048098735174856
2013-10-03,0.0942640854929793
2013-10-04,0.09705790367707195
2013-10-07,0.1017126935347481
2013-10-08,0.11297261761709626
2013-10-09,0.10986785796688124
2013-10-10,0.13971827088154815
2013-10-11,0.1344121417762075
2013-10-14,0.13261455371970265
2013-10-15,0.1323229680002069
2013-10-16,0.14101286088986656
2013-10-17,0.14191710830452933
2013-10-18,0.14201734829682844
2013-10-21,0.13980143033168274
2013-10-22,0.1393651851830852
2013-10-23,0.137937673578363
2013-10-24,0.13451995390937918
2013-10-25,0.1347086895866322
2013-10-28,0.12981566183552457
2013-10-29,0.1288243941731529
2013-10-30,0.12643056698927546
2013-10-31,0.1194638725731575
2013-11-01,0.11901161236623779
2013-11-04,0.09401306678569635
2013-11-05,0.0916182460323923
2013-11-06,0.09105509590237286
2013-11-07,0.10394786167649948
2013-11-08,0.1067295302335791
2013-11-11,0.10286842922433387
2013-11-12,0.09932830584771066
2013-11-13,0.10290041700083988
2013-11-14,0.10152952395003537
2013-11-15,0.10031426013735792
2013-11-18,0.09993165597016601
2013-11-19,0.09802732787132526
2013-11-20,0.09821400390148104
2013-11-21,0.10110449293361648
2013-11-22,0.1004279076588497
2013-11-25,0.09886571196577235
2013-11-26,0.09737396839009144
2013-11-27,0.0961597788495973
2013-11-28,0.09515277386284077
2013-11-29,0.09347152492032629
2013-12-02,0.0823431152411047
2013-12-03,0.06961597922260404
2013-12-04,0.0689529799278168
2013-12-05,0.07074191000931027
2013-12-06,0.07941526328197189
2013-12-09,0.07651782820517664
2013-12-10,0.07546427133918088
2013-12-11,0.08825621602996601
2013-12-12,0.08830592984646696
2013-12-13,0.08646332393525168
2013-12-16,0.08421117247899189
2013-12-17,0.08290348327722459
2013-12-18,0.10628793112470011
2013-12-19,0.10452468904934747
2013-12-20,0.10451229980712422
2013-12-23,0.10568483775451981
2013-12-24,0.10483573395558496
2013-12-25,0.10305560183804091
2013-12-26,0.10364627351057053
2013-12-27,0.10241691347818899
2013-12-30,0.1003066549579094
2013-12-31,0.09343293393994527
2014-01-02,0.10006977422078547
2014-01-03,0.09878085151194067
2014-01-06,0.09067902276434202
2014-01-07,0.09233606659010037
2014-01-08,0.09150415737845058
2014-01-09,0.0881496008278659
2014-01-10,0.0872749608492919
2014-01-13,0.08559857424137948
2014-01-14,0.09471496207265415
2014-01-15,0.09461774274543655
2014-01-16,0.09154764273456742
2014-01-17,0.09131381270780262
2014-01-20,0.0901694345742805
2014-01-21,0.08852776210331628
2014-01-22,0.08711051741650694
2014-01-23,0.09459315088707815
2014-01-24,0.12888537447537102
2014-01-27,0.12485316543686509
2014-01-28,0.125111933718436
2014-01-29,0.13092362987305736
2014-01-30,0.13525137754716712
2014-01-31,0.1362330447885904
2014-02-03,0.1666541998626134
2014-02-04,0.1663338082525589
2014-02-05,0.1587837483778481
2014-02-06,0.1604781491126305
2014-02-07,0.16667211091887937
2014-02-10,0.16334315166188762
2014-02-11,0.16754312079228192
2014-02-12,0.1654711928153168
2014-02-13,0.1653723830464503
2014-02-14,0.1647677858026418
2014-02-17,0.16053667451328818
2014-02-18,0.1427857164762773
2014-02-19,0.14271784701755474
2014-02-20,0.14259654027927066
2014-02-21,0.1372181003962033
2014-02-24,0.13295344038204318
2014-02-25,0.1305925610380849
2014-02-26,0.10328691122520095
2014-02-27,0.1007547376480858
2014-02-28,0.10018936159292015
2014-03-03,0.09561952277648875
2014-03-04,0.10445638002657227
2014-03-05,0.10257211875150628
2014-03-06,0.09401570010645013
2014-03-07,0.09300810258241315
2014-03-10,0.08935133745313774
2014-03-11,0.08936794553216862
2014-03-12,0.08853279275433223
2014-03-13,0.10085462366225488
2014-03-14,0.09801422624457022
2014-03-17,0.10216960011338895
2014-03-18,0.1042922418268967
2014-03-19,0.10478821641228811
2014-03-20,0.10607462870946938
2014-03-21,0.10597115449529881
2014-03-24,0.10510671180197127
2014-03-25,0.10540129425119686
2014-03-26,0.1059347339793125
2014-03-27,0.09156218536028832
2014-03-28,0.0922975481005424
2014-03-31,0.09683637171555949
2014-04-01,0.09972014041902649
2014-04-02,0.09953690222992258
2014-04-03,0.09696713713068218
2014-04-04,0.11032263161509172
2014-04-07,0.11144103871744512
2014-04-08,0.11030537334002706
2014-04-09,0.11348616967682254
2014-04-10,0.141078818175526
2014-04-11,0.14309036551506252
2014-04-14,0.14307403103542884
2014-04-15,0.14267196200759627
2014-04-16,0.14657349416139373
2014-04-17,0.14350221265267946
2014-04-18,0.14027839776082557
2014-04-21,0.13883122543801077
2014-04-22,0.1374496156514743
2014-04-23,0.13407248815351908
2014-04-24,0.13097617677134354
2014-04-25,0.13411099873406734
2014-04-28,0.1336238574980378
2014-04-29,0.12696229668455516
2014-04-30,0.12093065213395368
2014-05-01,0.11963818043351795
2014-05-02,0.11305900978305297
2014-05-05,0.08711815524149565
2014-05-06,0.08878397432620906
2014-05-07,0.08626786603366875
2014-05-08,0.08211658396570758
2014-05-09,0.07321900078086142
2014-05-12,0.08226705711534675
2014-05-13,0.08126053015296424
2014-05-14,0.08154236248583809
2014-05-15,0.08903316569442157
2014-05-16,0.08859670986358983
2014-05-19,0.08837431034926924
2014-05-20,0.08766612507855634
2014-05-21,0.09196629933296921
2014-05-22,0.08997612338471817
2014-05-23,0.08973438773281601
2014-05-26,0.08864407765523917
2014-05-27,0.0909983988937748
2014-05-28,0.09006222603219322
2014-05-29,0.08642264151772455
2014-05-30,0.08406233513575741
2014-06-02,0.08317218952439165
2014-06-03,0.08252580507085903
2014-06-04,0.07557790875940194
2014-06-05,0.07941711490434299
2014-06-06,0.07934589014532295
2014-06-09,0.07208594274855434
2014-06-10,0.07049982704259193
2014-06-11,0.0704921285950488
2014-06-12,0.07312292985138534
2014-06-13,0.06785305928809687
2014-06-16,0.06654027731218873
2014-06-17,0.0648409626007483
2014-06-18,0.07158450930194786
2014-06-19,0.0679009000909739
2014-06-20,0.06757997363120088
2014-06-23,0.06444914701071029
2014-06-24,0.06925186269687249
2014-06-25,0.07126630145768605
2014-06-26,0.07095485444584933
2014-06-27,0.07033335606987409
2014-06-30,0.06586820225863121
2014-07-01,0.06895658495753372
2014-07-02,0.06857787593794516
2014-07-03,0.07125166368039822
2014-07-04,0.06948832564955688
2014-07-07,0.06700934619800859
2014-07-08,0.07209938870343635
2014-07-09,0.0736087505631907
2014-07-10,0.07480307219211708
2014-07-11,0.06934841288227286
2014-07-14,0.07131309814615827
2014-07-15,0.07090582071753208
2014-07-16,0.07251268261170339
2014-07-17,0.08510294084099317
2014-07-18,0.0921082278505315
2014-07-21,0.09169016436412623
2014-07-22,0.09205598428927472
2014-07-23,0.09121200236697284
2014-07-24,0.08748495321214413
2014-07-25,0.08900550155640792
2014-07-28,0.08601247302597108
2014-07-29,0.08745207163201099
2014-07-30,0.08585978171267275
2014-07-31,0.11858640487629277
2014-08-01,0.11599550553227679
2014-08-04,0.11700329183989167
2014-08-05,0.12240513185652821
2014-08-06,0.11992161241579281
2014-08-07,0.12072213072045461
2014-08-08,0.12775726310276792
2014-08-11,0.11940229443250741
2014-08-12,0.11308273338038194
2014-08-13,0.11476389609239332
2014-08-14,0.1135351359707783
2014-08-15,0.11205385574341513
2014-08-18,0.1165762456202883
2014-08-19,0.11566752682003865
2014-08-20,0.11550262618962209
2014-08-21,0.11389522876952275
2014-08-22,0.1137743509999921
2014-08-25,0.09157555944882949
2014-08-26,0.0900666075276192
2014-08-27,0.08621251227933065
2014-08-28,0.07930554536494744
2014-08-29,0.07951730062240608
2014-09-01,0.07678195410498605
2014-09-02,0.06559927694342482
2014-09-03,0.06455704762023763
2014-09-04,0.06395402677666567
2014-09-05,0.06292368152185855
2014-09-08,0.06206305858216094
2014-09-09,0.06771639746789825
2014-09-10,0.06215394271906136
2014-09-11,0.05902305375615316
2014-09-12,0.06327682978675736
2014-09-15,0.06199156657515131
2014-09-16,0.06799743012906377
2014-09-17,0.06525022125402258
2014-09-18,0.06730055163373161
2014-09-19,0.06652108238386198
2014-09-22,0.07395201254177688
2014-09-23,0.07655898865784015
2014-09-24,0.08207786026469252
2014-09-25,0.10678563245709914
2014-09-26,0.11040382411856593
2014-09-29,0.10952010300586931
2014-09-30,0.10686370513294748
2014-10-01,0.11947635027679113
2014-10-02,0.11551352688922453
2014-10-03,0.12196209527876196
2014-10-06,0.12071774904701907
2014-10-07,0.13431339974797704
2014-10-08,0.1502797618386725
2014-10-09,0.17078966477226043
2014-10-10,0.17493947707316518
2014-10-13,0.1847130406231527
2014-10-14,0.18255187967527578
2014-10-15,0.18106383786279412
2014-10-16,0.17828444754015588
2014-10-17,0.18160702013029095
2014-10-20,0.17481676475574084
2014-10-21,0.18915331768712917
2014-10-22,0.18877359519200648
2014-10-23,0.1930454159579061
2014-10-24,0.18691017045206557
2014-10-27,0.1853482013559693
2014-10-28,0.18606768401978385
2014-10-29,0.18414991218890756
2014-10-30,0.17670688859131398
2014-10-31,0.17209209481053978
2014-11-03,0.15508424686461716
2014-11-04,0.1494874209820365
2014-11-05,0.13814652826829363
2014-11-06,0.1378002264560363
2014-11-07,0.13356098966325972
2014-11-10,0.13259865328116416
2014-11-11,0.12481213524862787
2014-11-12,0.11943025054065241
2014-11-13,0.09911736811765015
2014-11-14,0.09496310723377549
2014-11-17,0.08451829863108173
2014-11-18,0.08264955239253434
2014-11-19,0.08218015557877795
2014-11-20,0.07124075439903942
2014-11-21,0.0734428429802907
2014-11-24,0.0703998499400532
2014-11-25,0.057850289397037895
2014-11-26,0.05793425723623787
2014-11-27,0.0565676517294191
2014-11-28,0.05401789321473992
2014-12-01,0.059954762776436465
2014-12-02,0.06418205148836756
2014-12-03,0.06400359693982405
2014-12-04,0.06323559995498793
2014-12-05,0.0629366567415764
2014-12-08,0.06959696800965269
2014-12-09,0.06897507009515691
2014-12-10,0.09808845834214844
2014-12-11,0.09621970169259053
2014-12-12,0.11735556950930967
2014-12-15,0.11863357339443445
2014-12-16,0.1205412228976061
2014-12-17,0.14510577922202927
2014-12-18,0.17333980010605557
2014-12-19,0.17087964133178174
2014-12-22,0.16876821533323136
2014-12-23,0.16636090035616677
2014-12-24,0.16273254206376137
2014-12-25,0.1591425535796391
2014-12-26,0.1572704489637001
2014-12-29,0.15573125476056923
2014-12-30,0.15602513570286936
2014-12-31,0.15904474693548037
2015-01-02,0.15768377423355573
2015-01-05,0.1660239986872442
2015-01-06,0.16790088869261782
2015-01-07,0.16385951372698138
2015-01-08,0.17642029233149403
2015-01-09,0.17591150807209868
2015-01-12,0.16276072695521815
2015-01-13,0.13981516513740733
2015-01-14,0.1388483888277747
2015-01-15,0.14219704515097392
2015-01-16,0.15031180813134468
2015-01-19,0.14851660260385122
2015-01-20,0.14639973622133484
2015-01-21,0.1459173276527474
2015-01-22,0.15695211291699931
2015-01-23,0.15685649166718735
2015-01-26,0.15117433908194886
2015-01-27,0.16017055489416965
2015-01-28,0.1568527261661051
2015-01-29,0.15667265876302572
2015-01-30,0.1595544122670714
2015-02-02,0.15497692430876614
2015-02-03,0.16165138628485076
2015-02-04,0.15764342372627063
2015-02-05,0.16105410688941207
2015-02-06,0.1583014989260375
2015-02-09,0.1544975469740149
2015-02-10,0.15176916784179387
2015-02-11,0.15059512057727348
2015-02-12,0.1537638283615402
2015-02-13,0.15273703955032822
2015-02-16,0.14146504140176677
2015-02-17,0.13942000226219908
2015-02-18,0.13780222201590628
2015-02-19,0.12900572985957737
2015-02-20,0.1224291812350612
2015-02-23,0.11691125824385872
2015-02-24,0.10772131384307267
2015-02-25,0.09784639589042575
2015-02-26,0.08407983085103943
2015-02-27,0.08306558390250078
2015-03-02,0.07895623875125232
2015-03-03,0.07953329309895325
2015-03-04,0.07970922941628569
2015-03-05,0.07038216353541345
2015-03-06,0.09263810700054324
2015-03-09,0.08624688528435477
2015-03-10,0.11073739387105443
2015-03-11,0.10918007628519888
2015-03-12,0.11881990580275477
2015-03-13,0.11973645214307937
2015-03-16,0.1301662233613808
2015-03-17,0.12721713108076563
2015-03-18,0.13492457350139375
2015-03-19,0.13459366865143912
2015-03-20,0.13743210620015833
2015-03-23,0.13580585651524948
2015-03-24,0.1365630665144426
2015-03-25,0.1477620551888471
2015-03-26,0.1450796244632373
2015-03-27,0.1434641937056391
2015-03-30,0.1502822423288891
2015-03-31,0.1456990456331824
2015-04-01,0.14437050956347833
2015-04-02,0.13145487602454448
2015-04-03,0.13001923671157473
2015-04-06,0.12418821844788028
2015-04-07,0.12177017054322038
2015-04-08,0.11200585173097796
2015-04-09,0.11206837615637479
2015-04-10,0.10550691860121496
2015-04-13,0.1046120748448091
2015-04-14,0.09966959485401367
2015-04-15,0.10060240225930327
2015-04-16,0.09751565150634961
2015-04-17,0.09661846875229893
2015-04-20,0.10182080408972045
2015-04-21,0.1003901891627533
2015-04-22,0.09257669991491665
2015-04-23,0.08696859624969476
2015-04-24,0.08474408495419104
2015-04-27,0.08502528259957001
2015-04-28,0.08493410349507405
2015-04-29,0.08275915112174623
2015-04-30,0.09251791119809759
2015-05-01,0.10110166888369869
2015-05-04,0.09951181856185766
2015-05-05,0.10949676609583345
2015-05-06,0.10807472654829377
2015-05-07,0.10746353073680592
2015-05-08,0.11844935002245002
2015-05-11,0.11923411509033063
2015-05-12,0.11177128772252404
2015-05-13,0.10588430619465604
2015-05-14,0.11365293597962718
2015-05-15,0.11073338198800423
2015-05-18,0.10988112017895453
2015-05-19,0.1085543150408043
2015-05-20,0.10631682622684234
2015-05-21,0.10549709557027474
2015-05-22,0.1045342020424171
2015-05-25,0.09796650563055498
2015-05-26,0.10035992628909456
2015-05-27,0.1057191492553966
2015-05-28,0.09683941012096292
2015-05-29,0.09822331797310806
2015-06-01,0.09662521620461183
2015-06-02,0.08413642230048506
2015-06-03,0.08180703878409189
2015-06-04,0.08870121654918096
2015-06-05,0.08762266344838392
2015-06-08,0.08337924935619365
2015-06-09,0.08223258777290196
2015-06-10,0.09457345691341189
2015-06-11,0.09367180506515305
2015-06-12,0.09703966808036801
2015-06-15,0.09776338369909174
2015-06-16,0.09871823942670767
2015-06-17,0.09810821585756657
2015-06-18,0.09928676920070982
2015-06-19,0.09603937400622674
2015-06-22,0.09758704141680072
2015-06-23,0.09377615038282784
2015-06-24,0.0981228995550979
2015-06-25,0.09775358010477703
2015-06-26,0.09633440901651465
2015-06-29,0.12769559542989822
2015-06-30,0.12588362266305234
2015-07-01,0.1252148524344348
2015-07-02,0.12356444831502526
2015-07-03,0.11492976149833102
2015-07-06,0.114562394032725
2015-07-07,0.11389809513999155
2015-07-08,0.13226181894998235
2015-07-09,0.1293042743926726
2015-07-10,0.13724419502340227
2015-07-13,0.13858456694875682
2015-07-14,0.13674730972499807
2015-07-15,0.133425968526288
2015-07-16,0.13629929321393852
2015-07-17,0.13241822606752068
2015-07-20,0.13078069259557065
2015-07-21,0.1306008693542479
2015-07-22,0.10913883421155371
2015-07-23,0.11020259323564548
2015-07-24,0.11608179614106849
2015-07-27,0.117110402175734
2015-07-28,0.12684181622879814
2015-07-29,0.12814036909934776
2015-07-30,0.125046206449568
2015-07-31,0.1107177143849877
2015-08-03,0.10972047271678924
2015-08-04,0.10067743706598595
2015-08-05,0.09313138726997579
2015-08-06,0.09665262664191798
2015-08-07,0.09622786299725702
2015-08-10,0.10575707342257822
2015-08-11,0.11195389204463488
2015-08-12,0.11017238839936418
2015-08-13,0.10787965285358529
2015-08-14,0.10772332824796343
2015-08-17,0.10714152813476577
2015-08-18,0.10026871680271741
2015-08-19,0.10375495217010625
2015-08-20,0.13052233719767659
2015-08-21,0.18515953354821846
2015-08-24,0.2491849693197963
2015-08-25,0.2508054048847249
2015-08-26,0.2937133454451292
2015-08-27,0.303727344882232
2015-08-28,0.29764727393063645
2015-08-31,0.2943651642718584
2015-09-01,0.3167924865713551
2015-09-02,0.3182175383720557
2015-09-03,0.3121166136151983
2015-09-04,0.3143266895845298
2015-09-07,0.31176958739016175
2015-09-08,0.32392085562234324
2015-09-09,0.3257691929748249
2015-09-10,0.32379255411757
2015-09-11,0.31966561177445685
2015-09-14,0.30954773609944
2015-09-15,0.29188232750847476
2015-09-16,0.2581476085196342
2015-09-17,0.2516480845968807
2015-09-18,0.2235421633650711
2015-09-21,0.20659815192311304
2015-09-22,0.2108711589521583
2015-09-23,0.20611526555022758
2015-09-24,0.1782190654657793
2015-09-25,0.16464566658550459
2015-09-28,0.19628680793048536
2015-09-29,0.1859141039805537
2015-09-30,0.19979551710152257
2015-10-01,0.17814479950963952
2015-10-02,0.17854671563697186
2015-10-05,0.19003620836602986
2015-10-06,0.18743736189670743
2015-10-07,0.18687566351739
2015-10-08,0.1828260539431421
2015-10-09,0.1784600459410435
2015-10-12,0.17666821489355883
2015-10-13,0.16792432427077825
2015-10-14,0.16668916340443726
2015-10-15,0.1708108293134766
2015-10-16,0.16996433482481604
2015-10-19,0.16760079164467762
2015-10-20,0.16645764569977647
2015-10-21,0.14222645646788648
2015-10-22,0.1565564940514065
2015-10-23,0.14764161204851245
2015-10-26,0.14570750214642536
2015-10-27,0.13625671043774695
2015-10-28,0.12973954784412042
2015-10-29,0.12701976498466594
2015-10-30,0.12438457861314567
2015-11-02,0.12836736544418845
2015-11-03,0.1268276577124597
2015-11-04,0.1267076430763051
2015-11-05,0.12293185092452535
2015-11-06,0.12091430818437444
2015-11-09,0.11660389973396657
2015-11-10,0.11461082714272891
2015-11-11,0.11418386684538873
2015-11-12,0.1277713495797932
2015-11-13,0.13367962144798035
2015-11-16,0.13453573493961155
2015-11-17,0.12720945980074275
2015-11-18,0.1417656470350599
2015-11-19,0.13888280767288436
2015-11-20,0.13239556794688387
2015-11-23,0.13067179031824647
2015-11-24,0.12844272036599746
2015-11-25,0.1205671543316158
2015-11-26,0.11854348459789345
2015-11-27,0.11693719447792507
2015-11-30,0.11736271682015736
2015-12-01,0.12429040940767522
2015-12-02,0.12793511349107042
2015-12-03,0.14060976816330614
2015-12-04,0.16263725084094402
2015-12-07,0.15590142949931116
2015-12-08,0.15100573202906764
2015-12-09,0.14398141773588016
2015-12-10,0.14241248263205666
2015-12-11,0.15448702230387693
2015-12-14,0.15244188104354028
2015-12-15,0.1558659899510998
2015-12-16,0.16490185702195226
2015-12-17,0.17524217821147275
2015-12-18,0.1882441662238979
2015-12-21,0.1884399285166015
2015-12-22,0.18888509865849126
2015-12-23,0.19295461086009905
2015-12-24,0.18796270890729477
2015-12-25,0.18161112857501374
2015-12-28,0.17338218882350734
2015-12-29,0.16331260206412976
2015-12-30,0.16274449931840385
2015-12-31,0.16483486024185584
2016-01-04,0.17340795745183518
2016-01-05,0.17193972162759213
2016-01-06,0.16604609756835634
2016-01-07,0.19235446116748237
2016-01-08,0.19169911487559554
2016-01-11,0.18258249670347285
2016-01-12,0.1755912069930643
2016-01-13,0.19494789735551257
2016-01-14,0.20134377271754836
2016-01-15,0.21726068500036383
2016-01-18,0.20897078726527
2016-01-19,0.20562536778050589
2016-01-20,0.2089294105827181
2016-01-21,0.2070115230343938
2016-01-22,0.21812252150873188
2016-01-25,0.2245473776458126
2016-01-26,0.22736555537760844
2016-01-27,0.22315375838401488
2016-01-28,0.22105312379739592
2016-01-29,0.23698416879315937
2016-02-01,0.2198932029120717
2016-02-02,0.22895962277165877
2016-02-03,0.22618915102908008
2016-02-04,0.2221672606864329
2016-02-05,0.2181376325599411
2016-02-08,0.21602134913465357
2016-02-09,0.2004428759541032
2016-02-10,0.19750142810509635
2016-02-11,0.2024790205722898
2016-02-12,0.21146621254899023
2016-02-15,0.20859560769580296
2016-02-16,0.20567904434099438
2016-02-17,0.20809992538769612
2016-02-18,0.20050876603050033
2016-02-19,0.19485530326147749
2016-02-22,0.2003552308473388
2016-02-23,0.1879310053195046
2016-02-24,0.1860803197337603
2016-02-25,0.1791345345146649
2016-02-26,0.17658215645909642
2016-02-29,0.17756113826618775
2016-03-01,0.1911141836421824
2016-03-02,0.1830118533509348
2016-03-03,0.18114623262920215
2016-03-04,0.17970926850449587
2016-03-07,0.17247356217007215
2016-03-08,0.1649415801012549
2016-03-09,0.16423597392866762
2016-03-10,0.1528496323826223
2016-03-11,0.1562727213031447
2016-03-14,0.1533235886080474
2016-03-15,0.151976884982512
2016-03-16,0.1439341278298444
2016-03-17,0.13869631245482877
2016-03-18,0.13726605892289576
2016-03-21,0.13077649913427897
2016-03-22,0.12945033162362812
2016-03-23,0.12839741737301147
2016-03-24,0.09927213479845721
2016-03-25,0.0969318785703602
2016-03-28,0.09511394318088218
2016-03-29,0.10048920774676882
2016-03-30,0.1004944543046704
2016-03-31,0.09276857431455471
2016-04-01,0.09330783961998869
2016-04-04,0.09345551493157211
2016-04-05,0.0863163189833226
2016-04-06,0.09544982328496612
2016-04-07,0.10658700323162838
2016-04-08,0.10371638908838837
2016-04-11,0.10058870912869407
2016-04-12,0.10563298060242274
2016-04-13,0.11139989373508512
2016-04-14,0.1102430616111108
2016-04-15,0.10657070219812542
2016-04-18,0.10862670486065543
2016-04-19,0.10797367042740375
2016-04-20,0.10719047702369054
2016-04-21,0.10441162936222273
2016-04-22,0.1024533987272738
2016-04-25,0.10165687670462116
2016-04-26,0.09893590664136763
2016-04-27,0.09779974664502854
2016-04-28,0.09905683335198054
2016-04-29,0.09442426695135656
2016-05-02,0.08950941976860971
2016-05-03,0.09558136420654689
2016-05-04,0.09772244762430124
2016-05-05,0.09024259788403063
2016-05-06,0.08332751347262078
2016-05-09,0.0823141256573186
2016-05-10,0.09631707938791918
2016-05-11,0.10071803178895145
2016-05-12,0.09873269530045889
2016-05-13,0.10422309683583254
2016-05-16,0.10863436345321635
2016-05-17,0.11450970335288488
2016-05-18,0.11321859730486446
2016-05-19,0.11260756032074692
2016-05-20,0.11370325156800598
2016-05-23,0.10838446757813539
2016-05-24,0.12000055257780295
2016-05-25,0.11877920912977465
2016-05-26,0.11350944852639985
2016-05-27,0.1119607403348057
2016-05-30,0.11060493022279373
2016-05-31,0.10949050512119533
2016-06-01,0.10860867467475868
2016-06-02,0.09985437653456851
2016-06-03,0.0943337555032888
2016-06-06,0.09557856127199814
2016-06-07,0.09037934731281838
2016-06-08,0.0846027912234986
2016-06-09,0.07794016468241119
2016-06-10,0.08665603036100415
2016-06-13,0.09186446995804579
2016-06-14,0.08883453033460637
2016-06-15,0.08778102117020214
2016-06-16,0.07486659386441596
2016-06-17,0.07145570854744902
2016-06-20,0.0742260524367369
2016-06-21,0.07299330957517129
2016-06-22,0.07209302960830873
2016-06-23,0.09020008305700873
2016-06-24,0.1774796192669698
2016-06-27,0.19046465237608168
2016-06-28,0.200529215076418
2016-06-29,0.20799363474784469
2016-06-30,0.21117007789780184
2016-07-01,0.2076334958198212
2016-07-04,0.20523506316315926
2016-07-05,0.20186948752815229
2016-07-06,0.19894651846516725
2016-07-07,0.19674304689248825
2016-07-08,0.20456042799316929
2016-07-11,0.20296884569280174
2016-07-12,0.20255995515880568
2016-07-13,0.1998911800636886
2016-07-14,0.19941740243475795
2016-07-15,0.19804822249322895
2016-07-18,0.19194675534432978
2016-07-19,0.14536645163537026
2016-07-20,0.13133236603263557
2016-07-21,0.11676165250419246
2016-07-22,0.10195685346744421
2016-07-25,0.09078323040398825
2016-07-26,0.08965627470242508
2016-07-27,0.08851595133643361
2016-07-28,0.08444650774742644
2016-07-29,0.0818913522938893
2016-08-01,0.08101654285950984
2016-08-02,0.06784221070578966
2016-08-03,0.06671673078781319
2016-08-04,0.0613754920910731
2016-08-05,0.07000425168463524
2016-08-08,0.06666973316781313
2016-08-09,0.06574837568815704
2016-08-10,0.06553512986910047
2016-08-11,0.06744205650629381
2016-08-12,0.06476960309677819
2016-08-15,0.06408798917387483
2016-08-16,0.06605740337397219
2016-08-17,0.0647175670842085
2016-08-18,0.06434603823051464
2016-08-19,0.06408236575915696
2016-08-22,0.06328440974792485
2016-08-23,0.06329296298165096
2016-08-24,0.06637889364761572
2016-08-25,0.06258165864003755
2016-08-26,0.061608636008869865
2016-08-29,0.06442045877648474
2016-08-30,0.05770151216773319
2016-08-31,0.058121639496743045
2016-09-01,0.05760845656363776
2016-09-02,0.05855800697777844
2016-09-05,0.05582204004218
2016-09-06,0.056717568263560364
2016-09-07,0.05533712065589449
2016-09-08,0.05248623997869512
2016-09-09,0.11733954623991769
2016-09-12,0.12947446645902227
2016-09-13,0.1415953074413856
2016-09-14,0.13988385313207408
2016-09-15,0.1426562128685811
2016-09-16,0.14054015412848128
2016-09-19,0.1384200003956879
2016-09-20,0.1360763806807209
2016-09-21,0.14086164522394531
2016-09-22,0.14144007482524654
2016-09-23,0.14186443423186607
2016-09-26,0.14529149672765615
2016-09-27,0.14582667955532277
2016-09-28,0.1461125985168496
2016-09-29,0.14982862982665432
2016-09-30,0.15208900392586525
2016-10-03,0.1510011216177073
2016-10-04,0.12616614831791784
2016-10-05,0.11576659300312626
2016-10-06,0.10310904380347967
2016-10-07,0.10295158736943062
2016-10-10,0.09759922637403014
2016-10-11,0.10951043706924202
2016-10-12,0.10791339181718924
2016-10-13,0.10782674417931189
2016-10-14,0.09971858417886666
2016-10-17,0.09711183883071253
2016-10-18,0.09756901298898393
2016-10-19,0.09193789816264092
2016-10-20,0.0888020952550404
2016-10-21,0.08646403952396121
2016-10-24,0.08139576340192395
2016-10-25,0.07783193058250742
2016-10-26,0.076304464381733
2016-10-27,0.07527907983037128
2016-10-28,0.07434003139692508
2016-10-31,0.07356461559421264
2016-11-01,0.07775044766751543
2016-11-02,0.0808258626272633
2016-11-03,0.07038369825329867
2016-11-04,0.06958435338188665
2016-11-07,0.11378190326865811
2016-11-08,0.11250032337513453
2016-11-09,0.11941145080190536
2016-11-10,0.1159078577395154
2016-11-11,0.11386974635568209
2016-11-14,0.11198586033161698
2016-11-15,0.11471082732032208
2016-11-16,0.11239991409223277
2016-11-17,0.1125378020925772
2016-11-18,0.11174510358251234
2016-11-21,0.11399502657902186
2016-11-22,0.1127179185829708
2016-11-23,0.11196920569529102
2016-11-24,0.10888782943620509
2016-11-25,0.10716654935622995
2016-11-28,0.10786533064865442
2016-11-29,0.10704990718269133
2016-11-30,0.0771635598585838
2016-12-01,0.07677944965715444
2016-12-02,0.0663495321223373
2016-12-05,0.06925337176695219
2016-12-06,0.0693525039494364
2016-12-07,0.08729760546812733
2016-12-08,0.08277050708989077
2016-12-09,0.08495226599827611
2016-12-12,0.0825093301065248
2016-12-13,0.08535335448005708
2016-12-14,0.08787681483359759
2016-12-15,0.08787691211051145
2016-12-16,0.08693494199242396
2016-12-19,0.08645629523708659
2016-12-20,0.08543904286006447
2016-12-21,0.08363336930738838
2016-12-22,0.0830615624482205
2016-12-23,0.08213845842235562
2016-12-26,0.08043376057966668
2016-12-27,0.08058180270746625
2016-12-28,0.08538532254298382
2016-12-29,0.08414095750219919
2016-12-30,0.073596321729043
2017-01-02,0.07251861345392406
2017-01-03,0.07705159245410367
2017-01-04,0.07965373149449735
2017-01-05,0.07553626445487475
2017-01-06,0.07082339211203392
2017-01-09,0.07053247241640663
2017-01-10,0.06929713942012475
2017-01-11,0.06919892526195295
2017-01-12,0.06806570562836597
2017-01-13,0.06701982176018952
2017-01-16,0.06632355810271731
2017-01-17,0.06697139632689529
2017-01-18,0.06699562340498733
2017-01-19,0.06783647463286699
2017-01-20,0.06264958889349824
2017-01-23,0.06345711728143912
2017-01-24,0.06650133787709613
2017-01-25,0.07336895632977035
2017-01-26,0.0671957793130032
2017-01-27,0.06347119231149187
2017-01-30,0.06811693461430406
2017-01-31,0.06586145607049253
2017-02-01,0.06423007584908558
2017-02-02,0.06356380761640017
2017-02-03,0.06943183402880963
2017-02-06,0.06833573619319475
2017-02-07,0.06758146904705707
2017-02-08,0.0668753092763972
2017-02-09,0.06952825484771114
2017-02-10,0.07010989096045678
2017-02-13,0.07165471038324071
2017-02-14,0.07195621666012002
2017-02-15,0.07386748398529086
2017-02-16,0.06956968042704108
2017-02-17,0.06386848228037703
2017-02-20,0.06329818681933437
2017-02-21,0.06745693902791082
2017-02-22,0.06384802353921107
2017-02-23,0.06310541708610541
2017-02-24,0.06298421856655435
2017-02-27,0.06275657220295347
2017-02-28,0.058529628430315464
2017-03-01,0.08026396752807104
2017-03-02,0.08328720573072836
2017-03-03,0.08207474882500157
2017-03-06,0.08017340384363701
2017-03-07,0.07954937236091454
2017-03-08,0.07712079366873724
2017-03-09,0.07497777060550183
2017-03-10,0.07336771645641325
2017-03-13,0.07283641555305763
2017-03-14,0.07359868431947683
2017-03-15,0.08035044338012845
2017-03-16,0.07759310819238559
2017-03-17,0.07688954318698599
2017-03-20,0.07683994788540262
2017-03-21,0.09280651517889688
2017-03-22,0.09186329933281943
2017-03-23,0.09030896489778771
2017-03-24,0.07720897215556102
2017-03-27,0.07385905888489439
2017-03-28,0.07848234986121598
2017-03-29,0.07686774884708707
2017-03-30,0.07598380879944801
2017-03-31,0.07573701057169376
2017-04-03,0.07531138805773205
2017-04-04,0.07396883388145559
2017-04-05,0.07431678628682782
2017-04-06,0.0734684084033152
2017-04-07,0.06732607921256714
2017-04-10,0.06660700699365635
2017-04-11,0.06631896321845314
2017-04-12,0.0679678245782834
2017-04-13,0.06019097082358161
2017-04-14,0.05903568593279154
2017-04-17,0.06822642643537737
2017-04-18,0.0682711726568735
2017-04-19,0.06774666470452338
2017-04-20,0.06921337955825813
2017-04-21,0.06971106724685404
2017-04-24,0.08107469337173584
2017-04-25,0.0837707938843722
2017-04-26,0.08226911906428691
2017-04-27,0.08144573977394598
2017-04-28,0.0801130924410894
2017-05-01,0.07942167265710814
2017-05-02,0.07831292207697564
2017-05-03,0.07813988269422485
2017-05-04,0.07759386533590015
2017-05-05,0.07770263425492772
2017-05-08,0.07363673846575476
2017-05-09,0.07334342839776815
2017-05-10,0.06691681930262977
2017-05-11,0.06672496413621733
2017-05-12,0.06627723159071976
2017-05-15,0.06392989709956505
2017-05-16,0.06245685888873687
2017-05-17,0.09308480941946981
2017-05-18,0.08970479205644542
2017-05-19,0.09222054285197748
2017-05-22,0.09299087762779149
2017-05-23,0.09180426825568211
2017-05-24,0.0908645537070611
2017-05-25,0.0911160469220321
2017-05-26,0.09011872578927294
2017-05-29,0.08917254059264838
2017-05-30,0.08743270145562224
2017-05-31,0.08680510115445327
2017-06-01,0.09140846232092396
2017-06-02,0.09185539094363851
2017-06-05,0.0909175502979435
2017-06-06,0.09111173315557246
2017-06-07,0.08930336452079271
2017-06-08,0.08860706933195117
2017-06-09,0.06290114981954
2017-06-12,0.06131986142492579
2017-06-13,0.059099828561525215
2017-06-14,0.05609144013465803
2017-06-15,0.05610112844074875
2017-06-16,0.055313112351321365
2017-06-19,0.0625682750174832
2017-06-20,0.06774598261159576
2017-06-21,0.06747032632011013
2017-06-22,0.06646589636177899
2017-06-23,0.06604174137692556
2017-06-26,0.060383874339620024
2017-06-27,0.06810849886201002
2017-06-28,0.0758241204350896
2017-06-29,0.08293437790111012
2017-06-30,0.0820967951967568
2017-07-03,0.08084921806015288
2017-07-04,0.08011065515307951
2017-07-05,0.07929257112303713
2017-07-06,0.08698042665891975
2017-07-07,0.08984333705101487
2017-07-10,0.08861035379115802
2017-07-11,0.08758324201171336
2017-07-12,0.08705468611783646
2017-07-13,0.08348453202773545
2017-07-14,0.08479795629354799
2017-07-17,0.08397128974429852
2017-07-18,0.08311374634046922
2017-07-19,0.08518180091125825
2017-07-20,0.07999480994894963
2017-07-21,0.07374243857914749
2017-07-24,0.06750467022889374
2017-07-25,0.06752915104626231
2017-07-26,0.06627804166313117
2017-07-27,0.06648751650577224
2017-07-28,0.06589053665408909
2017-07-31,0.05757318947584899
2017-08-01,0.05394708686868956
2017-08-02,0.05307016206881749
2017-08-03,0.05377668042617701
2017-08-04,0.04811443691901841
2017-08-07,0.04783466199175603
2017-08-08,0.04585891908930325
2017-08-09,0.04567917351952467
2017-08-10,0.07673275850878628
2017-08-11,0.07341137392830542
2017-08-14,0.08293312585013027
2017-08-15,0.08177950290979191
2017-08-16,0.08038720691752049
2017-08-17,0.10293091400755412
2017-08-18,0.10151592568679149
2017-08-21,0.09970044827145272
2017-08-22,0.10672535835653608
2017-08-23,0.10624096034647634
2017-08-24,0.10472394744116625
2017-08-25,0.10406926413464661
2017-08-28,0.10263250723449757
2017-08-29,0.10155640656787729
2017-08-30,0.10222095020439274
2017-08-31,0.10363819740896887
2017-09-01,0.10323601496001479
2017-09-04,0.08939149704530441
2017-09-05,0.09496916101525843
2017-09-06,0.08858959063402229
2017-09-07,0.08765416005531138
2017-09-08,0.08719608906506583
2017-09-11,0.08152882077473965
2017-09-12,0.08121775781488896
2017-09-13,0.08022140382115908
2017-09-14,0.07236485993017304
2017-09-15,0.07085358406929608
2017-09-18,0.07000478964256149
2017-09-19,0.06917657136953516
2017-09-20,0.06849156961465372
2017-09-21,0.06939150623069149
2017-09-22,0.0669998052838103
2017-09-25,0.06456804540966729
2017-09-26,0.06345812022859863
2017-09-27,0.06523319257052104
2017-09-28,0.05963901008871768
2017-09-29,0.0600688804496177
2017-10-02,0.061616675575744004
2017-10-03,0.06166148012482001
2017-10-04,0.04960855454658447
2017-10-05,0.05272588004550541
2017-10-06,0.05239371271112869
2017-10-09,0.052552628618214456
2017-10-10,0.05243344674034652
2017-10-11,0.052072864097283865
2017-10-12,0.05235668797482107
2017-10-13,0.05190360521026711
2017-10-16,0.05112093465234537
2017-10-17,0.05087304741072717
2017-10-18,0.05006382494095787
2017-10-19,0.04976502334175226
2017-10-20,0.05193373773541369
2017-10-23,0.05437409245996403
2017-10-24,0.052731307601277144
2017-10-25,0.054415677078734154
2017-10-26,0.053999658310647625
2017-10-27,0.062716567808771
2017-10-30,0.06030079622968932
2017-10-31,0.05987800515033676
2017-11-01,0.05958841407323109
2017-11-02,0.05795624495112189
2017-11-03,0.05851967183168988
2017-11-06,0.05790373888692148
2017-11-07,0.05721786908498888
2017-11-08,0.05682864091836043
2017-11-09,0.058861249796424514
2017-11-10,0.05863913373504785
2017-11-13,0.05832795279152021
2017-11-14,0.05640311153843428
2017-11-15,0.05940736097180944
2017-11-16,0.06727076652486193
2017-11-17,0.06620768454571048
2017-11-20,0.06526686066513361
2017-11-21,0.06433582560932878
2017-11-22,0.062784195485471
2017-11-23,0.06195008864218408
2017-11-24,0.061362045412402234
2017-11-27,0.061026821492535153
2017-11-28,0.0719386720430546
2017-11-29,0.07066805813570412
2017-11-30,0.07785377262411645
2017-12-01,0.07722277256241776
2017-12-04,0.0759087979878971
2017-12-05,0.07664563536807295
2017-12-06,0.0758648269553923
2017-12-07,0.07573040745468326
2017-12-08,0.07614813882595922
2017-12-11,0.07135501930643545
2017-12-12,0.07042939808565035
2017-12-13,0.06958253735147464
2017-12-14,0.06791186665037326
2017-12-15,0.07670775872726136
2017-12-18,0.07875643947694708
2017-12-19,0.07953385415325812
2017-12-20,0.07826504319191813
2017-12-21,0.07079058198241107
2017-12-22,0.07032455870031196
2017-12-25,0.06369941740978437
2017-12-26,0.06317079205538714
2017-12-27,0.062498804620950074
2017-12-28,0.06118832266840592
2017-12-29,0.06497960607324565
2018-01-02,0.07200586429983016
2018-01-03,0.07334271780134632
2018-01-04,0.073585980313785
2018-01-05,0.07820254998840537
2018-01-08,0.07751879665726168
2018-01-09,0.07573799592640301
2018-01-10,0.0688367208777587
2018-01-11,0.07154474518970427
2018-01-12,0.07521857608972825
2018-01-15,0.0742195321805194
2018-01-16,0.07489509060046118
2018-01-17,0.08323665931924006
2018-01-18,0.0829255811870893
2018-01-19,0.08411539073095796
2018-01-22,0.08957279462760152
2018-01-23,0.08827068670603766
2018-01-24,0.08605355181133895
2018-01-25,0.08081652957269336
2018-01-26,0.09105841382776686
2018-01-29,0.09327406549560255
2018-01-30,0.10059066313277716
2018-01-31,0.09909737629779855
2018-02-01,0.09820125476588029
2018-02-02,0.1329494963018719
2018-02-05,0.2180266413519121
2018-02-06,0.2238671282641877
2018-02-07,0.22072895668340606
2018-02-08,0.2714357597486895
2018-02-09,0.27098829707643024
2018-02-12,0.2707073975332246
2018-02-13,0.2670916266256866
2018-02-14,0.26819273495364704
2018-02-15,0.26910552639425545
2018-02-16,0.26597606406142243
2018-02-19,0.2624321191066128
2018-02-20,0.25855448434164463
2018-02-21,0.2564270557017185
2018-02-22,0.2512959223369417
2018-02-23,0.25771632929911875
2018-02-26,0.26049591637264463
2018-02-27,0.2541881416183813
2018-02-28,0.21389831540060378
2018-03-01,0.21126354378270343
2018-03-02,0.20926834660481466
2018-03-05,0.16830667240312489
2018-03-06,0.1583976418165947
2018-03-07,0.148759826473055
2018-03-08,0.14779543605503395
2018-03-09,0.15557248200032173
2018-03-12,0.14823093574133225
2018-03-13,0.14853243551434114
2018-03-14,0.1482267677549945
2018-03-15,0.14563995506794647
2018-03-16,0.1428284792591909
2018-03-19,0.15408676330932297
2018-03-20,0.14236481031812964
2018-03-21,0.13529140596982336
2018-03-22,0.16629728346325176
2018-03-23,0.18313775452163739
2018-03-26,0.2061264825375704
2018-03-27,0.2153480192736315
2018-03-28,0.20847697375409088
2018-03-29,0.21268449357298813
2018-03-30,0.20983460666933335
2018-04-02,0.22755910433587195
2018-04-03,0.22167904913818917
2018-04-04,0.22415393004404777
2018-04-05,0.22118532283967762
2018-04-06,0.23734740516042507
2018-04-09,0.23499370298657896
2018-04-10,0.24164879054867472
2018-04-11,0.2353628825544229
2018-04-12,0.2358161699459985
2018-04-13,0.2337459060468896
2018-04-16,0.2172257868972307
2018-04-17,0.2080814547767186
2018-04-18,0.1846351650138379
2018-04-19,0.17475280576670027
2018-04-20,0.17654126886498003
2018-04-23,0.1680770338754519
2018-04-24,0.1764867980502637
2018-04-25,0.15705465438018884
2018-04-26,0.155544312716787
2018-04-27,0.14882197280433768
2018-04-30,0.14957894229201008
2018-05-01,0.12771138839101884
2018-05-02,0.12945431709931418
2018-05-03,0.11567542437625784
2018-05-04,0.12394295994426575
2018-05-07,0.11968916531921517
2018-05-08,0.11760018521159434
2018-05-09,0.11958606697824187
2018-05-10,0.11906581553612969
2018-05-11,0.11764192391041497
2018-05-14,0.11449104141299733
2018-05-15,0.11352296014072577
2018-05-16,0.11343413402573244
2018-05-17,0.10250323817041998
2018-05-18,0.10171328765488703
2018-05-21,0.099547412513914
2018-05-22,0.09882602442424607
2018-05-23,0.09451514546132883
2018-05-24,0.09387787791828342
2018-05-25,0.09044579752972705
2018-05-28,0.08911679716983881
2018-05-29,0.09201797277803019
2018-05-30,0.10448483382826734
2018-05-31,0.10690974433046342
2018-06-01,0.10956612995550268
2018-06-04,0.10450901644928043
2018-06-05,0.10280067322711577
2018-06-06,0.10735273635331657
2018-06-07,0.10334396925656955
2018-06-08,0.1020926512129772
2018-06-11,0.10066758757502499
2018-06-12,0.09970260747518463
2018-06-13,0.09707930946455354
2018-06-14,0.09611093551456723
2018-06-15,0.09466197357724884
2018-06-18,0.09428370605460944
2018-06-19,0.09509575312996289
2018-06-20,0.09458035842774776
2018-06-21,0.08961506854533893
2018-06-22,0.07876291872238077
2018-06-25,0.09475322121836867
2018-06-26,0.08624563330459849
2018-06-27,0.09119787646671701
2018-06-28,0.09346743777261768
2018-06-29,0.08721134938363903
2018-07-02,0.0867363670058312
2018-07-03,0.08740324764817486
2018-07-04,0.08663768179666247
2018-07-05,0.09204608763302884
2018-07-06,0.0967667809891794
2018-07-09,0.10114943941878717
2018-07-10,0.101058450532962
2018-07-11,0.10471721219843623
2018-07-12,0.10838891353879751
2018-07-13,0.10687005091272868
2018-07-16,0.10362590863871379
2018-07-17,0.10412478237598927
2018-07-18,0.09230429414993553
2018-07-19,0.09252326101741475
2018-07-20,0.08715353523374751
2018-07-23,0.08381176737904895
2018-07-24,0.08551158389901342
2018-07-25,0.09176991432532416
2018-07-26,0.09033517992763769
2018-07-27,0.09423737089210077
2018-07-30,0.09202359556134164
2018-07-31,0.08884267209147953
2018-08-01,0.08279538179374218
2018-08-02,0.08331658831742729
2018-08-03,0.08084244282194022
2018-08-06,0.07556320809204875
2018-08-07,0.0756746955194477
2018-08-08,0.07482469701184462
2018-08-09,0.07305205655941496
2018-08-10,0.07823504100641578
2018-08-13,0.07847215852100838
2018-08-14,0.0818455033707681
2018-08-15,0.08700038362357482
2018-08-16,0.09028457354518703
2018-08-17,0.0851400088595222
2018-08-20,0.08390778117702784
2018-08-21,0.08053891644861598
2018-08-22,0.07690990811348714
2018-08-23,0.07492663437305408
2018-08-24,0.07811630955002781
2018-08-27,0.0816923334110415
2018-08-28,0.07972090075057703
2018-08-29,0.08122985462052705
2018-08-30,0.08196122783973966
2018-08-31,0.08131124073132909
2018-09-03,0.08035863475267319
2018-09-04,0.07645500716308377
2018-09-05,0.07557700386935068
2018-09-06,0.07350532223637608
2018-09-07,0.06901941326400259
2018-09-10,0.06368156193916773
2018-09-11,0.06384477480787466
2018-09-12,0.06269117716437972
2018-09-13,0.0653491046217086
2018-09-14,0.06486763745157453
2018-09-17,0.06826706551918388
2018-09-18,0.0680572404120327
2018-09-19,0.06238077432995569
2018-09-20,0.06975513155620959
2018-09-21,0.06607635590532242
2018-09-24,0.06527393735734482
2018-09-25,0.06477225836736836
2018-09-26,0.06594469586027916
2018-09-27,0.0656702813886702
2018-09-28,0.06453901160055998
2018-10-01,0.06448882479003834
2018-10-02,0.06342299031772039
2018-10-03,0.06244257166825523
2018-10-04,0.07047766215657031
2018-10-05,0.073825112271298
2018-10-08,0.07083277337644622
2018-10-09,0.07055300812809859
2018-10-10,0.15649360477629437
2018-10-11,0.17562942005364862
2018-10-12,0.18168438222530936
2018-10-15,0.17785339367314712
2018-10-16,0.19630817747201415
2018-10-17,0.1921041069115835
2018-10-18,0.1987192152646572
2018-10-19,0.19553888679794593
2018-10-22,0.19446232631384347
2018-10-23,0.19316303837580334
2018-10-24,0.23168302899388232
2018-10-25,0.24096935757582816
2018-10-26,0.24998119845241892
2018-10-29,0.24598326747918114
2018-10-30,0.25051464821696295
2018-10-31,0.25131525856969844
2018-11-01,0.25253832832273054
2018-11-02,0.22444372789648293
2018-11-05,0.21187596844299753
2018-11-06,0.20595438804100433
2018-11-07,0.22076217484470115
2018-11-08,0.20623917504604633
2018-11-09,0.20761336974488984
2018-11-12,0.21688855548792424
2018-11-13,0.2140150114657466
2018-11-14,0.21320511479013754
2018-11-15,0.21491043505783108
2018-11-16,0.18445364055218622
2018-11-19,0.18585771937560888
2018-11-20,0.19069181501672663
2018-11-21,0.18620885701209897
2018-11-22,0.1760978490387705
2018-11-23,0.17294936008781325
2018-11-26,0.17817596008310432
2018-11-27,0.17503037840352692
2018-11-28,0.19662035521658724
2018-11-29,0.1928523972995857
2018-11-30,0.18014048786322184
2018-12-03,0.18248491543233922
2018-12-04,0.22569004875344625
2018-12-05,0.21138199606260685
2018-12-06,0.2081161437435958
2018-12-07,0.2272298706287572
2018-12-10,0.22065546570271105
2018-12-11,0.21772358229042485
2018-12-12,0.20861008884107388
2018-12-13,0.1964748025560438
2018-12-14,0.2103784965343418
2018-12-17,0.22632239817849167
2018-12-18,0.22229340977274498
2018-12-19,0.22345086878904663
2018-12-20,0.23040597493960138
2018-12-21,0.23208312341628273
2018-12-24,0.25650903195465447
2018-12-25,0.25130521050231297
2018-12-26,0.31748990997339405
2018-12-27,0.29350260108597337
2018-12-28,0.28948921007371875
2018-12-31,0.28652649113453277
2019-01-02,0.27116929345314184
2019-01-03,0.28805060753341455
2019-01-04,0.31655310719248475
2019-01-07,0.31287249602635747
2019-01-08,0.31199249018329883
2019-01-09,0.30204930999399715
2019-01-10,0.29022454761843425
2019-01-11,0.2877023530290587
2019-01-14,0.28074231991080745
2019-01-15,0.27633799211357
2019-01-16,0.2651455165588352
2019-01-17,0.24849335957396582
2019-01-18,0.2517499282364857
2019-01-21,0.18942728301892275
2019-01-22,0.19432609279250293
2019-01-23,0.19213528955121478
2019-01-24,0.18822566628365095
2019-01-25,0.18912310660015746
2019-01-28,0.17092949640883195
2019-01-29,0.12490821667620473
2019-01-30,0.1368048660213465
2019-01-31,0.13419362274953178
2019-02-01,0.1311311279192386
2019-02-04,0.13123037504441798
2019-02-05,0.13077878104149096
2019-02-06,0.12825885087625027
2019-02-07,0.12783736255183992
2019-02-08,0.1262601805691833
2019-02-11,0.12176649933568308
2019-02-12,0.12389275637240976
2019-02-13,0.12304019487430894
2019-02-14,0.1125314941413503
2019-02-15,0.1193154138313886
2019-02-18,0.11774156240746386
2019-02-19,0.11295454581692502
2019-02-20,0.10871645268697486
2019-02-21,0.10871584253885336
2019-02-22,0.09780454355469524
2019-02-25,0.09220813239395251
2019-02-26,0.0911927993050082
2019-02-27,0.08741454986697104
2019-02-28,0.08607208539119103
2019-03-01,0.08961002862980573
2019-03-04,0.0846107786191869
2019-03-05,0.08380014308458787
2019-03-06,0.08771308127864177
2019-03-07,0.08320905808130524
2019-03-08,0.08160363362026199
2019-03-11,0.10037359892610015
2019-03-12,0.09235899279516505
2019-03-13,0.09566198956671465
2019-03-14,0.09363119442503755
2019-03-15,0.09445050244653519
2019-03-18,0.09374983875762714
2019-03-19,0.09006570152327849
2019-03-20,0.08995561877597658
2019-03-21,0.09952208523619854
2019-03-22,0.1279320002588785
2019-03-25,0.1254141074785342
2019-03-26,0.12483846404567421
2019-03-27,0.12387124600091919
2019-03-28,0.12335766508675694
2019-03-29,0.12298599539199245
2019-04-01,0.12768496900261436
2019-04-02,0.1257878013253538
2019-04-03,0.11449018762033572
2019-04-04,0.11297204544438197
2019-04-05,0.1110913993718091
2019-04-08,0.11045071448984656
2019-04-09,0.11119180510414867
2019-04-10,0.11023531904602481
2019-04-11,0.10957418002084982
2019-04-12,0.11134074857349346
2019-04-15,0.1043111298312972
2019-04-16,0.08122268559795472
2019-04-17,0.08095566806270538
2019-04-18,0.07681794787638574
2019-04-19,0.0743389473292732
2019-04-22,0.07259953725784209
2019-04-23,0.07714885426323707
2019-04-24,0.06665592943435895
2019-04-25,0.06594788453914974
2019-04-26,0.06724670606359655
2019-04-29,0.06616886599613679
2019-04-30,0.06396169956062804
2019-05-01,0.07111778777110242
2019-05-02,0.067783239912384
2019-05-03,0.07688417937398599
2019-05-06,0.0785542521151867
2019-05-07,0.10274110637192509
2019-05-08,0.10064765281557835
2019-05-09,0.10039430062923599
2019-05-10,0.09954128783026468
2019-05-13,0.1423090832854099
2019-05-14,0.1432495710656968
2019-05-15,0.1431526518742798
2019-05-16,0.1425896422056143
2019-05-17,0.14206075000634497
2019-05-20,0.1435554862217372
2019-05-21,0.1451126530561117
2019-05-22,0.144063009941595
2019-05-23,0.15174617782199268
2019-05-24,0.1471437099909819
2019-05-27,0.14568381860259116
2019-05-28,0.14535324712695027
2019-05-29,0.1461638776261252
2019-05-30,0.13349686916211195
2019-05-31,0.14374396041974924
2019-06-03,0.14257734003252726
2019-06-04,0.16600242444510355
2019-06-05,0.14482806196036585
2019-06-06,0.1423499452967816
2019-06-07,0.1448255969216969
2019-06-10,0.1415869267490368
2019-06-11,0.1383629309462722
2019-06-12,0.13487481314721547
2019-06-13,0.13137314507810108
2019-06-14,0.1297607708274876
2019-06-17,0.12195797334571999
2019-06-18,0.1270294182397402
2019-06-19,0.12647314832586204
2019-06-20,0.12810313936724302
2019-06-21,0.12489593737279459
2019-06-24,0.12400879139251691
2019-06-25,0.1214099982466507
2019-06-26,0.12003768631454752
2019-06-27,0.09632066012525303
2019-06-28,0.09388402220820805
2019-07-01,0.09534406020974154
2019-07-02,0.08823848002240633
2019-07-03,0.09135882773455976
2019-07-04,0.08995830818253697
2019-07-05,0.08935225481389401
2019-07-08,0.08988734535400926
2019-07-09,0.08856134691378838
2019-07-10,0.08962701112818112
2019-07-11,0.08330423501147811
2019-07-12,0.08340944231712014
2019-07-15,0.07652586652284432
2019-07-16,0.07723607820811025
2019-07-17,0.08161860525129204
2019-07-18,0.07559925036156932
2019-07-19,0.07917448256760327
2019-07-22,0.07797205764298426
2019-07-23,0.07954516295194748
2019-07-24,0.07670362361014066
2019-07-25,0.07830690178396982
2019-07-26,0.07902317697454543
2019-07-29,0.07864660435725505
2019-07-30,0.07811981187211182
2019-07-31,0.08852579888026145
2019-08-01,0.0954087819963369
2019-08-02,0.09833178334030611
2019-08-05,0.16022483971969284
2019-08-06,0.1656706920785922
2019-08-07,0.1622757208873415
2019-08-08,0.17649629583720997
2019-08-09,0.17438023120613896
2019-08-12,0.17930745143032267
2019-08-13,0.18629351406089184
2019-08-14,0.2218790320643073
2019-08-15,0.21742103799245063
2019-08-16,0.22204503446291088
2019-08-19,0.2233392791420915
2019-08-20,0.22169858796183775
2019-08-21,0.22143239103191495
2019-08-22,0.2190351578744231
2019-08-23,0.2413783483040711
2019-08-26,0.240990648901938
2019-08-27,0.23703319420002109
2019-08-28,0.21291790917556397
2019-08-29,0.21171870755909766
2019-08-30,0.20960136563795576
2019-09-02,0.19780818895352584
2019-09-03,0.19689930288157562
2019-09-04,0.1953830212022748
2019-09-05,0.19451142338246033
2019-09-06,0.16437619452905322
2019-09-09,0.16253775417580948
2019-09-10,0.15311265776112593
2019-09-11,0.14918841271467667
2019-09-12,0.14522327400515803
2019-09-13,0.14119664093433162
2019-09-16,0.14089829175925694
2019-09-17,0.10814675979076326
2019-09-18,0.10021357726180646
2019-09-19,0.09835587988292474
2019-09-20,0.09713211516823153
2019-09-23,0.08618796150353193
2019-09-24,0.0928267788957458
2019-09-25,0.09462917677806945
2019-09-26,0.09105514679147857
2019-09-27,0.08567145856000674
2019-09-30,0.07478370734506941
2019-10-01,0.0908867434563243
2019-10-02,0.11725041086823643
2019-10-03,0.11944957193708447
2019-10-04,0.1290949846604248
2019-10-07,0.12769182340135157
2019-10-08,0.14295598160894757
2019-10-09,0.14445595927015964
2019-10-10,0.14410502611937473
2019-10-11,0.14924677592447125
2019-10-14,0.1474085078137008
2019-10-15,0.14988336253828802
2019-10-16,0.14876013603399624
2019-10-17,0.1445598623418768
2019-10-18,0.14299153277369833
2019-10-21,0.1438482317160447
2019-10-22,0.14246959104209475
2019-10-23,0.1406869462437948
2019-10-24,0.13373033042529991
2019-10-25,0.11880340873217746
2019-10-28,0.11676448519741893
2019-10-29,0.10573418947909166
2019-10-30,0.10460848460510207
2019-10-31,0.09023178037973249
2019-11-01,0.09264656943219987
2019-11-04,0.09015498352084217
2019-11-05,0.08142965869032943
2019-11-06,0.08076729127000726
2019-11-07,0.07284025968319158
2019-11-08,0.07229605915683746
2019-11-11,0.07141581356088154
2019-11-12,0.06972600380993867
2019-11-13,0.06525958873043633
2019-11-14,0.06333710831976826
2019-11-15,0.06956238923012063
2019-11-18,0.06879143596897087
2019-11-19,0.06690383121544946
2019-11-20,0.06546499433106326
2019-11-21,0.06536895368491903
2019-11-22,0.06431750475085206
2019-11-25,0.07000077876515486
2019-11-26,0.06157754834974521
2019-11-27,0.06216658510746125
2019-11-28,0.061202484650931345
2019-11-29,0.0631777218284861
2019-12-02,0.07193795657259297
2019-12-03,0.07634748900971627
2019-12-04,0.0789764070775787
2019-12-05,0.0782563078605211
2019-12-06,0.08557734207864115
2019-12-09,0.08565782424407452
2019-12-10,0.08089046963891242
2019-12-11,0.08050815268074497
2019-12-12,0.0869574915889146
2019-12-13,0.08528748391846135
2019-12-16,0.08903308467493283
2019-12-17,0.08790375365777155
2019-12-18,0.08326205022246713
2019-12-19,0.08396638036195411
2019-12-20,0.08462938246820065
2019-12-23,0.08388827368278708
2019-12-24,0.0820199003322653
2019-12-25,0.0761011656240022
2019-12-26,0.07512654963263553
2019-12-27,0.07162617605762321
2019-12-30,0.07529058405952804
2019-12-31,0.06889762633754283
2020-01-02,0.07551741487732401
2020-01-03,0.08059072016166598
2020-01-06,0.0803628004907447
2020-01-07,0.07542710801215002
2020-01-08,0.07679772958990125
2020-01-09,0.07650310744194287
2020-01-10,0.07691279188779736
2020-01-13,0.0811244074513559
2020-01-14,0.07923934685048123
2020-01-15,0.07707882994813484
2020-01-16,0.08319220866339984
2020-01-17,0.0836798384848524
2020-01-20,0.08278552873583306
2020-01-21,0.0815876283408346
2020-01-22,0.08059799745040835
2020-01-23,0.0776760426957829
2020-01-24,0.08576385999324194
2020-01-27,0.10475307085603369
2020-01-28,0.10881943266280908
2020-01-29,0.1059418552244909
2020-01-30,0.1046270995691139
2020-01-31,0.12739443928944785
2020-02-03,0.12620837609112104
2020-02-04,0.1386859707743534
2020-02-05,0.14250224299296654
2020-02-06,0.14084612930616297
2020-02-07,0.1406269883703302
2020-02-10,0.13925933867955914
2020-02-11,0.13661349292750274
2020-02-12,0.1382164399958469
2020-02-13,0.1362155423781471
2020-02-14,0.1353535899066601
2020-02-17,0.13422541816626016
2020-02-18,0.13030756660319595
2020-02-19,0.11925060770299446
2020-02-20,0.11448326966858156
2020-02-21,0.12251887863318062
2020-02-24,0.18851493851778606
2020-02-25,0.2178656866652189
2020-02-26,0.2128130296069211
2020-02-27,0.27846811854150877
2020-02-28,0.27265685411864476
2020-03-02,0.32576224908465984
2020-03-03,0.3411136509536379
2020-03-04,0.37718385940150323
2020-03-05,0.39760848922495545
2020-03-06,0.3974186202589725
2020-03-09,0.5163554852137359
2020-03-10,0.5434493170710576
2020-03-11,0.5730316810848639
2020-03-12,0.7017781737438534
2020-03-13,0.7844309739383228
2020-03-16,0.9380375598979299
2020-03-17,0.9532468363944966
2020-03-18,0.9573173816575252
2020-03-19,0.9354073677238849
2020-03-20,0.9392547404171889
2020-03-23,0.9249526885695779
2020-03-24,0.9878957760716655
2020-03-25,0.9632357658499423
2020-03-26,0.9790408464875895
2020-03-27,0.970739264106273
2020-03-30,0.9627718629662545
2020-03-31,0.9534652756009391
2020-04-01,0.9271803425995774
2020-04-02,0.9089103454797769
2020-04-03,0.8879033786654946
2020-04-06,0.8616113608936307
2020-04-07,0.7990558026894832
2020-04-08,0.676619145448635
2020-04-09,0.6408088761172943
2020-04-10,0.6068908972271533
2020-04-13,0.6005381578683248
2020-04-14,0.587019184296945
2020-04-15,0.5805398571532102
2020-04-16,0.487153056329215
2020-04-17,0.4924219472858105
2020-04-20,0.4478792151782971
2020-04-21,0.44633203208424443
2020-04-22,0.435524806948691
2020-04-23,0.4252552272147792
2020-04-24,0.39608034243419576
2020-04-27,0.3887181142577743
2020-04-28,0.381211659431157
2020-04-29,0.31953528392392866
2020-04-30,0.31456829765804223
2020-05-01,0.3129384513286507
2020-05-04,0.30385087778097264
2020-05-05,0.30139513712513233
2020-05-06,0.2968403331849636
2020-05-07,0.27894205486533813
2020-05-08,0.2734059650354444
2020-05-11,0.269475081363635
2020-05-12,0.2656234341947187
2020-05-13,0.2662659155569077
2020-05-14,0.24504546207921357
2020-05-15,0.22812312930625986
2020-05-18,0.2599327658439171
2020-05-19,0.255691301798519
2020-05-20,0.2556133371970089
2020-05-21,0.25406872207428327
2020-05-22,0.23507601197071742
2020-05-25,0.2300530614040632
2020-05-26,0.21115550782728226
2020-05-27,0.21669451525370984
2020-05-28,0.2119552189992233
2020-05-29,0.2089210525082483
2020-06-01,0.20360342331747983
2020-06-02,0.19653813887891972
2020-06-03,0.20279324235526153
2020-06-04,0.1883572237935303
2020-06-05,0.20715660603456693
2020-06-08,0.20686586639929969
2020-06-09,0.20654641192466752
2020-06-10,0.17608833721474568
2020-06-11,0.30721563498827925
2020-06-12,0.30233310246336675
2020-06-15,0.29605605587408856
2020-06-16,0.30091653538780383
2020-06-17,0.29687218072146054
2020-06-18,0.2891196192290969
2020-06-19,0.28236119175103425
2020-06-22,0.27925330367997653
2020-06-23,0.27666609729684954
2020-06-24,0.29519187101685956
2020-06-25,0.294058418930653
2020-06-26,0.30604232752257504
2020-06-29,0.30769248001772237
2020-06-30,0.29927365743286244
2020-07-01,0.2937755690109939
2020-07-02,0.29026889959483615
2020-07-03,0.2871791083890133
2020-07-06,0.20857089998328007
2020-07-07,0.20596498799781024
2020-07-08,0.20331928787672912
2020-07-09,0.1916643770897708
2020-07-10,0.19374601897093435
2020-07-13,0.19508240686984415
2020-07-14,0.19970050852730273
2020-07-15,0.19983640587823104
2020-07-16,0.19751421028928035
2020-07-17,0.1750208501407737
2020-07-20,0.1724918239796355
2020-07-21,0.14944895864056923
2020-07-22,0.14106965514611447
2020-07-23,0.1400860391662893
2020-07-24,0.13934741743918094
2020-07-27,0.13960776678866005
2020-07-28,0.14128609570865128
2020-07-29,0.13842705180429346
2020-07-30,0.13275702706793188
2020-07-31,0.13177100896459862
2020-08-03,0.1324133972947844
2020-08-04,0.12637588226499338
2020-08-05,0.12352281270090527
2020-08-06,0.11660011269390085
2020-08-07,0.11102766942622402
2020-08-10,0.10947586706156452
2020-08-11,0.11311328066278067
2020-08-12,0.12233042381557188
2020-08-13,0.12137729599982736
2020-08-14,0.11826127569857606
2020-08-17,0.10998325715034227
2020-08-18,0.10732680342010607
2020-08-19,0.10482758408611294
2020-08-20,0.10210745407508721
2020-08-21,0.09311276723182359
2020-08-24,0.10006753543824608
2020-08-25,0.096518203970383
2020-08-26,0.10126463134039468
2020-08-27,0.10007397034808771
2020-08-28,0.10005648248232786
2020-08-31,0.09667533189297009
2020-09-01,0.10080548851901114
2020-09-02,0.11760877320529356
2020-09-03,0.1881896505967753
2020-09-04,0.18179318758714344
2020-09-07,0.17840188938683843
2020-09-08,0.21163027897312384
2020-09-09,0.2233433560152622
2020-09-10,0.2326824457509853
2020-09-11,0.2287834555805845
2020-09-14,0.23031804424412883
2020-09-15,0.22760378199426334
2020-09-16,0.22372033579156472
2020-09-17,0.2234181918666873
2020-09-18,0.22389265900428562
2020-09-21,0.22720125107733602
2020-09-22,0.22830625771980045
2020-09-23,0.24761165471249275
2020-09-24,0.24372131606926006
2020-09-25,0.24509452842504295
2020-09-28,0.22007250991670332
2020-09-29,0.21614928259962413
2020-09-30,0.21677946840941195
2020-10-01,0.1933816580482427
2020-10-02,0.18321933700402257
2020-10-05,0.18616604140344628
2020-10-06,0.19334683323323676
2020-10-07,0.19857485281484116
2020-10-08,0.1974630924952343
2020-10-09,0.19811762468801875
2020-10-12,0.20490161133698978
2020-10-13,0.20009190748079986
2020-10-14,0.19651317500927912
2020-10-15,0.19148477293135865
2020-10-16,0.17092839936370774
2020-10-19,0.1828440994576333
2020-10-20,0.17352064099147285
2020-10-21,0.1627358782725093
2020-10-22,0.1618492094448946
2020-10-23,0.15820849513831542
2020-10-26,0.17445249722069045
2020-10-27,0.170530808129637
2020-10-28,0.21792790393796627
2020-10-29,0.21505995502672864
2020-10-30,0.20955640049612795
2020-11-02,0.2101582529372233
2020-11-03,0.217834675976216
2020-11-04,0.22619624844661948
2020-11-05,0.23543960674097508
2020-11-06,0.23093017166739305
2020-11-09,0.23273857628562244
2020-11-10,0.2297664929965758
2020-11-11,0.22260826846620752
2020-11-12,0.22369830330231114
2020-11-13,0.2281949718402212
2020-11-16,0.23013835834694055
2020-11-17,0.22883618196159525
2020-11-18,0.223936284474259
2020-11-19,0.22170782234786368
2020-11-20,0.18550364004783737
2020-11-23,0.18051831454669465
2020-11-24,0.18629123601093167
2020-11-25,0.18001777270922603
2020-11-26,0.1673149519320714
2020-11-27,0.14884084180670035
2020-11-30,0.1330763684012411
2020-12-01,0.13928931582623075
2020-12-02,0.13210472503382498
2020-12-03,0.13037055104854522
2020-12-04,0.1317316621329075
2020-12-07,0.1261172180117595
2020-12-08,0.11642061007573239
2020-12-09,0.11379076664092098
2020-12-10,0.1113743288983086
2020-12-11,0.10299426466898719
2020-12-14,0.10280866235478653
2020-12-15,0.11188875213155114
2020-12-16,0.10959120697112795
2020-12-17,0.09641330823016366
2020-12-18,0.09598811865428394
2020-12-21,0.09657365865962679
2020-12-22,0.09542817870391941
2020-12-23,0.0929121002704739
2020-12-24,0.0849252771979757
2020-12-25,0.08366931754155271
2020-12-28,0.08991841476393041
2020-12-29,0.08475742409982226
2020-12-30,0.0837379668384656
2020-12-31,0.08624400508038609
2021-01-04,0.10279088525541301
2021-01-05,0.10532167451383598
2021-01-06,0.10597009679779187
2021-01-07,0.12037056912655014
2021-01-08,0.11249777688594272
2021-01-11,0.11463416723479714
2021-01-12,0.11100101255587341
2021-01-13,0.10933884309736598
2021-01-14,0.10812927855203754
2021-01-15,0.11146778628669364
2021-01-18,0.11017264744083435
2021-01-19,0.1136272687924444
2021-01-20,0.12599885166077462
2021-01-21,0.12092368190254815
2021-01-22,0.12022647750219724
2021-01-25,0.11988676408793682
2021-01-26,0.11684800072129392
2021-01-27,0.151741554355145
2021-01-28,0.15258467614823304
2021-01-29,0.17004369208185013
2021-02-01,0.17360209946191643
2021-02-02,0.1782073959939567
2021-02-03,0.1741992753458786
2021-02-04,0.17709267145693022
2021-02-05,0.17555487387550567
2021-02-08,0.1752867092347452
2021-02-09,0.17162217735549898
2021-02-10,0.16971515397923576
2021-02-11,0.1661125585394247
2021-02-12,0.15879575116006353
2021-02-15,0.1574351834688383
2021-02-16,0.15636973973039792
2021-02-17,0.15481819967148736
2021-02-18,0.15504194898527682
2021-02-19,0.12703362677428892
2021-02-22,0.12629231335315433
2021-02-23,0.10616743213991925
2021-02-24,0.10169467241393557
2021-02-25,0.13762891325930574
2021-02-26,0.13637812595151824
2021-03-01,0.16192379675372742
2021-03-02,0.1618302285162232
2021-03-03,0.16635667951709765
2021-03-04,0.1727328414416603
2021-03-05,0.18813770716800787
2021-03-08,0.18634417442908238
2021-03-09,0.19219346865339593
2021-03-10,0.19076157464064886
2021-03-11,0.1931725628935626
2021-03-12,0.1906537315554515
2021-03-15,0.1901914934165915
2021-03-16,0.18810608639771326
2021-03-17,0.18486208760167583
2021-03-18,0.19418655171317092
2021-03-19,0.18903707198414224
2021-03-22,0.16963589913260535
2021-03-23,0.17056425821286655
2021-03-24,0.15077855895133993
2021-03-25,0.14844697239300478
2021-03-26,0.1557308863023046
2021-03-29,0.14711145313232707
2021-03-30,0.13093304221512947
2021-03-31,0.12846143166602503
2021-04-01,0.12724335810582627
2021-04-02,0.12363102840951898
2021-04-05,0.13111215876055676
2021-04-06,0.1295095997579058
2021-04-07,0.12589144526564852
2021-04-08,0.1257148282125483
2021-04-09,0.12788523323058412
2021-04-12,0.11627008641725552
2021-04-13,0.11543183099717767
2021-04-14,0.11326479431632928
2021-04-15,0.11805006073324699
2021-04-16,0.1165056022988772
2021-04-19,0.11626093664765551
2021-04-20,0.10514715497263363
2021-04-21,0.11052260823740294
2021-04-22,0.11598488036525138
2021-04-23,0.12202631691974501
2021-04-26,0.1137982144095371
2021-04-27,0.11245706230001572
2021-04-28,0.10026439880854714
2021-04-29,0.10244944194310704
2021-04-30,0.10583079409111693
2021-05-03,0.10397938262326058
2021-05-04,0.10371788189567019
2021-05-05,0.10257906345329171
2021-05-06,0.1063388223610358
2021-05-07,0.10882824504341422
2021-05-10,0.11037317949410097
2021-05-11,0.11465071875050287
2021-05-12,0.1450020894272258
2021-05-13,0.14906068232726224
2021-05-14,0.15576339781452292
2021-05-17,0.150816149756414
2021-05-18,0.14842920576156104
2021-05-19,0.14626506964639638
2021-05-20,0.15088088811876207
2021-05-21,0.14894952713350632
2021-05-24,0.15077597244756838
2021-05-25,0.14728996930658553
2021-05-26,0.14586994418021182
2021-05-27,0.14261555913231683
2021-05-28,0.14153427136297303
2021-05-31,0.1376004552632747
2021-06-01,0.1343707644857317
2021-06-02,0.12877793699774637
2021-06-03,0.12549031805044975
2021-06-04,0.10735665732656959
2021-06-07,0.09802778852921476
2021-06-08,0.08360052443337242
2021-06-09,0.08216771666040405
2021-06-10,0.07836478203725368
2021-06-11,0.07726451431639932
2021-06-14,0.06788234047905443
2021-06-15,0.0673848030910483
2021-06-16,0.06251872519755566
2021-06-17,0.06148790123265146
2021-06-18,0.08280498171580161
2021-06-21,0.09922057584666683
2021-06-22,0.09947846914902281
2021-06-23,0.09798480256223206
2021-06-24,0.0995014667563178
2021-06-25,0.09878510437837568
2021-06-28,0.09744323103432487
2021-06-29,0.09152398870699886
2021-06-30,0.09044244281375557
2021-07-01,0.09206914397367234
2021-07-02,0.09615095909504642
2021-07-05,0.09391121243758482
2021-07-06,0.09311151470042064
2021-07-07,0.09315487445432298
2021-07-08,0.09937549738503679
2021-07-09,0.10724326129946865
2021-07-12,0.10742237991625603
2021-07-13,0.09731334488274732
2021-07-14,0.08409558007470176
2021-07-15,0.08265097516788802
2021-07-16,0.08802509366023267
2021-07-19,0.10863634545374144
2021-07-20,0.12303194741653016
2021-07-21,0.12499694994868871
2021-07-22,0.12354444466113437
2021-07-23,0.12863050618925828
2021-07-26,0.12559755456441607
2021-07-27,0.12340373696067555
2021-07-28,0.12195571873646585
2021-07-29,0.12152302107611215
2021-07-30,0.1223412464355492
2021-08-02,0.11786298654507528
2021-08-03,0.11530075681953696
2021-08-04,0.11525890685402758
2021-08-05,0.11643500862056988
2021-08-06,0.11537129956470736
2021-08-09,0.11434812315927925
2021-08-10,0.11055114495216704
2021-08-11,0.09569797437707526
2021-08-12,0.08188324415584357
2021-08-13,0.07641439606902727
2021-08-16,0.0757550726086898
2021-08-17,0.07381046338717953
2021-08-18,0.08622340560671063
2021-08-19,0.08313312848836449
2021-08-20,0.08822451291464407
2021-08-23,0.09259301678811321
2021-08-24,0.08945734620555722
2021-08-25,0.08850436087604142
2021-08-26,0.08713723869320907
2021-08-27,0.09175449528446782
2021-08-30,0.09015301628644437
2021-08-31,0.08913596817142767
2021-09-01,0.08796588780969954
2021-09-02,0.08758426215783045
2021-09-03,0.08650125175488087
2021-09-06,0.0848397665716391
2021-09-07,0.08546879048738942
2021-09-08,0.08469144548260638
2021-09-09,0.08323231332856708
2021-09-10,0.08100088413569624
2021-09-13,0.08047981893036525
2021-09-14,0.0789707278336481
2021-09-15,0.0807144814897919
2021-09-16,0.07941466224657712
2021-09-17,0.08774357350030082
2021-09-20,0.11089356295452155
2021-09-21,0.10525513975910732
2021-09-22,0.10947030057083158
2021-09-23,0.11843595400960166
2021-09-24,0.11643130740284267
2021-09-27,0.11529287349742677
2021-09-28,0.14347600581676295
2021-09-29,0.14060324904666033
2021-09-30,0.14796942081262515
2021-10-01,0.15326953167606774
2021-10-04,0.16061159273891193
2021-10-05,0.16188137127435903
2021-10-06,0.15961726361640466
2021-10-07,0.16032502404507654
2021-10-08,0.15646766297034465
2021-10-11,0.15743063338214094
2021-10-12,0.1532507924228199
2021-10-13,0.14097285003392707
2021-10-14,0.15582954476398034
2021-10-15,0.15352916527543936
2021-10-18,0.1471774348716122
2021-10-19,0.14880644241472477
2021-10-20,0.147618541365973
2021-10-21,0.12929574093230506
2021-10-22,0.12792890578667168
2021-10-25,0.12156066690062711
2021-10-26,0.11445162909996046
2021-10-27,0.10670834937193864
2021-10-28,0.10727841027802766
2021-10-29,0.10513368503562195
2021-11-01,0.10054468205304168
2021-11-02,0.10077658008892396
2021-11-03,0.10020111150646112
2021-11-04,0.10058161246572349
2021-11-05,0.10020305832165964
2021-11-08,0.08113597384356643
2021-11-09,0.077845447310312
2021-11-10,0.0843175844679164
2021-11-11,0.07902347241067179
2021-11-12,0.08283477261582868
2021-11-15,0.08072756210622747
2021-11-16,0.08147746740288779
2021-11-17,0.07995711911014644
2021-11-18,0.07989156460164913
2021-11-19,0.07752824610207158
2021-11-22,0.07102897741334624
2021-11-23,0.07016983366906619
2021-11-24,0.06946608906554927
2021-11-25,0.06785769020006578
2021-11-26,0.11656685627041696
2021-11-29,0.12616361153648525
2021-11-30,0.1467193411974829
2021-12-01,0.1532933616002086
2021-12-02,0.16108739929223873
2021-12-03,0.15983225029232304
2021-12-06,0.16450299422321082
2021-12-07,0.1813925021820979
2021-12-08,0.17867645666505055
2021-12-09,0.1787894964291514
2021-12-10,0.18026839690292817
2021-12-13,0.1822261600800298
2021-12-14,0.18261027353160794
2021-12-15,0.1926751881986484
2021-12-16,0.19383624434547891
2021-12-17,0.19656461289467111
2021-12-20,0.20098216348965534
2021-12-21,0.19733684311002483
2021-12-22,0.19424871034231125
2021-12-23,0.18264332736456812
2021-12-24,0.17550973398265987
2021-12-27,0.17642078435274783
2021-12-28,0.17227157431031634
2021-12-29,0.16602333859328847
2021-12-30,0.14947454189573753
2021-12-31,0.14789881499810403
2022-01-03,0.14674937972786334
2022-01-04,0.1417191911878136
2022-01-05,0.1607229246822481
2022-01-06,0.15617091821385343
2022-01-07,0.14560395166363044
2022-01-10,0.1407610228015161
2022-01-11,0.13977233375111084
2022-01-12,0.13332109735876047
2022-01-13,0.13264060552182325
2022-01-14,0.12591521196975203
2022-01-17,0.1224285246454982
2022-01-18,0.14384429429008383
2022-01-19,0.14073314114686014
2022-01-20,0.14575069692661557
2022-01-21,0.16486440417059683
2022-01-24,0.16253932829737266
2022-01-25,0.16771424636336182
2022-01-26,0.16402339289217155
2022-01-27,0.1641084366738425
2022-01-28,0.17834027047758
2022-01-31,0.19222619052735962
2022-02-01,0.1908317335902085
2022-02-02,0.1918830459995006
2022-02-03,0.21355181748475832
2022-02-04,0.21161156969552847
2022-02-07,0.20319020761963408
2022-02-08,0.20347993091964753
2022-02-09,0.21016918858717196
2022-02-10,0.21286175935354992
2022-02-11,0.2228686135714732
2022-02-14,0.21717347879643972
2022-02-15,0.21452508122814196
2022-02-16,0.21155473392372595
2022-02-17,0.2245940199828477
2022-02-18,0.22396164663299944
2022-02-21,0.22002964677493117
2022-02-22,0.2069566735539109
2022-02-23,0.21030750995486772
2022-02-24,0.21475727126256078
2022-02-25,0.2292946600914072
2022-02-28,0.21026974015089447
2022-03-01,0.21718089165598095
2022-03-02,0.22711253333920858
2022-03-03,0.22354772708371654
2022-03-04,0.21825386885812265
2022-03-07,0.24234604936818244
2022-03-08,0.2318091486662132
2022-03-09,0.2513578456099612
2022-03-10,0.24226128146005163
2022-03-11,0.24558689579543352
2022-03-14,0.23326073996462945
2022-03-15,0.2455104807435705
2022-03-16,0.25912022769616394
2022-03-17,0.25879881150376455
2022-03-18,0.2521208866346776
2022-03-21,0.24392504615719887
2022-03-22,0.23384137371443295
2022-03-23,0.23737313087176548
2022-03-24,0.23618834930719698
2022-03-25,0.22588564810158596
2022-03-28,0.22505514936769902
2022-03-29,0.22656575397831377
2022-03-30,0.20220501128804186
2022-03-31,0.21001303490249268
2022-04-01,0.18905209525896827
2022-04-04,0.1891864483067254
2022-04-05,0.1898461973126295
2022-04-06,0.19095672460677116
2022-04-07,0.17563728728319783
2022-04-08,0.15649078076745396
2022-04-11,0.16550472800945734
2022-04-12,0.15933075991654813
2022-04-13,0.1632985469324269
2022-04-14,0.1655276225675237
2022-04-15,0.15786314562618453
2022-04-18,0.1480921354609286
2022-04-19,0.15919519591645084
2022-04-20,0.15577289588289053
2022-04-21,0.1610541298274309
2022-04-22,0.19790241697384794
2022-04-25,0.18790603035735312
2022-04-26,0.22051786669924184
2022-04-27,0.2154266660850264
2022-04-28,0.23098378710296855
2022-04-29,0.27370024463258275
2022-05-02,0.2697548476036673
2022-05-03,0.2651224471870785
2022-05-04,0.28234750736294056
2022-05-05,0.31825253237273027
2022-05-06,0.31149574234627325
2022-05-09,0.33366107772031384
2022-05-10,0.32849347346507946
2022-05-11,0.3319286303685761
2022-05-12,0.32368533485447554
2022-05-13,0.33502071376483267
2022-05-16,0.32724528776836287
2022-05-17,0.320897852230028
2022-05-18,0.36109255810558705
2022-05-19,0.3439697412160456
2022-05-20,0.3403073628408679
2022-05-23,0.3342209625123356
2022-05-24,0.3083322498875462
2022-05-25,0.30594489748537906
2022-05-26,0.3137515141818889
2022-05-27,0.31125357768598133
2022-05-30,0.28179618198802925
2022-05-31,0.2796296898124806
2022-06-01,0.2554450159640072
2022-06-02,0.26312536863718017
2022-06-03,0.26393364067484937
2022-06-06,0.2614833835065958
2022-06-07,0.24817544336229203
2022-06-08,0.2499762013648067
2022-06-09,0.25932948386883437
2022-06-10,0.24804601289581854
2022-06-13,0.29453454228544496
2022-06-14,0.28984863822887064
2022-06-15,0.2850672738538163
2022-06-16,0.31234782383379533
2022-06-17,0.3058523244494776
2022-06-20,0.29305333709017095
2022-06-21,0.2947630006914621
2022-06-22,0.2897639947788544
2022-06-23,0.28943097612516566
2022-06-24,0.3112927236394967
2022-06-27,0.30095531759543814
2022-06-28,0.3047588192255811
2022-06-29,0.30102805359909574
2022-06-30,0.2981550751946399
2022-07-01,0.29618365511196587
2022-07-04,0.28229368155224627
2022-07-05,0.2610233552093455
2022-07-06,0.2223870344521592
2022-07-07,0.22757942078162907
2022-07-08,0.22025890667706577
2022-07-11,0.1936684390579764
2022-07-12,0.19559748317799844
2022-07-13,0.19392752169238028
2022-07-14,0.17428442775501574
2022-07-15,0.19011267024611964
2022-07-18,0.1878841650888317
2022-07-19,0.19298431376264966
2022-07-20,0.19118193130872474
2022-07-21,0.17881396030094332
2022-07-22,0.1805091023830868
2022-07-25,0.17454226595213476
2022-07-26,0.17638997430740921
2022-07-27,0.20414756022833636
2022-07-28,0.20638220023251738
2022-07-29,0.21192086559970572
2022-08-01,0.20303262782155435
2022-08-02,0.20249185973523345
2022-08-03,0.2067081276339502
2022-08-04,0.20176021084620485
2022-08-05,0.1992307704529946
2022-08-08,0.19648290328704843
2022-08-09,0.18520417779508197
2022-08-10,0.20161721439431624
2022-08-11,0.1766222160665352
2022-08-12,0.18732999758749547
2022-08-15,0.18302427446992767
2022-08-16,0.178106354262722
2022-08-17,0.1794009460351792
2022-08-18,0.1726626635984797
2022-08-19,0.15750740561653878
2022-08-22,0.1756939971587851
2022-08-23,0.1661944442005141
2022-08-24,0.1637488673329873
2022-08-25,0.17052558549603572
2022-08-26,0.21608972015663724
2022-08-29,0.21405867564010744
2022-08-30,0.21572216714220824
2022-08-31,0.21471386608665863
2022-09-01,0.21155316502271163
2022-09-02,0.20158695849562114
2022-09-05,0.1989075934807583
2022-09-06,0.18890590166982588
2022-09-07,0.20032857584020794
2022-09-08,0.20037101360739396
2022-09-09,0.20637905961278477
2022-09-12,0.2084116077876179
2022-09-13,0.27379894867620924
2022-09-14,0.26049566673701496
2022-09-15,0.26094163038534135
2022-09-16,0.2593921269633373
2022-09-19,0.25230666081239644
2022-09-20,0.22544397192092028
2022-09-21,0.234074875934512
2022-09-22,0.23073612761751325
2022-09-23,0.23748310486846091
2022-09-26,0.23804427252668614
2022-09-27,0.23262064680740963
2022-09-28,0.24357258647030666
2022-09-29,0.2569629869987168
2022-09-30,0.25560174081978887
2022-10-03,0.27219196151596275
2022-10-04,0.2927498957186241
2022-10-05,0.28664781882529944
2022-10-06,0.24448713842320688
2022-10-07,0.26842638966829757
2022-10-10,0.26332622583136933
2022-10-11,0.26061472200904584
2022-10-12,0.25607901268363714
2022-10-13,0.2720830027665851
2022-10-14,0.28034910563575094
2022-10-17,0.29654777831324924
2022-10-18,0.2904243619496464
2022-10-19,0.2856401159071096
2022-10-20,0.28467722058942574
2022-10-21,0.29046588322475836
2022-10-24,0.2821936320622603
2022-10-25,0.2815834664020049
2022-10-26,0.266923543859441
2022-10-27,0.24494272016595395
2022-10-28,0.26171214947258314
2022-10-31,0.2592548185406024
2022-11-01,0.23780458756420764
2022-11-02,0.2576121934346652
2022-11-03,0.2567722007093639
2022-11-04,0.2599138287493052
2022-11-07,0.2450016921191614
2022-11-08,0.2290606770257679
2022-11-09,0.2274701167337096
2022-11-10,0.31581094553643624
2022-11-11,0.31201039266540925
2022-11-14,0.3073280505166997
2022-11-15,0.2947370530887456
2022-11-16,0.2906566193749079
2022-11-17,0.28057519054428537
2022-11-18,0.2773769001657816
2022-11-21,0.273589998169673
2022-11-22,0.2638562546976682
2022-11-23,0.26093870423600424
2022-11-24,0.25828091673859244
2022-11-25,0.24131130199436684
2022-11-28,0.24517858099541923
2022-11-29,0.23925056076886222
2022-11-30,0.2678285461309194
2022-12-01,0.26377862326967694
2022-12-02,0.2516821671951054
2022-12-05,0.1860142474540837
2022-12-06,0.19023535488702806
2022-12-07,0.18457991900319443
2022-12-08,0.18216115027468935
2022-12-09,0.17939328396221674
2022-12-12,0.1862308269380907
2022-12-13,0.1853280198236394
2022-12-14,0.18411914804981386
2022-12-15,0.20628484969910624
2022-12-16,0.20769870054085782
2022-12-19,0.20885880455264477
2022-12-20,0.2058930716417584
2022-12-21,0.20580330594374077
2022-12-22,0.21258690487168158
2022-12-23,0.18468803777763282
2022-12-26,0.182157579310437
2022-12-27,0.18063713400418693
2022-12-28,0.175694328338091
2022-12-29,0.18122791854989928
2022-12-30,0.17897577888992972
2023-01-02,0.17495442502726707
2023-01-03,0.17189149140445475
2023-01-04,0.1662025898486441
2023-01-05,0.1707828308583905
2023-01-06,0.19171946518602867
2023-01-09,0.16899512546678755
2023-01-10,0.1647783602986713
2023-01-11,0.1678870682476572
2023-01-12,0.16645644627615064
2023-01-13,0.15755101930707943
2023-01-16,0.14760817270369714
2023-01-17,0.14483761665891176
2023-01-18,0.1580127675301153
2023-01-19,0.15889335976111654
2023-01-20,0.17027252403471563
2023-01-23,0.1651053141166195
2023-01-24,0.16228176028194266
2023-01-25,0.1600966083624235
2023-01-26,0.1643669091862106
2023-01-27,0.16094657386951206
2023-01-30,0.16360347807726522
2023-01-31,0.15505734475466637
2023-02-01,0.15868482086102104
2023-02-02,0.1661910783125724
2023-02-03,0.16455173851791058
2023-02-06,0.16365212129691925
2023-02-07,0.16992701790419415
2023-02-08,0.17459349354818374
2023-02-09,0.17568159054716187
2023-02-10,0.1658624005098826
2023-02-13,0.1686924625190545
2023-02-14,0.15400666395892207
2023-02-15,0.14739457361076821
2023-02-16,0.1577138120936863
2023-02-17,0.15574158959942747
2023-02-20,0.15050213484427558
2023-02-21,0.1709903675476668
2023-02-22,0.1632682724537918
2023-02-23,0.1552178087897073
2023-02-24,0.15598188090489823
2023-02-27,0.1460798711804876
2023-02-28,0.1407481895422489
2023-03-01,0.13881690840957292
2023-03-02,0.13411166344232447
2023-03-03,0.14338879200428922
2023-03-06,0.1381313015419613
2023-03-07,0.1515582627164744
2023-03-08,0.14427415574457733
2023-03-09,0.16322401502867073
2023-03-10,0.17173124519912614
2023-03-13,0.16316413649048034
2023-03-14,0.17350603185100333
2023-03-15,0.17401980286002927
2023-03-16,0.17364257815482728
2023-03-17,0.1770916558822195
2023-03-20,0.17751744203009953
2023-03-21,0.17947697062192888
2023-03-22,0.1902514746492843
2023-03-23,0.18814090687310014
2023-03-24,0.18594646234801823
2023-03-27,0.18225831307288776
2023-03-28,0.17216693278292552
2023-03-29,0.18056987910417896
2023-03-30,0.17204872685614242
2023-03-31,0.18047836234150086
2023-04-03,0.1678847109063239
2023-04-04,0.1606616307421857
2023-04-05,0.15932571409190885
2023-04-06,0.14870354040362882
2023-04-07,0.14495634996828313
2023-04-10,0.13110142844062542
2023-04-11,0.12477180165397006
2023-04-12,0.12138575033997416
2023-04-13,0.12423295347062069
2023-04-14,0.10948569061717318
2023-04-17,0.10847053422293963
2023-04-18,0.10569048943688776
2023-04-19,0.10442682533437263
2023-04-20,0.10662975304278899
2023-04-21,0.09406407873765811
2023-04-24,0.09099486425515221
2023-04-25,0.10142832056783666
2023-04-26,0.10060055337756992
2023-04-27,0.12649007657533956
2023-04-28,0.12793260817092078
2023-05-01,0.12538044139601595
2023-05-02,0.13302660186532175
2023-05-03,0.13417809804112465
2023-05-04,0.13612921901678818
2023-05-05,0.15365498655665355
2023-05-08,0.1444860020709845
2023-05-09,0.14378582013252514
2023-05-10,0.1430058123747437
2023-05-11,0.14117311375687827
2023-05-12,0.13995184553348866
2023-05-15,0.13787014971822084
2023-05-16,0.1393370040996534
2023-05-17,0.14654407931375463
2023-05-18,0.14044952995630927
2023-05-19,0.13852989609764335
2023-05-22,0.120714242397456
2023-05-23,0.12554628165474233
2023-05-24,0.12783570804548283
2023-05-25,0.12491769558218152
2023-05-26,0.13250894053749115
2023-05-29,0.128771686726548
2023-05-30,0.11110473501161593
2023-05-31,0.11276390059261036
2023-06-01,0.11721397654177816
2023-06-02,0.12936980373259024
2023-06-05,0.12805513781085137
2023-06-06,0.12652110026200047
2023-06-07,0.1257523307799116
2023-06-08,0.12514936513477964
2023-06-09,0.11715529368816736
2023-06-12,0.11807833839909478
2023-06-13,0.11996892023885121
2023-06-14,0.11857376407982011
2023-06-15,0.12181905165919685
2023-06-16,0.11948100308887044
2023-06-19,0.11443059061978908
2023-06-20,0.10608407968058638
2023-06-21,0.10735738359272329
2023-06-22,0.10739249493941533
2023-06-23,0.10942901775572156
2023-06-26,0.10510954356184674
2023-06-27,0.10346248161997285
2023-06-28,0.10148627457852613
2023-06-29,0.10144605724226863
2023-06-30,0.11123934767751058
2023-07-03,0.10799214087232345
2023-07-04,0.10663396365912049
2023-07-05,0.10115641394346109
2023-07-06,0.1033496671348723
2023-07-07,0.10262286823648199
2023-07-10,0.09362202428008966
2023-07-11,0.09575820415009294
2023-07-12,0.09919532907084047
2023-07-13,0.10286398916352844
2023-07-14,0.10059517406109848
2023-07-17,0.09981165129574375
2023-07-18,0.09959910012684722
2023-07-19,0.09790911927544736
2023-07-20,0.09405855115899575
2023-07-21,0.0926405511174225
2023-07-24,0.09215810472989273
2023-07-25,0.08179176792833655
2023-07-26,0.08109699659322621
2023-07-27,0.08516383953532991
2023-07-28,0.09310649936997571
2023-07-31,0.08827669101377082
2023-08-01,0.0874239540031073
2023-08-02,0.10446032448932874
2023-08-03,0.1011571841020448
2023-08-04,0.099492063634245
2023-08-07,0.10094667815277901
2023-08-08,0.10109826928382985
2023-08-09,0.10377467648895479
2023-08-10,0.09914002923187497
2023-08-11,0.09785281062797041
2023-08-14,0.0968846744224328
2023-08-15,0.10762160977202503
2023-08-16,0.11063475532576009
2023-08-17,0.11380425278984733
2023-08-18,0.11207788962998844
2023-08-21,0.11256069589548251
2023-08-22,0.10692199155759743
2023-08-23,0.11469946169324699
2023-08-24,0.12688345438112497
2023-08-25,0.11914683971594801
2023-08-28,0.12009192798752899
2023-08-29,0.131042725425408
2023-08-30,0.12641085883476708
2023-08-31,0.12438694840759272
2023-09-01,0.12073133756762872
2023-09-04,0.11926293461955369
2023-09-05,0.11941236883200701
2023-09-06,0.1207957139905053
2023-09-07,0.11384477417216145
2023-09-08,0.10960716123923657
2023-09-11,0.10906990448655206
2023-09-12,0.11091741356701401
2023-09-13,0.10750510600424279
2023-09-14,0.1116648476515445
2023-09-15,0.11627621647522633
2023-09-18,0.10558968782882934
2023-09-19,0.10226225987300319
2023-09-20,0.10729698175770774
2023-09-21,0.11651436433139767
2023-09-22,0.11485446280308395
2023-09-25,0.11376047427289684
2023-09-26,0.12843052571355454
2023-09-27,0.12612787725791544
2023-09-28,0.12593581107152427
2023-09-29,0.1225157054781661
2023-10-02,0.12053901185745683
2023-10-03,0.13271729436467727
2023-10-04,0.13362749551994252
2023-10-05,0.130564451731844
2023-10-06,0.13745195431574636
2023-10-09,0.13572382793655677
2023-10-10,0.12944245046871247
2023-10-11,0.12904525096409472
2023-10-12,0.13014801152332925
2023-10-13,0.12711608108710148
2023-10-16,0.12065822257124514
2023-10-17,0.11909935483847828
2023-10-18,0.13024849632697766
2023-10-19,0.12413164104064839
2023-10-20,0.13343412570700378
2023-10-23,0.13019921049403685
2023-10-24,0.131723324910877
2023-10-25,0.14405529859234223
2023-10-26,0.14338004260931092
2023-10-27,0.13976564390010382
2023-10-30,0.14652969994413018
2023-10-31,0.1415990333953884
2023-11-01,0.14419209307540548
2023-11-02,0.161307352994804
2023-11-03,0.16241212700943386
2023-11-06,0.15966302238018948
2023-11-07,0.1569493245550977
2023-11-08,0.15138194566769286
2023-11-09,0.15366446068650727
2023-11-10,0.1584682080993282
2023-11-13,0.15442680189422295
2023-11-14,0.16623800033102143
2023-11-15,0.16363824872896676
2023-11-16,0.1602376463854824
2023-11-17,0.15086796836824315
2023-11-20,0.14650045265501205
2023-11-21,0.1447417090750574
2023-11-22,0.1384294684151196
2023-11-23,0.13528149018852356
2023-11-24,0.12965593405024184
2023-11-27,0.11234344934173547
2023-11-28,0.10685260507804417
2023-11-29,0.10591240972348459
2023-11-30,0.1054498773708071
2023-12-01,0.10717933945629181
2023-12-04,0.10538677953094622
2023-12-05,0.09096982512643208
2023-12-06,0.09167357402292997
2023-12-07,0.07206131606168097
2023-12-08,0.07261854399343494
2023-12-11,0.07307923383158108
2023-12-12,0.07409476904750704
2023-12-13,0.08886046153485487
2023-12-14,0.08747394927247064
2023-12-15,0.08554607463602625
2023-12-18,0.08574614301889236
2023-12-19,0.08811389135052294
2023-12-20,0.10748743065616014
2023-12-21,0.1135374293145923
2023-12-22,0.11254143471089474
2023-12-25,0.10975029196109484
2023-12-26,0.10789808317636425
2023-12-27,0.10587609690290622
2023-12-28,0.10444367217928853
2023-12-29,0.10346099219274348
2024-01-02,0.10226631694000733
2024-01-03,0.10572197391536707
2024-01-04,0.10516098327208029
2024-01-05,0.10350756478573554
2024-01-08,0.10809345361553532
2024-01-09,0.10684984099318373
2024-01-10,0.10804105750239396
2024-01-11,0.10565010038813039
2024-01-12,0.1029599855868181
2024-01-15,0.08870579296564796
2024-01-16,0.08227974051631963
2024-01-17,0.08495062748091889
2024-01-18,0.09118196717729507
2024-01-19,0.10229279020457938
2024-01-22,0.10125096161435508
2024-01-23,0.10046560135907182
2024-01-24,0.09897912344105343
2024-01-25,0.09831778973563364
2024-01-26,0.09384416426942545
2024-01-29,0.09703932102318132
2024-01-30,0.09603628470726937
2024-01-31,0.1080009745649172
2024-02-01,0.11728406229755847
2024-02-02,0.12221015656664785
2024-02-05,0.12096886625197398
2024-02-06,0.11965216393741071
2024-02-07,0.1232226619334679
2024-02-08,0.12087530281634788
2024-02-09,0.1202549954887003
2024-02-12,0.1154557532869847
2024-02-13,0.1215618450833197
2024-02-14,0.12606079117003652
2024-02-15,0.1263344580437758
2024-02-16,0.12633007540935867
2024-02-19,0.12419995175312092
2024-02-20,0.12544717517486972
2024-02-21,0.12149946793336311
2024-02-22,0.14850370185775977
2024-02-23,0.1363203093052392
2024-02-26,0.1285751885914955
2024-02-27,0.12222333070654137
2024-02-28,0.12008801737702798
2024-02-29,0.12031752919174327
2024-03-01,0.11982232169533401
2024-03-04,0.11887336199832158
2024-03-05,0.12433170156954651
2024-03-06,0.1246739584077364
2024-03-07,0.1221958110957037
2024-03-08,0.11905109575352571
2024-03-11,0.11625701839869194
2024-03-12,0.12313561080170977
2024-03-13,0.12188536003984121
2024-03-14,0.11973683832370915
2024-03-15,0.12169761543768129
2024-03-18,0.10108564722368422
2024-03-19,0.1019645033792934
2024-03-20,0.10643497230944621
2024-03-21,0.10570662484681492
2024-03-22,0.10445873832049392
2024-03-25,0.10314449615939825
2024-03-26,0.09909252929434816
2024-03-27,0.10418436763103309
2024-03-28,0.09722984683791967
2024-03-29,0.09480400863326441
2024-04-01,0.08817706764502166
2024-04-02,0.08978808336968226
2024-04-03,0.08885084142509063
2024-04-04,0.09581132414448917
2024-04-05,0.10435461357237054
2024-04-08,0.10229285662534587
2024-04-09,0.09856874504700196
2024-04-10,0.10414745649936596
2024-04-11,0.10475458937738762
2024-04-12,0.11694499464069687
2024-04-15,0.12538784844619819
2024-04-16,0.1233913258343139
2024-04-17,0.12412284226117867
2024-04-18,0.1220101159291939
2024-04-19,0.12334069997086786
2024-04-22,0.12672663762235709
2024-04-23,0.13418399584365232
2024-04-24,0.13273068203847094
2024-04-25,0.13034750846728413
2024-04-26,0.1355902324639175
2024-04-29,0.12783491371643155
2024-04-30,0.13851281689201878
2024-05-01,0.13730981930230582
2024-05-02,0.14087497267254334
2024-05-03,0.14467105939401276
2024-05-06,0.1469497544052767
2024-05-07,0.1365093800725386
2024-05-08,0.12836737739996892
2024-05-09,0.12846294795852622
2024-05-10,0.12557549212546004
2024-05-13,0.12402161333701374
2024-05-14,0.12100372831554869
2024-05-15,0.12601374770987164
2024-05-16,0.11823663965574037
2024-05-17,0.11703478332052976
2024-05-20,0.11493695441281786
2024-05-21,0.10893152982094023
2024-05-22,0.10840030946485714
2024-05-23,0.09869152092018077
2024-05-24,0.10097146258328364
2024-05-27,0.09521467846950883
2024-05-28,0.08400129250103434
2024-05-29,0.08204139548431783
2024-05-30,0.08507172205307617
2024-05-31,0.08960841590906274
2024-06-03,0.08713161648491728
2024-06-04,0.08617848095338607
2024-06-05,0.098196163156683
2024-06-06,0.09548229327974185
2024-06-07,0.0858829150558314
2024-06-10,0.0850033471176249
2024-06-11,0.08503351199496074
2024-06-12,0.09063964935822535
2024-06-13,0.0895683975101974
2024-06-14,0.08832448821269272
2024-06-17,0.08968268817561682
2024-06-18,0.08565996091241301
2024-06-19,0.08512715680036956
2024-06-20,0.08523113033485893
2024-06-21,0.08103532378075226
2024-06-24,0.07883862356359352
2024-06-25,0.07534038513776078
2024-06-26,0.0750667181293779
2024-06-27,0.07406894951039052
2024-06-28,0.06448706393563597
2024-07-01,0.064629692160427
2024-07-02,0.06864122116485753
2024-07-03,0.07022466704367032
2024-07-04,0.06900766202338918
2024-07-05,0.06616715141487485
2024-07-08,0.06532602452962757
2024-07-09,0.06426222957615751
2024-07-10,0.07174940924091845
2024-07-11,0.07992000510917388
2024-07-12,0.08163363182110792
2024-07-15,0.08084504625041677
2024-07-16,0.08412656331506077
2024-07-17,0.10174374795472864
2024-07-18,0.1045639041307803
2024-07-19,0.10792411388954332
2024-07-22,0.11501163624640649
2024-07-23,0.11255517887734398
2024-07-24,0.14899525970722635
2024-07-25,0.14601514438036675
2024-07-26,0.1502198603097677
2024-07-29,0.1477397255307829
2024-07-30,0.14651845706068178
2024-07-31,0.15828110386905367
2024-08-01,0.1674452684813063
2024-08-02,0.17939781719248657
2024-08-05,0.2165193101006433
2024-08-06,0.21602586191395357
2024-08-07,0.21475833231472763
2024-08-08,0.23145860161602191
2024-08-09,0.22332027647479846
2024-08-12,0.21859246424515755
2024-08-13,0.22622197179197925
2024-08-14,0.2204268677833192
2024-08-15,0.22788268438553458
2024-08-16,0.21096697345831794
2024-08-19,0.2118059077733837
2024-08-20,0.20679453866453573
2024-08-21,0.20569832282523595
2024-08-22,0.20682090179155366
2024-08-23,0.20351798322943357
2024-08-26,0.19699899583726976
2024-08-27,0.18494869096490063
2024-08-28,0.15391820066234113
2024-08-29,0.1482908500336752
2024-08-30,0.15012333593840332
2024-09-02,0.1268736899569265
2024-09-03,0.15416799000172948
2024-09-04,0.1519538901322756
2024-09-05,0.13936438641342605
2024-09-06,0.15515100694061784
2024-09-09,0.1506082561095533
2024-09-10,0.14904065712501352
2024-09-11,0.14935063274102778
2024-09-12,0.15000435094782924
2024-09-13,0.14932516128153764
2024-09-16,0.1446343006655089
2024-09-17,0.13722717000181858
2024-09-18,0.13624783269619248
2024-09-19,0.15147844171744718
2024-09-20,0.14881354109573916
2024-09-23,0.1474767201368729
2024-09-24,0.14259887574157376
2024-09-25,0.14144664854461825
2024-09-26,0.12149578379075329
2024-09-27,0.12010612850569011
2024-09-30,0.11996380331372337
2024-10-01,0.11056452522303029
2024-10-02,0.10247720442338026
2024-10-03,0.10047427087887892
2024-10-04,0.09966958088371702
2024-10-07,0.1039333037460279
2024-10-08,0.1083212406484036
2024-10-09,0.11022722212176574
2024-10-10,0.10917029541255756
2024-10-11,0.1103549875833878
2024-10-14,0.0982930916187153
2024-10-15,0.10189236047141276
2024-10-16,0.10179119922773025
2024-10-17,0.10044795723217707
2024-10-18,0.1000207951414492
2024-10-21,0.09844008977735173
2024-10-22,0.09757737404197271
2024-10-23,0.1036546129569014
2024-10-24,0.09757887500847666
2024-10-25,0.09677344500941575
2024-10-28,0.09615483355402644
2024-10-29,0.09067283152096545
2024-10-30,0.08528051572412558
2024-10-31,0.11118784865501707
2024-11-01,0.10816802136953235
2024-11-04,0.1074538768557082
2024-11-05,0.11501958158431923
2024-11-06,0.15144781572805535
2024-11-07,0.14959359521942736
2024-11-08,0.14698752004271487
2024-11-11,0.14417005794642365
2024-11-12,0.14276554641241138
2024-11-13,0.14057396087561425
2024-11-14,0.1417563348150302
2024-11-15,0.14767245108474977
2024-11-18,0.14686142791409973
2024-11-19,0.14586715955816812
2024-11-20,0.144411119084358
2024-11-21,0.14452480835084847
2024-11-22,0.1438963939345071
2024-11-25,0.12843566275047555
2024-11-26,0.12885336923914675
2024-11-27,0.12839467706067997
2024-11-28,0.12074487525627507
2024-11-29,0.08797085021447185
2024-12-02,0.08389381590537945
2024-12-03,0.08169102880131981
2024-12-04,0.08448094372469929
2024-12-05,0.08311257787044471
2024-12-06,0.08314925542223466
2024-12-09,0.08428893554127515
2024-12-10,0.07163804104275619
2024-12-11,0.07664385524973955
2024-12-12,0.07812179010498924
2024-12-13,0.07687703153310181
2024-12-16,0.07556966572937523
2024-12-17,0.07539547727169019
2024-12-18,0.14710942878463787
2024-12-19,0.1420659051989591
2024-12-20,0.1460556401599896
2024-12-23,0.14605203979178644
2024-12-24,0.1495496309310059
2024-12-25,0.14752908225104233
2024-12-26,0.14521364706396223
2024-12-27,0.1496237068871987
2024-12-30,0.1545654771242608
2024-12-31,0.1541128949832328
2025-01-02,0.1510572655525834
2025-01-03,0.15735949656960063
2025-01-06,0.15512776288156338
2025-01-07,0.1597686463370562
2025-01-08,0.15835768992692575
2025-01-09,0.1563592619651313
2025-01-10,0.16797960965742936
2025-01-13,0.1326944395308241
2025-01-14,0.13036487666414615
2025-01-15,0.1448725040228155
2025-01-16,0.14103748592169282
2025-01-17,0.1398701915659767
2025-01-20,0.13814050940847863
2025-01-21,0.14116255495284424
2025-01-22,0.13633685247550942
2025-01-23,0.1317112519630229
2025-01-24,0.12983116974274878
2025-01-27,0.14278828431559817
2025-01-28,0.1400947861213456
2025-01-29,0.1381620275045596
2025-01-30,0.13301864848048645
2025-01-31,0.13358765673449105
2025-02-03,0.1356071922006274
2025-02-04,0.1271470695275048
2025-02-05,0.12649121645693276
2025-02-06,0.12608329147976371
2025-02-07,0.11611447254990756
2025-02-10,0.11757386846893553
2025-02-11,0.11133862361300156
2025-02-12,0.1109019114927155
2025-02-13,0.1137723972258216
2025-02-14,0.11083909515901044
2025-02-17,0.10782378104561739
2025-02-18,0.10679771228010873
2025-02-19,0.09437650576079967
2025-02-20,0.08994480774652858
2025-02-21,0.11410192243593406
2025-02-24,0.11302117120739613
2025-02-25,0.11185842970146001
2025-02-26,0.10709783259010092
2025-02-27,0.12334612785018846
2025-02-28,0.13700564618856362
2025-03-03,0.15414698668358195
2025-03-04,0.1573257671705649
2025-03-05,0.1596050978235913
2025-03-06,0.1742420676241716
2025-03-07,0.1725414579142524
2025-03-10,0.20219962112689274
2025-03-11,0.20202319370996308
2025-03-12,0.19981941287911711
2025-03-13,0.20555666506452921
2025-03-14,0.22146032922654937
2025-03-17,0.21925601274623985
2025-03-18,0.21307248317655186
2025-03-19,0.21449847111415127
2025-03-20,0.21152208546207182
2025-03-21,0.20943098885416356
2025-03-24,0.21278487424624826
2025-03-25,0.20386725199843345
2025-03-26,0.19916584119630684
2025-03-27,0.19280823937242736
2025-03-28,0.20518255389317888
2025-03-31,0.19499581073795585
2025-04-01,0.1924278288344106
2025-04-02,0.16892102888919538
2025-04-03,0.2662897800057973
2025-04-04,0.3691418757794768
2025-04-07,0.3580943048131397
2025-04-08,0.34939591437666684
2025-04-09,0.5124337341917756
2025-04-10,0.5222950940678035
2025-04-11,0.5177910881793284
2025-04-14,0.508624720549088
2025-04-15,0.5029340805765966
2025-04-16,0.5009881813851621
2025-04-17,0.49502611655592715
2025-04-18,0.48761254140587085
2025-04-21,0.4927131495714281
2025-04-22,0.49413291665317616
2025-04-23,0.4945745937789492
2025-04-24,0.4969415969074788
2025-04-25,0.4931166026966507
2025-04-28,0.46012513306098585
2025-04-29,0.40684140049921463
2025-04-30,0.4033936179720364
2025-05-01,0.3980328788051731
2025-05-02,0.2550852957751001
2025-05-05,0.22397899563356774
2025-05-06,0.2143705786940787
2025-05-07,0.2087156022210823
2025-05-08,0.20692782703034873
2025-05-09,0.18970771058048197
2025-05-12,0.23066060553769996
2025-05-13,0.22752201103813835
2025-05-14,0.2100892180566958
2025-05-15,0.18949467181823437
2025-05-16,0.18005734726103756
2025-05-19,0.16342537908614077
2025-05-20,0.15960773542175485
2025-05-21,0.17215540646681107
2025-05-22,0.1677410124309246
2025-05-23,0.16799468444461568
2025-05-26,0.1641184853862865
2025-05-27,0.17629433155478416
2025-05-28,0.1743404566249277
2025-05-29,0.17035868559707407
2025-05-30,0.16835759597882471
2025-06-02,0.16574445186744455
2025-06-03,0.16574220900779418
2025-06-04,0.12361487488728118
2025-06-05,0.1218126478089417
2025-06-06,0.12705967961372774
2025-06-09,0.12420859304321051
2025-06-10,0.12299472666062836
2025-06-11,0.12226288824255281
2025-06-12,0.1209726912630619
2025-06-13,0.11752835480730271
2025-06-16,0.12196668523138407
2025-06-17,0.12359368070872605
2025-06-18,0.12169224399800517
2025-06-19,0.0992153598803154
2025-06-20,0.09624018321040072
2025-06-23,0.10186751396828574
2025-06-24,0.11040171670965412
2025-06-25,0.10780572612328905
2025-06-26,0.10958787271026683
2025-06-27,0.11057738112088833
2025-06-30,0.10954233426000336
2025-07-01,0.10287317945816442
2025-07-02,0.10336965118274859
2025-07-03,0.10642090914299482
2025-07-04,0.10487351649914081
2025-07-07,0.1084371620723454
2025-07-08,0.10040958062490626
2025-07-09,0.09753650143638228
2025-07-10,0.09290397578381428
2025-07-11,0.09276757124449833
2025-07-14,0.09213280708119795
2025-07-15,0.0929016621190514
2025-07-16,0.08691966679038281
2025-07-17,0.08067118707248491
2025-07-18,0.08004241293186073
2025-07-21,0.07471564983163344
2025-07-22,0.0717199280284366
2025-07-23,0.0761753685143757
2025-07-24,0.0750777198686354
2025-07-25,0.07445760944773713
2025-07-28,0.06829029868798722
2025-07-29,0.06881633726652911
2025-07-30,0.06284808011279652
2025-07-31,0.06470964123044204
2025-08-01,0.09140681369959097
2025-08-04,0.1078900258561587
2025-08-05,0.10740356547228219
2025-08-06,0.1095811009480489
2025-08-07,0.10725991126530673
2025-08-08,0.1097798501279157
2025-08-11,0.10758664201601607
2025-08-12,0.115917138669085
2025-08-13,0.11515776728798896
2025-08-14,0.11377828283665263
2025-08-15,0.1104191638983538
2025-08-18,0.10913745897983462
2025-08-19,0.11022176961377603
2025-08-20,0.10995799687812845
2025-08-21,0.10995374392987739
2025-08-22,0.12554500259481993
2025-08-25,0.12561526861646363
2025-08-26,0.11239673600565203
2025-08-27,0.10011017851919056
2025-08-28,0.09792834274402865
2025-08-29,0.09791875925909259
2025-09-01,0.09669926613519753
2025-09-02,0.0965423047437396
2025-09-03,0.09773274627991363
2025-09-04,0.0946805086209854
2025-09-05,0.09415769259938336
2025-09-08,0.09336225868211623
2025-09-09,0.09236016192041001
2025-09-10,0.09198568451508474
2025-09-11,0.09581526596457972
2025-09-12,0.09443776403349534
2025-09-15,0.09477973354047275
2025-09-16,0.07917180293009737
2025-09-17,0.07690180524537045
2025-09-18,0.07762347823919237
2025-09-19,0.07863577897706943
2025-09-22,0.07928648877131479
2025-09-23,0.07914778671187302
2025-09-24,0.07944268077552533
2025-09-25,0.07818088901387761
2025-09-26,0.07934049190714396
2025-09-29,0.07370594839297716
2025-09-30,0.07398900062378555
2025-10-01,0.07413340635257058
2025-10-02,0.07286110309156082
2025-10-03,0.07125227740711151
2025-10-06,0.06659752906700238
2025-10-07,0.06798456024587153
2025-10-08,0.06967822375159431
2025-10-09,0.06978056531606662
2025-10-10,0.13546355322254233
2025-10-13,0.14639608352170425
2025-10-14,0.14308577749239726
2025-10-15,0.14068250144457636
2025-10-16,0.14009261894011524
2025-10-17,0.13916116442305249
2025-10-20,0.1430022089194133
2025-10-21,0.13972878899926952
2025-10-22,0.13984130930976807
2025-10-23,0.1393726438970006
2025-10-24,0.141140394029721
2025-10-27,0.148788931762973
2025-10-28,0.1473889663870946
2025-10-29,0.14571097538125316
2025-10-30,0.14986763825010208
2025-10-31,0.14776976409251
2025-11-03,0.14658258010762612
2025-11-04,0.12301146948435908
2025-11-05,0.11023345484224392
2025-11-06,0.11847397232640436
2025-11-07,0.11628936202150855
2025-11-10,0.1295348539209589
2025-11-11,0.12606481400654967
2025-11-12,0.11949168891323018
2025-11-13,0.13790401424039314
2025-11-14,0.13444035626091888
2025-11-17,0.13710103899261625
2025-11-18,0.13694865686653493
2025-11-19,0.12957471902557635
2025-11-20,0.14361032704158805
2025-11-21,0.14812921369654927
2025-11-24,0.15522823911496159
2025-11-25,0.1569733692868146
2025-11-26,0.15795877429156072
2025-11-27,0.15073200125324843
2025-11-28,0.15008839704943527
2025-12-01,0.14530355792286528
2025-12-02,0.14352143130392694
2025-12-03,0.1331510695366949
2025-12-04,0.13191939306184408
2025-12-05,0.13110698462847115
2025-12-08,0.11808386139652012
2025-12-09,0.11720761477483592
2025-12-10,0.11532239588529164
2025-12-11,0.11127249770568677
2025-12-12,0.11905621448527015
2025-12-15,0.10542553193850342
2025-12-16,0.09954009462010525
2025-12-17,0.09717315081735724
2025-12-18,0.09612645760097516
2025-12-19,0.09870217863853788
2025-12-22,0.10064632029002143
2025-12-23,0.09913949732950922
2025-12-24,0.0967615368966926
2025-12-25,0.09497900066809833
2025-12-26,0.0934696617339099
2025-12-29,0.09351878364159347
