Date,garch_forecast_h22
2005-02-08,0.1154574687054554
2005-02-09,0.12179309533584208
2005-02-10,0.11660642155647828
2005-02-11,0.11862538022307546
2005-02-14,0.11354294751468456
2005-02-15,0.11138375270864964
2005-02-16,0.10826966080729428
2005-02-17,0.11608072344753737
2005-02-18,0.11296619963174281
2005-02-21,0.10932026678480447
2005-02-22,0.12980179939302677
2005-02-23,0.12662024746122805
2005-02-24,0.13019346546726576
2005-02-25,0.1273427663547695
2005-02-28,0.13094996644540494
2005-03-01,0.12733866549994444
2005-03-02,0.12430500820917774
2005-03-03,0.12066875278343749
2005-03-04,0.1231118209753004
2005-03-07,0.12045000654416012
2005-03-08,0.12001291008659935
2005-03-09,0.13112913480618504
2005-03-10,0.12563999137573095
2005-03-11,0.12743004399950714
2005-03-14,0.12457069255545208
2005-03-15,0.12571449306309485
2005-03-16,0.13030763180144814
2005-03-17,0.1242171229047926
2005-03-18,0.1198775554640129
2005-03-21,0.12142141986919952
2005-03-22,0.13062475612795343
2005-03-23,0.12648762640992542
2005-03-24,0.12064961418879147
2005-03-25,0.11385612708631458
2005-03-28,0.11660591944329997
2005-03-29,0.1174712719082683
2005-03-30,0.13043226399592528
2005-03-31,0.12533648770634698
2005-04-01,0.12815960520538505
2005-04-04,0.12494784956889876
2005-04-05,0.12047946338360807
2005-04-06,0.11686873446162997
2005-04-07,0.11803934242519717
2005-04-08,0.12233813849032221
2005-04-11,0.12092273516521387
2005-04-12,0.11765874021680457
2005-04-13,0.12890003671979955
2005-04-14,0.13307259930702625
2005-04-15,0.15444460421433415
2005-04-18,0.15102041750466502
2005-04-19,0.14461638934428642
2005-04-20,0.1553822176191405
2005-04-21,0.1693840635031251
2005-04-22,0.16881270251233016
2005-04-25,0.1657254999038238
2005-04-26,0.1631982718884019
2005-04-27,0.15516482937775494
2005-04-28,0.1590527685298119
2005-04-29,0.16132952219261998
2005-05-02,0.15253271566937193
2005-05-03,0.14615863043065722
2005-05-04,0.15334024121907133
2005-05-05,0.15129563446909464
2005-05-06,0.14071234635271915
2005-05-09,0.1384747024890756
2005-05-10,0.14349971963605052
2005-05-11,0.13684470459136924
2005-05-12,0.14230697932585745
2005-05-13,0.1406375586642722
2005-05-16,0.13874666214914702
2005-05-17,0.14003029031569592
2005-05-18,0.13973548789077694
2005-05-19,0.13667026614329258
2005-05-20,0.13246450141771063
2005-05-23,0.12811992676797515
2005-05-24,0.1251690114602933
2005-05-25,0.12335734989953596
2005-05-26,0.12090673854179362
2005-05-27,0.11903088107410546
2005-05-30,0.11620343729215074
2005-05-31,0.11520941209937885
2005-06-01,0.12298815873154757
2005-06-02,0.11565048215508139
2005-06-03,0.12073405808136532
2005-06-06,0.11374442663972541
2005-06-07,0.11080456020320743
2005-06-08,0.1119087938522127
2005-06-09,0.11004646317273789
2005-06-10,0.11038461290334012
2005-06-13,0.1074110964175709
2005-06-14,0.10480487756581365
2005-06-15,0.1046129181086593
2005-06-16,0.10187672499689415
2005-06-17,0.10167546535669826
2005-06-20,0.10123176943744013
2005-06-21,0.10259764831984369
2005-06-22,0.10009953857572512
2005-06-23,0.11391785874644987
2005-06-24,0.11697488623959099
2005-06-27,0.11620913655525397
2005-06-28,0.11746005585844353
2005-06-29,0.11728252466508075
2005-06-30,0.11842372730537681
2005-07-01,0.11504376686675769
2005-07-04,0.11175573748285521
2005-07-05,0.11644419975096193
2005-07-06,0.11999089111684888
2005-07-07,0.11833256893519868
2005-07-08,0.12572798560198667
2005-07-11,0.1253865053856498
2005-07-12,0.12307728127180137
2005-07-13,0.11918585153070345
2005-07-14,0.1172681423014241
2005-07-15,0.11388573798921821
2005-07-18,0.11326357407359451
2005-07-19,0.11511059810887352
2005-07-20,0.11360010360528135
2005-07-21,0.11472201324193625
2005-07-22,0.1158230284404219
2005-07-25,0.11595281581270259
2005-07-26,0.11057421112342229
2005-07-27,0.10996879080634132
2005-07-28,0.11128309067230796
2005-07-29,0.11533998269237251
2005-08-01,0.11181175019151846
2005-08-02,0.11400612596238209
2005-08-03,0.11084217646173848
2005-08-04,0.11557572139202173
2005-08-05,0.12037283412979988
2005-08-08,0.11753847469019453
2005-08-09,0.11844262629659354
2005-08-10,0.11619172743056026
2005-08-11,0.11725766961740267
2005-08-12,0.11889740496045806
2005-08-15,0.11337956971917523
2005-08-16,0.12631688267096594
2005-08-17,0.12379486609014631
2005-08-18,0.11905729839686725
2005-08-19,0.11552863721151992
2005-08-22,0.11380346755420959
2005-08-23,0.10900963255604877
2005-08-24,0.11567653678622329
2005-08-25,0.1136476440097333
2005-08-26,0.11273266046303085
2005-08-29,0.11456943024891834
2005-08-30,0.1142962934328062
2005-08-31,0.11818261118459322
2005-09-01,0.11598663567261212
2005-09-02,0.11208018322555276
2005-09-05,0.11250693943695146
2005-09-06,0.12611449292340537
2005-09-07,0.11706254242035394
2005-09-08,0.11748707300654024
2005-09-09,0.11989695338747074
2005-09-12,0.11404168997120648
2005-09-13,0.12254356038987774
2005-09-14,0.11592403672393801
2005-09-15,0.11200699448861529
2005-09-16,0.1178599426560161
2005-09-19,0.11803302426833362
2005-09-20,0.12318520699111032
2005-09-21,0.12727719221067893
2005-09-22,0.12579994900365946
2005-09-23,0.12294201029578063
2005-09-26,0.11733406683241267
2005-09-27,0.11323610662467405
2005-09-28,0.10779327997390283
2005-09-29,0.11469329217674337
2005-09-30,0.11250643131954037
2005-10-03,0.10947441047736417
2005-10-04,0.11822456194489869
2005-10-05,0.14015512637067087
2005-10-06,0.13798473207805062
2005-10-07,0.1340847586181147
2005-10-10,0.13116196751151185
2005-10-11,0.12654463969436044
2005-10-12,0.1277943927032118
2005-10-13,0.1261498809720534
2005-10-14,0.1252093851074719
2005-10-17,0.12538545987474317
2005-10-18,0.13027462335610526
2005-10-19,0.14394724129360045
2005-10-20,0.1576000169447327
2005-10-21,0.1483512159485106
2005-10-24,0.16273159679957458
2005-10-25,0.1545056803502555
2005-10-26,0.15061379184116205
2005-10-27,0.1528180465081331
2005-10-28,0.16416953429718156
2005-10-31,0.16188761170088797
2005-11-01,0.15293804080508652
2005-11-02,0.15415585767245427
2005-11-03,0.1443145325332123
2005-11-04,0.14389854906095192
2005-11-07,0.13840030638553918
2005-11-08,0.1290526849231871
2005-11-09,0.1262053613210169
2005-11-10,0.1345275922597208
2005-11-11,0.12657414706133596
2005-11-14,0.12085325908616977
2005-11-15,0.12202177380017853
2005-11-16,0.11630419995280378
2005-11-17,0.12308059035373461
2005-11-18,0.11811253940878463
2005-11-21,0.1201688411423501
2005-11-22,0.1160568977381592
2005-11-23,0.11408280506669677
2005-11-24,0.1149838435132583
2005-11-25,0.10589109582422704
2005-11-28,0.11649379966858406
2005-11-29,0.11308035764080038
2005-11-30,0.11302973034187122
2005-12-01,0.12372438772131787
2005-12-02,0.1224579539057228
2005-12-05,0.11570590027634767
2005-12-06,0.11633273408710876
2005-12-07,0.1156229332378597
2005-12-08,0.11302230116658633
2005-12-09,0.11086261169600166
2005-12-12,0.10848180334483368
2005-12-13,0.1085084667796599
2005-12-14,0.10833229106563216
2005-12-15,0.10416967534810528
2005-12-16,0.10599910755360789
2005-12-19,0.1082820817776494
2005-12-20,0.10677575728367482
2005-12-21,0.10475353034468489
2005-12-22,0.102319093923914
2005-12-23,0.10315802325144896
2005-12-26,0.10004826223153085
2005-12-27,0.112259027180026
2005-12-28,0.10763151851713794
2005-12-29,0.10594760782454724
2005-12-30,0.11069289364925898
2006-01-02,0.10718848221581945
2006-01-03,0.12905824813436523
2006-01-04,0.12766499779641982
2006-01-05,0.12178355501259971
2006-01-06,0.12583732244563858
2006-01-09,0.12105476009332947
2006-01-10,0.1183848021421605
2006-01-11,0.11457639986979407
2006-01-12,0.11723990142682332
2006-01-13,0.11597219563297272
2006-01-16,0.11030392765154334
2006-01-17,0.11143672785807003
2006-01-18,0.1120730265283094
2006-01-19,0.1114520180104205
2006-01-20,0.14212143279125927
2006-01-23,0.13824659108708853
2006-01-24,0.12827908385260597
2006-01-25,0.12973070198976355
2006-01-26,0.12778521419493782
2006-01-27,0.12884701628164222
2006-01-30,0.12325546206114019
2006-01-31,0.12143121847770917
2006-02-01,0.1171575981135729
2006-02-02,0.12562281797843586
2006-02-03,0.12242521872360221
2006-02-06,0.11863341468754313
2006-02-07,0.12240104089094793
2006-02-08,0.12624362391599886
2006-02-09,0.12424180849989838
2006-02-10,0.11790290440993753
2006-02-13,0.11633513299738872
2006-02-14,0.12217737550202286
2006-02-15,0.11946012541966174
2006-02-16,0.12013068310391725
2006-02-17,0.11936288331730867
2006-02-20,0.11457863767031572
2006-02-21,0.11192274392787879
2006-02-22,0.11408640506763096
2006-02-23,0.11362444958929929
2006-02-24,0.11035813957819872
2006-02-27,0.10953984782774222
2006-02-28,0.12123140416913322
2006-03-01,0.12322345314163177
2006-03-02,0.12120604912767984
2006-03-03,0.11668015969933683
2006-03-06,0.11907774806467254
2006-03-07,0.11541272008664587
2006-03-08,0.11462062149434832
2006-03-09,0.11282916530237613
2006-03-10,0.11452271340568429
2006-03-13,0.1136039469075226
2006-03-14,0.11810374089912191
2006-03-15,0.12154268515030606
2006-03-16,0.11462128876074609
2006-03-17,0.11154389627787842
2006-03-20,0.11020560327317631
2006-03-21,0.11255888574772731
2006-03-22,0.1137976758991656
2006-03-23,0.11244441848631959
2006-03-24,0.1111771180590684
2006-03-27,0.10785004422790939
2006-03-28,0.10952381274772331
2006-03-29,0.1135745945064786
2006-03-30,0.11257215768122983
2006-03-31,0.11195034536281345
2006-04-03,0.1073611087191444
2006-04-04,0.10957136780209381
2006-04-05,0.10777833371399857
2006-04-06,0.10926207423422572
2006-04-07,0.11806222615063773
2006-04-10,0.11567275754435102
2006-04-11,0.12082953695073861
2006-04-12,0.11555543889056977
2006-04-13,0.11104916732233412
2006-04-14,0.10932002041665786
2006-04-17,0.11180606229178726
2006-04-18,0.13268521926046165
2006-04-19,0.1270607129392818
2006-04-20,0.12170193020501481
2006-04-21,0.12256054424605825
2006-04-24,0.11768556137343185
2006-04-25,0.11671366219107895
2006-04-26,0.1122181318129918
2006-04-27,0.11099023950573098
2006-04-28,0.11011546818657615
2006-05-01,0.1091346691792281
2006-05-02,0.11073254530983054
2006-05-03,0.11270676215030946
2006-05-04,0.10992412599424246
2006-05-05,0.11906618693946555
2006-05-08,0.1127425167186133
2006-05-09,0.11014087893430675
2006-05-10,0.1084686507764633
2006-05-11,0.12586382922407605
2006-05-12,0.13604945828759485
2006-05-15,0.12918628330947854
2006-05-16,0.12474523058480122
2006-05-17,0.1502463800074025
2006-05-18,0.14466426040802538
2006-05-19,0.13977209779649474
2006-05-22,0.1375131614025052
2006-05-23,0.1338505064470965
2006-05-24,0.12937188009204467
2006-05-25,0.1358314175950867
2006-05-26,0.13205957413958735
2006-05-29,0.12695269400651255
2006-05-30,0.1463352581175672
2006-05-31,0.1457103240464247
2006-06-01,0.15113173437599356
2006-06-02,0.14344526338074426
2006-06-05,0.16681114210031947
2006-06-06,0.1533928816382768
2006-06-07,0.15649451647821397
2006-06-08,0.14624298459331783
2006-06-09,0.1416047782305492
2006-06-12,0.1470576659416102
2006-06-13,0.15459168199603357
2006-06-14,0.14760836250413623
2006-06-15,0.17860594776806615
2006-06-16,0.16814066278721984
2006-06-19,0.16496750951003591
2006-06-20,0.16044633079767073
2006-06-21,0.15526286735798525
2006-06-22,0.15091888158589442
2006-06-23,0.14626259827259155
2006-06-26,0.13898280966510365
2006-06-27,0.14455231275904615
2006-06-28,0.14106453138080538
2006-06-29,0.1708884542612017
2006-06-30,0.16482216742738
2006-07-03,0.1625672707742299
2006-07-04,0.1510456286064121
2006-07-05,0.1467198479157169
2006-07-06,0.14050107034971304
2006-07-07,0.1406553481303386
2006-07-10,0.13510124086165815
2006-07-11,0.13123017331703815
2006-07-12,0.13701509656939337
2006-07-13,0.14684589238734916
2006-07-14,0.14681566817646668
2006-07-17,0.13835843182906965
2006-07-18,0.1333064890747233
2006-07-19,0.15522949416859305
2006-07-20,0.15219568837924355
2006-07-21,0.15458169150864845
2006-07-24,0.16504179980507633
2006-07-25,0.1594694295916485
2006-07-26,0.15362430243413275
2006-07-27,0.15058124168465684
2006-07-28,0.15294946087739802
2006-07-31,0.14998252174902157
2006-08-01,0.13936125748357817
2006-08-02,0.14168910573119256
2006-08-03,0.13586588109378014
2006-08-04,0.13174344771883162
2006-08-07,0.12542920040954644
2006-08-08,0.12006267110457204
2006-08-09,0.11874732657900566
2006-08-10,0.1174343539030518
2006-08-11,0.11761221154276667
2006-08-14,0.11357392113575787
2006-08-15,0.1260494669328271
2006-08-16,0.12831720131786137
2006-08-17,0.12356148445532379
2006-08-18,0.12345625741713409
2006-08-21,0.11920223505036735
2006-08-22,0.11871952718935272
2006-08-23,0.11727789623919667
2006-08-24,0.1150685946569425
2006-08-25,0.11055325921272054
2006-08-28,0.1101380293903633
2006-08-29,0.10716672621483468
2006-08-30,0.10710544008773473
2006-08-31,0.10498779406426613
2006-09-01,0.1044968622315683
2006-09-04,0.10247771115849019
2006-09-05,0.10041938716823189
2006-09-06,0.11300276467890495
2006-09-07,0.11376009234919232
2006-09-08,0.11110473178935305
2006-09-11,0.10983254403207054
2006-09-12,0.11606840272419072
2006-09-13,0.11562630785321465
2006-09-14,0.110532546694492
2006-09-15,0.10877169375806588
2006-09-18,0.10524093908629607
2006-09-19,0.1061729189103575
2006-09-20,0.10774708165953027
2006-09-21,0.11021812956723134
2006-09-22,0.10772487995504577
2006-09-25,0.11218295263700788
2006-09-26,0.11611745302362493
2006-09-27,0.11161440132649697
2006-09-28,0.10780246396695267
2006-09-29,0.10852424198575066
2006-10-02,0.1086705306933724
2006-10-03,0.10484459742964637
2006-10-04,0.11855479911600776
2006-10-05,0.1131082999652455
2006-10-06,0.11353420026972491
2006-10-09,0.11111063215605896
2006-10-10,0.10892235806373785
2006-10-11,0.10595004570522426
2006-10-12,0.1130934314899491
2006-10-13,0.11182433659644535
2006-10-16,0.10754472209489886
2006-10-17,0.10986260941047962
2006-10-18,0.10536955535279385
2006-10-19,0.1048137689806569
2006-10-20,0.10179554551259246
2006-10-23,0.10294835977233012
2006-10-24,0.10228516970746324
2006-10-25,0.10225224113640906
2006-10-26,0.10341805772516592
2006-10-27,0.1142322602998887
2006-10-30,0.10689296415010235
2006-10-31,0.10580438122366456
2006-11-01,0.11117356119338873
2006-11-02,0.10847979250891904
2006-11-03,0.1065152637825899
2006-11-06,0.12023393788405434
2006-11-07,0.11697105874490864
2006-11-08,0.10919595189821962
2006-11-09,0.11263961418435672
2006-11-10,0.10963781452027156
2006-11-13,0.11019746810072141
2006-11-14,0.10883493762231378
2006-11-15,0.10857134337027242
2006-11-16,0.10554393354965443
2006-11-17,0.10427619305737339
2006-11-20,0.10125610527438403
2006-11-21,0.1013400474418038
2006-11-22,0.10052857156733541
2006-11-23,0.09745656122976652
2006-11-24,0.09976309601162497
2006-11-27,0.1197961803514046
2006-11-28,0.1192978244207659
2006-11-29,0.1241247323061781
2006-11-30,0.11541229645098569
2006-12-01,0.1137663625774617
2006-12-04,0.1201780321594467
2006-12-05,0.11951218516148597
2006-12-06,0.11410730815736876
2006-12-07,0.11446795466527014
2006-12-08,0.11050852407630496
2006-12-11,0.10844558103579297
2006-12-12,0.10653271850510167
2006-12-13,0.10570574858355718
2006-12-14,0.10949391988938949
2006-12-15,0.10893308725182659
2006-12-18,0.10333714365690541
2006-12-19,0.10364403646810866
2006-12-20,0.10255361647245385
2006-12-21,0.10486998831305924
2006-12-22,0.1058430148049981
2006-12-25,0.1043983537400509
2006-12-26,0.10206693599510352
2006-12-27,0.1096274584264009
2006-12-28,0.10666767061011695
2006-12-29,0.1070170383594973
2007-01-02,0.1064633869308695
2007-01-03,0.1039252068904361
2007-01-04,0.10135733636625388
2007-01-05,0.10422310470124764
2007-01-08,0.10241110985924076
2007-01-09,0.1027537971285006
2007-01-10,0.10247255817410286
2007-01-11,0.10587672926069093
2007-01-12,0.10623635571156183
2007-01-15,0.10274392529336701
2007-01-16,0.09967455371654994
2007-01-17,0.09926136283831996
2007-01-18,0.09970031395965574
2007-01-19,0.10116261339567274
2007-01-22,0.10297655695438794
2007-01-23,0.10132548837961446
2007-01-24,0.10646798885381414
2007-01-25,0.11820732361119948
2007-01-26,0.11790688252155823
2007-01-29,0.11276930005918351
2007-01-30,0.11364255268956111
2007-01-31,0.1141315047807419
2007-02-01,0.11402037298879315
2007-02-02,0.11105089482728289
2007-02-05,0.10984245994845544
2007-02-06,0.10593008673097515
2007-02-07,0.10677970725037372
2007-02-08,0.10306110489634701
2007-02-09,0.1087420959625062
2007-02-12,0.10825183743980098
2007-02-13,0.11027752550614864
2007-02-14,0.11432617446988454
2007-02-15,0.11324047024002085
2007-02-16,0.10927530287411648
2007-02-19,0.10583270175281646
2007-02-20,0.1049700496025732
2007-02-21,0.10371359922105729
2007-02-22,0.10092108553471262
2007-02-23,0.10074515832040858
2007-02-26,0.1007125105365629
2007-02-27,0.19910255827349504
2007-02-28,0.1908496754840767
2007-03-01,0.1804220639195169
2007-03-02,0.18151739321947585
2007-03-05,0.1820795303340681
2007-03-06,0.1924730536052727
2007-03-07,0.17900704425099145
2007-03-08,0.16956377194202066
2007-03-09,0.15939278570118792
2007-03-12,0.15613291909491595
2007-03-13,0.17882308346925938
2007-03-14,0.1764770969384804
2007-03-15,0.1641247802598034
2007-03-16,0.16113376885705613
2007-03-19,0.1589950988602208
2007-03-20,0.153044716040927
2007-03-21,0.16709717744553368
2007-03-22,0.16067172449013922
2007-03-23,0.15144004064426692
2007-03-26,0.14931857876293872
2007-03-27,0.14469368628693147
2007-03-28,0.14324126947036284
2007-03-29,0.13923536006542406
2007-03-30,0.13295828647856933
2007-04-02,0.13034970087704909
2007-04-03,0.1291743747457951
2007-04-04,0.12646103179476134
2007-04-05,0.12470301535145506
2007-04-06,0.11977182528836658
2007-04-09,0.1165037994754009
2007-04-10,0.11526735285646657
2007-04-11,0.11761207162663886
2007-04-12,0.11608625508879422
2007-04-13,0.11319279751446477
2007-04-16,0.12018707956439535
2007-04-17,0.12033202517438486
2007-04-18,0.11594767962621784
2007-04-19,0.11248221756882126
2007-04-20,0.1168744229947964
2007-04-23,0.11669451522146478
2007-04-24,0.11297424677848844
2007-04-25,0.11534254233334279
2007-04-26,0.1157797506915606
2007-04-27,0.11286730675492586
2007-04-30,0.11688640563389349
2007-05-01,0.1125915471471282
2007-05-02,0.11546856043263871
2007-05-03,0.11410205081914657
2007-05-04,0.11251694504621573
2007-05-07,0.10900170201036437
2007-05-08,0.10653438058460055
2007-05-09,0.10462675564330569
2007-05-10,0.1257078605815778
2007-05-11,0.12916078748032403
2007-05-14,0.12509603650362006
2007-05-15,0.12335076209839377
2007-05-16,0.1259793878171352
2007-05-17,0.12060733641978263
2007-05-18,0.12199076619512435
2007-05-21,0.11905979767529946
2007-05-22,0.11432847491248992
2007-05-23,0.11487194773833302
2007-05-24,0.11778935516010675
2007-05-25,0.11908321923454657
2007-05-28,0.11368646830347987
2007-05-29,0.11373092613108793
2007-05-30,0.11618203073096427
2007-05-31,0.11345294725970172
2007-06-01,0.1093176201456329
2007-06-04,0.10897569069061913
2007-06-05,0.10926834307543135
2007-06-06,0.1169569837863394
2007-06-07,0.14386852721627133
2007-06-08,0.1482678397570523
2007-06-11,0.13990312221918205
2007-06-12,0.147752762245523
2007-06-13,0.1551089347459581
2007-06-14,0.1497015115368973
2007-06-15,0.14894277428124744
2007-06-18,0.1393551841703796
2007-06-19,0.13728959904201646
2007-06-20,0.15022495270164515
2007-06-21,0.14299768496007786
2007-06-22,0.157221548717136
2007-06-25,0.14693896805445011
2007-06-26,0.14272882083001015
2007-06-27,0.14322908855718625
2007-06-28,0.1381465985212113
2007-06-29,0.13076305621638606
2007-07-02,0.1351866715893771
2007-07-03,0.13424635587267114
2007-07-04,0.12747261499734455
2007-07-05,0.12321777477792731
2007-07-06,0.12115198864904039
2007-07-09,0.11635935986945008
2007-07-10,0.13180781281440201
2007-07-11,0.13138759556591334
2007-07-12,0.1546822031418596
2007-07-13,0.1466705931710875
2007-07-16,0.14405768923655865
2007-07-17,0.13508363928234388
2007-07-18,0.13575720416451703
2007-07-19,0.12916036412832937
2007-07-20,0.14062603419400815
2007-07-23,0.13674057433183606
2007-07-24,0.16429187472412807
2007-07-25,0.15829162165485516
2007-07-26,0.19083626097903614
2007-07-27,0.19924493298595214
2007-07-30,0.19131468716259495
2007-07-31,0.19145258432466136
2007-08-01,0.18740565241423776
2007-08-02,0.18012695361421127
2007-08-03,0.2132470338822538
2007-08-06,0.23600349285939753
2007-08-07,0.22333898707801125
2007-08-08,0.21922835291080828
2007-08-09,0.260361236711286
2007-08-10,0.24254266276044237
2007-08-13,0.22548005164316964
2007-08-14,0.22819303347457395
2007-08-15,0.23481640167799342
2007-08-16,0.21565845757040392
2007-08-17,0.23099339628548723
2007-08-20,0.21731665747237486
2007-08-21,0.20843043960126129
2007-08-22,0.201191522870384
2007-08-23,0.1910665506189192
2007-08-24,0.1886132325284558
2007-08-27,0.18284094973963616
2007-08-28,0.21129100303811443
2007-08-29,0.22506697100920875
2007-08-30,0.20815190747955248
2007-08-31,0.20635287354472
2007-09-03,0.19890080560358542
2007-09-04,0.18411777988507666
2007-09-05,0.19265535039902204
2007-09-06,0.18348010195774175
2007-09-07,0.18984235386172965
2007-09-10,0.18389311131027172
2007-09-11,0.1830103316617641
2007-09-12,0.17358119131464034
2007-09-13,0.16949154057908927
2007-09-14,0.16321292480444685
2007-09-17,0.15963811638999187
2007-09-18,0.20376799249442368
2007-09-19,0.19219517580033968
2007-09-20,0.18743059945095766
2007-09-21,0.17366844298824274
2007-09-24,0.1692348796585485
2007-09-25,0.1629642262649721
2007-09-26,0.15575371856935866
2007-09-27,0.14892333617485115
2007-09-28,0.1468524437355457
2007-10-01,0.15344724456930098
2007-10-02,0.14692976778458372
2007-10-03,0.14078500690039672
2007-10-04,0.13819071359488286
2007-10-05,0.14175876355326475
2007-10-08,0.13407976093764765
2007-10-09,0.13468796126215726
2007-10-10,0.1268861969534675
2007-10-11,0.12716642797740063
2007-10-12,0.12960019512229298
2007-10-15,0.12744233512471517
2007-10-16,0.12918619431600492
2007-10-17,0.12296026915427498
2007-10-18,0.12303971123905402
2007-10-19,0.17628191116453484
2007-10-22,0.16849599813232208
2007-10-23,0.16276234536616574
2007-10-24,0.1561173702318748
2007-10-25,0.1488314474672815
2007-10-26,0.15567523329374475
2007-10-29,0.14971008721138174
2007-10-30,0.14521093034072416
2007-10-31,0.15024235318618614
2007-11-01,0.20176813801634005
2007-11-02,0.1853061505683404
2007-11-05,0.17811359518211028
2007-11-06,0.17856653479816384
2007-11-07,0.22526945000240942
2007-11-08,0.21079645915863182
2007-11-09,0.21413407286555539
2007-11-12,0.2047620855911699
2007-11-13,0.24140872011643938
2007-11-14,0.22852916102891535
2007-11-15,0.22766550310817518
2007-11-16,0.21017545286779238
2007-11-19,0.22397049532711344
2007-11-20,0.20781309763386963
2007-11-21,0.2112115880771705
2007-11-22,0.20173553542843434
2007-11-23,0.20089280357850814
2007-11-26,0.23169951511013986
2007-11-27,0.22088176169145676
2007-11-28,0.24623592512574086
2007-11-29,0.2399852200351442
2007-11-30,0.22811396230736392
2007-12-03,0.21232875831644496
2007-12-04,0.20482429762285242
2007-12-05,0.20563570527818054
2007-12-06,0.2116217322563924
2007-12-07,0.19694608865288307
2007-12-10,0.19079359974840787
2007-12-11,0.2141839061807375
2007-12-12,0.20734247936645048
2007-12-13,0.1975746456021174
2007-12-14,0.19765117998257536
2007-12-17,0.2029473955260573
2007-12-18,0.194500716160098
2007-12-19,0.18668081595570002
2007-12-20,0.17763331523584064
2007-12-21,0.1867298329740847
2007-12-24,0.1769009281185032
2007-12-25,0.17172096591001548
2007-12-26,0.1617813624817341
2007-12-27,0.16997604586481888
2007-12-28,0.16142644539098663
2007-12-31,0.157518384758145
2008-01-02,0.1679158582425905
2008-01-03,0.1594747099029779
2008-01-04,0.2004331479944103
2008-01-07,0.186139167918055
2008-01-08,0.2020080232304736
2008-01-09,0.19928184128172322
2008-01-10,0.18758781175547104
2008-01-11,0.19745832802939264
2008-01-14,0.19109884054175677
2008-01-15,0.2213726743552014
2008-01-16,0.20789836825073602
2008-01-17,0.24975799018851663
2008-01-18,0.23560522854790736
2008-01-21,0.2173916535943219
2008-01-22,0.21835294578639305
2008-01-23,0.22200874247448243
2008-01-24,0.2179522955339225
2008-01-25,0.21499062332332142
2008-01-28,0.22693354528373555
2008-01-29,0.21504671186040883
2008-01-30,0.20253853684422027
2008-01-31,0.21073278937270198
2008-02-01,0.20589246880120174
2008-02-04,0.19836870081122396
2008-02-05,0.2452730445250267
2008-02-06,0.23358994929128118
2008-02-07,0.23096311425616756
2008-02-08,0.2168403167679024
2008-02-11,0.20012857641791185
2008-02-12,0.19679897380198505
2008-02-13,0.1969645805038648
2008-02-14,0.19916018199777022
2008-02-15,0.18138505936732285
2008-02-18,0.18071302230743166
2008-02-19,0.1675257232582194
2008-02-20,0.16756131569658175
2008-02-21,0.16819884524356613
2008-02-22,0.16293322656426382
2008-02-25,0.17139334732564748
2008-02-26,0.1663562493410207
2008-02-27,0.1546809874569079
2008-02-28,0.15838643645680495
2008-02-29,0.20253054538957807
2008-03-03,0.19124444651339875
2008-03-04,0.18395365061537153
2008-03-05,0.1712451253900844
2008-03-06,0.20137792909911792
2008-03-07,0.19957821464658387
2008-03-10,0.19792645819069835
2008-03-11,0.2500292148555564
2008-03-12,0.2463940233920877
2008-03-13,0.23159958395817173
2008-03-14,0.24066164906291426
2008-03-17,0.23767360689471706
2008-03-18,0.28983470137739414
2008-03-19,0.3057776622522366
2008-03-20,0.30805110323896906
2008-03-21,0.28091127155153467
2008-03-24,0.2729672554209083
2008-03-25,0.25784165968800826
2008-03-26,0.2532061466039489
2008-03-27,0.24433482865848286
2008-03-28,0.23379207509874828
2008-03-31,0.22135118272509932
2008-04-01,0.2695213268964711
2008-04-02,0.24346738531033035
2008-04-03,0.2300994744222926
2008-04-04,0.22466247913314646
2008-04-07,0.21054508536739297
2008-04-08,0.19542490672013846
2008-04-09,0.19480739056761193
2008-04-10,0.1858248105641332
2008-04-11,0.20703536375995915
2008-04-14,0.19441962058385875
2008-04-15,0.18247195866647084
2008-04-16,0.20145934906645682
2008-04-17,0.1928513389672063
2008-04-18,0.20063013436643745
2008-04-21,0.18833153064509167
2008-04-22,0.18436373895240052
2008-04-23,0.17790565297279748
2008-04-24,0.16998618697822532
2008-04-25,0.1628539671382037
2008-04-28,0.154190816659628
2008-04-29,0.15007583626816753
2008-04-30,0.14880807414531408
2008-05-01,0.15846508421439723
2008-05-02,0.15449282281900367
2008-05-05,0.14959600453343236
2008-05-06,0.14865178674690588
2008-05-07,0.16775209565640692
2008-05-08,0.16033744610009065
2008-05-09,0.15785970027141719
2008-05-12,0.16264080347711118
2008-05-13,0.1525750413643435
2008-05-14,0.14659958952470561
2008-05-15,0.14635861236091322
2008-05-16,0.14363168465428078
2008-05-19,0.13529363168925962
2008-05-20,0.141155491161064
2008-05-21,0.15964569063319273
2008-05-22,0.14796269193628783
2008-05-23,0.16110232056172544
2008-05-26,0.14993700634765966
2008-05-27,0.1501634066620596
2008-05-28,0.14209789818679538
2008-05-29,0.13855648727461092
2008-05-30,0.13641842766318973
2008-06-02,0.13956139428377506
2008-06-03,0.1386624405681098
2008-06-04,0.13399457647656787
2008-06-05,0.15758897358213528
2008-06-06,0.21702475501112312
2008-06-09,0.20558094171511182
2008-06-10,0.19044802490722562
2008-06-11,0.20329286840878621
2008-06-12,0.1919176493523668
2008-06-13,0.19578738204168936
2008-06-16,0.181472890980887
2008-06-17,0.1775019729593081
2008-06-18,0.17467025345918044
2008-06-19,0.16979529530002085
2008-06-20,0.1845504614876576
2008-06-23,0.1758925926497836
2008-06-24,0.16780167891519163
2008-06-25,0.1661758866645649
2008-06-26,0.21937011277503804
2008-06-27,0.2007922033665053
2008-06-30,0.1911020465403434
2008-07-01,0.18194802339646063
2008-07-02,0.19837088047467627
2008-07-03,0.18254531857584783
2008-07-04,0.17605736488581292
2008-07-07,0.16959390936618332
2008-07-08,0.18099805603265312
2008-07-09,0.20561635833601796
2008-07-10,0.19775054545927317
2008-07-11,0.19583075882906412
2008-07-14,0.19063303739949697
2008-07-15,0.19040586877152102
2008-07-16,0.2164104071922266
2008-07-17,0.21343199877278454
2008-07-18,0.20173242814812575
2008-07-21,0.18757630898807368
2008-07-22,0.1887217911233053
2008-07-23,0.17872099541779685
2008-07-24,0.20332138159087595
2008-07-25,0.19687677017887242
2008-07-28,0.2116121797965145
2008-07-29,0.2235288521820742
2008-07-30,0.22794431032544324
2008-07-31,0.21703889989130767
2008-08-01,0.21661687314595324
2008-08-04,0.20150989469259023
2008-08-05,0.23862360298258314
2008-08-06,0.22183115085147706
2008-08-07,0.2335709851914692
2008-08-08,0.24427965154364914
2008-08-11,0.23261564108689725
2008-08-12,0.23242562098029385
2008-08-13,0.21360662011016177
2008-08-14,0.20142765317930136
2008-08-15,0.19491951518468756
2008-08-18,0.20204612841980155
2008-08-19,0.1920360364687616
2008-08-20,0.18139059216442494
2008-08-21,0.1740740712665096
2008-08-22,0.17558672846006496
2008-08-25,0.19168662890031615
2008-08-26,0.184603705782961
2008-08-27,0.17468421700139689
2008-08-28,0.18602773292901398
2008-08-29,0.1832364530871307
2008-09-01,0.18032429006909242
2008-09-02,0.16830480028253922
2008-09-03,0.16170694271325203
2008-09-04,0.2152721528352785
2008-09-05,0.20338611958756603
2008-09-08,0.21416600926012086
2008-09-09,0.2695565644572592
2008-09-10,0.25032274009505867
2008-09-11,0.2413326158993634
2008-09-12,0.2282585218072522
2008-09-15,0.32686507546072574
2008-09-16,0.31354884261618254
2008-09-17,0.37808991867195835
2008-09-18,0.40621831395185215
2008-09-19,0.4119467906733707
2008-09-22,0.4460114064421277
2008-09-23,0.4093211265301772
2008-09-24,0.3887043373732243
2008-09-25,0.37832941797201614
2008-09-26,0.34720160326467014
2008-09-29,0.5501559895879993
2008-09-30,0.5837366215912417
2008-10-01,0.5338875526470965
2008-10-02,0.5414828662502382
2008-10-03,0.5189882691243107
2008-10-06,0.5209396340555954
2008-10-07,0.5508576501236514
2008-10-08,0.5267111454234914
2008-10-09,0.6184049340297584
2008-10-10,0.5947584213851002
2008-10-13,0.7807930769425648
2008-10-14,0.6977875915993257
2008-10-15,0.8323569078734373
2008-10-16,0.7785694070722993
2008-10-17,0.7103222671208038
2008-10-20,0.7243918038664705
2008-10-21,0.6832572414971491
2008-10-22,0.6942822892130551
2008-10-23,0.662504358056835
2008-10-24,0.6401660903192224
2008-10-27,0.6079086707060245
2008-10-28,0.7879987813855844
2008-10-29,0.7045140009241614
2008-10-30,0.6749501389149326
2008-10-31,0.6384916392519753
2008-11-03,0.5959041709087687
2008-11-04,0.5674682613951864
2008-11-05,0.6028880148906498
2008-11-06,0.6239156958937414
2008-11-07,0.5907347793802191
2008-11-10,0.5662716757229768
2008-11-11,0.5170084186282299
2008-11-12,0.5599939748070429
2008-11-13,0.604328979946415
2008-11-14,0.626719070639482
2008-11-17,0.5816534337660791
2008-11-18,0.5389056245871525
2008-11-19,0.6036609576113303
2008-11-20,0.6471531809207236
2008-11-21,0.67510925770405
2008-11-24,0.7100710752469241
2008-11-25,0.65650411326825
2008-11-26,0.6237596272365002
2008-11-27,0.5785732661509051
2008-11-28,0.557781351501409
2008-12-01,0.6794714075948133
2008-12-02,0.6866224008407265
2008-12-03,0.6474429344424751
2008-12-04,0.6222930439514004
2008-12-05,0.6070593903517953
2008-12-08,0.5850617208656734
2008-12-09,0.552876207746445
2008-12-10,0.5300478217112048
2008-12-11,0.5062674035058428
2008-12-12,0.47139878284300124
2008-12-15,0.452015058870455
2008-12-16,0.4757234215725431
2008-12-17,0.4656882624500507
2008-12-18,0.4443863138616717
2008-12-19,0.41885550130830285
2008-12-22,0.38866352871768395
2008-12-23,0.3874431169845982
2008-12-24,0.3490743219997227
2008-12-25,0.31996128903166876
2008-12-26,0.30573164240385164
2008-12-29,0.2956266768782741
2008-12-30,0.30055149579686385
2008-12-31,0.2812516187300851
2009-01-02,0.30311344304166987
2009-01-05,0.2834486484518848
2009-01-06,0.27165501318156554
2009-01-07,0.29631786504733554
2009-01-08,0.27625936407565477
2009-01-09,0.2768790845586524
2009-01-12,0.2848091343716832
2009-01-13,0.2777865164451738
2009-01-14,0.3058511933384678
2009-01-15,0.2866352831811323
2009-01-16,0.27313969724152465
2009-01-19,0.25265662521923227
2009-01-20,0.3586310841756577
2009-01-21,0.3937853043702167
2009-01-22,0.3696310878337422
2009-01-23,0.34737712963324846
2009-01-26,0.32818112427965124
2009-01-27,0.31045459188007324
2009-01-28,0.3266602822688243
2009-01-29,0.3692725836773624
2009-01-30,0.3590270110441822
2009-02-02,0.3283648966791881
2009-02-03,0.3116001833164079
2009-02-04,0.3030636333494372
2009-02-05,0.28696415535312425
2009-02-06,0.3002758598112285
2009-02-09,0.2777332007986653
2009-02-10,0.36469530372086256
2009-02-11,0.3355100342382053
2009-02-12,0.31654469062869584
2009-02-13,0.3010554626553672
2009-02-16,0.2889782100226383
2009-02-17,0.3444355345918143
2009-02-18,0.3356918265589426
2009-02-19,0.31618386105809276
2009-02-20,0.3067109313225361
2009-02-23,0.32899089953957467
2009-02-24,0.3595007496914502
2009-02-25,0.347315636902727
2009-02-26,0.3302634363308778
2009-02-27,0.3296138378513772
2009-03-02,0.3931525230511568
2009-03-03,0.3711026798339643
2009-03-04,0.3543683063208954
2009-03-05,0.4085757306048848
2009-03-06,0.3728071152851691
2009-03-09,0.35990789665315215
2009-03-10,0.43980750422696785
2009-03-11,0.41468918649361486
2009-03-12,0.42019345390604623
2009-03-13,0.4018928685078494
2009-03-16,0.3809973736001654
2009-03-17,0.3926748185581135
2009-03-18,0.38603662099174835
2009-03-19,0.3588932223950138
2009-03-20,0.3517475298760679
2009-03-23,0.4523076049664738
2009-03-24,0.43778239969842697
2009-03-25,0.4105929381394146
2009-03-26,0.4240350326250051
2009-03-27,0.3948398777101267
2009-03-30,0.3964531396169186
2009-03-31,0.3896260658082276
2009-04-01,0.3710902367615903
2009-04-02,0.3705695313309206
2009-04-03,0.3540009732408223
2009-04-06,0.32850480655057257
2009-04-07,0.3308240745392117
2009-04-08,0.31985533705489577
2009-04-09,0.3468495205593661
2009-04-10,0.3187169227342329
2009-04-13,0.2972612293732442
2009-04-14,0.29803866408650864
2009-04-15,0.28592125326846074
2009-04-16,0.27704505714532945
2009-04-17,0.2636864485742813
2009-04-20,0.33169381907788603
2009-04-21,0.32017428381565
2009-04-22,0.3083732809617388
2009-04-23,0.29168386215603154
2009-04-24,0.27769709741490967
2009-04-27,0.26865144070166996
2009-04-28,0.2644726114333156
2009-04-29,0.26210409208485796
2009-04-30,0.24179313341274952
2009-05-01,0.23373400924966758
2009-05-04,0.2629134780514454
2009-05-05,0.25687913208728197
2009-05-06,0.24940319120559754
2009-05-07,0.2502608134732691
2009-05-08,0.2585251254228279
2009-05-11,0.2647325499957712
2009-05-12,0.24923967525146856
2009-05-13,0.2682690296685274
2009-05-14,0.25429173732855737
2009-05-15,0.24877301334419655
2009-05-18,0.2772302517479233
2009-05-19,0.25731850137671614
2009-05-20,0.24402172672131822
2009-05-21,0.24851092009772477
2009-05-22,0.2305014178709155
2009-05-25,0.2178102915177628
2009-05-26,0.2443973335415301
2009-05-27,0.24511624380417107
2009-05-28,0.23747753206466402
2009-05-29,0.2293469130831777
2009-06-01,0.24798154007728287
2009-06-02,0.23651925483055755
2009-06-03,0.2293685551040981
2009-06-04,0.23891417338822393
2009-06-05,0.21182065894267002
2009-06-08,0.19912243205609126
2009-06-09,0.19322267267726656
2009-06-10,0.18624432072173924
2009-06-11,0.17533119796933838
2009-06-12,0.16899546263703816
2009-06-15,0.20206080985864158
2009-06-16,0.19965521771571118
2009-06-17,0.18965425433824196
2009-06-18,0.18320926185631647
2009-06-19,0.1726080063372509
2009-06-22,0.22497492530786134
2009-06-23,0.21168303711272504
2009-06-24,0.2016540236318561
2009-06-25,0.22119276205082958
2009-06-26,0.20737330632486556
2009-06-29,0.19781625800900834
2009-06-30,0.19171964994153073
2009-07-01,0.18308569194961155
2009-07-02,0.22486221832241704
2009-07-03,0.2135866999844187
2009-07-06,0.207247063128102
2009-07-07,0.2097565000175994
2009-07-08,0.2021668526329592
2009-07-09,0.19225852612967204
2009-07-10,0.18819262193614794
2009-07-13,0.20715357042184868
2009-07-14,0.19720255574328974
2009-07-15,0.23941858420583104
2009-07-16,0.2215112277501357
2009-07-17,0.21100447201601388
2009-07-20,0.2094005670780462
2009-07-21,0.1992675270853463
2009-07-22,0.18657981779733046
2009-07-23,0.20468651397593216
2009-07-24,0.19918124643385948
2009-07-27,0.18539499533049572
2009-07-28,0.17981450910077748
2009-07-29,0.17379045289287537
2009-07-30,0.1697022078097927
2009-07-31,0.1624587771828525
2009-08-03,0.16967978298085526
2009-08-04,0.1659557410664514
2009-08-05,0.15532926903532268
2009-08-06,0.15284971023716493
2009-08-07,0.1564103269605703
2009-08-10,0.1494425963698089
2009-08-11,0.15646024841400877
2009-08-12,0.15762206969933956
2009-08-13,0.1579112071031477
2009-08-14,0.15419673789775648
2009-08-17,0.1923788043446377
2009-08-18,0.18911825889192097
2009-08-19,0.18557994723452276
2009-08-20,0.17590906299426168
2009-08-21,0.18659401626400568
2009-08-24,0.18145141607444912
2009-08-25,0.16762959469396824
2009-08-26,0.1628080032468873
2009-08-27,0.15502059040076266
2009-08-28,0.14705109365440847
2009-08-31,0.1486801499210122
2009-09-01,0.1819548058622691
2009-09-02,0.1757138857366535
2009-09-03,0.17077998955430898
2009-09-04,0.17072923429891126
2009-09-07,0.16372512439043582
2009-09-08,0.16136726324321168
2009-09-09,0.15674942440183098
2009-09-10,0.15951566841994486
2009-09-11,0.15012858678254098
2009-09-14,0.14425571464887982
2009-09-15,0.14399366741301342
2009-09-16,0.15456358313265156
2009-09-17,0.1469035239749035
2009-09-18,0.14326579128808253
2009-09-21,0.1403261210759223
2009-09-22,0.1326211158772731
2009-09-23,0.13886829393268227
2009-09-24,0.14139154717795982
2009-09-25,0.13733756073423262
2009-09-28,0.1576184318537304
2009-09-29,0.15311676410408467
2009-09-30,0.14538219581930675
2009-10-01,0.19007923217922273
2009-10-02,0.17862970612552712
2009-10-05,0.18897174985921758
2009-10-06,0.18662857817727369
2009-10-07,0.1750401980400492
2009-10-08,0.17214624558490896
2009-10-09,0.16208450071657698
2009-10-12,0.16329949655439926
2009-10-13,0.15169324206773854
2009-10-14,0.16661282033451044
2009-10-15,0.16037760380442895
2009-10-16,0.16208434000397262
2009-10-19,0.1590718763605714
2009-10-20,0.1560325735875112
2009-10-21,0.15481747989096514
2009-10-22,0.15623516830878426
2009-10-23,0.16449798028501583
2009-10-26,0.1646928147449624
2009-10-27,0.15951579267324356
2009-10-28,0.1824674350305847
2009-10-29,0.1981651499192406
2009-10-30,0.23914296734603546
2009-11-02,0.2196595052942863
2009-11-03,0.21016345156080557
2009-11-04,0.2002164202732772
2009-11-05,0.20950196254286022
2009-11-06,0.19777840961959905
2009-11-09,0.21231814411384184
2009-11-10,0.20048202602794077
2009-11-11,0.19401042138144003
2009-11-12,0.19718379343288936
2009-11-13,0.18006280463864358
2009-11-16,0.18507633300050147
2009-11-17,0.17586961387728778
2009-11-18,0.1673757697380388
2009-11-19,0.17232694780848057
2009-11-20,0.1671978356194576
2009-11-23,0.17178527862851686
2009-11-24,0.1652746610662407
2009-11-25,0.1564701580413245
2009-11-26,0.14920609902560258
2009-11-27,0.16742652830626084
2009-11-30,0.1614448619031777
2009-12-01,0.16012608142897447
2009-12-02,0.15266141539799294
2009-12-03,0.1515198924579617
2009-12-04,0.14742147187570226
2009-12-07,0.14267384582047354
2009-12-08,0.14710651699729696
2009-12-09,0.1449463599197917
2009-12-10,0.13610872463545998
2009-12-11,0.1387617142162098
2009-12-14,0.13139173424973585
2009-12-15,0.13009970056355757
2009-12-16,0.12506635160315882
2009-12-17,0.13541215442100604
2009-12-18,0.1304993814653338
2009-12-21,0.139191281258816
2009-12-22,0.13286965194328515
2009-12-23,0.12692002729724317
2009-12-24,0.1253591001714912
2009-12-25,0.1226190685103898
2009-12-28,0.11646849793021519
2009-12-29,0.1142853017952441
2009-12-30,0.11159758750655602
2009-12-31,0.12049815062790212
2010-01-04,0.13986850868749254
2010-01-05,0.13288207766855967
2010-01-06,0.12840167587797885
2010-01-07,0.12349938523151778
2010-01-08,0.1219973978162752
2010-01-11,0.11973731613305914
2010-01-12,0.1274314966107236
2010-01-13,0.1272663592829329
2010-01-14,0.12106433649651006
2010-01-15,0.13014945162601763
2010-01-18,0.12223876964452322
2010-01-19,0.13377017091009838
2010-01-20,0.1407900178675191
2010-01-21,0.1688189219004817
2010-01-22,0.1932552556012703
2010-01-25,0.18012459992099436
2010-01-26,0.17495208391875264
2010-01-27,0.16859997896062762
2010-01-28,0.17212767988888902
2010-01-29,0.17003038048460856
2010-02-01,0.17355107256219593
2010-02-02,0.17608958255772272
2010-02-03,0.16763092102774466
2010-02-04,0.22717745007836246
2010-02-05,0.20963372323149454
2010-02-08,0.20425147330425944
2010-02-09,0.20887875859844773
2010-02-10,0.1900478896332286
2010-02-11,0.18836903523777268
2010-02-12,0.17510853402011559
2010-02-15,0.16768357356857663
2010-02-16,0.1810298723900748
2010-02-17,0.17277078759836734
2010-02-18,0.1663519659533436
2010-02-19,0.15932920770411105
2010-02-22,0.15199577398465497
2010-02-23,0.16205502779357034
2010-02-24,0.15579317145659347
2010-02-25,0.14959812770829617
2010-02-26,0.14384432976600506
2010-03-01,0.1449039132650605
2010-03-02,0.14439416204722513
2010-03-03,0.13562231717925155
2010-03-04,0.13185225450732915
2010-03-05,0.1413824813148785
2010-03-08,0.14014241235775637
2010-03-09,0.13117747141017078
2010-03-10,0.12768091884528893
2010-03-11,0.12320784174103205
2010-03-12,0.1207488037258233
2010-03-15,0.11724914619118809
2010-03-16,0.11833861714198304
2010-03-17,0.12030700311779143
2010-03-18,0.11509669230758938
2010-03-19,0.11653230267147635
2010-03-22,0.11303182974451344
2010-03-23,0.11820923129165924
2010-03-24,0.11609669879732303
2010-03-25,0.11712047667773792
2010-03-26,0.11169197936892358
2010-03-29,0.1118589831084385
2010-03-30,0.10833108138544979
2010-03-31,0.10675555038651743
2010-04-01,0.11217215088548804
2010-04-02,0.10921800843435987
2010-04-05,0.11199504091860432
2010-04-06,0.10842664891740765
2010-04-07,0.11345698504958121
2010-04-08,0.11364200180065342
2010-04-09,0.11377092455858696
2010-04-12,0.10790113186400073
2010-04-13,0.10503055176892498
2010-04-14,0.11720869093581375
2010-04-15,0.11159788667271944
2010-04-16,0.13464442719874478
2010-04-19,0.13165301505157573
2010-04-20,0.13342921121031645
2010-04-21,0.1277617470969154
2010-04-22,0.12565301626964484
2010-04-23,0.12327097556392924
2010-04-26,0.12379666534973484
2010-04-27,0.16816688331494417
2010-04-28,0.1630753775903015
2010-04-29,0.16409649166794327
2010-04-30,0.17500217014215877
2010-05-03,0.17615833770928735
2010-05-04,0.20465590802741415
2010-05-05,0.20331873988027438
2010-05-06,0.24428420139686582
2010-05-07,0.24827560909370427
2010-05-10,0.3104666062168528
2010-05-11,0.29299730507490185
2010-05-12,0.2816027185622733
2010-05-13,0.27298448833867844
2010-05-14,0.270605059216679
2010-05-17,0.2571687454228143
2010-05-18,0.25029368123435153
2010-05-19,0.23696042399476827
2010-05-20,0.30203107530093753
2010-05-21,0.284382130886757
2010-05-24,0.2738814646607169
2010-05-25,0.2599562335337439
2010-05-26,0.2460972192283839
2010-05-27,0.28110218383599445
2010-05-28,0.2718044679817618
2010-05-31,0.25280551729821304
2010-06-01,0.25517904109482886
2010-06-02,0.2622849491228402
2010-06-03,0.2489118390070618
2010-06-04,0.29054667450953015
2010-06-07,0.2807675087166887
2010-06-08,0.27144503507068934
2010-06-09,0.2579185544704453
2010-06-10,0.2769736726333946
2010-06-11,0.25705285665254285
2010-06-14,0.24627750091286743
2010-06-15,0.2624753892510172
2010-06-16,0.24341154793025235
2010-06-17,0.22567435130838517
2010-06-18,0.2168994172425087
2010-06-21,0.20271200655757066
2010-06-22,0.2071541516609875
2010-06-23,0.19712694977782647
2010-06-24,0.20659590263869249
2010-06-25,0.19632145945456514
2010-06-28,0.18387910203348612
2010-06-29,0.2353542671237067
2010-06-30,0.22753155148485035
2010-07-01,0.21215592796289492
2010-07-02,0.20696773483364994
2010-07-05,0.1958124456963858
2010-07-06,0.18517813833508537
2010-07-07,0.22437637633582386
2010-07-08,0.21696065734008071
2010-07-09,0.2064454718849141
2010-07-12,0.19660323992838002
2010-07-13,0.20212457376908574
2010-07-14,0.18820460970620115
2010-07-15,0.18113901441395625
2010-07-16,0.22967203322653584
2010-07-19,0.20765710475558524
2010-07-20,0.2081048672144011
2010-07-21,0.20412254372904995
2010-07-22,0.22044319568320345
2010-07-23,0.21276014725351208
2010-07-26,0.2025560863592491
2010-07-27,0.1996597634833229
2010-07-28,0.1877059083284146
2010-07-29,0.17976655480491624
2010-07-30,0.17013699755476547
2010-08-02,0.19116395840826464
2010-08-03,0.1799782872600144
2010-08-04,0.17620992185441658
2010-08-05,0.1653387321748241
2010-08-06,0.15930006926617005
2010-08-09,0.1552301061400231
2010-08-10,0.15510886271371302
2010-08-11,0.20170591818177905
2010-08-12,0.1878342534032945
2010-08-13,0.1854058641513213
2010-08-16,0.17872418462159986
2010-08-17,0.17726074513960446
2010-08-18,0.16483192381971837
2010-08-19,0.17945761470806654
2010-08-20,0.1695326773514289
2010-08-23,0.16478693747158976
2010-08-24,0.1746482550835725
2010-08-25,0.1641076219970428
2010-08-26,0.16102516034736433
2010-08-27,0.1727310375780768
2010-08-30,0.18634636139998448
2010-08-31,0.17416724343545303
2010-09-01,0.20991975277211505
2010-09-02,0.20258387141627038
2010-09-03,0.20443520530919446
2010-09-06,0.1993665482682176
2010-09-07,0.19020775217319352
2010-09-08,0.18156419141591848
2010-09-09,0.17387684989324315
2010-09-10,0.16837996917624745
2010-09-13,0.1657329764646691
2010-09-14,0.16050229047359899
2010-09-15,0.1561805354887505
2010-09-16,0.1432633832190728
2010-09-17,0.13933007737315578
2010-09-20,0.15395986255144983
2010-09-21,0.14585230127207577
2010-09-22,0.14101373644484042
2010-09-23,0.14268978822478895
2010-09-24,0.17146641200412072
2010-09-27,0.16210668394773242
2010-09-28,0.15534112597120409
2010-09-29,0.15050880730683472
2010-09-30,0.1448156307925037
2010-10-01,0.14226650522378864
2010-10-04,0.14010075059687577
2010-10-05,0.16905590338701867
2010-10-06,0.15982555806642396
2010-10-07,0.1531733486443585
2010-10-08,0.15019826097633282
2010-10-11,0.1411755938950609
2010-10-12,0.13156653125093581
2010-10-13,0.13150172132227733
2010-10-14,0.12927321734414626
2010-10-15,0.12715010858851686
2010-10-18,0.12680162998464256
2010-10-19,0.14728990998683816
2010-10-20,0.1462109805722122
2010-10-21,0.143532561013858
2010-10-22,0.14206115835052693
2010-10-25,0.13110321040093464
2010-10-26,0.13082404670397346
2010-10-27,0.12630068121601187
2010-10-28,0.11879612919337885
2010-10-29,0.1159723869141299
2010-11-01,0.11348253122790693
2010-11-02,0.11784492077757622
2010-11-03,0.1137471513155535
2010-11-04,0.14114974048343884
2010-11-05,0.13516786095698755
2010-11-08,0.13973532015811685
2010-11-09,0.13509684597399113
2010-11-10,0.13104382698016517
2010-11-11,0.1320337299412013
2010-11-12,0.13909077058591238
2010-11-15,0.13078899446313702
2010-11-16,0.15449216601011853
2010-11-17,0.1451409150471245
2010-11-18,0.15690999244449727
2010-11-19,0.14645691651029386
2010-11-22,0.1402495505719023
2010-11-23,0.15613422156410653
2010-11-24,0.16372748167461418
2010-11-25,0.15702183564142183
2010-11-26,0.1543143530754926
2010-11-29,0.14929945160560412
2010-11-30,0.1456520928221634
2010-12-01,0.17001551828060701
2010-12-02,0.17243188526919614
2010-12-03,0.16519883369290364
2010-12-06,0.15569574906311717
2010-12-07,0.15162572676009597
2010-12-08,0.1455173963840578
2010-12-09,0.13955400485983413
2010-12-10,0.13790766882286815
2010-12-13,0.13218879023719962
2010-12-14,0.1269019353556663
2010-12-15,0.12345017204065092
2010-12-16,0.1220801412374895
2010-12-17,0.12121806222550563
2010-12-20,0.11833112617120517
2010-12-21,0.11746275510075598
2010-12-22,0.11500517047132228
2010-12-23,0.11276834714937463
2010-12-24,0.10975914391836829
2010-12-27,0.10646361769985922
2010-12-28,0.10456791156480894
2010-12-29,0.1048437267191107
2010-12-30,0.10370292009278642
2010-12-31,0.1008505439565785
2011-01-03,0.11223923627180792
2011-01-04,0.11070684085270652
2011-01-05,0.11156977611964733
2011-01-06,0.1072927017912295
2011-01-07,0.10350759766699733
2011-01-10,0.10259020105006532
2011-01-11,0.10669385957144595
2011-01-12,0.10946162851721743
2011-01-13,0.10791615251052927
2011-01-14,0.11084166217575264
2011-01-17,0.10967271291477504
2011-01-18,0.10811460505672221
2011-01-19,0.12016130820000573
2011-01-20,0.11346714306557124
2011-01-21,0.10945591777085752
2011-01-24,0.11200626711624612
2011-01-25,0.10769630666311894
2011-01-26,0.10919846936434173
2011-01-27,0.10468957264132885
2011-01-28,0.13676578910734327
2011-01-31,0.13409732689268677
2011-02-01,0.15387737053430042
2011-02-02,0.14700845685305572
2011-02-03,0.13894857581697093
2011-02-04,0.1356348105450209
2011-02-07,0.13281949401150256
2011-02-08,0.13142625985290768
2011-02-09,0.1268606024867345
2011-02-10,0.12254246266462557
2011-02-11,0.12155040645016475
2011-02-14,0.11901279208121061
2011-02-15,0.1149785142183921
2011-02-16,0.11788189062870282
2011-02-17,0.11237659737953117
2011-02-18,0.1116044528761325
2011-02-21,0.10947809111389789
2011-02-22,0.14689338528225834
2011-02-23,0.14514581380665498
2011-02-24,0.1386218314593944
2011-02-25,0.14849213553541496
2011-02-28,0.13823149386463032
2011-03-01,0.156367396251509
2011-03-02,0.14729189153843814
2011-03-03,0.16232411902281574
2011-03-04,0.16094998044262313
2011-03-07,0.1574254809689399
2011-03-08,0.15647369391614765
2011-03-09,0.14897119527750066
2011-03-10,0.17374964247475919
2011-03-11,0.16815316558500817
2011-03-14,0.1642917643243605
2011-03-15,0.16241000046662152
2011-03-16,0.18641703375337265
2011-03-17,0.1843804479624548
2011-03-18,0.17971415261700002
2011-03-21,0.18529285383693397
2011-03-22,0.17148607438571192
2011-03-23,0.16579787841504168
2011-03-24,0.1652945855652158
2011-03-25,0.15777543852148304
2011-03-28,0.14934135306060806
2011-03-29,0.145496544686546
2011-03-30,0.14445190936392963
2011-03-31,0.1410476051146695
2011-04-01,0.1393228678280698
2011-04-04,0.12897264880807932
2011-04-05,0.12530909305894308
2011-04-06,0.12017833615784082
2011-04-07,0.1197169750494964
2011-04-08,0.11514986190143299
2011-04-11,0.11480852026195465
2011-04-12,0.11958973020720844
2011-04-13,0.11777995853907099
2011-04-14,0.11315167078089562
2011-04-15,0.11216922724897636
2011-04-18,0.12344476749717724
2011-04-19,0.12380991793558879
2011-04-20,0.1315137050876932
2011-04-21,0.12865627072096714
2011-04-22,0.12672011848995327
2011-04-25,0.12148194344117835
2011-04-26,0.12518784264935529
2011-04-27,0.1260342457891307
2011-04-28,0.12238822591082323
2011-04-29,0.11993713758969425
2011-05-02,0.11425126721639844
2011-05-03,0.11448286846395911
2011-05-04,0.11948713070843336
2011-05-05,0.12200264017592233
2011-05-06,0.12012310770315869
2011-05-09,0.11978213974782559
2011-05-10,0.12088826484622511
2011-05-11,0.13045650988956944
2011-05-12,0.12619361791624803
2011-05-13,0.13001297734869094
2011-05-16,0.1305941653490446
2011-05-17,0.12640261928602903
2011-05-18,0.1345459326068064
2011-05-19,0.12302417729613777
2011-05-20,0.12635872162503417
2011-05-23,0.1339778154519944
2011-05-24,0.1317247840783832
2011-05-25,0.1270929975294874
2011-05-26,0.12493388285464908
2011-05-27,0.12172016636684661
2011-05-30,0.11643282137214382
2011-05-31,0.1268466741484351
2011-06-01,0.16195604811885653
2011-06-02,0.15902077849372642
2011-06-03,0.158361630627187
2011-06-06,0.15920131470993712
2011-06-07,0.1537072665136806
2011-06-08,0.1483967628008275
2011-06-09,0.14550731917513926
2011-06-10,0.1571594019814236
2011-06-13,0.14773429029112678
2011-06-14,0.1563597263067893
2011-06-15,0.1760397150880081
2011-06-16,0.15970694287726286
2011-06-17,0.15491076219414318
2011-06-20,0.1472222393626037
2011-06-21,0.15868755576966542
2011-06-22,0.1540893852059256
2011-06-23,0.1501108842856655
2011-06-24,0.15711707726607477
2011-06-27,0.15456674493181555
2011-06-28,0.16102072689745392
2011-06-29,0.1564293747150579
2011-06-30,0.15409456024260748
2011-07-01,0.15977344975995733
2011-07-04,0.15763212362439397
2011-07-05,0.1476881041505463
2011-07-06,0.14483068779835873
2011-07-07,0.14429704554286618
2011-07-08,0.1448127526066314
2011-07-11,0.16633763510255223
2011-07-12,0.1574087776905577
2011-07-13,0.15203008995818
2011-07-14,0.14700722767516944
2011-07-15,0.1484084785165943
2011-07-18,0.14504791891062943
2011-07-19,0.15818070016276348
2011-07-20,0.1477778537519643
2011-07-21,0.15463924546521882
2011-07-22,0.1518529783995972
2011-07-25,0.14770434266642732
2011-07-26,0.141907978535493
2011-07-27,0.17067352124661586
2011-07-28,0.16362247650251696
2011-07-29,0.16104928166928445
2011-08-01,0.15547330330196218
2011-08-02,0.19427095787192325
2011-08-03,0.1892823716571126
2011-08-04,0.3023049517952079
2011-08-05,0.279054011867594
2011-08-08,0.4312245039988986
2011-08-09,0.4694539202631822
2011-08-10,0.481180742260378
2011-08-11,0.49764902874901484
2011-08-12,0.4642100013499782
2011-08-15,0.44805011136022804
2011-08-16,0.42855060164409087
2011-08-17,0.3862231729160041
2011-08-18,0.43114093072175097
2011-08-19,0.4123640029247888
2011-08-22,0.38290782959701164
2011-08-23,0.3950128985927869
2011-08-24,0.37104085422317656
2011-08-25,0.35768274851789
2011-08-26,0.3384403340285337
2011-08-29,0.34178851536036536
2011-08-30,0.3176425699175098
2011-08-31,0.30585283797201473
2011-09-01,0.2942434902032605
2011-09-02,0.30761785245109924
2011-09-05,0.2875529249113815
2011-09-06,0.2683619888877058
2011-09-07,0.2919621341466713
2011-09-08,0.2776886890419335
2011-09-09,0.2833277148178653
2011-09-12,0.2859065844789991
2011-09-13,0.262543165252006
2011-09-14,0.25196349103058735
2011-09-15,0.2448511133725774
2011-09-16,0.23843978581580094
2011-09-19,0.22864534885943194
2011-09-20,0.21800205481505022
2011-09-21,0.24155457007820666
2011-09-22,0.2896253514697152
2011-09-23,0.27385587747251317
2011-09-26,0.2756252746126516
2011-09-27,0.26092277369022765
2011-09-28,0.27734017417686396
2011-09-29,0.2579333790493529
2011-09-30,0.27086874907730896
2011-10-03,0.2903892780725586
2011-10-04,0.289733020656804
2011-10-05,0.2896891716254131
2011-10-06,0.2833876965995153
2011-10-07,0.265720011886435
2011-10-10,0.29886264458121986
2011-10-11,0.27637552490127765
2011-10-12,0.2688406071116982
2011-10-13,0.25066874728499994
2011-10-14,0.254181510066248
2011-10-17,0.25566689532460735
2011-10-18,0.2553773175585174
2011-10-19,0.2529627323082869
2011-10-20,0.23545634644398541
2011-10-21,0.23969820047590581
2011-10-24,0.2373892874344336
2011-10-25,0.24220034989222455
2011-10-26,0.2325275174463296
2011-10-27,0.2666836596873973
2011-10-28,0.2547862686029391
2011-10-31,0.2715661531984814
2011-11-01,0.2855389597822172
2011-11-02,0.28265575804249415
2011-11-03,0.2747419556018145
2011-11-04,0.26955322329031517
2011-11-07,0.24766063483528405
2011-11-08,0.2417725798755386
2011-11-09,0.291129571343154
2011-11-10,0.2790493929739899
2011-11-11,0.2718822423848895
2011-11-14,0.26312726168949263
2011-11-15,0.2502483313637228
2011-11-16,0.2480532893238519
2011-11-17,0.2514512810866885
2011-11-18,0.23410244147582251
2011-11-21,0.2417371383582275
2011-11-22,0.23166925983489264
2011-11-23,0.2480178989911777
2011-11-24,0.22798097204543716
2011-11-25,0.21983734251383436
2011-11-28,0.257522270521055
2011-11-29,0.2318075664979643
2011-11-30,0.29823579446407983
2011-12-01,0.2868753494152112
2011-12-02,0.26251959082654297
2011-12-05,0.25757025906061776
2011-12-06,0.235123932064291
2011-12-07,0.2240276867037352
2011-12-08,0.23861090309568514
2011-12-09,0.23537554183196224
2011-12-12,0.2306429497653914
2011-12-13,0.22420854644412747
2011-12-14,0.2233923668207823
2011-12-15,0.20877504159721896
2011-12-16,0.19401531183907567
2011-12-19,0.19894915423297516
2011-12-20,0.2343617977872354
2011-12-21,0.21942752321315104
2011-12-22,0.2104814159948477
2011-12-23,0.20300908917384097
2011-12-26,0.19238030770675973
2011-12-27,0.17875001438695637
2011-12-28,0.18191140990322788
2011-12-29,0.17973684056848188
2011-12-30,0.17626608923162523
2012-01-02,0.16132030387160387
2012-01-03,0.17236347502013308
2012-01-04,0.15894387745424718
2012-01-05,0.15938464486598364
2012-01-06,0.1520008217014663
2012-01-09,0.14363937247797948
2012-01-10,0.141637198262663
2012-01-11,0.13679299657838304
2012-01-12,0.13343403731761852
2012-01-13,0.13183235602870821
2012-01-16,0.1246886587613273
2012-01-17,0.12152681163524584
2012-01-18,0.1295186595231461
2012-01-19,0.12763944491206672
2012-01-20,0.11958012347525004
2012-01-23,0.11933481350816615
2012-01-24,0.11582729318310642
2012-01-25,0.12224840201748265
2012-01-26,0.11822007123153049
2012-01-27,0.11732563199122975
2012-01-30,0.11604161975581793
2012-01-31,0.11242663445471511
2012-02-01,0.11447525282209034
2012-02-02,0.11473010608264993
2012-02-03,0.13246064030618665
2012-02-06,0.12568001314818944
2012-02-07,0.12342711688847986
2012-02-08,0.11847959767269904
2012-02-09,0.11497944273120422
2012-02-10,0.12307801917152388
2012-02-13,0.118026062913983
2012-02-14,0.11412805829813633
2012-02-15,0.11482311044629902
2012-02-16,0.12255588074168702
2012-02-17,0.11902084610497517
2012-02-20,0.1164975830633782
2012-02-21,0.113890532787144
2012-02-22,0.11414223056863916
2012-02-23,0.11052322522505771
2012-02-24,0.1079290816665958
2012-02-27,0.10782020748486877
2012-02-28,0.10420582316372481
2012-02-29,0.10742051133558873
2012-03-01,0.10804618322418515
2012-03-02,0.1066482878450951
2012-03-05,0.10837641427423236
2012-03-06,0.1328365249174116
2012-03-07,0.1292461990678089
2012-03-08,0.13074445983822272
2012-03-09,0.126129109494591
2012-03-12,0.12795444956478302
2012-03-13,0.14635602546153226
2012-03-14,0.14134938048290402
2012-03-15,0.138619347345249
2012-03-16,0.1313630997286826
2012-03-19,0.12822882056150003
2012-03-20,0.12582931061967415
2012-03-21,0.12352288165889405
2012-03-22,0.12389042543417698
2012-03-23,0.12265824413359895
2012-03-26,0.1336305975427868
2012-03-27,0.1290544554663054
2012-03-28,0.12702784961244504
2012-03-29,0.12299882535094929
2012-03-30,0.12113683491355189
2012-04-02,0.12210373593136024
2012-04-03,0.1187537229795873
2012-04-04,0.12962878638925462
2012-04-05,0.12305312221861073
2012-04-06,0.11966599567435471
2012-04-09,0.13010365869403362
2012-04-10,0.1542258332427222
2012-04-11,0.15451965036030837
2012-04-12,0.157185402934924
2012-04-13,0.160153485662885
2012-04-16,0.15247975209665846
2012-04-17,0.1629815368039551
2012-04-18,0.16087791212187827
2012-04-19,0.15426761728269253
2012-04-20,0.14848224575466923
2012-04-23,0.1495680487816514
2012-04-24,0.1438670305460889
2012-04-25,0.15433106521798737
2012-04-26,0.14613948719561118
2012-04-27,0.14090497053678883
2012-04-30,0.13555595879892393
2012-05-01,0.13167333291192368
2012-05-02,0.13179057549639425
2012-05-03,0.1337307538830108
2012-05-04,0.15050684412677723
2012-05-07,0.14293647043082536
2012-05-08,0.1403365191451507
2012-05-09,0.1407474869956473
2012-05-10,0.13216188979932733
2012-05-11,0.13306471561727745
2012-05-14,0.13966140121122228
2012-05-15,0.13616193578255026
2012-05-16,0.1368251716923652
2012-05-17,0.15288645996749184
2012-05-18,0.15312501589650596
2012-05-21,0.15967896189907613
2012-05-22,0.1499546725593764
2012-05-23,0.14575848739815284
2012-05-24,0.13672388896549678
2012-05-25,0.13217590484133562
2012-05-28,0.12904864853631492
2012-05-29,0.13366684638195167
2012-05-30,0.1511413326543201
2012-05-31,0.14957507106218682
2012-06-01,0.18350749080410808
2012-06-04,0.17711163070306768
2012-06-05,0.16989877580894128
2012-06-06,0.19473989871415698
2012-06-07,0.18442900001099147
2012-06-08,0.17471496358389402
2012-06-11,0.18245408029320914
2012-06-12,0.18325208294229225
2012-06-13,0.1731807323506097
2012-06-14,0.17270306342078676
2012-06-15,0.1718080920876036
2012-06-18,0.16161947134560087
2012-06-19,0.15972934522946206
2012-06-20,0.15353091274487796
2012-06-21,0.18077106668907555
2012-06-22,0.183338377983177
2012-06-25,0.1871099160548481
2012-06-26,0.18158462883052387
2012-06-27,0.1777970369486139
2012-06-28,0.1678034730530117
2012-06-29,0.20042695399223825
2012-07-02,0.18683340483824717
2012-07-03,0.1766335728256849
2012-07-04,0.1705357056285053
2012-07-05,0.1641812056005317
2012-07-06,0.16526394338673253
2012-07-09,0.15780191754083459
2012-07-10,0.15660807995814952
2012-07-11,0.14567734705018706
2012-07-12,0.14415330205517263
2012-07-13,0.16183744930216357
2012-07-16,0.15541337857077858
2012-07-17,0.14792364163624053
2012-07-18,0.1439030175373555
2012-07-19,0.13817755376223323
2012-07-20,0.1409896031486427
2012-07-23,0.14185220920394478
2012-07-24,0.14762946728397078
2012-07-25,0.141116627243778
2012-07-26,0.15819971511823663
2012-07-27,0.17365638349725573
2012-07-30,0.1598967264446787
2012-07-31,0.1597530025373537
2012-08-01,0.14958961168918639
2012-08-02,0.14786288142034745
2012-08-03,0.169730585619533
2012-08-06,0.1627598754116126
2012-08-07,0.15536749739389866
2012-08-08,0.148286585956206
2012-08-09,0.14004554936921393
2012-08-10,0.13877637949627553
2012-08-13,0.13364947546087563
2012-08-14,0.12656933771757353
2012-08-15,0.12265117456725011
2012-08-16,0.12453871014765866
2012-08-17,0.11793415668066033
2012-08-20,0.11502158051521894
2012-08-21,0.11407762037011751
2012-08-22,0.11216091714534206
2012-08-23,0.11939293237746373
2012-08-24,0.11640694316990786
2012-08-27,0.11317802904518061
2012-08-28,0.1123921805234929
2012-08-29,0.10860785489511651
2012-08-30,0.11438978611147348
2012-08-31,0.11409123359037032
2012-09-03,0.1109691267931771
2012-09-04,0.10874250856142369
2012-09-05,0.1060813565812345
2012-09-06,0.14303893860277453
2012-09-07,0.13497080536494588
2012-09-10,0.13608653304151103
2012-09-11,0.131620636819117
2012-09-12,0.12877207542898517
2012-09-13,0.1438795820806052
2012-09-14,0.14080699062044844
2012-09-17,0.13371038032299393
2012-09-18,0.12792976537417886
2012-09-19,0.12747130607777282
2012-09-20,0.12169941638925
2012-09-21,0.11629456159223722
2012-09-24,0.11495740775699011
2012-09-25,0.12574681618092756
2012-09-26,0.1275640119569876
2012-09-27,0.12755222021193519
2012-09-28,0.12488647044553484
2012-10-01,0.12299484829033083
2012-10-02,0.11967040252179356
2012-10-03,0.11754973842381428
2012-10-04,0.11773070498025982
2012-10-05,0.1144388808269949
2012-10-08,0.11272383072374666
2012-10-09,0.11974734742222881
2012-10-10,0.12076238205818503
2012-10-11,0.11894835204930314
2012-10-12,0.11868586749804859
2012-10-15,0.1193275373959889
2012-10-16,0.12328422658916112
2012-10-17,0.12497630530818873
2012-10-18,0.11956496890775188
2012-10-19,0.14069082946502126
2012-10-22,0.1388947401635536
2012-10-23,0.14974814675613934
2012-10-24,0.1460036944072371
2012-10-25,0.13605585183520144
2012-10-26,0.13413241625409048
2012-10-29,0.12645202919087853
2012-10-30,0.12518585445020486
2012-10-31,0.11860263603724112
2012-11-01,0.12488563571793768
2012-11-02,0.13138475961881163
2012-11-05,0.1274981181438299
2012-11-06,0.12908127976528486
2012-11-07,0.16993409082958014
2012-11-08,0.17294901175823435
2012-11-09,0.16732788402559814
2012-11-12,0.15666191478571734
2012-11-13,0.15223367166930085
2012-11-14,0.1635679104081545
2012-11-15,0.15692186349662376
2012-11-16,0.14943687860342383
2012-11-19,0.16837637514023013
2012-11-20,0.1601456774563912
2012-11-21,0.15632477085674465
2012-11-22,0.14456929248430547
2012-11-23,0.15678336332303447
2012-11-26,0.14877923836154947
2012-11-27,0.14350810894360702
2012-11-28,0.14153035623726495
2012-11-29,0.13698213853607924
2012-11-30,0.13128224354385096
2012-12-03,0.13080401721017348
2012-12-04,0.12847055784623254
2012-12-05,0.1192693346420899
2012-12-06,0.11957360400449321
2012-12-07,0.11548157355359337
2012-12-10,0.114011370058913
2012-12-11,0.11320596969261991
2012-12-12,0.11248346602226952
2012-12-13,0.11383189343746523
2012-12-14,0.11436575844228707
2012-12-17,0.12276453892509284
2012-12-18,0.132052139528286
2012-12-19,0.13181351148062803
2012-12-20,0.12802704478539806
2012-12-21,0.13384447758073575
2012-12-24,0.1302548718726108
2012-12-25,0.12820006062134143
2012-12-26,0.122720629000257
2012-12-27,0.12246590512876274
2012-12-28,0.13144274881866747
2012-12-31,0.1457773071537296
2013-01-02,0.18666896838593033
2013-01-03,0.1788467667522826
2013-01-04,0.17109428922340333
2013-01-07,0.16243968140159826
2013-01-08,0.15259190980064238
2013-01-09,0.1487530585500305
2013-01-10,0.14328955902949958
2013-01-11,0.139118552092484
2013-01-14,0.133145468772644
2013-01-15,0.13070340736781935
2013-01-16,0.12372018583294112
2013-01-17,0.1228567507827761
2013-01-18,0.1217722934813885
2013-01-21,0.11838109207245384
2013-01-22,0.115827187836138
2013-01-23,0.11374510031111587
2013-01-24,0.10807117884512213
2013-01-25,0.10943779137702943
2013-01-28,0.10859037612126009
2013-01-29,0.10883798389202343
2013-01-30,0.1074576384907669
2013-01-31,0.10657345091476055
2013-02-01,0.11265164240813341
2013-02-04,0.12307176480486773
2013-02-05,0.12900574856430308
2013-02-06,0.12674123852691901
2013-02-07,0.12401717951419299
2013-02-08,0.12038505248056397
2013-02-11,0.1160866885401885
2013-02-12,0.11472650409693205
2013-02-13,0.11456049577059556
2013-02-14,0.10753844263241466
2013-02-15,0.10540269445974704
2013-02-18,0.10496358751236669
2013-02-19,0.10875923645747743
2013-02-20,0.12432845521534928
2013-02-21,0.12612301127280473
2013-02-22,0.12725282372675156
2013-02-25,0.1514298525950019
2013-02-26,0.1494754022849161
2013-02-27,0.15910052799638205
2013-02-28,0.15141345646983068
2013-03-01,0.1401372446042986
2013-03-04,0.13702799845543792
2013-03-05,0.14046031186272906
2013-03-06,0.13429674061540026
2013-03-07,0.12880811633119496
2013-03-08,0.1281969079327488
2013-03-11,0.1208026643110004
2013-03-12,0.1195067077383893
2013-03-13,0.11303244579443739
2013-03-14,0.11432535956821875
2013-03-15,0.11282467730778957
2013-03-18,0.11457535055022211
2013-03-19,0.11417171965616477
2013-03-20,0.11165384764439601
2013-03-21,0.12131277299148646
2013-03-22,0.11737168671858862
2013-03-25,0.1160678862753283
2013-03-26,0.11906622206120628
2013-03-27,0.11853523086590839
2013-03-28,0.1138140746061789
2013-03-29,0.11255186371331857
2013-04-01,0.11345153067649934
2013-04-02,0.110490227357297
2013-04-03,0.12432413127437648
2013-04-04,0.12048339032071745
2013-04-05,0.11889141875178535
2013-04-08,0.11851834950756791
2013-04-09,0.11474151512391181
2013-04-10,0.12623953029444024
2013-04-11,0.12336020313465394
2013-04-12,0.11925148232293592
2013-04-15,0.16343791818152045
2013-04-16,0.16625952990593676
2013-04-17,0.17582056525243034
2013-04-18,0.1749108686380513
2013-04-19,0.16704075023270057
2013-04-22,0.15599776062388993
2013-04-23,0.15800109821031003
2013-04-24,0.15005869879586148
2013-04-25,0.14558520791313434
2013-04-26,0.13958993992305482
2013-04-29,0.14065155390730183
2013-04-30,0.1334755655450578
2013-05-01,0.13518356630630113
2013-05-02,0.1405901157358861
2013-05-03,0.14261416627141052
2013-05-06,0.13655062157614492
2013-05-07,0.13403525262880744
2013-05-08,0.1280374133276016
2013-05-09,0.13082052907138494
2013-05-10,0.12326275154123112
2013-05-13,0.12170953930238158
2013-05-14,0.12467969784669965
2013-05-15,0.12651353504920276
2013-05-16,0.1217817020801621
2013-05-17,0.1297406879128054
2013-05-20,0.12672730096901744
2013-05-21,0.11819494228141861
2013-05-22,0.12461618534747927
2013-05-23,0.1223278702307884
2013-05-24,0.11821944246461276
2013-05-27,0.11533031757913143
2013-05-28,0.11368363204464746
2013-05-29,0.11853492549145174
2013-05-30,0.11603297123134147
2013-05-31,0.13379790428136573
2013-06-03,0.1332152294135922
2013-06-04,0.12893013372371376
2013-06-05,0.14455993029970768
2013-06-06,0.14267662841127463
2013-06-07,0.14975203004414797
2013-06-10,0.14474324402055477
2013-06-11,0.14854103751889872
2013-06-12,0.14707809948916126
2013-06-13,0.15693007367914782
2013-06-14,0.15452985218576976
2013-06-17,0.1461780055204675
2013-06-18,0.14712157806857593
2013-06-19,0.15597978898808107
2013-06-20,0.19706801514431946
2013-06-21,0.18469135000046685
2013-06-24,0.18639729860442872
2013-06-25,0.18526971147942642
2013-06-26,0.17616795928263695
2013-06-27,0.16767927070008065
2013-06-28,0.16526878996126898
2013-07-01,0.15701376073339762
2013-07-02,0.1540025030734505
2013-07-03,0.14635122218226643
2013-07-04,0.1369532462357668
2013-07-05,0.1418903295017621
2013-07-08,0.13835886713392875
2013-07-09,0.13754998066012747
2013-07-10,0.13053715083333556
2013-07-11,0.14205536026925236
2013-07-12,0.13923905544186116
2013-07-15,0.13050176375686512
2013-07-16,0.12561323044791978
2013-07-17,0.12477058791203312
2013-07-18,0.12044048465398846
2013-07-19,0.11887336225828579
2013-07-22,0.11601185072611571
2013-07-23,0.11288666482515006
2013-07-24,0.11333411873004456
2013-07-25,0.11021714093848911
2013-07-26,0.10908864340358208
2013-07-29,0.106892969677738
2013-07-30,0.10324685692507145
2013-07-31,0.10394705758248013
2013-08-01,0.11695961674499292
2013-08-02,0.11320494059254164
2013-08-05,0.11294842245138702
2013-08-06,0.11188730852228708
2013-08-07,0.11360051023823495
2013-08-08,0.11051231268594709
2013-08-09,0.11194674955255
2013-08-12,0.10922666541992097
2013-08-13,0.10536370361856995
2013-08-14,0.1074898255083209
2013-08-15,0.12886809813154995
2013-08-16,0.12514385582511245
2013-08-19,0.12665207746034318
2013-08-20,0.12414982396164552
2013-08-21,0.12311924248019153
2013-08-22,0.12573964764991394
2013-08-23,0.12406721011986381
2013-08-26,0.12350709825784417
2013-08-27,0.13873269227112187
2013-08-28,0.13783569510777974
2013-08-29,0.13252775841650088
2013-08-30,0.12677213297614803
2013-09-02,0.12531756630965887
2013-09-03,0.12307756141701426
2013-09-04,0.1220087700247028
2013-09-05,0.11911702137980237
2013-09-06,0.11818868959852434
2013-09-09,0.12103244979770639
2013-09-10,0.12202216163431126
2013-09-11,0.1197099514055508
2013-09-12,0.11599841607428554
2013-09-13,0.11622782425189876
2013-09-16,0.11658081570329176
2013-09-17,0.11630681645739285
2013-09-18,0.12443449091610302
2013-09-19,0.12019751813794273
2013-09-20,0.12403846929418648
2013-09-23,0.12109672730082173
2013-09-24,0.11873863757212788
2013-09-25,0.1151959112231624
2013-09-26,0.1150395212604368
2013-09-27,0.113776347695979
2013-09-30,0.11602440376098895
2013-10-01,0.11807331248677363
2013-10-02,0.1163587712772133
2013-10-03,0.12244624155595739
2013-10-04,0.12220854556467868
2013-10-07,0.12437410963828627
2013-10-08,0.13433078022607225
2013-10-09,0.13088038675973826
2013-10-10,0.16168835590196423
2013-10-11,0.15957190384409695
2013-10-14,0.1483540060177661
2013-10-15,0.15110016221505537
2013-10-16,0.15419923742499442
2013-10-17,0.15822982752015147
2013-10-18,0.15009613642006617
2013-10-21,0.14618968830513698
2013-10-22,0.13730997423159572
2013-10-23,0.13334115576156466
2013-10-24,0.13021955279545938
2013-10-25,0.12579659543950683
2013-10-28,0.12328882334460507
2013-10-29,0.1211996144212624
2013-10-30,0.12226089488539582
2013-10-31,0.11818338994082732
2013-11-01,0.11523257155233334
2013-11-04,0.11523807125886128
2013-11-05,0.11415961649510357
2013-11-06,0.11071093176935352
2013-11-07,0.12821475196331555
2013-11-08,0.1349992469979618
2013-11-11,0.13366398499286877
2013-11-12,0.13067228715063992
2013-11-13,0.1292482037493012
2013-11-14,0.12839922457146694
2013-11-15,0.12410864796724509
2013-11-18,0.12119554813493813
2013-11-19,0.11854243047766864
2013-11-20,0.11726040230686544
2013-11-21,0.12130963963444263
2013-11-22,0.11884080585765285
2013-11-25,0.1159013132536538
2013-11-26,0.10961662154737058
2013-11-27,0.10962858066777802
2013-11-28,0.10725107989397895
2013-11-29,0.10552132850681074
2013-12-02,0.10580680801756653
2013-12-03,0.10635202418538571
2013-12-04,0.10380493543889088
2013-12-05,0.1049246882189436
2013-12-06,0.11604145069882447
2013-12-09,0.11249964911449996
2013-12-10,0.11014270283110439
2013-12-11,0.12277229846496104
2013-12-12,0.11980711356124087
2013-12-13,0.11940055458947171
2013-12-16,0.1163914720841945
2013-12-17,0.11829293527486004
2013-12-18,0.13319287921309483
2013-12-19,0.13159453979543512
2013-12-20,0.12760346334457473
2013-12-23,0.1254688273027919
2013-12-24,0.12240263760286817
2013-12-25,0.11909530051864727
2013-12-26,0.120930293407601
2013-12-27,0.11436768319108327
2013-12-30,0.11181711247476622
2013-12-31,0.10906388008523381
2014-01-02,0.11386824813343419
2014-01-03,0.11470542088503406
2014-01-06,0.11269604393077183
2014-01-07,0.11268523874188648
2014-01-08,0.11096039783391656
2014-01-09,0.10660207890091647
2014-01-10,0.10494894663138542
2014-01-13,0.12219846499878881
2014-01-14,0.1279331444024218
2014-01-15,0.1293941090600261
2014-01-16,0.12223488508937039
2014-01-17,0.11897129674601822
2014-01-20,0.11432145995584998
2014-01-21,0.1149324203815862
2014-01-22,0.10865788937005738
2014-01-23,0.11828122834775624
2014-01-24,0.15492959204438636
2014-01-27,0.1505683150197781
2014-01-28,0.14542480175892183
2014-01-29,0.15455632035121744
2014-01-30,0.15159286236139738
2014-01-31,0.15110592628506608
2014-02-03,0.18376111361932773
2014-02-04,0.17784837549451307
2014-02-05,0.17001736700137782
2014-02-06,0.17207022986069032
2014-02-07,0.17300431378370038
2014-02-10,0.15792518844162673
2014-02-11,0.16509065118743335
2014-02-12,0.1572498825652596
2014-02-13,0.1508317023735876
2014-02-14,0.14588902575248586
2014-02-17,0.1421251649760811
2014-02-18,0.13734321517584633
2014-02-19,0.12926559759748338
2014-02-20,0.13342942441684819
2014-02-21,0.12640276273899267
2014-02-24,0.1254872825925182
2014-02-25,0.12498082519406466
2014-02-26,0.11972003498504144
2014-02-27,0.1179759476924804
2014-02-28,0.11431468598350125
2014-03-03,0.11812887621572599
2014-03-04,0.1341267408701737
2014-03-05,0.1285124508572926
2014-03-06,0.12612903142497653
2014-03-07,0.12273713025013916
2014-03-10,0.11739527573789317
2014-03-11,0.11578054436724823
2014-03-12,0.11383919521583037
2014-03-13,0.12748855866112185
2014-03-14,0.12520338861985217
2014-03-17,0.1276134850889665
2014-03-18,0.12522159004269126
2014-03-19,0.1273008156618876
2014-03-20,0.1229362060452954
2014-03-21,0.12327974758158068
2014-03-24,0.12100163475633195
2014-03-25,0.12084177547615325
2014-03-26,0.12179315977543219
2014-03-27,0.12018692730801736
2014-03-28,0.11490485990247318
2014-03-31,0.12125142282232493
2014-04-01,0.1209760852476082
2014-04-02,0.11709209318936674
2014-04-03,0.11330366859805185
2014-04-04,0.12759147891097708
2014-04-07,0.13377898016791617
2014-04-08,0.13120628266904888
2014-04-09,0.1383594080595534
2014-04-10,0.1686800977994287
2014-04-11,0.16826224553527233
2014-04-14,0.16287855281180846
2014-04-15,0.15909832625199347
2014-04-16,0.15835160508877194
2014-04-17,0.15130055024042569
2014-04-18,0.14954856247642892
2014-04-21,0.1392951187997744
2014-04-22,0.13526008763570418
2014-04-23,0.13038777254318848
2014-04-24,0.1288220248659635
2014-04-25,0.13069123685837136
2014-04-28,0.1280709596780176
2014-04-29,0.12404412375402629
2014-04-30,0.11816975716162037
2014-05-01,0.11681729614997718
2014-05-02,0.11288336503846615
2014-05-05,0.1131834475417349
2014-05-06,0.11798214491408175
2014-05-07,0.1176597968899061
2014-05-08,0.11399001125808882
2014-05-09,0.11093928799919282
2014-05-12,0.11968975156198544
2014-05-13,0.11559004699613647
2014-05-14,0.11534732768835426
2014-05-15,0.12085212361030231
2014-05-16,0.11891659223875281
2014-05-19,0.11499012712787748
2014-05-20,0.11857854511230236
2014-05-21,0.12374133154113418
2014-05-22,0.11854339414517127
2014-05-23,0.11424748864038169
2014-05-26,0.11477567643909581
2014-05-27,0.1128475661863528
2014-05-28,0.11111489473080192
2014-05-29,0.10902850902045934
2014-05-30,0.10777152537344827
2014-06-02,0.10506158670018988
2014-06-03,0.10415834992734432
2014-06-04,0.1024197492904417
2014-06-05,0.10433153368504959
2014-06-06,0.10431620748925904
2014-06-09,0.10227118998355907
2014-06-10,0.10303079329096103
2014-06-11,0.10186814558025332
2014-06-12,0.11014361599695888
2014-06-13,0.10565402777814015
2014-06-16,0.10341936634134773
2014-06-17,0.10275723037593008
2014-06-18,0.10702959772011567
2014-06-19,0.10356661545151295
2014-06-20,0.10452525827896723
2014-06-23,0.10163098605683371
2014-06-24,0.10315322316543293
2014-06-25,0.10494962136191148
2014-06-26,0.10496754674156492
2014-06-27,0.1029451479772337
2014-06-30,0.10175733034913281
2014-07-01,0.10275003019981495
2014-07-02,0.10298187384892508
2014-07-03,0.10362200090293235
2014-07-04,0.1022653076533002
2014-07-07,0.10460262788998607
2014-07-08,0.10631508452992744
2014-07-09,0.1070099467124029
2014-07-10,0.10822183467943575
2014-07-11,0.10406621173630426
2014-07-14,0.10478856986529184
2014-07-15,0.10578560192879263
2014-07-16,0.10453771512100779
2014-07-17,0.12036776899197066
2014-07-18,0.12518942636941674
2014-07-21,0.12272672700755387
2014-07-22,0.11756942170016715
2014-07-23,0.11637001711860187
2014-07-24,0.1141574239176049
2014-07-25,0.11460048574698328
2014-07-28,0.1115287162316127
2014-07-29,0.11063365206869195
2014-07-30,0.10870952059777979
2014-07-31,0.15211940236412283
2014-08-01,0.14434555549331865
2014-08-04,0.13666810159060813
2014-08-05,0.14105823866522602
2014-08-06,0.1365531851110038
2014-08-07,0.1388524432383297
2014-08-08,0.14209662530206676
2014-08-11,0.13387444432096915
2014-08-12,0.13133333829311472
2014-08-13,0.12766600271977
2014-08-14,0.12617948178927837
2014-08-15,0.12306015878666701
2014-08-18,0.12691667451863378
2014-08-19,0.1242130153089851
2014-08-20,0.11904217492173758
2014-08-21,0.11434386920766376
2014-08-22,0.1156405951999809
2014-08-25,0.11169602865779016
2014-08-26,0.10753018089069429
2014-08-27,0.10666694283914452
2014-08-28,0.10556717118428788
2014-08-29,0.10360915724267779
2014-09-01,0.10305277783391256
2014-09-02,0.10125634587806177
2014-09-03,0.10016168145899317
2014-09-04,0.09816948906844297
2014-09-05,0.10154712477440236
2014-09-08,0.10006292271986653
2014-09-09,0.10632745904760822
2014-09-10,0.10532005960113452
2014-09-11,0.10289935101540401
2014-09-12,0.10653252978871261
2014-09-15,0.10410517970730472
2014-09-16,0.106683073463643
2014-09-17,0.10408431360524774
2014-09-18,0.10754862082308939
2014-09-19,0.10353161254083314
2014-09-22,0.10954633217299393
2014-09-23,0.11265272704392078
2014-09-24,0.11392068934647052
2014-09-25,0.1374011402430645
2014-09-26,0.13730085713326456
2014-09-29,0.13639665039547313
2014-09-30,0.13167394580521177
2014-10-01,0.14306876361713117
2014-10-02,0.1359915037625458
2014-10-03,0.14323003529437967
2014-10-06,0.13578008845137635
2014-10-07,0.15044886697967033
2014-10-08,0.16275956072170905
2014-10-09,0.18792546335964197
2014-10-10,0.18535710825540352
2014-10-13,0.1896579594271871
2014-10-14,0.1891965741336212
2014-10-15,0.1805367501655021
2014-10-16,0.1792667012255506
2014-10-17,0.17289239164505668
2014-10-20,0.17115804095360182
2014-10-21,0.19038333398792792
2014-10-22,0.1868278036279125
2014-10-23,0.18346530427887395
2014-10-24,0.17415094424454877
2014-10-27,0.16985847965056483
2014-10-28,0.16682778861027803
2014-10-29,0.1574213768477849
2014-10-30,0.15186181031514825
2014-10-31,0.15479920771933084
2014-11-03,0.15009379384913285
2014-11-04,0.14949331787417258
2014-11-05,0.14360909945297484
2014-11-06,0.1415933393607987
2014-11-07,0.13111682452461262
2014-11-10,0.12496461617977137
2014-11-11,0.12456323756555888
2014-11-12,0.1179549804831439
2014-11-13,0.11565810832844553
2014-11-14,0.11382403499326775
2014-11-17,0.10831551354853639
2014-11-18,0.10880632274786506
2014-11-19,0.10648671782860639
2014-11-20,0.10454242408633954
2014-11-21,0.10579322916422673
2014-11-24,0.10487747754039267
2014-11-25,0.10448050452707305
2014-11-26,0.10382341812319716
2014-11-27,0.10116111550907173
2014-11-28,0.09985351578504975
2014-12-01,0.10712211676230345
2014-12-02,0.10941070504836795
2014-12-03,0.10433310866375922
2014-12-04,0.10492350400646214
2014-12-05,0.10274580435321662
2014-12-08,0.10740185584343137
2014-12-09,0.10690553740930882
2014-12-10,0.13467830826494623
2014-12-11,0.13072606325806063
2014-12-12,0.15125286049553763
2014-12-15,0.15166415057676952
2014-12-16,0.14755328268880802
2014-12-17,0.17370817011061565
2014-12-18,0.19720954131457888
2014-12-19,0.1873125945366233
2014-12-22,0.17860594631579638
2014-12-23,0.17134066348740115
2014-12-24,0.1613875673424769
2014-12-25,0.1566348460463648
2014-12-26,0.14812487735537277
2014-12-29,0.14158655128388214
2014-12-30,0.13895945837416004
2014-12-31,0.14217655586347827
2015-01-02,0.13791810859781092
2015-01-05,0.16130397970650337
2015-01-06,0.16260819447386052
2015-01-07,0.1625883543226056
2015-01-08,0.17346218106704386
2015-01-09,0.1753001201572206
2015-01-12,0.1646672783109213
2015-01-13,0.16341062973181444
2015-01-14,0.15299972550395813
2015-01-15,0.1614015192886354
2015-01-16,0.16195499190773366
2015-01-19,0.15672724392868562
2015-01-20,0.14801148708694617
2015-01-21,0.14612951358067017
2015-01-22,0.1519336527367006
2015-01-23,0.15241541043179724
2015-01-26,0.1459763142842977
2015-01-27,0.15270664947219162
2015-01-28,0.16233907752930143
2015-01-29,0.15954057157212065
2015-01-30,0.16754043571274665
2015-02-02,0.169104176063481
2015-02-03,0.17755275240921664
2015-02-04,0.16506382471430525
2015-02-05,0.17028892599745826
2015-02-06,0.158588436720497
2015-02-09,0.1556903105376014
2015-02-10,0.1495023037550602
2015-02-11,0.14803271023100295
2015-02-12,0.1500906070043876
2015-02-13,0.14771939448888136
2015-02-16,0.13588879084358732
2015-02-17,0.1329986900189998
2015-02-18,0.12628419690636922
2015-02-19,0.12161818385359002
2015-02-20,0.12514965875424233
2015-02-23,0.11806297970216105
2015-02-24,0.11864032202669349
2015-02-25,0.11451315423450656
2015-02-26,0.1102750773226569
2015-02-27,0.11042242373777714
2015-03-02,0.10955001244339266
2015-03-03,0.11172473927450681
2015-03-04,0.11312927521592048
2015-03-05,0.1103921526281079
2015-03-06,0.13197260289603388
2015-03-09,0.12517068234333573
2015-03-10,0.1506446926757574
2015-03-11,0.14560603081865475
2015-03-12,0.14675364147918726
2015-03-13,0.1476435841581628
2015-03-16,0.15817320377536873
2015-03-17,0.14576681720173396
2015-03-18,0.15198735797969523
2015-03-19,0.14773471413924355
2015-03-20,0.14575254243885807
2015-03-23,0.1427222920437051
2015-03-24,0.13667959070208832
2015-03-25,0.15423532320129713
2015-03-26,0.1436859855478647
2015-03-27,0.13974322394574404
2015-03-30,0.14525572260063827
2015-03-31,0.14651611573947623
2015-04-01,0.1432589847339355
2015-04-02,0.13522869512642516
2015-04-03,0.13318380007828048
2015-04-06,0.13292585494325074
2015-04-07,0.12921473680551576
2015-04-08,0.1216207632664249
2015-04-09,0.11956787366672025
2015-04-10,0.11970264799830106
2015-04-13,0.1192462951054465
2015-04-14,0.11561513253715301
2015-04-15,0.11527379813847742
2015-04-16,0.11184707003867839
2015-04-17,0.12615970375560392
2015-04-20,0.1256797513929433
2015-04-21,0.12311812598021786
2015-04-22,0.11980808742864885
2015-04-23,0.11882625847507394
2015-04-24,0.11145102799297098
2015-04-27,0.11306897508974507
2015-04-28,0.11217812047495992
2015-04-29,0.1125390479908308
2015-04-30,0.12171817055749594
2015-05-01,0.1265718253523737
2015-05-04,0.12300745525126083
2015-05-05,0.13850440612541148
2015-05-06,0.13167630695897084
2015-05-07,0.12717381747950862
2015-05-08,0.1367609857337619
2015-05-11,0.13639721560399837
2015-05-12,0.13009149386245247
2015-05-13,0.12861846179447906
2015-05-14,0.13422247954532984
2015-05-15,0.12535990828287158
2015-05-18,0.12474514656583066
2015-05-19,0.12020775723084692
2015-05-20,0.11446467617656536
2015-05-21,0.11196857463542212
2015-05-22,0.11109976364526125
2015-05-25,0.10761106980742759
2015-05-26,0.11896834502007965
2015-05-27,0.12520442601763065
2015-05-28,0.12161267097726067
2015-05-29,0.11956187659441003
2015-06-01,0.11709480281173305
2015-06-02,0.11441128968834656
2015-06-03,0.11154127306638212
2015-06-04,0.11968785692281324
2015-06-05,0.11529557335659775
2015-06-08,0.11545873388403735
2015-06-09,0.11180057937471538
2015-06-10,0.12286605677098734
2015-06-11,0.12214060403948035
2015-06-12,0.12222996316407957
2015-06-15,0.12001756609099389
2015-06-16,0.11992470028311501
2015-06-17,0.11746893084404145
2015-06-18,0.12351406223648764
2015-06-19,0.12200482242657307
2015-06-22,0.11980562552515109
2015-06-23,0.11612343973499256
2015-06-24,0.12213246953494311
2015-06-25,0.11741355897536959
2015-06-26,0.11328673052894019
2015-06-29,0.15243213368157452
2015-06-30,0.14662578376726204
2015-07-01,0.14601598473525812
2015-07-02,0.13970514632698766
2015-07-03,0.1322210119382175
2015-07-06,0.12970101949277088
2015-07-07,0.12886093579603103
2015-07-08,0.15311825543515864
2015-07-09,0.1445645627583045
2015-07-10,0.14879068720826613
2015-07-13,0.1521722177647577
2015-07-14,0.14497804586580504
2015-07-15,0.1385366613415463
2015-07-16,0.13985094601246806
2015-07-17,0.13668708584135617
2015-07-20,0.13178292007235098
2015-07-21,0.12475966426308986
2015-07-22,0.1241789477480306
2015-07-23,0.12131061191202396
2015-07-24,0.12935399166796324
2015-07-27,0.12897963256877196
2015-07-28,0.13882400734671352
2015-07-29,0.13645050391623162
2015-07-30,0.13481964299258622
2015-07-31,0.1282065777277349
2015-08-03,0.12309180144810672
2015-08-04,0.12270007875138376
2015-08-05,0.11857365404421846
2015-08-06,0.12167105585143738
2015-08-07,0.12024220944783062
2015-08-10,0.1327758825654849
2015-08-11,0.13611929508707668
2015-08-12,0.13002922382160426
2015-08-13,0.12393522466547083
2015-08-14,0.12328623418129349
2015-08-17,0.12189167656500635
2015-08-18,0.12037966005644904
2015-08-19,0.12331993053052656
2015-08-20,0.1628113481538086
2015-08-21,0.21692860631793287
2015-08-24,0.28214100302021927
2015-08-25,0.2797818595673708
2015-08-26,0.3265989553793025
2015-08-27,0.3179938896619275
2015-08-28,0.29449857391046735
2015-08-31,0.2861246231422399
2015-09-01,0.3087475125597355
2015-09-02,0.29538304117155595
2015-09-03,0.2826797465606796
2015-09-04,0.26944623112641075
2015-09-07,0.2587099571579814
2015-09-08,0.2639380214620029
2015-09-09,0.2538714527087148
2015-09-10,0.2502494848051996
2015-09-11,0.23493891903100286
2015-09-14,0.22100962496253923
2015-09-15,0.2200842161110581
2015-09-16,0.20806151174890677
2015-09-17,0.19644015902691214
2015-09-18,0.20198255362704756
2015-09-21,0.1924976903886161
2015-09-22,0.19378920288294507
2015-09-23,0.17926552476867746
2015-09-24,0.1756483545438455
2015-09-25,0.1671144824750623
2015-09-28,0.20158865699333026
2015-09-29,0.1930148279169938
2015-09-30,0.20323365615310923
2015-10-01,0.19035273782964562
2015-10-02,0.18950667109193484
2015-10-05,0.20122034229764565
2015-10-06,0.19165320932486013
2015-10-07,0.18609125055940667
2015-10-08,0.18112279910367415
2015-10-09,0.17554600572142495
2015-10-12,0.16863848341779825
2015-10-13,0.1580792436600669
2015-10-14,0.15271025344904052
2015-10-15,0.16110166535602005
2015-10-16,0.15337536491724874
2015-10-19,0.1482235539349564
2015-10-20,0.1450308873502388
2015-10-21,0.14296712751171708
2015-10-22,0.15809102115940327
2015-10-23,0.15788338091828236
2015-10-26,0.1498275225337595
2015-10-27,0.1424417674054622
2015-10-28,0.14841362822652096
2015-10-29,0.1435269035453811
2015-10-30,0.13962916560859168
2015-11-02,0.1434386150957798
2015-11-03,0.13820089301129249
2015-11-04,0.13837420183771754
2015-11-05,0.12840749263045073
2015-11-06,0.12644903248085487
2015-11-09,0.12988511566559438
2015-11-10,0.12887225156919335
2015-11-11,0.12461871451689265
2015-11-12,0.13764579783958633
2015-11-13,0.14518748126989947
2015-11-16,0.15901541075430167
2015-11-17,0.14943563260074963
2015-11-18,0.15891960465292196
2015-11-19,0.1512886048744183
2015-11-20,0.1468682875995826
2015-11-23,0.1414448496857913
2015-11-24,0.13970502082192515
2015-11-25,0.13099637943621834
2015-11-26,0.12437818644846635
2015-11-27,0.1239151662841477
2015-11-30,0.1183338358482717
2015-12-01,0.1247194978456212
2015-12-02,0.13613028165122087
2015-12-03,0.14979127554456684
2015-12-04,0.17447460062971099
2015-12-07,0.1678920203323644
2015-12-08,0.16375423881556075
2015-12-09,0.15810824907201199
2015-12-10,0.1544433820569496
2015-12-11,0.18423067351770164
2015-12-14,0.17175065477494023
2015-12-15,0.16719315688342162
2015-12-16,0.17355863841920913
2015-12-17,0.1831768951276904
2015-12-18,0.1943246240096161
2015-12-21,0.18385071045107274
2015-12-22,0.178793967857562
2015-12-23,0.1825853556220807
2015-12-24,0.17616470848694554
2015-12-25,0.1630677263677685
2015-12-28,0.15884154677954085
2015-12-29,0.15765395706689456
2015-12-30,0.15614864116667665
2015-12-31,0.15493227330529818
2016-01-04,0.16580164385167173
2016-01-05,0.1649903434786692
2016-01-06,0.1651246889516045
2016-01-07,0.20070061918314902
2016-01-08,0.1974196674961537
2016-01-11,0.18577797789818146
2016-01-12,0.17998268330483513
2016-01-13,0.21465828217875987
2016-01-14,0.21778483846155217
2016-01-15,0.23543293340506663
2016-01-18,0.21804670163200635
2016-01-19,0.20135090765482958
2016-01-20,0.1992200018229157
2016-01-21,0.1950353054492306
2016-01-22,0.20599616551550623
2016-01-25,0.21370437038364443
2016-01-26,0.21386539450387615
2016-01-27,0.20348449338104285
2016-01-28,0.19237523675093327
2016-01-29,0.21457432006793692
2016-02-01,0.20749274973502607
2016-02-02,0.21426341656984282
2016-02-03,0.20271712383094026
2016-02-04,0.19103951968767827
2016-02-05,0.21065975592509775
2016-02-08,0.20938258021310635
2016-02-09,0.19529237416259126
2016-02-10,0.18438848915470696
2016-02-11,0.19005472091370693
2016-02-12,0.2030488729618913
2016-02-15,0.19158180932503266
2016-02-16,0.18960787564895215
2016-02-17,0.19961518584967347
2016-02-18,0.19310585295651445
2016-02-19,0.18007359701409428
2016-02-22,0.18170321527328687
2016-02-23,0.18559837935801654
2016-02-24,0.17239856803905165
2016-02-25,0.17392810373188958
2016-02-26,0.16951481865558157
2016-02-29,0.16416173687736546
2016-03-01,0.19046644313438255
2016-03-02,0.1817919300882006
2016-03-03,0.17648854567870068
2016-03-04,0.16950480366958304
2016-03-07,0.1585766045310638
2016-03-08,0.1647147069540339
2016-03-09,0.15618568841608085
2016-03-10,0.14806422386441564
2016-03-11,0.16115653748423656
2016-03-14,0.15347756662272094
2016-03-15,0.14855921266128844
2016-03-16,0.14304080032921682
2016-03-17,0.14107481258505525
2016-03-18,0.13476323741508484
2016-03-21,0.1316868512746193
2016-03-22,0.12709726044949898
2016-03-23,0.12636413618713702
2016-03-24,0.12397235416649582
2016-03-25,0.11868616380058548
2016-03-28,0.11586882449273682
2016-03-29,0.12060165567540873
2016-03-30,0.11774905158810911
2016-03-31,0.1160427409348524
2016-04-01,0.11478948108127018
2016-04-04,0.11572037097489893
2016-04-05,0.1222823911099353
2016-04-06,0.12920185205494117
2016-04-07,0.13864276761938496
2016-04-08,0.13244694937313514
2016-04-11,0.12910451219802774
2016-04-12,0.13194006480398043
2016-04-13,0.13592283763996207
2016-04-14,0.13264870920272587
2016-04-15,0.12546219625573424
2016-04-18,0.12566421662217525
2016-04-19,0.12236639171195711
2016-04-20,0.1170638326290179
2016-04-21,0.11728733916732313
2016-04-22,0.11543583190531621
2016-04-25,0.1107669130787103
2016-04-26,0.11082847987949936
2016-04-27,0.10909480485691006
2016-04-28,0.11520393840363974
2016-04-29,0.11668622131184102
2016-05-02,0.11884949941231077
2016-05-03,0.12418570385074122
2016-05-04,0.12210802820235851
2016-05-05,0.11859937676253453
2016-05-06,0.11605098886110066
2016-05-09,0.1144337015171672
2016-05-10,0.12766295622339022
2016-05-11,0.13342468856318876
2016-05-12,0.12634882989928373
2016-05-13,0.12854876663794781
2016-05-16,0.13458603247720954
2016-05-17,0.13497364467547315
2016-05-18,0.13273132173849614
2016-05-19,0.1305440080131376
2016-05-20,0.127127739093156
2016-05-23,0.12249300585248703
2016-05-24,0.13664241435781344
2016-05-25,0.1330530209580986
2016-05-26,0.1271486216714338
2016-05-27,0.1259245307760087
2016-05-30,0.12201101261032919
2016-05-31,0.11876627293140729
2016-06-01,0.1163495730064394
2016-06-02,0.1148642108999648
2016-06-03,0.11198441311319313
2016-06-06,0.11180248275234746
2016-06-07,0.10851539878110128
2016-06-08,0.10881957446391492
2016-06-09,0.10641214928320006
2016-06-10,0.11281325730616001
2016-06-13,0.11883254091907833
2016-06-14,0.11496104669841008
2016-06-15,0.11384953112020776
2016-06-16,0.11169482118540897
2016-06-17,0.10867337348984993
2016-06-20,0.10955508783077393
2016-06-21,0.11140099960034129
2016-06-22,0.10655241634165634
2016-06-23,0.12324640687049658
2016-06-24,0.21442041140803753
2016-06-27,0.22664351053535203
2016-06-28,0.2227684992551053
2016-06-29,0.2246078579317906
2016-06-30,0.21907420591203797
2016-07-01,0.20626491213148232
2016-07-04,0.20346562314580022
2016-07-05,0.18867552265464443
2016-07-06,0.18492659475661521
2016-07-07,0.1765135288212984
2016-07-08,0.18356868501634455
2016-07-11,0.17571421055058062
2016-07-12,0.16500236322508344
2016-07-13,0.15403468943275864
2016-07-14,0.1522257661543165
2016-07-15,0.1463343289664099
2016-07-18,0.14239581446583882
2016-07-19,0.13346295056576965
2016-07-20,0.13013643051795076
2016-07-21,0.12680644633857818
2016-07-22,0.12522949220590632
2016-07-25,0.12237068752805089
2016-07-26,0.11976340099162183
2016-07-27,0.11437841357457165
2016-07-28,0.11192025121550442
2016-07-29,0.10928452399703892
2016-08-01,0.10702810689111583
2016-08-02,0.11133183067795646
2016-08-03,0.10790819159006898
2016-08-04,0.10613195738906146
2016-08-05,0.11081933586474627
2016-08-08,0.10921176360296013
2016-08-09,0.1074167069784484
2016-08-10,0.10582110441723452
2016-08-11,0.107950637356875
2016-08-12,0.10357037445441951
2016-08-15,0.10309852756206372
2016-08-16,0.1063479377578279
2016-08-17,0.10412699733810983
2016-08-18,0.10199765162072079
2016-08-19,0.10280015731471591
2016-08-22,0.10258799861639188
2016-08-23,0.10136314606732251
2016-08-24,0.10071759458146655
2016-08-25,0.10155657443856873
2016-08-26,0.10012471369717539
2016-08-29,0.1013199073122282
2016-08-30,0.09915952861623589
2016-08-31,0.10203547516915386
2016-09-01,0.09901892167046245
2016-09-02,0.10012976152110802
2016-09-05,0.0986347317097789
2016-09-06,0.09670936040756128
2016-09-07,0.0975182251560543
2016-09-08,0.09607607113309435
2016-09-09,0.1559878556857101
2016-09-12,0.16294862380394082
2016-09-13,0.17388813126111535
2016-09-14,0.1649198105156673
2016-09-15,0.1631714048503075
2016-09-16,0.1561892470160408
2016-09-19,0.15063766598526726
2016-09-20,0.14294919098844827
2016-09-21,0.14664548397249275
2016-09-22,0.14204708908425015
2016-09-23,0.13901889717007176
2016-09-26,0.14131153028065777
2016-09-27,0.14068184318114482
2016-09-28,0.13651053851070974
2016-09-29,0.14144201379192242
2016-09-30,0.14292255611227106
2016-10-03,0.135889300337171
2016-10-04,0.13339329756325252
2016-10-05,0.12817988411564807
2016-10-06,0.12580800748063853
2016-10-07,0.12536303225158943
2016-10-10,0.11989200217532527
2016-10-11,0.1341714306398183
2016-10-12,0.12693113206510884
2016-10-13,0.1261070171060514
2016-10-14,0.12138864068039085
2016-10-17,0.11687261801176517
2016-10-18,0.11982863920003563
2016-10-19,0.11458100755312835
2016-10-20,0.11324162905479628
2016-10-21,0.11040576704522088
2016-10-24,0.10891375858078509
2016-10-25,0.11029375672977552
2016-10-26,0.10608142374295873
2016-10-27,0.10649166313826636
2016-10-28,0.10629022302344912
2016-10-31,0.10481167159955042
2016-11-01,0.10956585584600566
2016-11-02,0.1115799350273799
2016-11-03,0.11304521797912426
2016-11-04,0.10962176895899561
2016-11-07,0.14949466436334388
2016-11-08,0.14314242094852694
2016-11-09,0.1489836549170188
2016-11-10,0.14418730713312564
2016-11-11,0.13539189121059672
2016-11-14,0.12923490524747866
2016-11-15,0.12816104138522236
2016-11-16,0.12458606841380093
2016-11-17,0.12538979024768124
2016-11-18,0.12270879552365002
2016-11-21,0.11945544359849658
2016-11-22,0.11757501669005362
2016-11-23,0.11296198019783739
2016-11-24,0.11245501534531967
2016-11-25,0.11202252197693578
2016-11-28,0.11250484271926899
2016-11-29,0.10733572587654618
2016-11-30,0.10828876200805755
2016-12-01,0.10642699324967352
2016-12-02,0.10588963901138038
2016-12-05,0.10760435155040625
2016-12-06,0.10339128799306509
2016-12-07,0.11892623476961971
2016-12-08,0.11515705883179994
2016-12-09,0.11565750838457259
2016-12-12,0.11278034323775396
2016-12-13,0.11616350592153288
2016-12-14,0.11927037008442383
2016-12-15,0.12088050496990353
2016-12-16,0.11312772630446019
2016-12-19,0.11476606767704062
2016-12-20,0.10831312826167956
2016-12-21,0.10897917718594026
2016-12-22,0.10710205718411658
2016-12-23,0.10496944742157163
2016-12-26,0.10289821374135161
2016-12-27,0.10197250134600226
2016-12-28,0.10778323387752389
2016-12-29,0.10905287332817172
2016-12-30,0.1093447552334071
2017-01-02,0.10785657563631411
2017-01-03,0.11278639902284517
2017-01-04,0.11329646657910447
2017-01-05,0.10977954086539926
2017-01-06,0.11036502897787151
2017-01-09,0.10679540157159527
2017-01-10,0.104424515491112
2017-01-11,0.10481930844077197
2017-01-12,0.10331320578181043
2017-01-13,0.10182211374199086
2017-01-16,0.10013615519680817
2017-01-17,0.0994030370591557
2017-01-18,0.10041257040298464
2017-01-19,0.0984832914924791
2017-01-20,0.10171979386174447
2017-01-23,0.10044375400325203
2017-01-24,0.1024736595898047
2017-01-25,0.10662450724659073
2017-01-26,0.10597231580552058
2017-01-27,0.10470725658417714
2017-01-30,0.10900882222836764
2017-01-31,0.1068151820043891
2017-02-01,0.10306973628814735
2017-02-02,0.10064305475861514
2017-02-03,0.10773787240929529
2017-02-06,0.10323476098092417
2017-02-07,0.10234792738651599
2017-02-08,0.10064339365401176
2017-02-09,0.10375779003118626
2017-02-10,0.10128001026765325
2017-02-13,0.10399398756566137
2017-02-14,0.1027427076633848
2017-02-15,0.10340920127835443
2017-02-16,0.10155775320759154
2017-02-17,0.10059757771018034
2017-02-20,0.09922878321024167
2017-02-21,0.10131934420658616
2017-02-22,0.1013169437455064
2017-02-23,0.09969104816052984
2017-02-24,0.09963554945590927
2017-02-27,0.09797917680074157
2017-02-28,0.09663328842931646
2017-03-01,0.11471345842179378
2017-03-02,0.1163029766870111
2017-03-03,0.1110269199228928
2017-03-06,0.11243367450105245
2017-03-07,0.11189805597038927
2017-03-08,0.10823948245078997
2017-03-09,0.10539228979565167
2017-03-10,0.10576106520370727
2017-03-13,0.1031881295951493
2017-03-14,0.1032685524905316
2017-03-15,0.10834861542185499
2017-03-16,0.10927909960711482
2017-03-17,0.10428054909579257
2017-03-20,0.10368025681536927
2017-03-21,0.11916548328795393
2017-03-22,0.1174308791096072
2017-03-23,0.1121934573346637
2017-03-24,0.1123915312799807
2017-03-27,0.11164963120686897
2017-03-28,0.11079790119996728
2017-03-29,0.10848532358900537
2017-03-30,0.10720568220636637
2017-03-31,0.10557472025529413
2017-04-03,0.10461719354232668
2017-04-04,0.10348948699368872
2017-04-05,0.10217129809062055
2017-04-06,0.10201604647139463
2017-04-07,0.10124876535077446
2017-04-10,0.0988128702846103
2017-04-11,0.09595926717965464
2017-04-12,0.10119365961139895
2017-04-13,0.10395462616998818
2017-04-14,0.10384197282149094
2017-04-17,0.11028892151057142
2017-04-18,0.10706190382606427
2017-04-19,0.10560862238129452
2017-04-20,0.10887285913312576
2017-04-21,0.10836570732968594
2017-04-24,0.11607527251523353
2017-04-25,0.11744346906337107
2017-04-26,0.11349586296935067
2017-04-27,0.114047010889606
2017-04-28,0.10790717665779377
2017-05-01,0.10501476735865654
2017-05-02,0.10143817700835592
2017-05-03,0.10170405723428137
2017-05-04,0.10436847602686432
2017-05-05,0.10341943450527014
2017-05-08,0.0993088025432013
2017-05-09,0.09938776513309656
2017-05-10,0.09628343222917463
2017-05-11,0.09794249425930306
2017-05-12,0.09673957916273655
2017-05-15,0.1003332178962574
2017-05-16,0.09908378484531724
2017-05-17,0.13347085264474984
2017-05-18,0.12826904582079232
2017-05-19,0.1288071167921996
2017-05-22,0.12538686166537963
2017-05-23,0.12200573568462603
2017-05-24,0.12087526504495522
2017-05-25,0.11536827163207185
2017-05-26,0.11408029902518572
2017-05-29,0.1123134228792735
2017-05-30,0.10963449380987933
2017-05-31,0.1062766701505193
2017-06-01,0.10952349723857614
2017-06-02,0.10773759271242371
2017-06-05,0.10752263607559963
2017-06-06,0.10833222958088687
2017-06-07,0.10560966917945414
2017-06-08,0.10207575761160609
2017-06-09,0.10109503948276843
2017-06-12,0.10152863850740028
2017-06-13,0.10058194937920217
2017-06-14,0.10036793307060586
2017-06-15,0.09945356364223508
2017-06-16,0.09982242230041087
2017-06-19,0.1049549733921898
2017-06-20,0.1062689872737074
2017-06-21,0.10874352823365682
2017-06-22,0.10499646280310344
2017-06-23,0.10109175620303174
2017-06-26,0.10176659817599214
2017-06-27,0.10976406807392669
2017-06-28,0.11281163689233928
2017-06-29,0.11990966357538743
2017-06-30,0.11677486035752153
2017-07-03,0.11222226608833688
2017-07-04,0.11096903456610642
2017-07-05,0.10780896642933996
2017-07-06,0.1158718826619974
2017-07-07,0.11771586008102415
2017-07-10,0.11654673299654081
2017-07-11,0.11224689955264722
2017-07-12,0.1115821858577743
2017-07-13,0.11098471716970501
2017-07-14,0.11070471848607152
2017-07-17,0.10749978091166261
2017-07-18,0.10453286040790177
2017-07-19,0.10544645121983967
2017-07-20,0.10527601215333166
2017-07-21,0.10199519211103684
2017-07-24,0.10173352771345578
2017-07-25,0.10026542206471728
2017-07-26,0.09789914409290233
2017-07-27,0.09620899750054678
2017-07-28,0.09837486173354516
2017-07-31,0.09538149882772548
2017-08-01,0.09617248909910364
2017-08-02,0.09399829435135883
2017-08-03,0.09453163130717228
2017-08-04,0.09416831926052463
2017-08-07,0.09561534267641494
2017-08-08,0.0946787348392242
2017-08-09,0.09608391639302814
2017-08-10,0.11967737602235157
2017-08-11,0.11421017628696022
2017-08-14,0.12079371164962596
2017-08-15,0.11864356799526256
2017-08-16,0.11351028554241502
2017-08-17,0.13571442002106124
2017-08-18,0.13280197801121618
2017-08-21,0.12917354394781713
2017-08-22,0.1326609712204158
2017-08-23,0.12705186419609724
2017-08-24,0.12186712511599684
2017-08-25,0.12065443092905527
2017-08-28,0.11725143022379611
2017-08-29,0.1143745550258704
2017-08-30,0.11355180059213198
2017-08-31,0.11156723947570965
2017-09-01,0.11057871483740347
2017-09-04,0.10669190776411704
2017-09-05,0.11159118729439196
2017-09-06,0.10882049191830563
2017-09-07,0.10758514323963188
2017-09-08,0.10461051714714192
2017-09-11,0.11412163320017339
2017-09-12,0.11181568873229203
2017-09-13,0.11072291013783055
2017-09-14,0.10943078061207934
2017-09-15,0.10607619315582333
2017-09-18,0.10497649459814563
2017-09-19,0.10459242172739394
2017-09-20,0.10136733800761273
2017-09-21,0.10125574411472864
2017-09-22,0.09984644623794142
2017-09-25,0.10185958068880878
2017-09-26,0.09800163195777778
2017-09-27,0.09810463832659097
2017-09-28,0.09718105204505809
2017-09-29,0.09678880505847105
2017-10-02,0.09818372802249269
2017-10-03,0.09624313973784576
2017-10-04,0.09785010469619564
2017-10-05,0.09939694317765636
2017-10-06,0.09944413232087021
2017-10-09,0.09688320651263936
2017-10-10,0.09909031653935693
2017-10-11,0.09773881447312788
2017-10-12,0.09569113847962737
2017-10-13,0.09418201720175023
2017-10-16,0.09504198462684484
2017-10-17,0.09493868096855357
2017-10-18,0.09181818380149234
2017-10-19,0.09274036451000053
2017-10-20,0.09726436365206133
2017-10-23,0.09769556762160143
2017-10-24,0.09644180079750694
2017-10-25,0.09939472325410476
2017-10-26,0.0985591310224257
2017-10-27,0.10536355560622361
2017-10-30,0.10214899346356197
2017-10-31,0.10266792705228565
2017-11-01,0.10317119888349364
2017-11-02,0.09891345723567667
2017-11-03,0.1003125539400232
2017-11-06,0.0989021707124688
2017-11-07,0.09611726945898877
2017-11-08,0.09481832022190033
2017-11-09,0.09591023088030316
2017-11-10,0.09738256694167266
2017-11-13,0.09403868589317396
2017-11-14,0.09534887543502621
2017-11-15,0.10003318715720717
2017-11-16,0.1035567345051149
2017-11-17,0.10576901413754708
2017-11-20,0.10206496566689913
2017-11-21,0.1064219913219331
2017-11-22,0.1024113789454132
2017-11-23,0.10264672399079695
2017-11-24,0.10082375745163223
2017-11-27,0.09901500733702358
2017-11-28,0.10772805347029211
2017-11-29,0.10465693882088446
2017-11-30,0.11138306159834535
2017-12-01,0.10604824797340232
2017-12-04,0.10641473290691054
2017-12-05,0.10572481025762707
2017-12-06,0.10461036965039956
2017-12-07,0.10365081954351593
2017-12-08,0.10627296305150076
2017-12-11,0.10369005152212497
2017-12-12,0.10532084936514517
2017-12-13,0.10137076485265677
2017-12-14,0.10170725418352332
2017-12-15,0.10833681283820061
2017-12-18,0.10792248554825346
2017-12-19,0.1100196405691709
2017-12-20,0.10450002922189412
2017-12-21,0.10319834533893404
2017-12-22,0.10455686994979065
2017-12-25,0.10003175933887119
2017-12-26,0.10081418580711685
2017-12-27,0.098589372105222
2017-12-28,0.09725827969423406
2017-12-29,0.10050768537314907
2018-01-02,0.10737261538257623
2018-01-03,0.10671609711870084
2018-01-04,0.10506152594039221
2018-01-05,0.10953524903493397
2018-01-08,0.10720331449703437
2018-01-09,0.10553655688130867
2018-01-10,0.10513815036286184
2018-01-11,0.10668073444746969
2018-01-12,0.10732008326710134
2018-01-15,0.10623730144640199
2018-01-16,0.10669409110691858
2018-01-17,0.10947011339113642
2018-01-18,0.10930970632033514
2018-01-19,0.11057276231694603
2018-01-22,0.11639593964989993
2018-01-23,0.10959260405948253
2018-01-24,0.10940961787749928
2018-01-25,0.10424380381315217
2018-01-26,0.11771040316185089
2018-01-29,0.11736113536775122
2018-01-30,0.12772576612596012
2018-01-31,0.12388520023091532
2018-02-01,0.12483182224479145
2018-02-02,0.15793327998613116
2018-02-05,0.24949516924978926
2018-02-06,0.24866245836391562
2018-02-07,0.23372950710135912
2018-02-08,0.29601505275044065
2018-02-09,0.28567691968375913
2018-02-12,0.2690699911966726
2018-02-13,0.2567169615578957
2018-02-14,0.25028651048913153
2018-02-15,0.2501091665147546
2018-02-16,0.2313120414774101
2018-02-19,0.21664694257808248
2018-02-20,0.20716582621946275
2018-02-21,0.1988203484838917
2018-02-22,0.18947623017546994
2018-02-23,0.19261322621850618
2018-02-26,0.1899546806596424
2018-02-27,0.18871082975005277
2018-02-28,0.18460763686674905
2018-03-01,0.1901747564801379
2018-03-02,0.17599280695738556
2018-03-05,0.18045067908371076
2018-03-06,0.1745831259123597
2018-03-07,0.16479422434352814
2018-03-08,0.16140545680515264
2018-03-09,0.16811670334250747
2018-03-12,0.1634789436156226
2018-03-13,0.15847153084036916
2018-03-14,0.15449827512208014
2018-03-15,0.1458407105143763
2018-03-16,0.1418457926222479
2018-03-19,0.15374860617250516
2018-03-20,0.14534630060212284
2018-03-21,0.13785238106971592
2018-03-22,0.1855311412619928
2018-03-23,0.20590887207329903
2018-03-26,0.23105487575732175
2018-03-27,0.23771995093921672
2018-03-28,0.2221350062098027
2018-03-29,0.21869576275547006
2018-03-30,0.2150705366161672
2018-04-02,0.23062800165062214
2018-04-03,0.21690233451553834
2018-04-04,0.21368975816263724
2018-04-05,0.20399100807407775
2018-04-06,0.22297740350003195
2018-04-09,0.2142388250950984
2018-04-10,0.2098457430898321
2018-04-11,0.19911653768891419
2018-04-12,0.19885386327849652
2018-04-13,0.18645413479560854
2018-04-16,0.17708008970802938
2018-04-17,0.17793362379105704
2018-04-18,0.16972877668940034
2018-04-19,0.1636173876728433
2018-04-20,0.15947298759712222
2018-04-23,0.15217236815733062
2018-04-24,0.16216664247959942
2018-04-25,0.15527331292830274
2018-04-26,0.1589019716437572
2018-04-27,0.1486291330603848
2018-04-30,0.15038642394633336
2018-05-01,0.14248666233900895
2018-05-02,0.14300116831832074
2018-05-03,0.1386632671938854
2018-05-04,0.14400809610182305
2018-05-07,0.14008162485268885
2018-05-08,0.13314180373324871
2018-05-09,0.13855093398721902
2018-05-10,0.13779786109978828
2018-05-11,0.13554116679913186
2018-05-14,0.12645692674251685
2018-05-15,0.12879467666797934
2018-05-16,0.1260071826013144
2018-05-17,0.12315556925698522
2018-05-18,0.11771829516205835
2018-05-21,0.12525142682314697
2018-05-22,0.1171848573691364
2018-05-23,0.11424897683176162
2018-05-24,0.11332066014568877
2018-05-25,0.11044613755573607
2018-05-28,0.1084062586033538
2018-05-29,0.12282762157115736
2018-05-30,0.13403431682861097
2018-05-31,0.1328308692502468
2018-06-01,0.13798181358380032
2018-06-04,0.13294626023514577
2018-06-05,0.12880316158755073
2018-06-06,0.13019292579252045
2018-06-07,0.12686117484707507
2018-06-08,0.12393042112006544
2018-06-11,0.11779194482117421
2018-06-12,0.11593703424733118
2018-06-13,0.11395318948577335
2018-06-14,0.11387562608756262
2018-06-15,0.10937354946447658
2018-06-18,0.10729800360115137
2018-06-19,0.10819993946692123
2018-06-20,0.10474915990385977
2018-06-21,0.11011671325856918
2018-06-22,0.10817724343903368
2018-06-25,0.12699826693304403
2018-06-26,0.12116063990218547
2018-06-27,0.1259107086988455
2018-06-28,0.1273611801731013
2018-06-29,0.12067549145197869
2018-07-02,0.11871166591091178
2018-07-03,0.11689652619007489
2018-07-04,0.11795356562895468
2018-07-05,0.11750913907117379
2018-07-06,0.12369203637187585
2018-07-09,0.12227772504469073
2018-07-10,0.12268999857893785
2018-07-11,0.12541647457945268
2018-07-12,0.12375275757442718
2018-07-13,0.12015228801547
2018-07-16,0.115907605406359
2018-07-17,0.11655158699670326
2018-07-18,0.11310107761615146
2018-07-19,0.11179582073342972
2018-07-20,0.11047578031907748
2018-07-23,0.10897265256210971
2018-07-24,0.1086788235924779
2018-07-25,0.11211814774655572
2018-07-26,0.11203238193701018
2018-07-27,0.11419415510095478
2018-07-30,0.1160593042749367
2018-07-31,0.1162097492144758
2018-08-01,0.11389549538301419
2018-08-02,0.11222180145436818
2018-08-03,0.10948941686393054
2018-08-06,0.10772056420189684
2018-08-07,0.11059349429248254
2018-08-08,0.10617539913197532
2018-08-09,0.10361428723807743
2018-08-10,0.10869641611378393
2018-08-13,0.10651856123855698
2018-08-14,0.11054168849246801
2018-08-15,0.11581121803476044
2018-08-16,0.11464969079960839
2018-08-17,0.11531788643375387
2018-08-20,0.11195754664420458
2018-08-21,0.1104060901760801
2018-08-22,0.10610418858678176
2018-08-23,0.10536607025524475
2018-08-24,0.1075308440889981
2018-08-27,0.10942608313580442
2018-08-28,0.11154812623378665
2018-08-29,0.11198722617371042
2018-08-30,0.10772150297464006
2018-08-31,0.10584584949661607
2018-09-03,0.10548578491770712
2018-09-04,0.10386505469828415
2018-09-05,0.10054902926323968
2018-09-06,0.10271818474582546
2018-09-07,0.10114557491347369
2018-09-10,0.10141497117560327
2018-09-11,0.10172351841271454
2018-09-12,0.10054864078799805
2018-09-13,0.10094802006051004
2018-09-14,0.09993341052916754
2018-09-17,0.10157655661405675
2018-09-18,0.10538829917864924
2018-09-19,0.10151784247627756
2018-09-20,0.10916835081863148
2018-09-21,0.10482914304573121
2018-09-24,0.10502311467533182
2018-09-25,0.10197399761270158
2018-09-26,0.10525026141906169
2018-09-27,0.10177812179682523
2018-09-28,0.10158363847797068
2018-10-01,0.10157254734479383
2018-10-02,0.09908296486243202
2018-10-03,0.09654550354726985
2018-10-04,0.10487037856063001
2018-10-05,0.10879985527036069
2018-10-08,0.10600077717697128
2018-10-09,0.10432257292477712
2018-10-10,0.19287729730498607
2018-10-11,0.210820990569358
2018-10-12,0.21243754600035233
2018-10-15,0.1969371927001568
2018-10-16,0.21941054373897265
2018-10-17,0.20199416879112217
2018-10-18,0.20030084129110226
2018-10-19,0.19531601043342026
2018-10-22,0.18739300936653291
2018-10-23,0.18047879083439602
2018-10-24,0.22813887429763638
2018-10-25,0.22674135775097023
2018-10-26,0.23712204690015326
2018-10-29,0.2235730671872404
2018-10-30,0.22151568850742395
2018-10-31,0.21397272270424297
2018-11-01,0.2114812372273534
2018-11-02,0.19710822661561864
2018-11-05,0.18725910082233835
2018-11-06,0.1849837281087558
2018-11-07,0.20399906141141055
2018-11-08,0.19077098967006545
2018-11-09,0.18517117877647396
2018-11-12,0.20238083149620723
2018-11-13,0.19363585120516408
2018-11-14,0.18172963357490998
2018-11-15,0.18503198382088676
2018-11-16,0.17080736935119212
2018-11-19,0.18669195478457962
2018-11-20,0.19653006267124687
2018-11-21,0.18487483445092465
2018-11-22,0.17848779502285075
2018-11-23,0.1729952016639515
2018-11-26,0.1783139601362286
2018-11-27,0.1700966142882067
2018-11-28,0.20040750280229344
2018-11-29,0.18318076250062948
2018-11-30,0.1758661189765411
2018-12-03,0.17646935354540041
2018-12-04,0.23358024831447355
2018-12-05,0.2188042724075221
2018-12-06,0.21246196902522607
2018-12-07,0.22671827901526279
2018-12-10,0.21617991064028286
2018-12-11,0.20240311960263135
2018-12-12,0.19594328689347648
2018-12-13,0.18254132050417918
2018-12-14,0.20025477599013158
2018-12-17,0.21643610939242222
2018-12-18,0.20245825191274622
2018-12-19,0.2060167619887949
2018-12-20,0.21643667020191512
2018-12-21,0.2249007961150323
2018-12-24,0.2551928643474812
2018-12-25,0.24077909111952478
2018-12-26,0.3186930211815767
2018-12-27,0.3050289322290348
2018-12-28,0.2862349354686195
2018-12-31,0.26668418223728413
2019-01-02,0.2528408592507335
2019-01-03,0.2665956384969031
2019-01-04,0.2983807891675359
2019-01-07,0.2854279004366995
2019-01-08,0.27164744047651135
2019-01-09,0.25684702182176955
2019-01-10,0.24190867169765554
2019-01-11,0.2292401699622205
2019-01-14,0.21182283559867826
2019-01-15,0.2040094807206949
2019-01-16,0.19300590290362266
2019-01-17,0.1923492647283077
2019-01-18,0.18396059080073016
2019-01-21,0.17823684568104228
2019-01-22,0.1863518134388942
2019-01-23,0.17768400758667335
2019-01-24,0.16926564473630934
2019-01-25,0.16529349483223804
2019-01-28,0.16202710963560502
2019-01-29,0.15188805532681882
2019-01-30,0.162923281443545
2019-01-31,0.15909000447146068
2019-02-01,0.15100500937769679
2019-02-04,0.149594469007748
2019-02-05,0.14534674233495165
2019-02-06,0.13802557135126783
2019-02-07,0.14121689759642073
2019-02-08,0.13480662442700156
2019-02-11,0.13148712940557264
2019-02-12,0.1371780730303645
2019-02-13,0.13403320371896707
2019-02-14,0.13406096459573816
2019-02-15,0.1347824321470191
2019-02-18,0.129566527539361
2019-02-19,0.12729747421663234
2019-02-20,0.11992482820751824
2019-02-21,0.11974075427098284
2019-02-22,0.12044085140435216
2019-02-25,0.11386345995084254
2019-02-26,0.1118592649026529
2019-02-27,0.11050226658729416
2019-02-28,0.11040134160189305
2019-03-01,0.1126533426537123
2019-03-04,0.1118519261161197
2019-03-05,0.10897554482168133
2019-03-06,0.11231029415490326
2019-03-07,0.11785710390222824
2019-03-08,0.11319009365409197
2019-03-11,0.13248649238116636
2019-03-12,0.12806781245410234
2019-03-13,0.13007769502997937
2019-03-14,0.12200620064635358
2019-03-15,0.11859514208900275
2019-03-18,0.11983774253823501
2019-03-19,0.11308341964079628
2019-03-20,0.11384840604469605
2019-03-21,0.12332834200386077
2019-03-22,0.15325010287118274
2019-03-25,0.14542366982468535
2019-03-26,0.14183327429405773
2019-03-27,0.13767830534479075
2019-03-28,0.13291187948603067
2019-03-29,0.1344701756943483
2019-04-01,0.1405558043371799
2019-04-02,0.13411397333844896
2019-04-03,0.13001267201530284
2019-04-04,0.12300251673754556
2019-04-05,0.12192887176632669
2019-04-08,0.12012233383612232
2019-04-09,0.12080609959985748
2019-04-10,0.11927508216945192
2019-04-11,0.1143537637545059
2019-04-12,0.11429868862452343
2019-04-15,0.1108552064812582
2019-04-16,0.10960092497272457
2019-04-17,0.10762556217266721
2019-04-18,0.10478668526287802
2019-04-19,0.10303452044368916
2019-04-22,0.10196520225545896
2019-04-23,0.10758123005596966
2019-04-24,0.10754673792435952
2019-04-25,0.10515341764230017
2019-04-26,0.10449511755224694
2019-04-29,0.10268277072248735
2019-04-30,0.10314307040375939
2019-05-01,0.10743172090603172
2019-05-02,0.10474382051388789
2019-05-03,0.11384085853097614
2019-05-06,0.1128438878207708
2019-05-07,0.13925314809753273
2019-05-08,0.1335152309168086
2019-05-09,0.12875586981691123
2019-05-10,0.12680017347754685
2019-05-13,0.16950171847692103
2019-05-14,0.16249245824774042
2019-05-15,0.16160125192013627
2019-05-16,0.15718780510010744
2019-05-17,0.1514848123381487
2019-05-20,0.15256213371829241
2019-05-21,0.1535726621238015
2019-05-22,0.14815220219403483
2019-05-23,0.15733066722852215
2019-05-24,0.14324642095783113
2019-05-27,0.13884140765383385
2019-05-28,0.14639332161640045
2019-05-29,0.1418715673026756
2019-05-30,0.13516856901280797
2019-05-31,0.1489823608611017
2019-06-03,0.14250012729523107
2019-06-04,0.17154181897716134
2019-06-05,0.16517942529662955
2019-06-06,0.15746257071008044
2019-06-07,0.15895491863101827
2019-06-10,0.15551859148318567
2019-06-11,0.14672621676177494
2019-06-12,0.13808237217109015
2019-06-13,0.13889626365878616
2019-06-14,0.13163986969567554
2019-06-17,0.127577293670893
2019-06-18,0.13045950115282057
2019-06-19,0.12954150129924924
2019-06-20,0.12897134666422283
2019-06-21,0.12685151834264358
2019-06-24,0.12345089226079967
2019-06-25,0.12757384674316835
2019-06-26,0.123102804058331
2019-06-27,0.12149488729430771
2019-06-28,0.11777999739248897
2019-07-01,0.1185933365308114
2019-07-02,0.11965858170244764
2019-07-03,0.11958560640057433
2019-07-04,0.11563896353694353
2019-07-05,0.11303347964100012
2019-07-08,0.1165241390598876
2019-07-09,0.11157804845852703
2019-07-10,0.1114983731412791
2019-07-11,0.11174711901948113
2019-07-12,0.10726962011310082
2019-07-15,0.10695402450700828
2019-07-16,0.10523356326395243
2019-07-17,0.1114406617053839
2019-07-18,0.10809946809488563
2019-07-19,0.10904986548417274
2019-07-22,0.10896884528967556
2019-07-23,0.10971691951499399
2019-07-24,0.10972355616290098
2019-07-25,0.11186544091189499
2019-07-26,0.1148458341913211
2019-07-29,0.11133516355737741
2019-07-30,0.11125318152996648
2019-07-31,0.12176735350443665
2019-08-01,0.12738388090500605
2019-08-02,0.12645683898911858
2019-08-05,0.1936338741021127
2019-08-06,0.19617119379997652
2019-08-07,0.18212493265943402
2019-08-08,0.19197447648059054
2019-08-09,0.1834736366620749
2019-08-12,0.18588000291354997
2019-08-13,0.18890427751251979
2019-08-14,0.2304638724801409
2019-08-15,0.2206466481206834
2019-08-16,0.21473066306321018
2019-08-19,0.2131350105437755
2019-08-20,0.20255180886122232
2019-08-21,0.19407881038652042
2019-08-22,0.18393902077086807
2019-08-23,0.22224395455489462
2019-08-26,0.21987468882059366
2019-08-27,0.19913850140722333
2019-08-28,0.1943096841078319
2019-08-29,0.1862239701820984
2019-08-30,0.18230752334913491
2019-09-02,0.17079820530890302
2019-09-03,0.16903365974190082
2019-09-04,0.1665465116396684
2019-09-05,0.17104037732256672
2019-09-06,0.16222544228923746
2019-09-09,0.15778755922969362
2019-09-10,0.14828368407886414
2019-09-11,0.14465029955080794
2019-09-12,0.14028946919015714
2019-09-13,0.13443846934614997
2019-09-16,0.13207610308841772
2019-09-17,0.13040413740583623
2019-09-18,0.12208343281769188
2019-09-19,0.11964420788552678
2019-09-20,0.11956016925541779
2019-09-23,0.1141366090084539
2019-09-24,0.12134938579330207
2019-09-25,0.11899291376044051
2019-09-26,0.11648833291651267
2019-09-27,0.1175341196219526
2019-09-30,0.11668657828947161
2019-10-01,0.1299082987269759
2019-10-02,0.15294376450365726
2019-10-03,0.14759481784878542
2019-10-04,0.16190508661440936
2019-10-07,0.15696078156086468
2019-10-08,0.17056307632991588
2019-10-09,0.1632978955271624
2019-10-10,0.16083360310915495
2019-10-11,0.16335260809096494
2019-10-14,0.15511656492983034
2019-10-15,0.15287529350351275
2019-10-16,0.14725046619232404
2019-10-17,0.13707359578161676
2019-10-18,0.13927338561237712
2019-10-21,0.1360812584803396
2019-10-22,0.13304902238423572
2019-10-23,0.1277259498003826
2019-10-24,0.12205395123383202
2019-10-25,0.12268804315767404
2019-10-28,0.11978537802856437
2019-10-29,0.11597578291308815
2019-10-30,0.11368930876562437
2019-10-31,0.11174244377778687
2019-11-01,0.11688875107381097
2019-11-04,0.11637314138280813
2019-11-05,0.11203748960352983
2019-11-06,0.11232600539219476
2019-11-07,0.11002105384185742
2019-11-08,0.10610776566134678
2019-11-11,0.10369481739570505
2019-11-12,0.10301619675931666
2019-11-13,0.10275569286610672
2019-11-14,0.09883249450182492
2019-11-15,0.10304671734263982
2019-11-18,0.10480405578864264
2019-11-19,0.10201449692521417
2019-11-20,0.10255236895747345
2019-11-21,0.10326066502915861
2019-11-22,0.10119677629068015
2019-11-25,0.10518416554519341
2019-11-26,0.10113636433397906
2019-11-27,0.10376426526745866
2019-11-28,0.10112436667854413
2019-11-29,0.10283447699745482
2019-12-02,0.10894554595799485
2019-12-03,0.11292673841008374
2019-12-04,0.11150607750277713
2019-12-05,0.11326357105967046
2019-12-06,0.11518803615879598
2019-12-09,0.11347517985686843
2019-12-10,0.11274827612281578
2019-12-11,0.11008829600719393
2019-12-12,0.11242707276014176
2019-12-13,0.1113490673302086
2019-12-16,0.11278149493360404
2019-12-17,0.11052301605748306
2019-12-18,0.10560466122464528
2019-12-19,0.10607257522702158
2019-12-20,0.10995991138340913
2019-12-23,0.10489038389190897
2019-12-24,0.10321184186013607
2019-12-25,0.10088103979732918
2019-12-26,0.1020876565177144
2019-12-27,0.10129713864146449
2019-12-30,0.10643469702759616
2019-12-31,0.10562400038837443
2020-01-02,0.10980579103745194
2020-01-03,0.11238831388592826
2020-01-06,0.11227664973765755
2020-01-07,0.11065603834077654
2020-01-08,0.10925790387055959
2020-01-09,0.10974968080090654
2020-01-10,0.11060544352023431
2020-01-13,0.11214748651148024
2020-01-14,0.11166647063224593
2020-01-15,0.1081869587256357
2020-01-16,0.11053791309884556
2020-01-17,0.1120656315791423
2020-01-20,0.10640712147314065
2020-01-21,0.11176544301634181
2020-01-22,0.10691184607164599
2020-01-23,0.10455893902483762
2020-01-24,0.1103560679118221
2020-01-27,0.13864753835389648
2020-01-28,0.13984318967460413
2020-01-29,0.12998525994117477
2020-01-30,0.12880456936902512
2020-01-31,0.1547960367088756
2020-02-03,0.1478995235164136
2020-02-04,0.15967141603288482
2020-02-05,0.1640776156918637
2020-02-06,0.15565892832242129
2020-02-07,0.15198601629638225
2020-02-10,0.14804818547758858
2020-02-11,0.13930452189532683
2020-02-12,0.14310812194042605
2020-02-13,0.1293306174424665
2020-02-14,0.1282639423482447
2020-02-17,0.12358512002169736
2020-02-18,0.12055121466183866
2020-02-19,0.12083185203459183
2020-02-20,0.11450474653341551
2020-02-21,0.1263750568336355
2020-02-24,0.2094183251069655
2020-02-25,0.24691254886577907
2020-02-26,0.2356265823742964
2020-02-27,0.3143246078899886
2020-02-28,0.2953606159283248
2020-03-02,0.33873232635847894
2020-03-03,0.35766254539581405
2020-03-04,0.3846567725200923
2020-03-05,0.40331476746812167
2020-03-06,0.3848938802427935
2020-03-09,0.5347030295547814
2020-03-10,0.5430569908353775
2020-03-11,0.5485904483136773
2020-03-12,0.6920827921478881
2020-03-13,0.7820004829856684
2020-03-16,0.9306513554769669
2020-03-17,0.9280382718210878
2020-03-18,0.9107653796395065
2020-03-19,0.853162976845037
2020-03-20,0.8258335360641362
2020-03-23,0.7794358339094867
2020-03-24,0.8434503655976768
2020-03-25,0.783348166111936
2020-03-26,0.7840036156447451
2020-03-27,0.7721017210388644
2020-03-30,0.7168034640447514
2020-03-31,0.6776408073076048
2020-04-01,0.6886178183538616
2020-04-02,0.63562213765767
2020-04-03,0.5991825000893314
2020-04-06,0.6499202247462972
2020-04-07,0.6120209118154105
2020-04-08,0.5898292737985364
2020-04-09,0.5543188900064092
2020-04-10,0.5253719392069326
2020-04-13,0.49667023193337845
2020-04-14,0.4622244009867767
2020-04-15,0.46013785739414886
2020-04-16,0.4317606163383566
2020-04-17,0.4212215309633228
2020-04-20,0.4024304319464488
2020-04-21,0.4119016626694124
2020-04-22,0.3930498798151713
2020-04-23,0.3636720682168329
2020-04-24,0.3505217665326739
2020-04-27,0.3333042153744669
2020-04-28,0.311965421243829
2020-04-29,0.32741950276911463
2020-04-30,0.30696083640081434
2020-05-01,0.3216184338422369
2020-05-04,0.30091158894678033
2020-05-05,0.283811438127515
2020-05-06,0.2726000883112941
2020-05-07,0.26068818247272735
2020-05-08,0.2570726073300156
2020-05-11,0.2393771460969586
2020-05-12,0.2524540990184612
2020-05-13,0.2527537726810621
2020-05-14,0.2460504148372422
2020-05-15,0.22405449919991005
2020-05-18,0.26103297360619165
2020-05-19,0.24667532388873678
2020-05-20,0.24579843442670063
2020-05-21,0.2337428240357657
2020-05-22,0.22599674588824373
2020-05-25,0.21088482091307234
2020-05-26,0.20783245676999437
2020-05-27,0.2034084608361441
2020-05-28,0.19374063897089075
2020-05-29,0.1838734146542435
2020-06-01,0.17634092714608796
2020-06-02,0.17388603533076388
2020-06-03,0.1766561311897316
2020-06-04,0.16769307538964207
2020-06-05,0.2020672763165418
2020-06-08,0.19628199455441858
2020-06-09,0.190247436334
2020-06-10,0.18127959115833714
2020-06-11,0.3461952180726846
2020-06-12,0.34262298484013387
2020-06-15,0.30949020278336026
2020-06-16,0.3024357278359772
2020-06-17,0.2917248260711786
2020-06-18,0.2701313030426758
2020-06-19,0.2521583632131455
2020-06-22,0.23512024574718157
2020-06-23,0.23131853282384932
2020-06-24,0.24948349133925327
2020-06-25,0.2409953770364437
2020-06-26,0.2605882464207334
2020-06-29,0.2496729131937502
2020-06-30,0.24838180486967867
2020-07-01,0.2352323713317746
2020-07-02,0.2221760232998232
2020-07-03,0.21055599468201602
2020-07-06,0.2144085613622801
2020-07-07,0.20809973283083247
2020-07-08,0.20451133122158552
2020-07-09,0.1896712216902855
2020-07-10,0.18611085088376308
2020-07-13,0.1821876564282844
2020-07-14,0.17976243786974783
2020-07-15,0.17893118751621218
2020-07-16,0.16952492594519616
2020-07-17,0.16084331367665508
2020-07-20,0.16254557860722363
2020-07-21,0.15177397242905297
2020-07-22,0.14799547245954156
2020-07-23,0.1576779742993192
2020-07-24,0.15137927243160496
2020-07-27,0.14394716022226606
2020-07-28,0.1489699321222571
2020-07-29,0.14874328716265792
2020-07-30,0.14707124872506103
2020-07-31,0.1458051298689594
2020-08-03,0.14351460819734574
2020-08-04,0.13564634206972798
2020-08-05,0.13395645077322393
2020-08-06,0.13458721074948302
2020-08-07,0.13160501729177404
2020-08-10,0.12401287252026538
2020-08-11,0.12571346894010638
2020-08-12,0.13573481205093896
2020-08-13,0.133966955279881
2020-08-14,0.12732097957973462
2020-08-17,0.1263131804691169
2020-08-18,0.12287833369435824
2020-08-19,0.12080000535608612
2020-08-20,0.11864486208211984
2020-08-21,0.11557176324106576
2020-08-24,0.12183147303293618
2020-08-25,0.11802727233740495
2020-08-26,0.12362751953966637
2020-08-27,0.12174428899322123
2020-08-28,0.12206553168833574
2020-08-31,0.11684584957093562
2020-09-01,0.11848667785632912
2020-09-02,0.13660388172928487
2020-09-03,0.21590229111991507
2020-09-04,0.20643563214406407
2020-09-07,0.1969690555278117
2020-09-08,0.22904328528686582
2020-09-09,0.2347662148473431
2020-09-10,0.2461079484103024
2020-09-11,0.23840750490591173
2020-09-14,0.21944273384124907
2020-09-15,0.20712628786329107
2020-09-16,0.1970236448459472
2020-09-17,0.19445831968510016
2020-09-18,0.19511980996736325
2020-09-21,0.19366470873815703
2020-09-22,0.19447563924553352
2020-09-23,0.21318904606664166
2020-09-24,0.2056381543707882
2020-09-25,0.20889538026235346
2020-09-28,0.20938512923331645
2020-09-29,0.19622766570790295
2020-09-30,0.19417817749544106
2020-10-01,0.18506210241430965
2020-10-02,0.1852163532869266
2020-10-05,0.19305481633172233
2020-10-06,0.1982724167115281
2020-10-07,0.1997305020979335
2020-10-08,0.1905354109450843
2020-10-09,0.19259931153513035
2020-10-12,0.19113356941257875
2020-10-13,0.18142191440726313
2020-10-14,0.18325902203390376
2020-10-15,0.17516100601207613
2020-10-16,0.16281730337129133
2020-10-19,0.1775453843615281
2020-10-20,0.16683692542664508
2020-10-21,0.16089902475347684
2020-10-22,0.1573062784890357
2020-10-23,0.15169688192117725
2020-10-26,0.1662324433520149
2020-10-27,0.1687830342992472
2020-10-28,0.22811345359793833
2020-10-29,0.23041373064501983
2020-10-30,0.2231938327893799
2020-11-02,0.21434851068282731
2020-11-03,0.21874363503730127
2020-11-04,0.2336517391072003
2020-11-05,0.23270230831771654
2020-11-06,0.2231718800923299
2020-11-09,0.22073412467155018
2020-11-10,0.20497947400700017
2020-11-11,0.20046639687156423
2020-11-12,0.19135648167448635
2020-11-13,0.19132205479433637
2020-11-16,0.18757552963873314
2020-11-17,0.183778248115282
2020-11-18,0.18609628750274515
2020-11-19,0.1743961356679891
2020-11-20,0.1682083564721351
2020-11-23,0.16306476753551447
2020-11-24,0.17739864821027215
2020-11-25,0.1655470695483548
2020-11-26,0.15607489419419363
2020-11-27,0.15265363145415223
2020-11-30,0.14423646520076683
2020-12-01,0.14808651057350974
2020-12-02,0.14018241713279272
2020-12-03,0.13581982938865145
2020-12-04,0.14019862281033155
2020-12-07,0.13475416126164805
2020-12-08,0.12791228748918868
2020-12-09,0.13151708114060323
2020-12-10,0.1285799701177578
2020-12-11,0.12373979719086284
2020-12-14,0.12234698310067778
2020-12-15,0.12972753970848194
2020-12-16,0.12683471038842134
2020-12-17,0.12778608066166008
2020-12-18,0.12206318628140822
2020-12-21,0.1233193657509607
2020-12-22,0.11899868263930123
2020-12-23,0.11774104394583754
2020-12-24,0.11160707778898597
2020-12-25,0.1092500131709786
2020-12-28,0.1138397698645143
2020-12-29,0.11512613269184656
2020-12-30,0.10972932263556585
2020-12-31,0.11020630568157898
2021-01-04,0.13198645859280617
2021-01-05,0.13310555304394225
2021-01-06,0.126515899499809
2021-01-07,0.1408361909321906
2021-01-08,0.13829355575327343
2021-01-11,0.1394262223748988
2021-01-12,0.13324647850013918
2021-01-13,0.12805461617609984
2021-01-14,0.12223146892471638
2021-01-15,0.12796742418591303
2021-01-18,0.12395211404186232
2021-01-19,0.12522592411885025
2021-01-20,0.1375438221855459
2021-01-21,0.1316646414373873
2021-01-22,0.12786051181726812
2021-01-25,0.12475557386604298
2021-01-26,0.12101174342503343
2021-01-27,0.17168567349530034
2021-01-28,0.16871111548325313
2021-01-29,0.19044283064232992
2021-02-01,0.20024388871476378
2021-02-02,0.195043658530148
2021-02-03,0.18637602737044978
2021-02-04,0.1880770378655045
2021-02-05,0.1730764672935414
2021-02-08,0.16871044002041594
2021-02-09,0.16115846599719577
2021-02-10,0.15080542422144538
2021-02-11,0.14704428232062103
2021-02-12,0.14543660823747864
2021-02-15,0.13484584917109882
2021-02-16,0.13334568282364748
2021-02-17,0.12596766242556567
2021-02-18,0.12567757949096023
2021-02-19,0.12079394761889324
2021-02-22,0.12472834019838497
2021-02-23,0.11950322650054544
2021-02-24,0.12455348307268925
2021-02-25,0.17632517936862996
2021-02-26,0.1686839834104998
2021-03-01,0.19516554162397723
2021-03-02,0.18859337115026445
2021-03-03,0.18825795687227675
2021-03-04,0.1918252618811206
2021-03-05,0.2007342428784721
2021-03-08,0.19674208317328917
2021-03-09,0.19701867016641403
2021-03-10,0.1895174823285658
2021-03-11,0.18553219218232606
2021-03-12,0.16952562925159145
2021-03-15,0.16589327818693922
2021-03-16,0.1583290042048214
2021-03-17,0.14918684211823643
2021-03-18,0.16564073308873895
2021-03-19,0.16070377182542137
2021-03-22,0.15513816177003653
2021-03-23,0.15018035281663056
2021-03-24,0.14850478474434484
2021-03-25,0.14414869541914374
2021-03-26,0.1576350314879655
2021-03-29,0.15262395725861944
2021-03-30,0.14680932252796597
2021-03-31,0.14166097845926554
2021-04-01,0.14891020008992678
2021-04-02,0.1386013007193763
2021-04-05,0.14986387065840873
2021-04-06,0.14520777154558862
2021-04-07,0.13747862449704773
2021-04-08,0.13313080464959437
2021-04-09,0.13411314437304833
2021-04-12,0.13007356961699287
2021-04-13,0.12519567660137368
2021-04-14,0.12174401745776701
2021-04-15,0.13011508253568613
2021-04-16,0.12811986450404478
2021-04-19,0.12404001090447749
2021-04-20,0.12686046685870053
2021-04-21,0.1299950006665445
2021-04-22,0.13536880647726096
2021-04-23,0.14070024607519105
2021-04-26,0.13188722105612716
2021-04-27,0.12629688665468722
2021-04-28,0.12395894222227404
2021-04-29,0.12200089660680331
2021-04-30,0.12579800925557175
2021-05-03,0.12069718315178404
2021-05-04,0.12397041659754539
2021-05-05,0.12137984296504722
2021-05-06,0.1192534238616673
2021-05-07,0.12501232913073906
2021-05-10,0.13084850093088032
2021-05-11,0.13412808010265273
2021-05-12,0.16629490587044637
2021-05-13,0.16914696034887758
2021-05-14,0.17252818118430194
2021-05-17,0.17047019847371928
2021-05-18,0.16563734752217846
2021-05-19,0.15795930822087195
2021-05-20,0.15909195657894956
2021-05-21,0.15682155624224214
2021-05-24,0.15189716745821555
2021-05-25,0.1466584152258352
2021-05-26,0.14138207385147436
2021-05-27,0.13320511246735486
2021-05-28,0.13018702240837285
2021-05-31,0.1256586083472252
2021-06-01,0.12211138568368289
2021-06-02,0.11579217155741113
2021-06-03,0.11546757198606898
2021-06-04,0.11959169342612277
2021-06-07,0.11371852915246798
2021-06-08,0.1156935212249367
2021-06-09,0.11070989476621704
2021-06-10,0.10883211846707837
2021-06-11,0.10917973188252272
2021-06-14,0.10651033233972998
2021-06-15,0.10650609939570518
2021-06-16,0.10631726706821407
2021-06-17,0.10550190052886638
2021-06-18,0.12455180241349605
2021-06-21,0.13606670953964017
2021-06-22,0.13048513684114996
2021-06-23,0.1282231730219156
2021-06-24,0.12628910754303227
2021-06-25,0.12038997720917928
2021-06-28,0.11909405788850871
2021-06-29,0.11628014955064594
2021-06-30,0.11250686188224535
2021-07-01,0.11328050897061578
2021-07-02,0.11406782512540806
2021-07-05,0.11138210826435145
2021-07-06,0.10905369582243048
2021-07-07,0.110170004721807
2021-07-08,0.11337182916148004
2021-07-09,0.12215934503469787
2021-07-12,0.12299713137027035
2021-07-13,0.11863146939828649
2021-07-14,0.11635095464384401
2021-07-15,0.11331955425487915
2021-07-16,0.11983548368512195
2021-07-19,0.1423954597922019
2021-07-20,0.15352574019827966
2021-07-21,0.1485456938188125
2021-07-22,0.14408834893684425
2021-07-23,0.14458418723877883
2021-07-26,0.13712852030850547
2021-07-27,0.13476670258840817
2021-07-28,0.13295916999986376
2021-07-29,0.12940784086662827
2021-07-30,0.12639844820340448
2021-08-02,0.1243288932217673
2021-08-03,0.12300410424643961
2021-08-04,0.12156240766319179
2021-08-05,0.12331295573571205
2021-08-06,0.11806663698127233
2021-08-09,0.11675030449694902
2021-08-10,0.11258144036116946
2021-08-11,0.1103422059243194
2021-08-12,0.11110917331195684
2021-08-13,0.10862258926607157
2021-08-16,0.10532839986208882
2021-08-17,0.11057863260782985
2021-08-18,0.12054686597358048
2021-08-19,0.11825218826069761
2021-08-20,0.11937166779674414
2021-08-23,0.121458326200047
2021-08-24,0.11854389233168208
2021-08-25,0.11542806805432833
2021-08-26,0.11668725442035868
2021-08-27,0.12056806738294276
2021-08-30,0.12011678835672825
2021-08-31,0.11519429990918106
2021-09-01,0.11153556189962313
2021-09-02,0.11101361525441765
2021-09-03,0.10512839534570767
2021-09-06,0.10557114662763362
2021-09-07,0.1058448521437588
2021-09-08,0.10452645603424526
2021-09-09,0.10715710237976316
2021-09-10,0.11118319268008446
2021-09-13,0.10979194940393484
2021-09-14,0.11317136248319871
2021-09-15,0.11451941337400406
2021-09-16,0.11280653410136265
2021-09-17,0.12093307152399438
2021-09-20,0.14181065651534758
2021-09-21,0.13897771952485116
2021-09-22,0.14035452311033184
2021-09-23,0.14612629323438164
2021-09-24,0.13704612222434648
2021-09-27,0.13683340768022936
2021-09-28,0.16701856015626687
2021-09-29,0.1550477376716047
2021-09-30,0.16289740159647545
2021-10-01,0.16301591237607618
2021-10-04,0.1710163024301553
2021-10-05,0.17171120832337136
2021-10-06,0.15788953496195707
2021-10-07,0.15728177513067426
2021-10-08,0.15284832432226944
2021-10-11,0.1499961124620027
2021-10-12,0.1429599731350621
2021-10-13,0.13901673835799253
2021-10-14,0.15377415346369552
2021-10-15,0.1468797410912126
2021-10-18,0.1449985628702776
2021-10-19,0.14665326036206347
2021-10-20,0.1380904384409764
2021-10-21,0.13546744844732236
2021-10-22,0.12762879520425904
2021-10-25,0.12394414186188085
2021-10-26,0.12186104463361055
2021-10-27,0.12202592187866342
2021-10-28,0.12731554677186915
2021-10-29,0.12316233833072256
2021-11-01,0.1196355076495079
2021-11-02,0.11631476848518121
2021-11-03,0.1167090935081295
2021-11-04,0.1162263766727542
2021-11-05,0.11324832215485117
2021-11-08,0.11157225964400841
2021-11-09,0.1099700468917763
2021-11-10,0.11752540612232175
2021-11-11,0.11217120886824035
2021-11-12,0.11379666376787727
2021-11-15,0.11060679365105981
2021-11-16,0.11021937717565655
2021-11-17,0.10858186627582211
2021-11-18,0.10870755663288247
2021-11-19,0.10711584420170885
2021-11-22,0.10683541789254661
2021-11-23,0.10475999766985697
2021-11-24,0.10101516824607999
2021-11-25,0.1021767278106732
2021-11-26,0.1541481733854032
2021-11-29,0.1602671281292688
2021-11-30,0.17837619620491732
2021-12-01,0.1789659222205469
2021-12-02,0.18325989627910114
2021-12-03,0.1760292528538428
2021-12-06,0.17759630808888582
2021-12-07,0.19228867492566673
2021-12-08,0.18406211279540596
2021-12-09,0.18162687528580615
2021-12-10,0.17464434721235797
2021-12-13,0.17116846568712826
2021-12-14,0.16646908915874498
2021-12-15,0.17736622503179314
2021-12-16,0.17462396850714898
2021-12-17,0.16916728994467717
2021-12-20,0.17257365717867626
2021-12-21,0.18962854860029166
2021-12-22,0.17932848340894997
2021-12-23,0.17376174284334234
2021-12-24,0.1658784220595613
2021-12-27,0.17092935456324537
2021-12-28,0.1640979973319801
2021-12-29,0.15583846186773845
2021-12-30,0.15178285911485973
2021-12-31,0.1418543787680703
2022-01-03,0.142294990319913
2022-01-04,0.1360661534001179
2022-01-05,0.1630337202214344
2022-01-06,0.15723924300634265
2022-01-07,0.15193534709018916
2022-01-10,0.14365096984730744
2022-01-11,0.14269880793081383
2022-01-12,0.13911727729684764
2022-01-13,0.1522993443317253
2022-01-14,0.14728550762266107
2022-01-17,0.13881389018357884
2022-01-18,0.16192373701989338
2022-01-19,0.16753197603191544
2022-01-20,0.16354292094204018
2022-01-21,0.18179017133183914
2022-01-24,0.17202677894520038
2022-01-25,0.1743357376301563
2022-01-26,0.16978116718130035
2022-01-27,0.16748398742541368
2022-01-28,0.19444986273724923
2022-01-31,0.19917207123552833
2022-02-01,0.19610418788834386
2022-02-02,0.1930942468326799
2022-02-03,0.2132780685877741
2022-02-04,0.20386085863763717
2022-02-07,0.18903928793742555
2022-02-08,0.182883545802677
2022-02-09,0.1903809049068785
2022-02-10,0.20617063286200388
2022-02-11,0.21114957303042178
2022-02-14,0.19843689876583345
2022-02-15,0.20298599816180002
2022-02-16,0.1936299506764543
2022-02-17,0.21392185974619848
2022-02-18,0.20904735116362289
2022-02-21,0.1899407788266438
2022-02-22,0.19366484100137465
2022-02-23,0.20590650459146714
2022-02-24,0.20357018408718253
2022-02-25,0.22007807264569845
2022-02-28,0.20636569671732333
2022-03-01,0.2157932805407847
2022-03-02,0.21959576221881866
2022-03-03,0.21065513483861983
2022-03-04,0.19954931133770207
2022-03-07,0.241637585635436
2022-03-08,0.23207728179447132
2022-03-09,0.2504637298840258
2022-03-10,0.2298040292148057
2022-03-11,0.23344614530493604
2022-03-14,0.21850919972638339
2022-03-15,0.2321585652924088
2022-03-16,0.24500938020562735
2022-03-17,0.23507269902571723
2022-03-18,0.23290358654094992
2022-03-21,0.21289900044851365
2022-03-22,0.2043220221240649
2022-03-23,0.20673246634384732
2022-03-24,0.2083746702924484
2022-03-25,0.1964828508214256
2022-03-28,0.19329871788403533
2022-03-29,0.1863721892144056
2022-03-30,0.17825141097028013
2022-03-31,0.1890656809070699
2022-04-01,0.17960213682172216
2022-04-04,0.1743934650138993
2022-04-05,0.17622122507750734
2022-04-06,0.17746207291271876
2022-04-07,0.16862881848486996
2022-04-08,0.16181029683098158
2022-04-11,0.17585545907505173
2022-04-12,0.16745877764165243
2022-04-13,0.16559800010008704
2022-04-14,0.1742227454889598
2022-04-15,0.1647105769136206
2022-04-18,0.15617536367065077
2022-04-19,0.16643952073016027
2022-04-20,0.15955017948937078
2022-04-21,0.1674778495520471
2022-04-22,0.22004398465770778
2022-04-25,0.19975497687934904
2022-04-26,0.23720854923129014
2022-04-27,0.22512273049993214
2022-04-28,0.24146529847913492
2022-04-29,0.28872254216341936
2022-05-02,0.2711160960035879
2022-05-03,0.2515649026216187
2022-05-04,0.272259090629863
2022-05-05,0.3200798640487636
2022-05-06,0.2930870151134709
2022-05-09,0.31653344699095226
2022-05-10,0.3006652408355536
2022-05-11,0.29243803676058094
2022-05-12,0.2818919402025309
2022-05-13,0.28918217634966203
2022-05-16,0.26885954241845295
2022-05-17,0.26848945991031137
2022-05-18,0.3215903354198898
2022-05-19,0.3051830175513904
2022-05-20,0.29101727082435286
2022-05-23,0.27869557507810355
2022-05-24,0.27217526521072716
2022-05-25,0.25387508775229184
2022-05-26,0.25853379635457463
2022-05-27,0.2697309320757703
2022-05-30,0.25557635089490327
2022-05-31,0.2484724537131538
2022-06-01,0.23135721640977266
2022-06-02,0.23520029321338515
2022-06-03,0.2394119291974155
2022-06-06,0.23005996950818694
2022-06-07,0.20991546317571408
2022-06-08,0.21214945551675493
2022-06-09,0.23094172749364947
2022-06-10,0.2586072235496445
2022-06-13,0.3096230354444992
2022-06-14,0.29446675712607
2022-06-15,0.2856347322964621
2022-06-16,0.31957482514130103
2022-06-17,0.2960265120486681
2022-06-20,0.274832388582155
2022-06-21,0.28372527790117613
2022-06-22,0.2644579909850359
2022-06-23,0.2560677480535122
2022-06-24,0.2807884473452296
2022-06-27,0.25648635517228313
2022-06-28,0.26525207943860607
2022-06-29,0.25350603863950805
2022-06-30,0.23647838890386377
2022-07-01,0.23506409130331782
2022-07-04,0.215751161740815
2022-07-05,0.20452629045975204
2022-07-06,0.19259010268856455
2022-07-07,0.19290755409010363
2022-07-08,0.18516307642159624
2022-07-11,0.18677327844903435
2022-07-12,0.1852899222973298
2022-07-13,0.16964389791879747
2022-07-14,0.1689322323463304
2022-07-15,0.18812373860800513
2022-07-18,0.17465088260745096
2022-07-19,0.21289936618639413
2022-07-20,0.2089909522149073
2022-07-21,0.19638802056416244
2022-07-22,0.19264386214883983
2022-07-25,0.17812988904226532
2022-07-26,0.18314157287972785
2022-07-27,0.21230116586101463
2022-07-28,0.2025452374178432
2022-07-29,0.20913207807999643
2022-08-01,0.19465288551481924
2022-08-02,0.18638335894896613
2022-08-03,0.19686874276667155
2022-08-04,0.1831564913445296
2022-08-05,0.1732622141145127
2022-08-08,0.1628805739261871
2022-08-09,0.16002262250037505
2022-08-10,0.18396886356933267
2022-08-11,0.17090092301801374
2022-08-12,0.1823685585788715
2022-08-15,0.17518671519706258
2022-08-16,0.1653469631999939
2022-08-17,0.16497413520759088
2022-08-18,0.15497077064171863
2022-08-19,0.16364554585741078
2022-08-22,0.1933028025356136
2022-08-23,0.1722654957944155
2022-08-24,0.16769707122677305
2022-08-25,0.17498467286235753
2022-08-26,0.2412659957112453
2022-08-29,0.22467825493272509
2022-08-30,0.2224974305938683
2022-08-31,0.20761671577380264
2022-09-01,0.19511323530201072
2022-09-02,0.19929815355285418
2022-09-05,0.1859061093651953
2022-09-06,0.1803251012251872
2022-09-07,0.18993950157563025
2022-09-08,0.18321184350417227
2022-09-09,0.18704233144433285
2022-09-12,0.18383999150330724
2022-09-13,0.275558262999401
2022-09-14,0.255748550088584
2022-09-15,0.2486725508615239
2022-09-16,0.24089021982136097
2022-09-19,0.2233651289749912
2022-09-20,0.21885196018524697
2022-09-21,0.22847374697258385
2022-09-22,0.22345507640481452
2022-09-23,0.22555663335910622
2022-09-26,0.21388965248328362
2022-09-27,0.20386590732350682
2022-09-28,0.2167309004656261
2022-09-29,0.22970498062741088
2022-09-30,0.23451410193215202
2022-10-03,0.24176836001662105
2022-10-04,0.26604110879711584
2022-10-05,0.25943371753354577
2022-10-06,0.25096392951590607
2022-10-07,0.26620700844307865
2022-10-10,0.2611991033857472
2022-10-11,0.24578379748797166
2022-10-12,0.23432054701458466
2022-10-13,0.2538326726911801
2022-10-14,0.26229749704989225
2022-10-17,0.27703468590575653
2022-10-18,0.2625734910392732
2022-10-19,0.2519781189899558
2022-10-20,0.24435758821951317
2022-10-21,0.2601662957176062
2022-10-24,0.2456087617852183
2022-10-25,0.23870278010206056
2022-10-26,0.23298018665592318
2022-10-27,0.21753724951121992
2022-10-28,0.2320700699128309
2022-10-31,0.2296469885866582
2022-11-01,0.2166750723888686
2022-11-02,0.23810615818342812
2022-11-03,0.22904568371023024
2022-11-04,0.22384760572207504
2022-11-07,0.21638406974139685
2022-11-08,0.2045462439811908
2022-11-09,0.22364481875774384
2022-11-10,0.339465612954646
2022-11-11,0.3173231061228072
2022-11-14,0.30029232176656845
2022-11-15,0.28258125065931133
2022-11-16,0.2732502719455896
2022-11-17,0.24860050753285487
2022-11-18,0.245259054512979
2022-11-21,0.22610802954428588
2022-11-22,0.22536656750950373
2022-11-23,0.21039209060430109
2022-11-24,0.20036147376135108
2022-11-25,0.1897009060853655
2022-11-28,0.19227888979431002
2022-11-29,0.1893868259235992
2022-11-30,0.23232114970353734
2022-12-01,0.21696911075915587
2022-12-02,0.2082016731000686
2022-12-05,0.21292611668576444
2022-12-06,0.2163349617730722
2022-12-07,0.20602961549132473
2022-12-08,0.19165558858727377
2022-12-09,0.1842956500312961
2022-12-12,0.1924814224345686
2022-12-13,0.17990678022133677
2022-12-14,0.17837942959440162
2022-12-15,0.20896299636288512
2022-12-16,0.20327011456604435
2022-12-19,0.2035280423444212
2022-12-20,0.18791025849158455
2022-12-21,0.18940647143940484
2022-12-22,0.19805902335106226
2022-12-23,0.18592847898311907
2022-12-26,0.17820987911013064
2022-12-27,0.17050167735763022
2022-12-28,0.17456796718177076
2022-12-29,0.18419036330750335
2022-12-30,0.1746695313556418
2023-01-02,0.16346678948152574
2023-01-03,0.1575941596950073
2023-01-04,0.1572624079409337
2023-01-05,0.16106507671685097
2023-01-06,0.18695165173020903
2023-01-09,0.17427009515673964
2023-01-10,0.17259503385412067
2023-01-11,0.16970025912955522
2023-01-12,0.16507664500684502
2023-01-13,0.15948796635739254
2023-01-16,0.15006304142394492
2023-01-17,0.14664799032982492
2023-01-18,0.16147697522689217
2023-01-19,0.15643789033426597
2023-01-20,0.1734892430579063
2023-01-23,0.1743844623345943
2023-01-24,0.16230146404799475
2023-01-25,0.15660268502164296
2023-01-26,0.15848030740951732
2023-01-27,0.15523483608221275
2023-01-30,0.1578854593111304
2023-01-31,0.16537245187090885
2023-02-01,0.16677791605734846
2023-02-02,0.17434046455846888
2023-02-03,0.1750500927280843
2023-02-06,0.16553698181699475
2023-02-07,0.17258479047412953
2023-02-08,0.17697336129951927
2023-02-09,0.16494949424279282
2023-02-10,0.16145075875748283
2023-02-13,0.16431873869243682
2023-02-14,0.15242697583402037
2023-02-15,0.1480434804989278
2023-02-16,0.16154510229795518
2023-02-17,0.14897622437852534
2023-02-20,0.15104902348515428
2023-02-21,0.1749311233809729
2023-02-22,0.1633970254898743
2023-02-23,0.15583710738473988
2023-02-24,0.15952962217222644
2023-02-27,0.1528724290163636
2023-02-28,0.14806193090326858
2023-03-01,0.14132819655506126
2023-03-02,0.14094234867346486
2023-03-03,0.1550043753867442
2023-03-06,0.1497554806584815
2023-03-07,0.16494294296628625
2023-03-08,0.1553415307294954
2023-03-09,0.17323582952378078
2023-03-10,0.17869585892192708
2023-03-13,0.17946205953266975
2023-03-14,0.17850481418511638
2023-03-15,0.17459947614530885
2023-03-16,0.1911608509983035
2023-03-17,0.18510546154528432
2023-03-20,0.18581465995025778
2023-03-21,0.18314759671414374
2023-03-22,0.19079453669041918
2023-03-23,0.181067376719177
2023-03-24,0.16954561957970607
2023-03-27,0.16294349850416293
2023-03-28,0.1558532523238952
2023-03-29,0.16962783015236105
2023-03-30,0.1542357566280043
2023-03-31,0.1624226809056041
2023-04-03,0.15946287599545728
2023-04-04,0.1545730394036368
2023-04-05,0.14619473492268462
2023-04-06,0.1435527031855803
2023-04-07,0.13675260761862518
2023-04-10,0.12877676107471575
2023-04-11,0.12909875212052743
2023-04-12,0.1264434293915861
2023-04-13,0.13555108687557776
2023-04-14,0.13214813719158727
2023-04-17,0.12626079886625086
2023-04-18,0.12038640592763698
2023-04-19,0.12184749343278385
2023-04-20,0.11979902455030599
2023-04-21,0.1172190946932927
2023-04-24,0.11579487220776276
2023-04-25,0.13447715606825955
2023-04-26,0.13162023927736174
2023-04-27,0.15585389765099092
2023-04-28,0.15439392771024174
2023-05-01,0.14742172944836535
2023-05-02,0.15538927741845837
2023-05-03,0.15083018600511372
2023-05-04,0.14763285417746885
2023-05-05,0.16509583523351853
2023-05-08,0.15653355929849574
2023-05-09,0.15442562960582604
2023-05-10,0.14936403024751632
2023-05-11,0.13993976196775215
2023-05-12,0.1347798052768384
2023-05-15,0.1319686710248691
2023-05-16,0.12989883926524756
2023-05-17,0.14035685699726533
2023-05-18,0.14013784177815747
2023-05-19,0.13538499147475766
2023-05-22,0.13044394726222305
2023-05-23,0.13854301887720538
2023-05-24,0.13685339119712406
2023-05-25,0.13898126869338573
2023-05-26,0.14598715628004358
2023-05-29,0.13875562564138685
2023-05-30,0.132984205946925
2023-05-31,0.1367859091303898
2023-06-01,0.13710799306448868
2023-06-02,0.14555504034566868
2023-06-05,0.14231389973308264
2023-06-06,0.13717961810598128
2023-06-07,0.13337647698535127
2023-06-08,0.13251943763536764
2023-06-09,0.12634041976457677
2023-06-12,0.12924141984272505
2023-06-13,0.1288880193257794
2023-06-14,0.12390648025727352
2023-06-15,0.13160091847552133
2023-06-16,0.13139491182077215
2023-06-19,0.12707132902077226
2023-06-20,0.12250095724011104
2023-06-21,0.12290291074231693
2023-06-22,0.12128361988537241
2023-06-23,0.12172900645023406
2023-06-26,0.12124485388514418
2023-06-27,0.13049011854994738
2023-06-28,0.12583704140615823
2023-06-29,0.12229028536777377
2023-06-30,0.13195448551111913
2023-07-03,0.12780132086050403
2023-07-04,0.1214845234790854
2023-07-05,0.12008080209031012
2023-07-06,0.12427454218415111
2023-07-07,0.12009180484232164
2023-07-10,0.11769153923997641
2023-07-11,0.11710512923540839
2023-07-12,0.11686892132473393
2023-07-13,0.11983170412960954
2023-07-14,0.12315059656813364
2023-07-17,0.11816722574517713
2023-07-18,0.11453543001540806
2023-07-19,0.11452528083449783
2023-07-20,0.11865233052161431
2023-07-21,0.11466751604518699
2023-07-24,0.11482755920334382
2023-07-25,0.11095028805700446
2023-07-26,0.10789889721204517
2023-07-27,0.11073739798620165
2023-07-28,0.11806063261707012
2023-07-31,0.11606296456940624
2023-08-01,0.11263479673651805
2023-08-02,0.12838123970700807
2023-08-03,0.12330906844491524
2023-08-04,0.12344736667464672
2023-08-07,0.12885012371744153
2023-08-08,0.1253247016681174
2023-08-09,0.1277354943326266
2023-08-10,0.12462594906788915
2023-08-11,0.12235298476469064
2023-08-14,0.11858719526783659
2023-08-15,0.1279466000985962
2023-08-16,0.13311698074444506
2023-08-17,0.13392897876589283
2023-08-18,0.1262908668532702
2023-08-21,0.12893860958107467
2023-08-22,0.12489699274004021
2023-08-23,0.12734750429887867
2023-08-24,0.14173290731146881
2023-08-25,0.14121385958386412
2023-08-28,0.13876942792155342
2023-08-29,0.14900435365886475
2023-08-30,0.14269972474741954
2023-08-31,0.13884329484521066
2023-09-01,0.13044466243723168
2023-09-04,0.12461487574914155
2023-09-05,0.1238606280673865
2023-09-06,0.12713119502805162
2023-09-07,0.12162702486232893
2023-09-08,0.11869486243720923
2023-09-11,0.12016468754517545
2023-09-12,0.12092654396482416
2023-09-13,0.1179745035420131
2023-09-14,0.12139361932937016
2023-09-15,0.13063662086000072
2023-09-18,0.1281991730783427
2023-09-19,0.12226344153006546
2023-09-20,0.1319901359868742
2023-09-21,0.14906060429770976
2023-09-22,0.14685814212968953
2023-09-25,0.13857368860745112
2023-09-26,0.15207863450523565
2023-09-27,0.14560659766054587
2023-09-28,0.14182051068937435
2023-09-29,0.13794954560159883
2023-10-02,0.131013953064314
2023-10-03,0.14189166917350796
2023-10-04,0.14692944638851485
2023-10-05,0.1416032710561583
2023-10-06,0.13915580358260884
2023-10-09,0.14266934952900165
2023-10-10,0.13732390872367767
2023-10-11,0.13407822627302868
2023-10-12,0.1323758262168116
2023-10-13,0.13283340031862614
2023-10-16,0.134230402143109
2023-10-17,0.1317941989729109
2023-10-18,0.1416459568026727
2023-10-19,0.14620006127545698
2023-10-20,0.15128581571159788
2023-10-23,0.14498894676091809
2023-10-24,0.14314216607849573
2023-10-25,0.15648095259152892
2023-10-26,0.1621850107292558
2023-10-27,0.1561434298202306
2023-10-30,0.1570690091494383
2023-10-31,0.15711905910520665
2023-11-01,0.15378870983952825
2023-11-02,0.17091252559224104
2023-11-03,0.1659712338093127
2023-11-06,0.16190769453496856
2023-11-07,0.15248391884295626
2023-11-08,0.14843159844496978
2023-11-09,0.14792177288160102
2023-11-10,0.15765626521817566
2023-11-13,0.15270938922919763
2023-11-14,0.1726097094992257
2023-11-15,0.15922765777146278
2023-11-16,0.15239409951139238
2023-11-17,0.1441913527090042
2023-11-20,0.1422613984609848
2023-11-21,0.13987829109294395
2023-11-22,0.13721843460592184
2023-11-23,0.1307632354048454
2023-11-24,0.12520437916048185
2023-11-27,0.11962872311960698
2023-11-28,0.11938871286741828
2023-11-29,0.11646991770947564
2023-11-30,0.11215350563266395
2023-12-01,0.11428253886831118
2023-12-04,0.11371872069877152
2023-12-05,0.11159590217813035
2023-12-06,0.11123323316866508
2023-12-07,0.11371964237619388
2023-12-08,0.11193790768564413
2023-12-11,0.11048639677625022
2023-12-12,0.10972678826070106
2023-12-13,0.1256621151515008
2023-12-14,0.12197138357945535
2023-12-15,0.11729343139450435
2023-12-18,0.11291007762053383
2023-12-19,0.1178077383289082
2023-12-20,0.13363771377716477
2023-12-21,0.13913880161383013
2023-12-22,0.13267141266744284
2023-12-25,0.1271136448743666
2023-12-26,0.12203521274288465
2023-12-27,0.1216313306437338
2023-12-28,0.11846754344834326
2023-12-29,0.11502081764390598
2024-01-02,0.1168534200554738
2024-01-03,0.1193377019973997
2024-01-04,0.11932208649767621
2024-01-05,0.11894245135048628
2024-01-08,0.13090261529890418
2024-01-09,0.1263144316810533
2024-01-10,0.12320517395060662
2024-01-11,0.12250783979442217
2024-01-12,0.11884767800453713
2024-01-15,0.11330229921682168
2024-01-16,0.11297674242627254
2024-01-17,0.11433494753266539
2024-01-18,0.11707134069974175
2024-01-19,0.1285125112959573
2024-01-22,0.12734195413894867
2024-01-23,0.1204979218516874
2024-01-24,0.1162356934976281
2024-01-25,0.11575266264896711
2024-01-26,0.11403831496853606
2024-01-29,0.11589299656448313
2024-01-30,0.11251404713666144
2024-01-31,0.14020704923945596
2024-02-01,0.14237595804870246
2024-02-02,0.14320784139018317
2024-02-05,0.13741142251302785
2024-02-06,0.13747118351690873
2024-02-07,0.1372645710203173
2024-02-08,0.13349291130101956
2024-02-09,0.127720940250722
2024-02-12,0.12406924959421832
2024-02-13,0.1396545978111128
2024-02-14,0.14140728462569227
2024-02-15,0.13807716940256792
2024-02-16,0.13310185643158545
2024-02-19,0.13056268494784457
2024-02-20,0.13030297910216077
2024-02-21,0.12435132332200549
2024-02-22,0.15482664123968165
2024-02-23,0.14790715712238164
2024-02-26,0.14189522570707197
2024-02-27,0.14105087505136266
2024-02-28,0.13440873006150122
2024-02-29,0.13054959970249982
2024-03-01,0.12754598210278106
2024-03-04,0.12551651193265442
2024-03-05,0.13074199962112618
2024-03-06,0.12871027429451276
2024-03-07,0.13403068215554992
2024-03-08,0.1307228540356897
2024-03-11,0.1286694927032232
2024-03-12,0.13491233932536106
2024-03-13,0.13077673371120346
2024-03-14,0.12778828296237224
2024-03-15,0.12771568075822004
2024-03-18,0.12841275954893366
2024-03-19,0.12441034597778777
2024-03-20,0.12815091808336446
2024-03-21,0.12485650583976539
2024-03-22,0.11885404240772685
2024-03-25,0.1184182323161745
2024-03-26,0.1149454847151018
2024-03-27,0.1198942510224609
2024-03-28,0.11546712943853504
2024-03-29,0.11346163050126806
2024-04-01,0.11273098484200458
2024-04-02,0.11385742477527175
2024-04-03,0.11310923886579909
2024-04-04,0.13002481728267462
2024-04-05,0.1323320508400677
2024-04-08,0.12776209732867008
2024-04-09,0.12162690284730823
2024-04-10,0.13277499545921503
2024-04-11,0.12701417943912743
2024-04-12,0.14406997915228664
2024-04-15,0.15032344521705926
2024-04-16,0.1432954543116881
2024-04-17,0.14590766106481518
2024-04-18,0.13640261417086755
2024-04-19,0.1394870930745269
2024-04-22,0.14292417298588203
2024-04-23,0.14071787081178885
2024-04-24,0.13741522011593407
2024-04-25,0.13570733798276055
2024-04-26,0.14011263879250857
2024-04-29,0.134056714897051
2024-04-30,0.15114274678236714
2024-05-01,0.14553399963454378
2024-05-02,0.15129516821703737
2024-05-03,0.15169005989049295
2024-05-06,0.1512221120505462
2024-05-07,0.1452866812899857
2024-05-08,0.14006125999400343
2024-05-09,0.13520191910407736
2024-05-10,0.13050793356945314
2024-05-13,0.12360813397401058
2024-05-14,0.12527200373818395
2024-05-15,0.13309659938244886
2024-05-16,0.12650469926574742
2024-05-17,0.12434869618628068
2024-05-20,0.1213399271981546
2024-05-21,0.11490303805678911
2024-05-22,0.1151919065607542
2024-05-23,0.12093153931805271
2024-05-24,0.11741371371152981
2024-05-27,0.1145224023655546
2024-05-28,0.11034520160333039
2024-05-29,0.11362766368573268
2024-05-30,0.11864857726592659
2024-05-31,0.11894123394461428
2024-06-03,0.11640400732814102
2024-06-04,0.11569998688071552
2024-06-05,0.1235014845516534
2024-06-06,0.11856930782927771
2024-06-07,0.11717722716248682
2024-06-10,0.11273471875995682
2024-06-11,0.1137313679833522
2024-06-12,0.11708755646642677
2024-06-13,0.11431077959159282
2024-06-14,0.11038582326605753
2024-06-17,0.1132334812892604
2024-06-18,0.10813483344069051
2024-06-19,0.10767136007558922
2024-06-20,0.1075555755104825
2024-06-21,0.10555376910976669
2024-06-24,0.10393479177568349
2024-06-25,0.1061115020723207
2024-06-26,0.10435722170942825
2024-06-27,0.10125497068215918
2024-06-28,0.10224749795930092
2024-07-01,0.10182845850410148
2024-07-02,0.10392363406739556
2024-07-03,0.10384813564321665
2024-07-04,0.1021221862386903
2024-07-05,0.10425759187295924
2024-07-08,0.10319131872328065
2024-07-09,0.10007934007971339
2024-07-10,0.10985012280132586
2024-07-11,0.11610871164692657
2024-07-12,0.11526782667702337
2024-07-15,0.11094002081601795
2024-07-16,0.11570973076757136
2024-07-17,0.13232586272539434
2024-07-18,0.13202588764812406
2024-07-19,0.13341548291997696
2024-07-22,0.13951869850797846
2024-07-23,0.13527336808230145
2024-07-24,0.1753429817048614
2024-07-25,0.1644154945099456
2024-07-26,0.16932223531142676
2024-07-29,0.15733901227604719
2024-07-30,0.1551007135133514
2024-07-31,0.16480890222283204
2024-08-01,0.17582811645084093
2024-08-02,0.18991707659462337
2024-08-05,0.23043762065412457
2024-08-06,0.22259801578151683
2024-08-07,0.2087377622637565
2024-08-08,0.23239341128361474
2024-08-09,0.21513205802149404
2024-08-12,0.20424163795141342
2024-08-13,0.21229623813665846
2024-08-14,0.19396852994965907
2024-08-15,0.2014309751816487
2024-08-16,0.18832426944158998
2024-08-19,0.18542970008630855
2024-08-20,0.18032919350294208
2024-08-21,0.17506088534092232
2024-08-22,0.16945958648680048
2024-08-23,0.16982075894119375
2024-08-26,0.1646372923240244
2024-08-27,0.15553480377771575
2024-08-28,0.15247071644122648
2024-08-29,0.14474222525836844
2024-08-30,0.1419491618624528
2024-09-02,0.1368849475194327
2024-09-03,0.1718991415368324
2024-09-04,0.1634325500849781
2024-09-05,0.15815955939440546
2024-09-06,0.17370560715334113
2024-09-09,0.17263051113808123
2024-09-10,0.1626142101466137
2024-09-11,0.15953655861588217
2024-09-12,0.15705731653634214
2024-09-13,0.152542633866061
2024-09-16,0.14879289437060045
2024-09-17,0.14016573714067526
2024-09-18,0.1389539239592237
2024-09-19,0.15349538232212276
2024-09-20,0.14809867832644122
2024-09-23,0.14143112682902215
2024-09-24,0.13674880866115025
2024-09-25,0.1342295424451516
2024-09-26,0.12855201155704932
2024-09-27,0.12447640897820851
2024-09-30,0.12190038522648738
2024-10-01,0.12618664752820222
2024-10-02,0.1246280363654516
2024-10-03,0.11911658153697485
2024-10-04,0.12266507609922243
2024-10-07,0.13207598609686638
2024-10-08,0.13527127086039067
2024-10-09,0.12813448085483262
2024-10-10,0.1273385195259897
2024-10-11,0.12592752911089494
2024-10-14,0.12581299408460647
2024-10-15,0.125227451924244
2024-10-16,0.12420887369067173
2024-10-17,0.12245880151333681
2024-10-18,0.11854636702906676
2024-10-21,0.11490711547200229
2024-10-22,0.11592155307550049
2024-10-23,0.12144823143762222
2024-10-24,0.11584923914193922
2024-10-25,0.11496284966257089
2024-10-28,0.11412010299607114
2024-10-29,0.10981720375159199
2024-10-30,0.10970055119276896
2024-10-31,0.14225516138465136
2024-11-01,0.13703808654355584
2024-11-04,0.1322402893624893
2024-11-05,0.1375491476577496
2024-11-06,0.17696154209882384
2024-11-07,0.1708840521315683
2024-11-08,0.16604667514902277
2024-11-11,0.15347541567992903
2024-11-12,0.14927459770614135
2024-11-13,0.14385034413602565
2024-11-14,0.1400890533480758
2024-11-15,0.152338083687036
2024-11-18,0.1454056712211514
2024-11-19,0.13893228922079942
2024-11-20,0.13532117977348712
2024-11-21,0.1323719751708446
2024-11-22,0.12934302432423203
2024-11-25,0.12507617315983321
2024-11-26,0.12521268534901198
2024-11-27,0.12332002880838057
2024-11-28,0.11719183189723449
2024-11-29,0.11521817675412628
2024-12-02,0.11554841168783454
2024-12-03,0.10990707495396179
2024-12-04,0.11089979986545431
2024-12-05,0.10808973656260189
2024-12-06,0.1075100177543189
2024-12-09,0.11114590469007035
2024-12-10,0.10979304836813286
2024-12-11,0.11359971369587188
2024-12-12,0.11397396494463526
2024-12-13,0.11105164710013592
2024-12-16,0.11161443012612543
2024-12-17,0.10911171599466474
2024-12-18,0.18287203589208992
2024-12-19,0.16713256212535552
2024-12-20,0.1729948423994363
2024-12-23,0.16360036275508974
2024-12-24,0.16162380014423816
2024-12-25,0.1604985662646258
2024-12-26,0.1498850779151746
2024-12-27,0.15471872080832047
2024-12-30,0.1572055435829698
2024-12-31,0.15370946639857433
2025-01-02,0.14495936009321053
2025-01-03,0.15043202921437865
2025-01-06,0.14752993091399144
2025-01-07,0.15234927291079622
2025-01-08,0.14704262135642077
2025-01-09,0.13852609505925303
2025-01-10,0.15328368422358726
2025-01-13,0.15233805056659735
2025-01-14,0.14045720429306618
2025-01-15,0.1597971659966853
2025-01-16,0.15354603606471134
2025-01-17,0.15037247508872442
2025-01-20,0.1461702396522726
2025-01-21,0.1499362777745515
2025-01-22,0.14193997127546323
2025-01-23,0.13864566656783908
2025-01-24,0.13659736207768267
2025-01-27,0.14876347227123557
2025-01-28,0.15215080343139267
2025-01-29,0.14332249546843084
2025-01-30,0.14022167627906063
2025-01-31,0.13835389952616245
2025-02-03,0.13870618866111378
2025-02-04,0.1380685334913678
2025-02-05,0.13005609323492892
2025-02-06,0.1292562089241705
2025-02-07,0.13271245421039185
2025-02-10,0.1307048473032947
2025-02-11,0.1262390217996756
2025-02-12,0.12398821777929007
2025-02-13,0.12690210940574442
2025-02-14,0.12553423152230703
2025-02-17,0.11779329233875324
2025-02-18,0.11601753799405574
2025-02-19,0.1167775315787281
2025-02-20,0.1152298144455798
2025-02-21,0.13997474685468658
2025-02-24,0.1362073621851477
2025-02-25,0.13435101522044365
2025-02-26,0.13209388375318687
2025-02-27,0.14745648999126623
2025-02-28,0.15701312622264907
2025-03-03,0.17717784246092808
2025-03-04,0.17929605500775606
2025-03-05,0.17735703564484515
2025-03-06,0.190307914566038
2025-03-07,0.18118727737833526
2025-03-10,0.2171773225222547
2025-03-11,0.2112177833182297
2025-03-12,0.19689149861328611
2025-03-13,0.20098079027044619
2025-03-14,0.2199018330334547
2025-03-17,0.2053482877484721
2025-03-18,0.20611908472286672
2025-03-19,0.19575575696809525
2025-03-20,0.18534221366580603
2025-03-21,0.1818651173756692
2025-03-24,0.18911601389162339
2025-03-25,0.17777717933625453
2025-03-26,0.1771641626460944
2025-03-27,0.16890713354628642
2025-03-28,0.18824671769408496
2025-03-31,0.1835507735812407
2025-04-01,0.1750369179832903
2025-04-02,0.17123649119466647
2025-04-03,0.2901717280022844
2025-04-04,0.4100073698125378
2025-04-07,0.3920808570697647
2025-04-08,0.3645901877222677
2025-04-09,0.5462270303792977
2025-04-10,0.5323180348021589
2025-04-11,0.5280429576386763
2025-04-14,0.4780463655074361
2025-04-15,0.45738919178887716
2025-04-16,0.44164935868112654
2025-04-17,0.41175151515436237
2025-04-18,0.3907585577608045
2025-04-21,0.37688964291530086
2025-04-22,0.3792493167574709
2025-04-23,0.35947159032465886
2025-04-24,0.3476402001634698
2025-04-25,0.32357879912605464
2025-04-28,0.3047003216664033
2025-04-29,0.2913549065734097
2025-04-30,0.2708642948564594
2025-05-01,0.2562031699979169
2025-05-02,0.24903356953501585
2025-05-05,0.2431678963425561
2025-05-06,0.23274188631528814
2025-05-07,0.21295682925850853
2025-05-08,0.2031582868457562
2025-05-09,0.19392825465634672
2025-05-12,0.24202888192323518
2025-05-13,0.2211060051709247
2025-05-14,0.2176280448161014
2025-05-15,0.2037622895058454
2025-05-16,0.19482232490671997
2025-05-19,0.17970725225570555
2025-05-20,0.17375769781310055
2025-05-21,0.1860071488132077
2025-05-22,0.17760294538261517
2025-05-23,0.17123207568017537
2025-05-26,0.1603185936166014
2025-05-27,0.1849231340755998
2025-05-28,0.17263772436963506
2025-05-29,0.16742400374046762
2025-05-30,0.16054818743646224
2025-06-02,0.15198254882836923
2025-06-03,0.1457734137526879
2025-06-04,0.14168157411526996
2025-06-05,0.14249824232958416
2025-06-06,0.14095611003269312
2025-06-09,0.13350211579727067
2025-06-10,0.13623840368982462
2025-06-11,0.13033146647936164
2025-06-12,0.12324341482835395
2025-06-13,0.13711013919947523
2025-06-16,0.13687474690066798
2025-06-17,0.13814307324156022
2025-06-18,0.13204059078974517
2025-06-19,0.127246004405634
2025-06-20,0.12215249856674407
2025-06-23,0.1295074811530197
2025-06-24,0.1316803210960941
2025-06-25,0.12817310835624832
2025-06-26,0.1277530684567058
2025-06-27,0.12879596924328468
2025-06-30,0.12424230602573837
2025-07-01,0.1206690463788881
2025-07-02,0.1185156808730058
2025-07-03,0.1209053075095162
2025-07-04,0.11690747919625781
2025-07-07,0.1194171825901201
2025-07-08,0.11813370499669518
2025-07-09,0.11851234002468236
2025-07-10,0.11647244301199407
2025-07-11,0.1112642554598615
2025-07-14,0.11078693844344427
2025-07-15,0.11153583851190983
2025-07-16,0.10869972339057257
2025-07-17,0.10906987313789088
2025-07-18,0.10696706105353361
2025-07-21,0.10685378253373443
2025-07-22,0.10432882470013742
2025-07-23,0.10905138807584
2025-07-24,0.10436882168374825
2025-07-25,0.10484553560984447
2025-07-28,0.10407740112044142
2025-07-29,0.10235199128268428
2025-07-30,0.09907601100709575
2025-07-31,0.10266773286028097
2025-08-01,0.1309389404885091
2025-08-04,0.14121303206460428
2025-08-05,0.13803597284813574
2025-08-06,0.13964207276564466
2025-08-07,0.13119485734602554
2025-08-08,0.1330342751137453
2025-08-11,0.12687781922961755
2025-08-12,0.13572418668248262
2025-08-13,0.13264335239592193
2025-08-14,0.1262508393174607
2025-08-15,0.12213200859133477
2025-08-18,0.11919174162533074
2025-08-19,0.11755371947813184
2025-08-20,0.11863700125551996
2025-08-21,0.11439712126921979
2025-08-22,0.1291276500922043
2025-08-25,0.1325971339274397
2025-08-26,0.1263533131306826
2025-08-27,0.12372320439614137
2025-08-28,0.12040160417797398
2025-08-29,0.11883039959071104
2025-09-01,0.1150704844447829
2025-09-02,0.11726180707716963
2025-09-03,0.1180100868761263
2025-09-04,0.12124490065611422
2025-09-05,0.11821474302197388
2025-09-08,0.11645727843721428
2025-09-09,0.11343622900601158
2025-09-10,0.10963224809896562
2025-09-11,0.11668596625084258
2025-09-12,0.11020585031290134
2025-09-15,0.11095798253578389
2025-09-16,0.10982489797474365
2025-09-17,0.10690480551435526
2025-09-18,0.10888348063575815
2025-09-19,0.10793596767956531
2025-09-22,0.10711149576261082
2025-09-23,0.1079076939444088
2025-09-24,0.10657192733078766
2025-09-25,0.1099116774489624
2025-09-26,0.10753881188505171
2025-09-29,0.10860153701252824
2025-09-30,0.10623746895903334
2025-10-01,0.10618504330745374
2025-10-02,0.10621639159703833
2025-10-03,0.10142759551830975
2025-10-06,0.1029882525365389
2025-10-07,0.10394642348603478
2025-10-08,0.10391790936377303
2025-10-09,0.10175723508079179
2025-10-10,0.16796373276630022
2025-10-13,0.17487780827804372
2025-10-14,0.17014860116114644
2025-10-15,0.15907948392230883
2025-10-16,0.15770325646416344
2025-10-17,0.15331000902502542
2025-10-20,0.15388187821424157
2025-10-21,0.1483726591267011
2025-10-22,0.14507144035011965
2025-10-23,0.14104632670258035
2025-10-24,0.13872162527048698
2025-10-27,0.1430862094686176
2025-10-28,0.1392765050961219
2025-10-29,0.13364847158899418
2025-10-30,0.13783024230805538
2025-10-31,0.13448981935176538
2025-11-03,0.12733081138212995
2025-11-04,0.1377114018677884
2025-11-05,0.13589295311282867
2025-11-06,0.13898130902041542
2025-11-07,0.13518513902347123
2025-11-10,0.15000273913249693
2025-11-11,0.1390296653046137
2025-11-12,0.13768647535284537
2025-11-13,0.15573539331014177
2025-11-14,0.1516952204121991
2025-11-17,0.15082610317514877
2025-11-18,0.14890327134697529
2025-11-19,0.14401440906460353
2025-11-20,0.15690438705340928
2025-11-21,0.16081854368098195
2025-11-24,0.1667938484801732
2025-11-25,0.16105466968537102
2025-11-26,0.1630873144719718
2025-11-27,0.15556237614969406
2025-11-28,0.15076757094222853
2025-12-01,0.14295044213904526
2025-12-02,0.13563861198653968
2025-12-03,0.13048810066123195
2025-12-04,0.1299485926182757
2025-12-05,0.12626519218850596
2025-12-08,0.12018682147007019
2025-12-09,0.1197157474842311
2025-12-10,0.12013175594058526
2025-12-11,0.11558444996147464
2025-12-12,0.1287204640685262
2025-12-15,0.12133758428035765
2025-12-16,0.11849294670720632
2025-12-17,0.12858675220247395
2025-12-18,0.12831423271962755
2025-12-19,0.13348614025006234
2025-12-22,0.131055368469565
2025-12-23,0.126584222810043
2025-12-24,0.1220691449131477
2025-12-25,0.11931861101034787
2025-12-26,0.11539924718846897
2025-12-29,0.11646077195285971
