Date,garch_forecast_h1
2005-03-08,0.09860154520772146
2005-03-09,0.10500011788364322
2005-03-10,0.10078233426684094
2005-03-11,0.10321308598158584
2005-03-14,0.1021926396968014
2005-03-15,0.1054654367686368
2005-03-16,0.10859458829581621
2005-03-17,0.10848243923660925
2005-03-18,0.10484583280150786
2005-03-21,0.10610788198792535
2005-03-22,0.11210018124935517
2005-03-23,0.10032899062304654
2005-03-24,0.09832855576507499
2005-03-25,0.09441779399797537
2005-03-28,0.08924193684953147
2005-03-29,0.09059431928644915
2005-03-30,0.10081741095386257
2005-03-31,0.10052562082513967
2005-04-01,0.1029498587039414
2005-04-04,0.09787947022291187
2005-04-05,0.09848595414623423
2005-04-06,0.09720937813051259
2005-04-07,0.09300899933022776
2005-04-08,0.09735722996507797
2005-04-11,0.09362706780216065
2005-04-12,0.09351258849809252
2005-04-13,0.09925785220025252
2005-04-14,0.10168205088733233
2005-04-15,0.11780558226397683
2005-04-18,0.11775680279256022
2005-04-19,0.11799648954820356
2005-04-20,0.12213642857407123
2005-04-21,0.14012969610544757
2005-04-22,0.14164252986010928
2005-04-25,0.1443975972998536
2005-04-26,0.1471796649765928
2005-04-27,0.14509547139063267
2005-04-28,0.14309735513850452
2005-04-29,0.14871118826488622
2005-05-02,0.14749929169659207
2005-05-03,0.14684597660805027
2005-05-04,0.15221756386382226
2005-05-05,0.15194388275761894
2005-05-06,0.1503274536941252
2005-05-09,0.14904705127308673
2005-05-10,0.1537089631025783
2005-05-11,0.15297297912288407
2005-05-12,0.15174375117279282
2005-05-13,0.1485047778888617
2005-05-16,0.14135651737853178
2005-05-17,0.14282004810896326
2005-05-18,0.1454824314457955
2005-05-19,0.13894960331362274
2005-05-20,0.12200536712453695
2005-05-23,0.12030737758686996
2005-05-24,0.11645078200443634
2005-05-25,0.11295196895971318
2005-05-26,0.11419021027421762
2005-05-27,0.10724444497182384
2005-05-30,0.09925099056213141
2005-05-31,0.10028184626215184
2005-06-01,0.10496559441736254
2005-06-02,0.0961667565046755
2005-06-03,0.09873231339557678
2005-06-06,0.09853095611157026
2005-06-07,0.09594630547634703
2005-06-08,0.08893026267946338
2005-06-09,0.08954342662945294
2005-06-10,0.08305172509940928
2005-06-13,0.08179605408452285
2005-06-14,0.07478746724881864
2005-06-15,0.0712755506566732
2005-06-16,0.06391071411120217
2005-06-17,0.06421132918551295
2005-06-20,0.06391811573385522
2005-06-21,0.062899760807221
2005-06-22,0.06277577253892079
2005-06-23,0.07295719435490589
2005-06-24,0.07471488589068762
2005-06-27,0.07442294801246639
2005-06-28,0.08089110939231849
2005-06-29,0.07812465117596905
2005-06-30,0.07618580276732727
2005-07-01,0.07622223211559982
2005-07-04,0.07230346198389975
2005-07-05,0.07841447232696512
2005-07-06,0.08375439629852935
2005-07-07,0.08357882283404534
2005-07-08,0.09126995725792655
2005-07-11,0.09324902872519944
2005-07-12,0.09297240610321691
2005-07-13,0.09234960350916002
2005-07-14,0.09227013360624792
2005-07-15,0.09133224087377019
2005-07-18,0.09181377670028115
2005-07-19,0.09462033984161408
2005-07-20,0.09564909801669913
2005-07-21,0.09840663934404427
2005-07-22,0.09300186636916769
2005-07-25,0.09015447584350136
2005-07-26,0.09012005518381576
2005-07-27,0.086029963352894
2005-07-28,0.08796237730799596
2005-07-29,0.08884289284568991
2005-08-01,0.08824811231115853
2005-08-02,0.09155362160890912
2005-08-03,0.08641074511906034
2005-08-04,0.08568467264265998
2005-08-05,0.08942408704396532
2005-08-08,0.08065033476542113
2005-08-09,0.08114675524370422
2005-08-10,0.08081026751554361
2005-08-11,0.08429187309521564
2005-08-12,0.08635729789605029
2005-08-15,0.08659493592510609
2005-08-16,0.09442567866905936
2005-08-17,0.09137201786029753
2005-08-18,0.0897494806027007
2005-08-19,0.08666696762389145
2005-08-22,0.08468710293496069
2005-08-23,0.08442387727563215
2005-08-24,0.08732333069267333
2005-08-25,0.08610814194654565
2005-08-26,0.0865761588316726
2005-08-29,0.08498250369324425
2005-08-30,0.08550938352714568
2005-08-31,0.08898608071954892
2005-09-01,0.08877756087217935
2005-09-02,0.08561856195789427
2005-09-05,0.0813803980917483
2005-09-06,0.09216718307991852
2005-09-07,0.0894273234563912
2005-09-08,0.09002711421948248
2005-09-09,0.0910280882067291
2005-09-12,0.08851669755195324
2005-09-13,0.09190733802125571
2005-09-14,0.08328814655382563
2005-09-15,0.08301110750363176
2005-09-16,0.08774561007089376
2005-09-19,0.0897755212426574
2005-09-20,0.0937659889863481
2005-09-21,0.09846291076289199
2005-09-22,0.0964493288784766
2005-09-23,0.09587906853269532
2005-09-26,0.09345360784813303
2005-09-27,0.09104900297331185
2005-09-28,0.09027769150303366
2005-09-29,0.08942146934967699
2005-09-30,0.08919735623525851
2005-10-03,0.08869060806362214
2005-10-04,0.09555962634477587
2005-10-05,0.10087495828451551
2005-10-06,0.10124771851089431
2005-10-07,0.10090285382296232
2005-10-10,0.10032912070889374
2005-10-11,0.10025627824101747
2005-10-12,0.09908012860878522
2005-10-13,0.09819476668567431
2005-10-14,0.10217621901689027
2005-10-17,0.09855287425700948
2005-10-18,0.10306876908049523
2005-10-19,0.11239970200272242
2005-10-20,0.12052418793149283
2005-10-21,0.11951351062118316
2005-10-24,0.13296486834050567
2005-10-25,0.13274734815947553
2005-10-26,0.13322992870414932
2005-10-27,0.13806705421140714
2005-10-28,0.14651139574518102
2005-10-31,0.14817865933537896
2005-11-01,0.14818413719433052
2005-11-02,0.14810392683399912
2005-11-03,0.1395277204689383
2005-11-04,0.13846965202032682
2005-11-07,0.13779358163474661
2005-11-08,0.13592399800454633
2005-11-09,0.13561120002005828
2005-11-10,0.13709160330214887
2005-11-11,0.13725647367433946
2005-11-14,0.13422415485587105
2005-11-15,0.13439503289393256
2005-11-16,0.1299463887485634
2005-11-17,0.12420308396477915
2005-11-18,0.11399412454500389
2005-11-21,0.11519054014331455
2005-11-22,0.10186531909066426
2005-11-23,0.1020816989972965
2005-11-24,0.10085240474576693
2005-11-25,0.0944578749036838
2005-11-28,0.08217268034913157
2005-11-29,0.0782882571416759
2005-11-30,0.08051464848833464
2005-12-01,0.08461225046536136
2005-12-02,0.08305840575546831
2005-12-05,0.0832255294548891
2005-12-06,0.08275501824387568
2005-12-07,0.0836889398822817
2005-12-08,0.08339560274190297
2005-12-09,0.07879033700371908
2005-12-12,0.07797384683636521
2005-12-13,0.08018765259140039
2005-12-14,0.08031122311223608
2005-12-15,0.08010106996783255
2005-12-16,0.07413832383730987
2005-12-19,0.07550031197622674
2005-12-20,0.07320805023691902
2005-12-21,0.0715499602373399
2005-12-22,0.07198326851273133
2005-12-23,0.07186053609657062
2005-12-26,0.07139658709744581
2005-12-27,0.07372559258764627
2005-12-28,0.07365317772079603
2005-12-29,0.07106413434243662
2005-12-30,0.06054689717666816
2006-01-02,0.06031669139300167
2006-01-03,0.08312680687267199
2006-01-04,0.0836386111092517
2006-01-05,0.08155624912563052
2006-01-06,0.08767843891492859
2006-01-09,0.08778895269185115
2006-01-10,0.0874761298983973
2006-01-11,0.0860626298159704
2006-01-12,0.0876504115783862
2006-01-13,0.08737879126948242
2006-01-16,0.08663730650190789
2006-01-17,0.08518538186341708
2006-01-18,0.08617499008687836
2006-01-19,0.0877957495856145
2006-01-20,0.10891532321377449
2006-01-23,0.10869131416166787
2006-01-24,0.10866316585011121
2006-01-25,0.10356677928267767
2006-01-26,0.10629842405038017
2006-01-27,0.10903834606223699
2006-01-30,0.10756502843881312
2006-01-31,0.10829188004067611
2006-02-01,0.0931551879357747
2006-02-02,0.09773121763503767
2006-02-03,0.099373478327189
2006-02-06,0.09395591766663305
2006-02-07,0.09738897409569928
2006-02-08,0.10181570336728576
2006-02-09,0.1010077406801451
2006-02-10,0.09888341982776232
2006-02-13,0.09929239721771199
2006-02-14,0.10523124548010283
2006-02-15,0.10498959112388959
2006-02-16,0.10710687711891198
2006-02-17,0.10540803043751676
2006-02-20,0.08456494563140027
2006-02-21,0.08496150460051553
2006-02-22,0.08843948205278565
2006-02-23,0.0890994261216491
2006-02-24,0.08559728319326494
2006-02-27,0.08230142987065629
2006-02-28,0.0902175082988561
2006-03-01,0.09360744363649187
2006-03-02,0.09332849778953708
2006-03-03,0.08802437322389514
2006-03-06,0.08951599072835074
2006-03-07,0.08950042177176429
2006-03-08,0.08523354242164612
2006-03-09,0.08180187866648543
2006-03-10,0.08533179921742909
2006-03-13,0.08499711585836237
2006-03-14,0.09174495540361866
2006-03-15,0.08634967054029058
2006-03-16,0.08551475515568158
2006-03-17,0.08180450352002432
2006-03-20,0.08165303148306667
2006-03-21,0.08433615883129476
2006-03-22,0.08607123024660583
2006-03-23,0.08260425953962232
2006-03-24,0.08149149210390814
2006-03-27,0.08131256901208261
2006-03-28,0.08354344638718657
2006-03-29,0.07996038116478162
2006-03-30,0.07511065730007054
2006-03-31,0.0762073027591031
2006-04-03,0.0762591025943837
2006-04-04,0.0756035168241317
2006-04-05,0.07666662573728078
2006-04-06,0.0765147715121356
2006-04-07,0.08336549312819196
2006-04-10,0.07952099323175782
2006-04-11,0.08378675436171741
2006-04-12,0.07595337176813782
2006-04-13,0.07436642031894891
2006-04-14,0.07390708054843904
2006-04-17,0.07432702936895211
2006-04-18,0.0953635101244682
2006-04-19,0.09305118944560406
2006-04-20,0.09056546305750839
2006-04-21,0.08985801755756412
2006-04-24,0.0899830873719181
2006-04-25,0.09140851323556516
2006-04-26,0.08907449082259516
2006-04-27,0.08600983283023682
2006-04-28,0.08557630717030429
2006-05-01,0.08557854835505269
2006-05-02,0.08778194186111302
2006-05-03,0.08619038710693736
2006-05-04,0.08549721941861467
2006-05-05,0.09253349078057015
2006-05-08,0.08541579132034216
2006-05-09,0.08517528981657384
2006-05-10,0.08107354508337115
2006-05-11,0.09307948322872482
2006-05-12,0.10123824596749605
2006-05-15,0.10127279292119365
2006-05-16,0.1007115219807499
2006-05-17,0.10249644371334421
2006-05-18,0.10461864171572437
2006-05-19,0.1050951354094976
2006-05-22,0.10564995093875551
2006-05-23,0.10614370119641976
2006-05-24,0.10465150173995029
2006-05-25,0.11140346852415764
2006-05-26,0.11233401632801876
2006-05-29,0.11200806328474013
2006-05-30,0.12476715396422426
2006-05-31,0.12593196075656635
2006-06-01,0.13220090528120435
2006-06-02,0.13154541818419543
2006-06-05,0.14194635354740484
2006-06-06,0.14149888051035595
2006-06-07,0.14277935422639595
2006-06-08,0.14235021545807472
2006-06-09,0.1361229068055388
2006-06-12,0.13715296253492626
2006-06-13,0.14227675459867561
2006-06-14,0.1429087958683629
2006-06-15,0.15036861678856575
2006-06-16,0.1487046349875078
2006-06-19,0.15119401571841623
2006-06-20,0.15014975970266747
2006-06-21,0.1529363069658431
2006-06-22,0.15364338459973667
2006-06-23,0.14847469131378213
2006-06-26,0.14788746852298515
2006-06-27,0.1511964717210497
2006-06-28,0.14219642546954384
2006-06-29,0.1586116545157178
2006-06-30,0.1528451423805833
2006-07-03,0.15479619810022469
2006-07-04,0.14194564113153063
2006-07-05,0.14393146833440337
2006-07-06,0.14235142645025117
2006-07-07,0.14404332577138126
2006-07-10,0.14303254798702947
2006-07-11,0.13766193152042838
2006-07-12,0.1378151262186353
2006-07-13,0.14421073849580776
2006-07-14,0.12630385070573807
2006-07-17,0.12542389668761778
2006-07-18,0.12138085123806584
2006-07-19,0.13762814711626548
2006-07-20,0.13670010927024873
2006-07-21,0.13750241002804492
2006-07-24,0.14909140269874013
2006-07-25,0.14938942875330946
2006-07-26,0.14574375775548257
2006-07-27,0.1449526161448143
2006-07-28,0.13243765872498944
2006-07-31,0.13195547708810118
2006-08-01,0.1299273559188262
2006-08-02,0.13083637401741793
2006-08-03,0.1284302008735921
2006-08-04,0.1279167874164293
2006-08-07,0.12602702091455775
2006-08-08,0.12631049213204673
2006-08-09,0.12637242778160684
2006-08-10,0.1217373458787963
2006-08-11,0.11417064524226797
2006-08-14,0.11284286959372798
2006-08-15,0.12252785596192685
2006-08-16,0.12506840160423988
2006-08-17,0.10835023107489271
2006-08-18,0.1050086201282597
2006-08-21,0.10285900300223957
2006-08-22,0.0862163182528249
2006-08-23,0.08488331607912457
2006-08-24,0.08505414947056539
2006-08-25,0.08376293518364519
2006-08-28,0.07514419451207117
2006-08-29,0.0750801167490707
2006-08-30,0.07339627793269617
2006-08-31,0.07132978743789338
2006-09-01,0.07340502321666119
2006-09-04,0.07322368616865614
2006-09-05,0.07271672646657405
2006-09-06,0.08010106840311118
2006-09-07,0.08042582632056666
2006-09-08,0.0797946607202927
2006-09-11,0.07846156852851936
2006-09-12,0.08632284055194732
2006-09-13,0.07400355314709922
2006-09-14,0.06927763500124512
2006-09-15,0.06942119261046016
2006-09-18,0.06818436310345583
2006-09-19,0.06757119986971648
2006-09-20,0.07026939662130482
2006-09-21,0.07115497732637571
2006-09-22,0.07108481544206359
2006-09-25,0.07739337418172143
2006-09-26,0.07973236579833759
2006-09-27,0.0792376998649534
2006-09-28,0.07920589221972342
2006-09-29,0.07936312207036965
2006-10-02,0.07796691089150533
2006-10-03,0.078145768733522
2006-10-04,0.0886821252647866
2006-10-05,0.08217045532646713
2006-10-06,0.0809140185219696
2006-10-09,0.07973292802660994
2006-10-10,0.07985096362850663
2006-10-11,0.07226874854133966
2006-10-12,0.07850906968148166
2006-10-13,0.07847941148290566
2006-10-16,0.07830030991385714
2006-10-17,0.07916036376342352
2006-10-18,0.07859446222593684
2006-10-19,0.0760893192105354
2006-10-20,0.07383331217175342
2006-10-23,0.07638468374331109
2006-10-24,0.07023512413805282
2006-10-25,0.06650999771355831
2006-10-26,0.06864157119237024
2006-10-27,0.0747772063220704
2006-10-30,0.07419986434363572
2006-10-31,0.07313266875012842
2006-11-01,0.07733941676441623
2006-11-02,0.06563229180032147
2006-11-03,0.06550685157611977
2006-11-06,0.0760893176100958
2006-11-07,0.07616903719918085
2006-11-08,0.07596703934239114
2006-11-09,0.07769989119439628
2006-11-10,0.0708039729725695
2006-11-13,0.07082004365955939
2006-11-14,0.07361734730190235
2006-11-15,0.0728549256468051
2006-11-16,0.07298929954228506
2006-11-17,0.07286592821810862
2006-11-20,0.07265083052559322
2006-11-21,0.06973430043516211
2006-11-22,0.07009704938348209
2006-11-23,0.06899037106653183
2006-11-24,0.06814774944876947
2006-11-27,0.07874171987122171
2006-11-28,0.07936155153818673
2006-11-29,0.08551374871413735
2006-11-30,0.08153922722860953
2006-12-01,0.08191635963969277
2006-12-04,0.08717385091429594
2006-12-05,0.079335161785181
2006-12-06,0.0788766554235492
2006-12-07,0.07964950594517128
2006-12-08,0.07759562684310435
2006-12-11,0.07754520117923315
2006-12-12,0.07699372158765792
2006-12-13,0.07389365665515042
2006-12-14,0.07946320888274443
2006-12-15,0.07899659744145147
2006-12-18,0.07963551110645947
2006-12-19,0.07981774710025293
2006-12-20,0.07966380885411198
2006-12-21,0.08026844884640977
2006-12-22,0.08242333441952886
2006-12-25,0.08134555530732766
2006-12-26,0.06853729877316389
2006-12-27,0.07179405531106814
2006-12-28,0.0648049586341821
2006-12-29,0.06661941648111042
2007-01-02,0.06576635810976254
2007-01-03,0.05855851927572673
2007-01-04,0.056972326590971054
2007-01-05,0.060782046519686585
2007-01-08,0.059594326304241725
2007-01-09,0.05915688230503678
2007-01-10,0.05890051624788637
2007-01-11,0.06278176908165216
2007-01-12,0.0648011567756402
2007-01-15,0.0576465054722248
2007-01-16,0.05744376367704458
2007-01-17,0.056368534249849736
2007-01-18,0.056824322591926046
2007-01-19,0.05740327532597146
2007-01-22,0.05909964073457542
2007-01-23,0.057488428084949104
2007-01-24,0.06472711880250466
2007-01-25,0.07485764120917723
2007-01-26,0.07084907844773937
2007-01-29,0.07051363625655771
2007-01-30,0.07152968059794543
2007-01-31,0.07498106334694896
2007-02-01,0.0769729587826709
2007-02-02,0.07685390591775565
2007-02-05,0.07391008103041401
2007-02-06,0.07337986365164702
2007-02-07,0.07335444955960162
2007-02-08,0.07305528575790067
2007-02-09,0.07426329552551421
2007-02-12,0.07322453886271647
2007-02-13,0.0778168237400669
2007-02-14,0.08213033743553148
2007-02-15,0.08194087669220286
2007-02-16,0.08120582300494704
2007-02-19,0.0804527963802571
2007-02-20,0.07891619565960814
2007-02-21,0.07804792056981337
2007-02-22,0.0725460504684216
2007-02-23,0.06279448301786422
2007-02-26,0.06270106929953587
2007-02-27,0.1409679781220877
2007-02-28,0.14015940180993441
2007-03-01,0.13796734324834925
2007-03-02,0.1422038978025471
2007-03-05,0.1454690512626889
2007-03-06,0.15480652175329715
2007-03-07,0.1544438390451692
2007-03-08,0.15587662567762678
2007-03-09,0.15535790637383418
2007-03-12,0.1533458369522008
2007-03-13,0.1694279734499235
2007-03-14,0.1686161654548106
2007-03-15,0.16666088339109367
2007-03-16,0.16678736846653763
2007-03-19,0.17077743310491453
2007-03-20,0.17186600677535535
2007-03-21,0.18154984524837567
2007-03-22,0.18109513154826218
2007-03-23,0.18076251290528367
2007-03-26,0.18008476360457382
2007-03-27,0.1811563216511571
2007-03-28,0.13873315553549398
2007-03-29,0.13775296563590267
2007-03-30,0.13725025853716694
2007-04-02,0.13169142862762426
2007-04-03,0.13164618869171188
2007-04-04,0.12071036275449042
2007-04-05,0.1206535996970732
2007-04-06,0.11802030307417705
2007-04-09,0.1178255805803226
2007-04-10,0.1176668912761882
2007-04-11,0.09759603571050947
2007-04-12,0.09724061368883864
2007-04-13,0.09701377843262383
2007-04-16,0.10307070166099834
2007-04-17,0.09636889975558446
2007-04-18,0.09377784584967683
2007-04-19,0.07411552529493667
2007-04-20,0.08080134806081449
2007-04-23,0.08091098722586079
2007-04-24,0.08063478551097193
2007-04-25,0.08550494020351324
2007-04-26,0.08090120056691362
2007-04-27,0.07967843989455307
2007-04-30,0.0842620284204416
2007-05-01,0.08407297690582456
2007-05-02,0.08109211955348625
2007-05-03,0.08219468703614384
2007-05-04,0.08167743271259917
2007-05-07,0.08198121397884921
2007-05-08,0.08191148424274962
2007-05-09,0.08206562938262385
2007-05-10,0.09355950407929378
2007-05-11,0.09704886687032764
2007-05-14,0.09623953436444117
2007-05-15,0.08913396097445768
2007-05-16,0.09365690002925771
2007-05-17,0.09341382365073153
2007-05-18,0.09595336156275856
2007-05-21,0.09064230829188186
2007-05-22,0.09011982838945484
2007-05-23,0.09003264232839889
2007-05-24,0.0901976576718719
2007-05-25,0.09193716944946845
2007-05-28,0.0917037997629802
2007-05-29,0.08771259001361352
2007-05-30,0.09151196938259207
2007-05-31,0.0886619171832173
2007-06-01,0.0882435444699152
2007-06-04,0.08800632136223836
2007-06-05,0.08954611075258649
2007-06-06,0.09485796664272658
2007-06-07,0.11344645619121872
2007-06-08,0.11012601361409675
2007-06-11,0.10480842160086262
2007-06-12,0.11112221547853589
2007-06-13,0.12289575951603719
2007-06-14,0.1201095362993695
2007-06-15,0.12181892039880877
2007-06-18,0.11943692313559823
2007-06-19,0.11911225519393862
2007-06-20,0.12852560296516238
2007-06-21,0.12991232782633907
2007-06-22,0.1336539135395854
2007-06-25,0.13247890085544728
2007-06-26,0.132632250002155
2007-06-27,0.13596528390754153
2007-06-28,0.1329548816524056
2007-06-29,0.13279052899012234
2007-07-02,0.1372322600084336
2007-07-03,0.13738783733511253
2007-07-04,0.1359379489780306
2007-07-05,0.13234015372370153
2007-07-06,0.11831247524370696
2007-07-09,0.11179401411493557
2007-07-10,0.12276315212552544
2007-07-11,0.11867783477346863
2007-07-12,0.12620486854404853
2007-07-13,0.12516660439718283
2007-07-16,0.12301140929705245
2007-07-17,0.12258569394847806
2007-07-18,0.1223690854418583
2007-07-19,0.114039712384402
2007-07-20,0.12022608404097797
2007-07-23,0.1128568202464436
2007-07-24,0.13294256507111119
2007-07-25,0.13299169003046538
2007-07-26,0.15422946145289973
2007-07-27,0.16406450299788394
2007-07-30,0.1672592066936679
2007-07-31,0.16897438502757198
2007-08-01,0.1698417317514221
2007-08-02,0.16996701023902447
2007-08-03,0.19496384116466775
2007-08-06,0.211734143274042
2007-08-07,0.21204365888447888
2007-08-08,0.2116580285975906
2007-08-09,0.23607402534126537
2007-08-10,0.2263744674854575
2007-08-13,0.22535989698624231
2007-08-14,0.2339753247692001
2007-08-15,0.2386180394384378
2007-08-16,0.23811584497141583
2007-08-17,0.2523106029997234
2007-08-20,0.24817999396761925
2007-08-21,0.24707027310526938
2007-08-22,0.24065791023735986
2007-08-23,0.2396724333323074
2007-08-24,0.2291359562432296
2007-08-27,0.22420126480173486
2007-08-28,0.23687376768402518
2007-08-29,0.24484125154939065
2007-08-30,0.24346534587983903
2007-08-31,0.2456782705462228
2007-09-03,0.22757054325228496
2007-09-04,0.21543332812974433
2007-09-05,0.21793433781120145
2007-09-06,0.21278377800695208
2007-09-07,0.19609105542406133
2007-09-10,0.19561125783131053
2007-09-11,0.20098336016759244
2007-09-12,0.19068833374100005
2007-09-13,0.18664451718052286
2007-09-14,0.1859166379100846
2007-09-17,0.16742369496511356
2007-09-18,0.1960291950921663
2007-09-19,0.19656032881739366
2007-09-20,0.19354885483432732
2007-09-21,0.19369422316904564
2007-09-24,0.19026931074329936
2007-09-25,0.1876575420497924
2007-09-26,0.17024078309397023
2007-09-27,0.15382913196946646
2007-09-28,0.1532246448384991
2007-10-01,0.15543201769842313
2007-10-02,0.1550862787097702
2007-10-03,0.1516154172579418
2007-10-04,0.14636052713668782
2007-10-05,0.14926067709492638
2007-10-08,0.13786187876132106
2007-10-09,0.14047246397951133
2007-10-10,0.1326704297678412
2007-10-11,0.13374431918821109
2007-10-12,0.13153634946566367
2007-10-15,0.13476614928051786
2007-10-16,0.13550986343988308
2007-10-17,0.0940412293555251
2007-10-18,0.09152246773529596
2007-10-19,0.12816917602843358
2007-10-22,0.12728943707033386
2007-10-23,0.12926421789150802
2007-10-24,0.12905195784069798
2007-10-25,0.12734636171719105
2007-10-26,0.13531049213346985
2007-10-29,0.13511261471346034
2007-10-30,0.12923092026141905
2007-10-31,0.13562290463594007
2007-11-01,0.16500249101986886
2007-11-02,0.16420149948374174
2007-11-05,0.16141935972994584
2007-11-06,0.1660600010723548
2007-11-07,0.1950095959027605
2007-11-08,0.1941550238649234
2007-11-09,0.19946400799972133
2007-11-12,0.2013951841916495
2007-11-13,0.22345553611170774
2007-11-14,0.2230128860958976
2007-11-15,0.22728447018292908
2007-11-16,0.22734115338176428
2007-11-19,0.21836037072982015
2007-11-20,0.21788689910219164
2007-11-21,0.22282037007842206
2007-11-22,0.22206392280682816
2007-11-23,0.22938524963685103
2007-11-26,0.23938167864584128
2007-11-27,0.24415154369878903
2007-11-28,0.26245727311703104
2007-11-29,0.2585822076952975
2007-11-30,0.2430233097808174
2007-12-03,0.24331187007194893
2007-12-04,0.2433190111680913
2007-12-05,0.24533357719503024
2007-12-06,0.22929631953911314
2007-12-07,0.22883509090224943
2007-12-10,0.22467049962390304
2007-12-11,0.23981541451448454
2007-12-12,0.21967652138572502
2007-12-13,0.21781552666529594
2007-12-14,0.21830742063444183
2007-12-17,0.22374237822600035
2007-12-18,0.2162338597677683
2007-12-19,0.21526717492365657
2007-12-20,0.20856282019215724
2007-12-21,0.21631278336119095
2007-12-24,0.21024792609125473
2007-12-25,0.194166560310853
2007-12-26,0.1871994880514846
2007-12-27,0.1687909761863054
2007-12-28,0.1684176237624177
2007-12-31,0.16781179807458638
2008-01-02,0.1742297553458673
2008-01-03,0.17238844861033936
2008-01-04,0.18681430470639232
2008-01-07,0.17960033185092608
2008-01-08,0.19086288415563685
2008-01-09,0.19460799686230146
2008-01-10,0.17586431416179416
2008-01-11,0.18087143606141057
2008-01-14,0.18427552818669363
2008-01-15,0.19929036109991555
2008-01-16,0.19291553425480776
2008-01-17,0.21831625333317978
2008-01-18,0.21849930636090503
2008-01-21,0.217102901675562
2008-01-22,0.21286724963086587
2008-01-23,0.22360253926673945
2008-01-24,0.2257184676447145
2008-01-25,0.2322539252915682
2008-01-28,0.23474786358197774
2008-01-29,0.23504983369193527
2008-01-30,0.23395747810321946
2008-01-31,0.23574337233030807
2008-02-01,0.23914645741337898
2008-02-04,0.22649187145303273
2008-02-05,0.2539170417798187
2008-02-06,0.24681455795354015
2008-02-07,0.24341054043081548
2008-02-08,0.24177348135275295
2008-02-11,0.23762616944430529
2008-02-12,0.23567519727550648
2008-02-13,0.22435234424986106
2008-02-14,0.22825779030058888
2008-02-15,0.20470198452610044
2008-02-18,0.2031973218679194
2008-02-19,0.2028138365713444
2008-02-20,0.20107437832431835
2008-02-21,0.19312049651655636
2008-02-22,0.19175717833859696
2008-02-25,0.18993912480557656
2008-02-26,0.1818128692318992
2008-02-27,0.1802762632344502
2008-02-28,0.18210153925098205
2008-02-29,0.1988096254165212
2008-03-03,0.19390037272641406
2008-03-04,0.19047923111977885
2008-03-05,0.15597657720989355
2008-03-06,0.1727559522179386
2008-03-07,0.1727192497506227
2008-03-10,0.18037574731156458
2008-03-11,0.22088956802337792
2008-03-12,0.220976995460476
2008-03-13,0.21607521298233698
2008-03-14,0.22342574960191836
2008-03-17,0.22492424761674443
2008-03-18,0.26865533482859133
2008-03-19,0.28166310656344046
2008-03-20,0.29161184037512383
2008-03-21,0.2872304773744072
2008-03-24,0.2901447701046049
2008-03-25,0.28564348947984197
2008-03-26,0.2856815523967309
2008-03-27,0.28796178636872055
2008-03-28,0.2871512758294826
2008-03-31,0.27182205815497057
2008-04-01,0.29897596246137015
2008-04-02,0.2980682429891096
2008-04-03,0.2969079838522763
2008-04-04,0.28660132767652635
2008-04-07,0.2846964340274959
2008-04-08,0.27991146674651524
2008-04-09,0.2524829608660608
2008-04-10,0.2506895512498651
2008-04-11,0.2603603602042979
2008-04-14,0.2502938904687826
2008-04-15,0.24853587599104154
2008-04-16,0.21955449315965805
2008-04-17,0.2025877755804734
2008-04-18,0.19623557270277353
2008-04-21,0.19572452934957477
2008-04-22,0.19096474209350764
2008-04-23,0.1905713564432615
2008-04-24,0.18914975113496552
2008-04-25,0.18608769770764
2008-04-28,0.18378625123565104
2008-04-29,0.18299942870722785
2008-04-30,0.13903192332366435
2008-05-01,0.15114554859994528
2008-05-02,0.15107769938048748
2008-05-05,0.15157141484507747
2008-05-06,0.15353144112989908
2008-05-07,0.16571162519616442
2008-05-08,0.1634766108487079
2008-05-09,0.16419321435040743
2008-05-12,0.15329722020774114
2008-05-13,0.15247545731191897
2008-05-14,0.1519829298437066
2008-05-15,0.13650750354123534
2008-05-16,0.1361961975689361
2008-05-19,0.12153678571213557
2008-05-20,0.12565612875471124
2008-05-21,0.134808494447501
2008-05-22,0.1343222641226608
2008-05-23,0.14050158806127677
2008-05-26,0.1383422902194876
2008-05-27,0.14000932233167745
2008-05-28,0.13972606309990507
2008-05-29,0.14006544938614854
2008-05-30,0.12750253363872194
2008-06-02,0.13230609924670136
2008-06-03,0.1327604725896377
2008-06-04,0.12993916683232684
2008-06-05,0.13307958096458788
2008-06-06,0.17329345547579772
2008-06-09,0.17100036252120832
2008-06-10,0.16645150771352316
2008-06-11,0.1766938728795852
2008-06-12,0.17588476315144694
2008-06-13,0.17966727581531106
2008-06-16,0.17902574863816745
2008-06-17,0.18015331618812344
2008-06-18,0.18033320522350552
2008-06-19,0.1718366617799219
2008-06-20,0.18383891610805905
2008-06-23,0.17771334178875334
2008-06-24,0.17754835484655107
2008-06-25,0.1768313311998861
2008-06-26,0.2057289809476144
2008-06-27,0.20472791701204318
2008-06-30,0.20412964247533866
2008-07-01,0.20091485550909902
2008-07-02,0.21006848342188966
2008-07-03,0.20957965962324157
2008-07-04,0.1986560546827228
2008-07-07,0.17011681109913082
2008-07-08,0.18001431429894318
2008-07-09,0.19736967059512506
2008-07-10,0.18969864347691243
2008-07-11,0.19297469023211644
2008-07-14,0.18848721243930097
2008-07-15,0.19201324976659687
2008-07-16,0.209545283951806
2008-07-17,0.21057874514958314
2008-07-18,0.20958073506191438
2008-07-21,0.19922505858131162
2008-07-22,0.20435967334956992
2008-07-23,0.20415071473293725
2008-07-24,0.21937413020745916
2008-07-25,0.19471883955648148
2008-07-28,0.20507897112084944
2008-07-29,0.22032511774237226
2008-07-30,0.22699971614895353
2008-07-31,0.22272418964669757
2008-08-01,0.22293550984843521
2008-08-04,0.2246798540810467
2008-08-05,0.24411765684536083
2008-08-06,0.23685719032161584
2008-08-07,0.23220875688389064
2008-08-08,0.2451795306625025
2008-08-11,0.2427354154835011
2008-08-12,0.24401622212933471
2008-08-13,0.2407704851964846
2008-08-14,0.22595903948398025
2008-08-15,0.2222358846965045
2008-08-18,0.22836237825354566
2008-08-19,0.23032851501755158
2008-08-20,0.22640368848123998
2008-08-21,0.22573427187636805
2008-08-22,0.21475962430194562
2008-08-25,0.22538123185380726
2008-08-26,0.2161379378532471
2008-08-27,0.2030219137726072
2008-08-28,0.20163990867596066
2008-08-29,0.20230187814949574
2008-09-01,0.20093487338239066
2008-09-02,0.1987428182586383
2008-09-03,0.1738463387461845
2008-09-04,0.2043739449961559
2008-09-05,0.19489574531286025
2008-09-08,0.1912526975034483
2008-09-09,0.22622849032195733
2008-09-10,0.22251983359031122
2008-09-11,0.22670682715459106
2008-09-12,0.2252319659017514
2008-09-15,0.28283035903534365
2008-09-16,0.2836816833580725
2008-09-17,0.3295649946069857
2008-09-18,0.36067556188357364
2008-09-19,0.38557970884695597
2008-09-22,0.40670088160539597
2008-09-23,0.4034263524898206
2008-09-24,0.40179769089764766
2008-09-25,0.40554150011651596
2008-09-26,0.40142809025853243
2008-09-29,0.5162762492139501
2008-09-30,0.5474819703360562
2008-10-01,0.5453926806179134
2008-10-02,0.5629932682780722
2008-10-03,0.5537930496071709
2008-10-06,0.5695084909482486
2008-10-07,0.6019603635335918
2008-10-08,0.5899017654142652
2008-10-09,0.6524490514229528
2008-10-10,0.6500467655465069
2008-10-13,0.7568892228301312
2008-10-14,0.7364952854002869
2008-10-15,0.8060902762870283
2008-10-16,0.8002743633506997
2008-10-17,0.7848553400995856
2008-10-20,0.7886494862788354
2008-10-21,0.7832284075301288
2008-10-22,0.8110928140419932
2008-10-23,0.8100902120840008
2008-10-24,0.8151995510122308
2008-10-27,0.8214710884547387
2008-10-28,0.8416261656801025
2008-10-29,0.8209307847239087
2008-10-30,0.8235993171093711
2008-10-31,0.811570013634443
2008-11-03,0.8085573199681941
2008-11-04,0.8086756950293613
2008-11-05,0.8055554776750814
2008-11-06,0.823890518742363
2008-11-07,0.7838675009425492
2008-11-10,0.782583226643717
2008-11-11,0.6921552691953058
2008-11-12,0.7162537158959441
2008-11-13,0.6819402409026182
2008-11-14,0.6824198943279884
2008-11-17,0.6865598401342169
2008-11-18,0.6673082992676956
2008-11-19,0.6948493152875567
2008-11-20,0.704641498775049
2008-11-21,0.7345238098851485
2008-11-24,0.7564188668265275
2008-11-25,0.7465226992804067
2008-11-26,0.6703250998228143
2008-11-27,0.6671522658130903
2008-11-28,0.6605790535257771
2008-12-01,0.7370064128738278
2008-12-02,0.7478167390465706
2008-12-03,0.7388990907159847
2008-12-04,0.7217267364257296
2008-12-05,0.7100049229517049
2008-12-08,0.7143936227746037
2008-12-09,0.7163105286697717
2008-12-10,0.7120301951445269
2008-12-11,0.695163635093154
2008-12-12,0.6563149530847808
2008-12-15,0.6406866205184905
2008-12-16,0.6581226744366477
2008-12-17,0.65695491138955
2008-12-18,0.6248177598628699
2008-12-19,0.5778156298123366
2008-12-22,0.5422235943808031
2008-12-23,0.49911642237947773
2008-12-24,0.49809431051436276
2008-12-25,0.4831822291950807
2008-12-26,0.48280734024612054
2008-12-29,0.4812676046172831
2008-12-30,0.37178740411774547
2008-12-31,0.3501204707296359
2009-01-02,0.35622630231386593
2009-01-05,0.3412240325320243
2009-01-06,0.31927367832992276
2009-01-07,0.31157935025906663
2009-01-08,0.3006334360521407
2009-01-09,0.30694922660863183
2009-01-12,0.30129376624701193
2009-01-13,0.2995152450312918
2009-01-14,0.3196555010687382
2009-01-15,0.2699145512613745
2009-01-16,0.2682701394514722
2009-01-19,0.25740550705373555
2009-01-20,0.3214798012208097
2009-01-21,0.34872000411761633
2009-01-22,0.3499478573584005
2009-01-23,0.3485522225432449
2009-01-26,0.3479074509759472
2009-01-27,0.34853161592541554
2009-01-28,0.3667207587679263
2009-01-29,0.3762819432530867
2009-01-30,0.38116713035559946
2009-02-02,0.36520463042374174
2009-02-03,0.3681392662996107
2009-02-04,0.36728923835088056
2009-02-05,0.35639008631582686
2009-02-06,0.36778573845260765
2009-02-09,0.3597066001420831
2009-02-10,0.3940946232297382
2009-02-11,0.39392591837472385
2009-02-12,0.3757238139893737
2009-02-13,0.3765283011823703
2009-02-16,0.37485576131690834
2009-02-17,0.4095915771326135
2009-02-18,0.3649896072481129
2009-02-19,0.3370684119034636
2009-02-20,0.3346345868551986
2009-02-23,0.3563708217073062
2009-02-24,0.381514472840783
2009-02-25,0.38051033729589123
2009-02-26,0.3670971457377914
2009-02-27,0.35820423404582813
2009-03-02,0.38806691539934396
2009-03-03,0.38741438282119456
2009-03-04,0.39158401147845834
2009-03-05,0.4194603751503131
2009-03-06,0.4145521340775802
2009-03-09,0.40514755681567616
2009-03-10,0.4601274584021457
2009-03-11,0.4258705039103118
2009-03-12,0.44688557319223055
2009-03-13,0.44623615938021394
2009-03-16,0.4438508747664219
2009-03-17,0.4568606968581096
2009-03-18,0.4338159183776913
2009-03-19,0.4352333839549917
2009-03-20,0.43818213668429634
2009-03-23,0.49912606204419113
2009-03-24,0.48867942945118786
2009-03-25,0.4699851963013437
2009-03-26,0.4744532675946293
2009-03-27,0.4758973097643447
2009-03-30,0.48473254869867693
2009-03-31,0.4581146588965965
2009-04-01,0.4602098142037016
2009-04-02,0.4633953897468353
2009-04-03,0.43971100227348997
2009-04-06,0.4397845390522756
2009-04-07,0.4460755071709549
2009-04-08,0.39540501216129426
2009-04-09,0.4163308685615709
2009-04-10,0.3927777613783148
2009-04-13,0.3911195749775209
2009-04-14,0.3968524115552897
2009-04-15,0.3839162808753963
2009-04-16,0.38075096586613494
2009-04-17,0.3779038845842313
2009-04-20,0.40278158884764964
2009-04-21,0.3370131210091576
2009-04-22,0.32981531920040497
2009-04-23,0.32914699595343855
2009-04-24,0.3243623863503836
2009-04-27,0.3180945191679786
2009-04-28,0.2939827515591398
2009-04-29,0.2997606698856417
2009-04-30,0.2938534167701664
2009-05-01,0.2777548432153599
2009-05-04,0.29971409971228435
2009-05-05,0.2979084959164156
2009-05-06,0.2922855354993445
2009-05-07,0.29279316184571813
2009-05-08,0.2766597988726744
2009-05-11,0.2866661444003617
2009-05-12,0.2857738091647638
2009-05-13,0.29339545161490554
2009-05-14,0.2918273992814694
2009-05-15,0.2893259855145343
2009-05-18,0.3072572900461869
2009-05-19,0.26842735224780256
2009-05-20,0.2586654925257755
2009-05-21,0.2636603623269196
2009-05-22,0.26087146971950953
2009-05-25,0.254061336325053
2009-05-26,0.2676530263282456
2009-05-27,0.2754976944209128
2009-05-28,0.27064279662352553
2009-05-29,0.2741722342925984
2009-06-01,0.28763765147523573
2009-06-02,0.2639552095756859
2009-06-03,0.26761289783808334
2009-06-04,0.26364919090440503
2009-06-05,0.2593409873357633
2009-06-08,0.24600396198067329
2009-06-09,0.23454632037255263
2009-06-10,0.23441852163822174
2009-06-11,0.21614212480637487
2009-06-12,0.2129788100835411
2009-06-15,0.22609243109749508
2009-06-16,0.20671870373923215
2009-06-17,0.2061473083433025
2009-06-18,0.20706561938448326
2009-06-19,0.19884829563827547
2009-06-22,0.2273970534421629
2009-06-23,0.22686012312001944
2009-06-24,0.20977520464853452
2009-06-25,0.21276404353520023
2009-06-26,0.2057611266047888
2009-06-29,0.202573040202001
2009-06-30,0.18525233856059312
2009-07-01,0.1852029109688051
2009-07-02,0.20764571423680608
2009-07-03,0.20325012766102837
2009-07-06,0.2025982424973056
2009-07-07,0.21415787082204177
2009-07-08,0.2132727542399289
2009-07-09,0.2127428492375188
2009-07-10,0.2117466015510117
2009-07-13,0.228732256304105
2009-07-14,0.21396381677115484
2009-07-15,0.23343765969021882
2009-07-16,0.2346576735234787
2009-07-17,0.2322913339711537
2009-07-20,0.2349752540764611
2009-07-21,0.20991040316691725
2009-07-22,0.20925636715783424
2009-07-23,0.22323286553426144
2009-07-24,0.2110443989344698
2009-07-27,0.21072598137574924
2009-07-28,0.20826273643037754
2009-07-29,0.2064929519012507
2009-07-30,0.20984943788012858
2009-07-31,0.18404010122693712
2009-08-03,0.1914946258595108
2009-08-04,0.19119527109422288
2009-08-05,0.17891449908271506
2009-08-06,0.17965628322365074
2009-08-07,0.18513729964506306
2009-08-10,0.1847085985351953
2009-08-11,0.1707339175698458
2009-08-12,0.17424258238677404
2009-08-13,0.14510618559642108
2009-08-14,0.14504912625000355
2009-08-17,0.16924846526452103
2009-08-18,0.16805001603227082
2009-08-19,0.16876209310648754
2009-08-20,0.17261357102750266
2009-08-21,0.16692224453869892
2009-08-24,0.16601113534693807
2009-08-25,0.1653783795722502
2009-08-26,0.16467751506878095
2009-08-27,0.16382924242881763
2009-08-28,0.15866721510723272
2009-08-31,0.1609876867366945
2009-09-01,0.17196410385940822
2009-09-02,0.17156564677205294
2009-09-03,0.17345920581715188
2009-09-04,0.17810499422219508
2009-09-07,0.1718334106562651
2009-09-08,0.17389532285752185
2009-09-09,0.17031448152803955
2009-09-10,0.16952239107060948
2009-09-11,0.16764615129358848
2009-09-14,0.16631041043565103
2009-09-15,0.14413122749624796
2009-09-16,0.1498182853613368
2009-09-17,0.14807041776990212
2009-09-18,0.1433655673480107
2009-09-21,0.12931493205849703
2009-09-22,0.1310705490118748
2009-09-23,0.13551027867083415
2009-09-24,0.13949471577821296
2009-09-25,0.14059302387354963
2009-09-28,0.15355770555796874
2009-09-29,0.1509002926287026
2009-09-30,0.13067711478290295
2009-10-01,0.1599157683736874
2009-10-02,0.15750734167682792
2009-10-05,0.15948998428387187
2009-10-06,0.16608964039771623
2009-10-07,0.16307004095795177
2009-10-08,0.1625660225083097
2009-10-09,0.15948429014741888
2009-10-12,0.15972566547614156
2009-10-13,0.15822432025499478
2009-10-14,0.16923913249747116
2009-10-15,0.16144166949187572
2009-10-16,0.16335483618830815
2009-10-19,0.16608899328732823
2009-10-20,0.1668584074703018
2009-10-21,0.16810654804306716
2009-10-22,0.1684846787167648
2009-10-23,0.17075943457042692
2009-10-26,0.1743344888769707
2009-10-27,0.16380723280043624
2009-10-28,0.17789704535905165
2009-10-29,0.1939867937835661
2009-10-30,0.19991708160600632
2009-11-02,0.1997698659120927
2009-11-03,0.19281583042423658
2009-11-04,0.18655610773348427
2009-11-05,0.19770114878687142
2009-11-06,0.1956272859932925
2009-11-09,0.20931881795426774
2009-11-10,0.2081423373423267
2009-11-11,0.20811324864704453
2009-11-12,0.20250409769387415
2009-11-13,0.20252946126055232
2009-11-16,0.20661256801477967
2009-11-17,0.20373189921237392
2009-11-18,0.2022339286328216
2009-11-19,0.20542515773849915
2009-11-20,0.2022273139672727
2009-11-23,0.20334043038461208
2009-11-24,0.19902754414815965
2009-11-25,0.19901443225560483
2009-11-26,0.1871658744993518
2009-11-27,0.18200920767669554
2009-11-30,0.15453570708348832
2009-12-01,0.15842972575847394
2009-12-02,0.15780938458614419
2009-12-03,0.16030765450685577
2009-12-04,0.1476649699396276
2009-12-07,0.14735630416357628
2009-12-08,0.13210484690472385
2009-12-09,0.13236186118237891
2009-12-10,0.13254380557544793
2009-12-11,0.1282059500245002
2009-12-14,0.12881465675076173
2009-12-15,0.12068325833520639
2009-12-16,0.12043139154012986
2009-12-17,0.1275184996098907
2009-12-18,0.1204748367723058
2009-12-21,0.12530101310105077
2009-12-22,0.116977534643845
2009-12-23,0.11694217028242614
2009-12-24,0.11715892997086454
2009-12-25,0.11692050878245598
2009-12-28,0.10087430725907498
2009-12-29,0.09998259012730451
2009-12-30,0.09115507077053162
2009-12-31,0.09793316783837985
2010-01-04,0.10923183025865268
2010-01-05,0.1078131679152927
2010-01-06,0.1071706884458776
2010-01-07,0.10200314802134354
2010-01-08,0.10147080037213521
2010-01-11,0.0994738814359463
2010-01-12,0.10413349299042113
2010-01-13,0.10536650434471552
2010-01-14,0.10373962675277673
2010-01-15,0.11055705100621481
2010-01-18,0.10266645981505486
2010-01-19,0.10974332114342503
2010-01-20,0.11037453182297782
2010-01-21,0.12900875800135403
2010-01-22,0.15121242672010934
2010-01-25,0.15033772479538057
2010-01-26,0.15049490488366393
2010-01-27,0.15087510121458153
2010-01-28,0.156248229030766
2010-01-29,0.15974395740296066
2010-02-01,0.16350251720548323
2010-02-02,0.1605175879751739
2010-02-03,0.16087417340709412
2010-02-04,0.19628148630327924
2010-02-05,0.19529294563171345
2010-02-08,0.19697894586413867
2010-02-09,0.2015872889474436
2010-02-10,0.19861071950628198
2010-02-11,0.1990382882512633
2010-02-12,0.19862746873053244
2010-02-15,0.19474045399268783
2010-02-16,0.20445597655642506
2010-02-17,0.20018912683544465
2010-02-18,0.19787700940034225
2010-02-19,0.1867573628394897
2010-02-22,0.17037062246245768
2010-02-23,0.1748811644634385
2010-02-24,0.17729978905006968
2010-02-25,0.17635720133148391
2010-02-26,0.17146514822971015
2010-03-01,0.17168869056120725
2010-03-02,0.16476955256272324
2010-03-03,0.1586335297173503
2010-03-04,0.15785704944150677
2010-03-05,0.1258365575726903
2010-03-08,0.12511567922162434
2010-03-09,0.12126933050778951
2010-03-10,0.11389234408247734
2010-03-11,0.11426491728583993
2010-03-12,0.10927566702471489
2010-03-15,0.10867549562946077
2010-03-16,0.11190873888699171
2010-03-17,0.09620178658863222
2010-03-18,0.09491853334646236
2010-03-19,0.09390659575183939
2010-03-22,0.09511991995481148
2010-03-23,0.09817886854046337
2010-03-24,0.09109023253617977
2010-03-25,0.08500416781759597
2010-03-26,0.08453783320534437
2010-03-29,0.08656870103890232
2010-03-30,0.07932944388286177
2010-03-31,0.0796636414389345
2010-04-01,0.08368039509403853
2010-04-02,0.08254122521364718
2010-04-05,0.07316444968792356
2010-04-06,0.07317487031608583
2010-04-07,0.07579589830206984
2010-04-08,0.0749665488091871
2010-04-09,0.0772056265241516
2010-04-12,0.07724307199589525
2010-04-13,0.07708605847221527
2010-04-14,0.08234622827543929
2010-04-15,0.07977432398284243
2010-04-16,0.0985992916679569
2010-04-19,0.09797594011888472
2010-04-20,0.10021201336248409
2010-04-21,0.09696780898249192
2010-04-22,0.09516299128436481
2010-04-23,0.09798223552242886
2010-04-26,0.09891237819556369
2010-04-27,0.1285845653079543
2010-04-28,0.1300379326193601
2010-04-29,0.13691029162486587
2010-04-30,0.14696181607561223
2010-05-03,0.15353121828192998
2010-05-04,0.17359960604984132
2010-05-05,0.1744016944293981
2010-05-06,0.2088541141858021
2010-05-07,0.21484098320592487
2010-05-10,0.262295073790726
2010-05-11,0.26130491735325206
2010-05-12,0.2647111033085938
2010-05-13,0.2647150921811697
2010-05-14,0.27242084096188013
2010-05-17,0.26594219087848553
2010-05-18,0.269641806339356
2010-05-19,0.2681762288861258
2010-05-20,0.3029139416314646
2010-05-21,0.3064818796498998
2010-05-24,0.3082009125014645
2010-05-25,0.3070489980449305
2010-05-26,0.29640222957420215
2010-05-27,0.3166699565865021
2010-05-28,0.3160347212627063
2010-05-31,0.3101367446499555
2010-06-01,0.3125392034134765
2010-06-02,0.31442576442859776
2010-06-03,0.31322319191646564
2010-06-04,0.31780147138570186
2010-06-07,0.31638154644545863
2010-06-08,0.2826027424984818
2010-06-09,0.2823519796537485
2010-06-10,0.296486251994935
2010-06-11,0.2931415413778404
2010-06-14,0.2853330064863263
2010-06-15,0.2964078130546077
2010-06-16,0.2917275055791665
2010-06-17,0.29061901772875187
2010-06-18,0.25702378178967117
2010-06-21,0.25186731205470914
2010-06-22,0.2542291078578155
2010-06-23,0.25395481315252927
2010-06-24,0.2599691222933769
2010-06-25,0.23547982668957834
2010-06-28,0.2313331171923164
2010-06-29,0.2569516812814395
2010-06-30,0.25215965700797627
2010-07-01,0.23654611839766418
2010-07-02,0.23617360474644342
2010-07-05,0.20368916954728228
2010-07-06,0.1987657477648206
2010-07-07,0.22368567945593926
2010-07-08,0.22453389394871692
2010-07-09,0.20269732959051798
2010-07-12,0.2015324104571252
2010-07-13,0.20808298394455924
2010-07-14,0.19207021919269573
2010-07-15,0.19158077658152042
2010-07-16,0.21783180629704102
2010-07-19,0.21811302762552667
2010-07-20,0.22081660042433512
2010-07-21,0.21827254430884152
2010-07-22,0.2314587331317355
2010-07-23,0.2254538292172789
2010-07-26,0.2281077453262319
2010-07-27,0.2274884529390246
2010-07-28,0.20195732492030866
2010-07-29,0.19907820082732586
2010-07-30,0.19833030161750342
2010-08-02,0.21200095926281476
2010-08-03,0.21221989073591346
2010-08-04,0.21208057914446934
2010-08-05,0.18420681984036197
2010-08-06,0.1815553461724905
2010-08-09,0.18059697947845935
2010-08-10,0.1815439827236146
2010-08-11,0.2015823410172469
2010-08-12,0.20193095198641292
2010-08-13,0.2018918462741146
2010-08-16,0.17543277183940353
2010-08-17,0.17904845995017504
2010-08-18,0.1744805409433267
2010-08-19,0.17926748948457355
2010-08-20,0.16266346105074045
2010-08-23,0.16046818128742446
2010-08-24,0.16411772609199812
2010-08-25,0.16399385176093706
2010-08-26,0.16422805657830974
2010-08-27,0.17338218606572922
2010-08-30,0.18090641747671227
2010-08-31,0.16466690100560832
2010-09-01,0.19345512522944325
2010-09-02,0.19433033319828338
2010-09-03,0.1991874629400322
2010-09-06,0.19818251937821701
2010-09-07,0.20109104950013665
2010-09-08,0.20083619992199586
2010-09-09,0.17629461588386838
2010-09-10,0.1757124579461231
2010-09-13,0.17912921663113612
2010-09-14,0.17874455439624545
2010-09-15,0.17405454396544776
2010-09-16,0.1736691759483575
2010-09-17,0.163493242343425
2010-09-20,0.17138344618863213
2010-09-21,0.17077497342143866
2010-09-22,0.16409116033878385
2010-09-23,0.1661892425808998
2010-09-24,0.18005482698206368
2010-09-27,0.17202263972938547
2010-09-28,0.16501079460290463
2010-09-29,0.16491102257575505
2010-09-30,0.13240249312011754
2010-10-01,0.12938443725103835
2010-10-04,0.12458626652620673
2010-10-05,0.14434565866716464
2010-10-06,0.1384736337875753
2010-10-07,0.13644045879954173
2010-10-08,0.13677156235037694
2010-10-11,0.1354155419426326
2010-10-12,0.1304865495563628
2010-10-13,0.132570132690474
2010-10-14,0.13241238309375986
2010-10-15,0.13233896689157607
2010-10-18,0.13453607738312734
2010-10-19,0.13682017985230718
2010-10-20,0.14116566712570183
2010-10-21,0.1399868107357733
2010-10-22,0.1370247397007978
2010-10-25,0.11711533350873024
2010-10-26,0.11523452834407134
2010-10-27,0.11423323985528559
2010-10-28,0.11372952926013981
2010-10-29,0.11306120370178416
2010-11-01,0.11194089041588887
2010-11-02,0.1118049215959271
2010-11-03,0.0880065725511334
2010-11-04,0.11101311778788467
2010-11-05,0.11132852220588163
2010-11-08,0.10931441767348164
2010-11-09,0.11280665434096081
2010-11-10,0.1127935893869549
2010-11-11,0.11098104997173758
2010-11-12,0.11798083949484707
2010-11-15,0.11753352659933064
2010-11-16,0.12874122660689613
2010-11-17,0.11632707750748954
2010-11-18,0.12295797111057889
2010-11-19,0.12264906029674254
2010-11-22,0.12210037231875992
2010-11-23,0.1320029477170037
2010-11-24,0.14170958493499441
2010-11-25,0.14093727235874706
2010-11-26,0.14303469357983375
2010-11-29,0.14272376462465253
2010-11-30,0.14402325172023614
2010-12-01,0.16050033553000861
2010-12-02,0.16583022875818812
2010-12-03,0.15246226423854187
2010-12-06,0.15150640743178798
2010-12-07,0.15094471189813669
2010-12-08,0.1486572042638327
2010-12-09,0.14822084120034965
2010-12-10,0.1487521884199013
2010-12-13,0.14294942690677587
2010-12-14,0.1426898854376551
2010-12-15,0.13262389611100683
2010-12-16,0.13419433843969888
2010-12-17,0.12370022547918169
2010-12-20,0.12353265099679853
2010-12-21,0.1250694131420856
2010-12-22,0.11563268420387861
2010-12-23,0.10420305305929055
2010-12-24,0.10404765773522055
2010-12-27,0.10078647153328314
2010-12-28,0.10058894368668311
2010-12-29,0.09840627311326647
2010-12-30,0.06676555915146558
2010-12-31,0.0508279507510202
2011-01-03,0.06393295827558207
2011-01-04,0.06372125853618181
2011-01-05,0.06587501656936004
2011-01-06,0.06493308334321644
2011-01-07,0.06378779218167058
2011-01-10,0.06051612047828095
2011-01-11,0.06174327520017214
2011-01-12,0.06924090941166759
2011-01-13,0.06710868665539675
2011-01-14,0.06870885764752188
2011-01-17,0.06843186241136584
2011-01-18,0.0678578615741922
2011-01-19,0.07416628362897848
2011-01-20,0.07317402309568723
2011-01-21,0.07320653562555733
2011-01-24,0.07583709027475141
2011-01-25,0.07560657741065592
2011-01-26,0.07682577283616504
2011-01-27,0.07697774669234736
2011-01-28,0.10019463136753354
2011-01-31,0.10339863599574715
2011-02-01,0.1123933894360224
2011-02-02,0.11225970108293871
2011-02-03,0.11084561349312308
2011-02-04,0.11068840761135154
2011-02-07,0.11234908501202492
2011-02-08,0.11290135695225399
2011-02-09,0.11237925259868592
2011-02-10,0.10797084947814187
2011-02-11,0.10932164128411026
2011-02-14,0.1065522228384663
2011-02-15,0.10701046673210175
2011-02-16,0.10898600618906742
2011-02-17,0.10378391668094215
2011-02-18,0.1037392364354938
2011-02-21,0.10327292045903753
2011-02-22,0.12555862195372988
2011-02-23,0.12709447601742663
2011-02-24,0.1259760516978405
2011-02-25,0.1308354010384532
2011-02-28,0.11703249978477866
2011-03-01,0.127200881867053
2011-03-02,0.11382318040094665
2011-03-03,0.12828843931433398
2011-03-04,0.13027504036155835
2011-03-07,0.13287956466862805
2011-03-08,0.13447055962275378
2011-03-09,0.13337785090136078
2011-03-10,0.14916602220824093
2011-03-11,0.15070643660526437
2011-03-14,0.1506766558164135
2011-03-15,0.155375357668052
2011-03-16,0.16986092999235705
2011-03-17,0.17451409926970637
2011-03-18,0.17431351524718983
2011-03-21,0.18157935668241923
2011-03-22,0.18154091076201773
2011-03-23,0.16725013597906765
2011-03-24,0.16878886386910974
2011-03-25,0.16871989183081035
2011-03-28,0.1648873363676538
2011-03-29,0.16538301590199056
2011-03-30,0.15788186203364607
2011-03-31,0.15764427013649024
2011-04-01,0.14743858317081882
2011-04-04,0.14504681597742267
2011-04-05,0.14203086202127943
2011-04-06,0.13882198636205598
2011-04-07,0.13868757362106846
2011-04-08,0.12347391069575916
2011-04-11,0.12140561042079111
2011-04-12,0.12275702442768659
2011-04-13,0.11650060717394033
2011-04-14,0.09536526678621784
2011-04-15,0.08498262089081358
2011-04-18,0.09252292670439322
2011-04-19,0.07990027711065578
2011-04-20,0.09201937101184451
2011-04-21,0.09298706588106656
2011-04-22,0.0871376705128676
2011-04-25,0.08636277556966697
2011-04-26,0.09125656329158091
2011-04-27,0.09050936263480185
2011-04-28,0.08824042582806488
2011-04-29,0.08811907010839495
2011-05-02,0.08651612522513841
2011-05-03,0.08716813339305271
2011-05-04,0.09042655985822935
2011-05-05,0.09568109238724043
2011-05-06,0.0962177005420435
2011-05-09,0.0963502269083972
2011-05-10,0.09981848861785057
2011-05-11,0.10405705830480501
2011-05-12,0.10517120879390206
2011-05-13,0.10886483897506866
2011-05-16,0.11007248943308058
2011-05-17,0.10319834149555349
2011-05-18,0.10576906915837647
2011-05-19,0.09550611059646599
2011-05-20,0.09759004100615369
2011-05-23,0.10639592559481839
2011-05-24,0.10595109627221996
2011-05-25,0.1018251048630973
2011-05-26,0.10028876676219066
2011-05-27,0.10033086899925205
2011-05-30,0.0997912122326967
2011-05-31,0.10620916221598013
2011-06-01,0.13379252662818197
2011-06-02,0.13129927226636465
2011-06-03,0.13191115325958863
2011-06-06,0.13644658262326564
2011-06-07,0.13515002769447984
2011-06-08,0.13282457475107573
2011-06-09,0.12956605801995916
2011-06-10,0.13771259372114322
2011-06-13,0.13452841257478085
2011-06-14,0.13975794673758005
2011-06-15,0.15291632174734307
2011-06-16,0.14961472476325371
2011-06-17,0.14936010516035714
2011-06-20,0.14788010368914378
2011-06-21,0.14952719090174035
2011-06-22,0.1509207218714037
2011-06-23,0.15051660437397418
2011-06-24,0.15546008751442666
2011-06-27,0.1578492885967378
2011-06-28,0.16399501563286994
2011-06-29,0.1623452111591724
2011-06-30,0.14639817864692686
2011-07-01,0.15455253418199083
2011-07-04,0.15052891161650067
2011-07-05,0.1457010708882524
2011-07-06,0.14536044594064454
2011-07-07,0.14900815176731513
2011-07-08,0.1487460986067214
2011-07-11,0.15504959013260225
2011-07-12,0.15542258808860646
2011-07-13,0.1495030347100174
2011-07-14,0.13888594796383621
2011-07-15,0.13976194816132279
2011-07-18,0.14211016254590098
2011-07-19,0.1519183461593995
2011-07-20,0.14465968191222783
2011-07-21,0.15041057232354327
2011-07-22,0.1497322623328626
2011-07-25,0.14538874420183112
2011-07-26,0.14249422261137187
2011-07-27,0.15400180819856973
2011-07-28,0.15140567576541727
2011-07-29,0.14890059548458479
2011-08-01,0.1411604704474467
2011-08-02,0.16850254001235354
2011-08-03,0.16872391872101092
2011-08-04,0.24276502197884198
2011-08-05,0.238997643836196
2011-08-08,0.3416884355226748
2011-08-09,0.37274906299789257
2011-08-10,0.40413204923058615
2011-08-11,0.43315794028999666
2011-08-12,0.4309465193187103
2011-08-15,0.4355897956130688
2011-08-16,0.4345394610231989
2011-08-17,0.42966812527937237
2011-08-18,0.45840322166509523
2011-08-19,0.45794515048909423
2011-08-22,0.45667102377111424
2011-08-23,0.47074940116159114
2011-08-24,0.47169712825956633
2011-08-25,0.46892496785979054
2011-08-26,0.4709051985415449
2011-08-29,0.4799494511846257
2011-08-30,0.47896940283590145
2011-08-31,0.47045730697927823
2011-09-01,0.4714488805570118
2011-09-02,0.45010361534136845
2011-09-05,0.44942917027603285
2011-09-06,0.38433673470273977
2011-09-07,0.36441239850935253
2011-09-08,0.33222237646081826
2011-09-09,0.30953059572813485
2011-09-12,0.3091058103499005
2011-09-13,0.3012933524213026
2011-09-14,0.3025078503430478
2011-09-15,0.30784823603467315
2011-09-16,0.26634556159998357
2011-09-19,0.26310193542716304
2011-09-20,0.2625602262449999
2011-09-21,0.25889186716967816
2011-09-22,0.2794749155418057
2011-09-23,0.2742539854065307
2011-09-26,0.28091592251184966
2011-09-27,0.2663436374683961
2011-09-28,0.2757441567683483
2011-09-29,0.27589051285325944
2011-09-30,0.2868083638825065
2011-10-03,0.2914388168580214
2011-10-04,0.3010799397589118
2011-10-05,0.30564320298132724
2011-10-06,0.296491560561993
2011-10-07,0.2948783457372107
2011-10-10,0.3039612640908916
2011-10-11,0.302087993800095
2011-10-12,0.30166102936657113
2011-10-13,0.2976687694061246
2011-10-14,0.29772192561312416
2011-10-17,0.30459639325063625
2011-10-18,0.31053553553608954
2011-10-19,0.31315108690705185
2011-10-20,0.29619349530527733
2011-10-21,0.2824067451603246
2011-10-24,0.2846779553586167
2011-10-25,0.2826070870805107
2011-10-26,0.2821207020231907
2011-10-27,0.29780138192044575
2011-10-28,0.29574449145228265
2011-10-31,0.296241187988443
2011-11-01,0.2966884358550965
2011-11-02,0.29161288048029005
2011-11-03,0.2920840729232629
2011-11-04,0.28558088797114856
2011-11-07,0.28431275064623723
2011-11-08,0.26317381573599014
2011-11-09,0.294552473181665
2011-11-10,0.2933288186215448
2011-11-11,0.3002639168241463
2011-11-14,0.2957299853782776
2011-11-15,0.28795526625045775
2011-11-16,0.2854010541686706
2011-11-17,0.2879125503165432
2011-11-18,0.2868298243499626
2011-11-21,0.28722880119137845
2011-11-22,0.28371679766884333
2011-11-23,0.28614675717719873
2011-11-24,0.2833022837026672
2011-11-25,0.25888381075880396
2011-11-28,0.2780009887007397
2011-11-29,0.26416565163135775
2011-11-30,0.2882789760657153
2011-12-01,0.2822294123393021
2011-12-02,0.27420093893310316
2011-12-05,0.27498012230039076
2011-12-06,0.2734627924978304
2011-12-07,0.2700524211723967
2011-12-08,0.24994195765468424
2011-12-09,0.25462094162381693
2011-12-12,0.25125312648397613
2011-12-13,0.2504395606276689
2011-12-14,0.25263754622052065
2011-12-15,0.24586078724536709
2011-12-16,0.2388138707407048
2011-12-19,0.24207733643218438
2011-12-20,0.25550825882046224
2011-12-21,0.25456401498109515
2011-12-22,0.2442307986912196
2011-12-23,0.2457780368178148
2011-12-26,0.24512687428336621
2011-12-27,0.22442507651217397
2011-12-28,0.2283855057007115
2011-12-29,0.1811315555673896
2011-12-30,0.18119543497753862
2012-01-02,0.1807571011321679
2012-01-03,0.18524855443404167
2012-01-04,0.1847896110172153
2012-01-05,0.18458259480041433
2012-01-06,0.1697290067862612
2012-01-09,0.15985641511247142
2012-01-10,0.1544671253760034
2012-01-11,0.15132178371759433
2012-01-12,0.14626415470337106
2012-01-13,0.14671480382737523
2012-01-16,0.14608931976567227
2012-01-17,0.1408720002464482
2012-01-18,0.10695223910569672
2012-01-19,0.1078646620960362
2012-01-20,0.10395240258629306
2012-01-23,0.09915581165795125
2012-01-24,0.09901401991615201
2012-01-25,0.10346132007656142
2012-01-26,0.09637219684510112
2012-01-27,0.08932183519182327
2012-01-30,0.08838549921986995
2012-01-31,0.08820047836947688
2012-02-01,0.07767738489239658
2012-02-02,0.07751242859903347
2012-02-03,0.09237019153775441
2012-02-06,0.09164830285065768
2012-02-07,0.09130206685389293
2012-02-08,0.08630515075971727
2012-02-09,0.08620684315655054
2012-02-10,0.08917543341851507
2012-02-13,0.09057950523305959
2012-02-14,0.09041912335157247
2012-02-15,0.09151185397350836
2012-02-16,0.09194658279817766
2012-02-17,0.09050850351532043
2012-02-20,0.09023272066473102
2012-02-21,0.09003362109030369
2012-02-22,0.09059812388914999
2012-02-23,0.08686666725426917
2012-02-24,0.08466135162276027
2012-02-27,0.084460793522289
2012-02-28,0.08471018110849296
2012-02-29,0.08629589225523769
2012-03-01,0.08364003708334543
2012-03-02,0.08424057748103607
2012-03-05,0.06972426090580797
2012-03-06,0.08897033440634977
2012-03-07,0.09163095013932904
2012-03-08,0.09737219895040171
2012-03-09,0.09772185520829532
2012-03-12,0.09455907897807869
2012-03-13,0.11157458761490159
2012-03-14,0.11118315732373758
2012-03-15,0.11128792274739689
2012-03-16,0.10461078924188198
2012-03-19,0.10491189540972143
2012-03-20,0.10519036093072698
2012-03-21,0.10512559521510047
2012-03-22,0.10747916625021581
2012-03-23,0.10681212049419109
2012-03-26,0.11718380479154106
2012-03-27,0.117246069995295
2012-03-28,0.1177941464694116
2012-03-29,0.11658882821167511
2012-03-30,0.11522423795989828
2012-04-02,0.11751224812450918
2012-04-03,0.11746286361592431
2012-04-04,0.11117015268366624
2012-04-05,0.10845848228543659
2012-04-06,0.10304205646363143
2012-04-09,0.11000896590625814
2012-04-10,0.12588276278603006
2012-04-11,0.1128247330015652
2012-04-12,0.12237665900477221
2012-04-13,0.1283736727533268
2012-04-16,0.12781981848093626
2012-04-17,0.1379461020233295
2012-04-18,0.1378624210982675
2012-04-19,0.1389402084590415
2012-04-20,0.13640991176361708
2012-04-23,0.13899709004678068
2012-04-24,0.13118318363071604
2012-04-25,0.13910346847510754
2012-04-26,0.13970999796187158
2012-04-27,0.13950885994359016
2012-04-30,0.139358418008501
2012-05-01,0.13820488990587082
2012-05-02,0.13758628830726832
2012-05-03,0.13574599116736658
2012-05-04,0.14750378077196777
2012-05-07,0.14714820538468082
2012-05-08,0.1425018096883079
2012-05-09,0.1319443124200676
2012-05-10,0.12951206500267662
2012-05-11,0.12127794072445969
2012-05-14,0.12019417275308797
2012-05-15,0.12163863559387368
2012-05-16,0.11076844521089002
2012-05-17,0.12232772843926955
2012-05-18,0.1231557781389442
2012-05-21,0.1351002419318599
2012-05-22,0.13157226300389557
2012-05-23,0.130693370674817
2012-05-24,0.12207976248112944
2012-05-25,0.11989908726342823
2012-05-28,0.11931365878319584
2012-05-29,0.12461352403959476
2012-05-30,0.13329838106194877
2012-05-31,0.13290749610125294
2012-06-01,0.15769544536148125
2012-06-04,0.14711879254363067
2012-06-05,0.14793810370234678
2012-06-06,0.16766136498827394
2012-06-07,0.1654756259187053
2012-06-08,0.16717278872091704
2012-06-11,0.17239836716891527
2012-06-12,0.17264615624052512
2012-06-13,0.17290690048541787
2012-06-14,0.17598643836212474
2012-06-15,0.17179081309796435
2012-06-18,0.16957209182740735
2012-06-19,0.1640867319225245
2012-06-20,0.16380395700786443
2012-06-21,0.18214976272876846
2012-06-22,0.18332748437237087
2012-06-25,0.19158563921307367
2012-06-26,0.19181118663264118
2012-06-27,0.1903533155036014
2012-06-28,0.18369801254245463
2012-06-29,0.20304300979174023
2012-07-02,0.18424996923007192
2012-07-03,0.1850359624638204
2012-07-04,0.18355581842696878
2012-07-05,0.1669835860519224
2012-07-06,0.17002292275689085
2012-07-09,0.1675187846076883
2012-07-10,0.16419025199267412
2012-07-11,0.15908141133417927
2012-07-12,0.15800123177423472
2012-07-13,0.16411516340214977
2012-07-16,0.16022621536749823
2012-07-17,0.16194024503617413
2012-07-18,0.15995537511729988
2012-07-19,0.15984078304854213
2012-07-20,0.14484390037423098
2012-07-23,0.14607454147471124
2012-07-24,0.13908812638962303
2012-07-25,0.13780459288469354
2012-07-26,0.14626429854300121
2012-07-27,0.16046614791629155
2012-07-30,0.1365861650336456
2012-07-31,0.1367299227269948
2012-08-01,0.13506322897762665
2012-08-02,0.13735989619617622
2012-08-03,0.15170200596447442
2012-08-06,0.14799358849338645
2012-08-07,0.14854335571825028
2012-08-08,0.1455716809119255
2012-08-09,0.14523233503063185
2012-08-10,0.14414106313810862
2012-08-13,0.13287487733838213
2012-08-14,0.1323937957570532
2012-08-15,0.1298492152735317
2012-08-16,0.1301147765205804
2012-08-17,0.1297557755239779
2012-08-20,0.12498380187301904
2012-08-21,0.12176588543559397
2012-08-22,0.11767008252029397
2012-08-23,0.12109128971134857
2012-08-24,0.10980807523915995
2012-08-27,0.08904566166170198
2012-08-28,0.08888608053024159
2012-08-29,0.08753982354745357
2012-08-30,0.0912918702711407
2012-08-31,0.0892621042838191
2012-09-03,0.06211974978341229
2012-09-04,0.0615346003724381
2012-09-05,0.05898643698342991
2012-09-06,0.09292694896294522
2012-09-07,0.09354333230006066
2012-09-10,0.0954657247486041
2012-09-11,0.09561491569064494
2012-09-12,0.09554876566611875
2012-09-13,0.11121245063241222
2012-09-14,0.10907520959099673
2012-09-17,0.10911749719679269
2012-09-18,0.10889192816588894
2012-09-19,0.10802692289602463
2012-09-20,0.10779126008555587
2012-09-21,0.10401389959536476
2012-09-24,0.10183439633614484
2012-09-25,0.10847301951719202
2012-09-26,0.11016362051410575
2012-09-27,0.11504355623018507
2012-09-28,0.11285055413455809
2012-10-01,0.1116734048930379
2012-10-02,0.11148884631134547
2012-10-03,0.11194834657970257
2012-10-04,0.11454601122136183
2012-10-05,0.09161909881418646
2012-10-08,0.09126521393913851
2012-10-09,0.09557281714553029
2012-10-10,0.0973365068318545
2012-10-11,0.09682519345405412
2012-10-12,0.0803190800723356
2012-10-15,0.08393734412850072
2012-10-16,0.09057820780073882
2012-10-17,0.09132942734106815
2012-10-18,0.09141434389082213
2012-10-19,0.10905506364369996
2012-10-22,0.10865723010237183
2012-10-23,0.11996594448974489
2012-10-24,0.11461333648721335
2012-10-25,0.11301680219501233
2012-10-26,0.10789860703441169
2012-10-29,0.10648778821239592
2012-10-30,0.1058158036257803
2012-10-31,0.10551862708396001
2012-11-01,0.11146925114655652
2012-11-02,0.11369822986567667
2012-11-05,0.11364204244728783
2012-11-06,0.11612770760061769
2012-11-07,0.1402268489325648
2012-11-08,0.14494139975150744
2012-11-09,0.14449798025405136
2012-11-12,0.14365825570809254
2012-11-13,0.14136168479557398
2012-11-14,0.14552625059355043
2012-11-15,0.14452783536458916
2012-11-16,0.14489572186781333
2012-11-19,0.15030748039259112
2012-11-20,0.14981399095913406
2012-11-21,0.14125772012214172
2012-11-22,0.1404648670261432
2012-11-23,0.14711687518852856
2012-11-26,0.14690554746042814
2012-11-27,0.1477868326945712
2012-11-28,0.15006091227819537
2012-11-29,0.15051567915997915
2012-11-30,0.14568391857735552
2012-12-03,0.14294722221872488
2012-12-04,0.14267551844359136
2012-12-05,0.14010163342241963
2012-12-06,0.11454495140132945
2012-12-07,0.10702008160950797
2012-12-10,0.10668769818492092
2012-12-11,0.10900093626722437
2012-12-12,0.1080052884885391
2012-12-13,0.09963887182624236
2012-12-14,0.10044532728832002
2012-12-17,0.10744662874708318
2012-12-18,0.09331780015891382
2012-12-19,0.09690522646736899
2012-12-20,0.09816216029917196
2012-12-21,0.10353595518314836
2012-12-24,0.0938628202097164
2012-12-25,0.09327435372376322
2012-12-26,0.09290702555562774
2012-12-27,0.08887519267413875
2012-12-28,0.096099123183743
2012-12-31,0.11288214646264565
2013-01-02,0.14270418024299827
2013-01-03,0.14213513867566724
2013-01-04,0.14248699400549877
2013-01-07,0.14199223753376555
2013-01-08,0.1416867100341346
2013-01-09,0.14158131677496102
2013-01-10,0.14204139063829402
2013-01-11,0.14169924262077516
2013-01-14,0.13981437184319245
2013-01-15,0.13890243565786392
2013-01-16,0.1328023105889299
2013-01-17,0.1283856521071789
2013-01-18,0.1261293645284435
2013-01-21,0.12457764978729521
2013-01-22,0.12126267852947249
2013-01-23,0.12093720895266166
2013-01-24,0.12080362402115798
2013-01-25,0.12111636738130895
2013-01-28,0.12112135241850822
2013-01-29,0.11641902209693869
2013-01-30,0.10244710799774197
2013-01-31,0.05787254877818192
2013-02-01,0.06734279846046262
2013-02-04,0.07722445661093703
2013-02-05,0.0845459501455693
2013-02-06,0.08345966458373352
2013-02-07,0.0829044575370574
2013-02-08,0.08102018281967598
2013-02-11,0.08076157402075294
2013-02-12,0.08062916242712638
2013-02-13,0.08033670417251768
2013-02-14,0.08017037417587802
2013-02-15,0.07780107093649312
2013-02-18,0.07679086652879878
2013-02-19,0.08090544644838402
2013-02-20,0.09110733059131168
2013-02-21,0.09350153055351103
2013-02-22,0.09822851200850542
2013-02-25,0.11676311439432516
2013-02-26,0.11809824168566653
2013-02-27,0.12476876353277902
2013-02-28,0.1236563139283743
2013-03-01,0.1232178816586711
2013-03-04,0.11922137015961427
2013-03-05,0.11719355539619648
2013-03-06,0.11152295709499654
2013-03-07,0.11137064906400558
2013-03-08,0.11204094805217017
2013-03-11,0.11073581492016388
2013-03-12,0.1108445417574193
2013-03-13,0.11060393156592525
2013-03-14,0.11216097689831478
2013-03-15,0.11212948492968101
2013-03-18,0.11368642337229191
2013-03-19,0.11387723114269073
2013-03-20,0.11349651442659421
2013-03-21,0.10934757160707007
2013-03-22,0.10998285027694076
2013-03-25,0.10642186367622676
2013-03-26,0.09015151145204141
2013-03-27,0.08753988146476413
2013-03-28,0.07742985059905953
2013-03-29,0.07714387624046457
2013-04-01,0.07823986636436481
2013-04-02,0.07860747845229597
2013-04-03,0.08098593324367523
2013-04-04,0.08185008925805949
2013-04-05,0.08283096026019547
2013-04-08,0.08416488742465375
2013-04-09,0.08411719835213456
2013-04-10,0.09393422575967508
2013-04-11,0.0943594457452851
2013-04-12,0.09275821113358768
2013-04-15,0.12427021005212989
2013-04-16,0.13231943848593652
2013-04-17,0.14130992511340126
2013-04-18,0.14098781776125563
2013-04-19,0.14109091016297617
2013-04-22,0.1394444149877865
2013-04-23,0.143321137770772
2013-04-24,0.14044269306502502
2013-04-25,0.14074620660853107
2013-04-26,0.1398906517715022
2013-04-29,0.14186342762843826
2013-04-30,0.1410222441533786
2013-05-01,0.1436621625122463
2013-05-02,0.1427408067824304
2013-05-03,0.14659282123119072
2013-05-06,0.1457157886051987
2013-05-07,0.1450634896628179
2013-05-08,0.14505615605141517
2013-05-09,0.1395589970769822
2013-05-10,0.13966215966019754
2013-05-13,0.1391429791053356
2013-05-14,0.12005837759032138
2013-05-15,0.11122756748659209
2013-05-16,0.10131258155621983
2013-05-17,0.1049731764904203
2013-05-20,0.10039599129315896
2013-05-21,0.09907343346938934
2013-05-22,0.09712066404754305
2013-05-23,0.09743748965385193
2013-05-24,0.09625896949076111
2013-05-27,0.09584161685888364
2013-05-28,0.09519435829773781
2013-05-29,0.0979949755202523
2013-05-30,0.09340815070354744
2013-05-31,0.1017395746735962
2013-06-03,0.09726019359327077
2013-06-04,0.09873841117926678
2013-06-05,0.10884910408480133
2013-06-06,0.11162377505602675
2013-06-07,0.11944142243563935
2013-06-10,0.11812254182837113
2013-06-11,0.12331449272108849
2013-06-12,0.12188506812694651
2013-06-13,0.13108035157378797
2013-06-14,0.13125384668778553
2013-06-17,0.12894737888477537
2013-06-18,0.13142934561085648
2013-06-19,0.14014749467914708
2013-06-20,0.1641405340699703
2013-06-21,0.16343676820121245
2013-06-24,0.1686369847574635
2013-06-25,0.1713740073245211
2013-06-26,0.17284789456793417
2013-06-27,0.17207481440824146
2013-06-28,0.1718845076172241
2013-07-01,0.16549888270798832
2013-07-02,0.16392053776746832
2013-07-03,0.16254302963247697
2013-07-04,0.15531163312439805
2013-07-05,0.15658613664534518
2013-07-08,0.15137053763546013
2013-07-09,0.15324436674822903
2013-07-10,0.14904996869282627
2013-07-11,0.15372217468688648
2013-07-12,0.14558523999764741
2013-07-15,0.14402596641050294
2013-07-16,0.14215937607204784
2013-07-17,0.13983408893876823
2013-07-18,0.13261305757158245
2013-07-19,0.10109222786699672
2013-07-22,0.10072367620996575
2013-07-23,0.09189350440163675
2013-07-24,0.08705950342732671
2013-07-25,0.08113504678024358
2013-07-26,0.0782580786472289
2013-07-29,0.07792427792420839
2013-07-30,0.07560532117387007
2013-07-31,0.07544482209923693
2013-08-01,0.08732474472652142
2013-08-02,0.08727839062031995
2013-08-05,0.08020539990897693
2013-08-06,0.08072360915796574
2013-08-07,0.077970944625192
2013-08-08,0.0789459513674839
2013-08-09,0.06553479115517602
2013-08-12,0.06462144569564099
2013-08-13,0.06498090467612608
2013-08-14,0.06627689021416855
2013-08-15,0.08329255356508411
2013-08-16,0.08205887116352739
2013-08-19,0.08428914193680262
2013-08-20,0.08474907603067403
2013-08-21,0.08678083310069414
2013-08-22,0.09077374941869636
2013-08-23,0.09112200568823078
2013-08-26,0.09198820381039685
2013-08-27,0.10743627852674133
2013-08-28,0.10745490668016801
2013-08-29,0.10731640374467373
2013-08-30,0.09902259053436303
2013-09-02,0.09856517509904561
2013-09-03,0.09925665377674002
2013-09-04,0.10123176444475979
2013-09-05,0.10023865289196124
2013-09-06,0.09915524847775083
2013-09-09,0.10436414114061186
2013-09-10,0.1072394631751145
2013-09-11,0.10713051641592014
2013-09-12,0.10618902285454665
2013-09-13,0.09463109181702355
2013-09-16,0.09589413836154316
2013-09-17,0.09475439214047998
2013-09-18,0.10308809858322772
2013-09-19,0.10118070767561103
2013-09-20,0.10014044987968909
2013-09-23,0.10046470538159864
2013-09-24,0.09973869461878988
2013-09-25,0.08409372842712287
2013-09-26,0.0842325015448007
2013-09-27,0.08505328660212282
2013-09-30,0.08694242791627743
2013-10-01,0.09120402813220269
2013-10-02,0.08991923881206423
2013-10-03,0.0913835401600389
2013-10-04,0.09437057528892827
2013-10-07,0.098999005977766
2013-10-08,0.10292492042945181
2013-10-09,0.09953124017111203
2013-10-10,0.12507130144415493
2013-10-11,0.12597598968374274
2013-10-14,0.12597574956591304
2013-10-15,0.12666990041788465
2013-10-16,0.13461754220022623
2013-10-17,0.12996505129173655
2013-10-18,0.13143800138721148
2013-10-21,0.1287418691876561
2013-10-22,0.12899273204127426
2013-10-23,0.129516031760989
2013-10-24,0.12939710725961429
2013-10-25,0.1295278331451072
2013-10-28,0.1286370926751384
2013-10-29,0.12830993386757478
2013-10-30,0.12648793179808243
2013-10-31,0.1270466124442234
2013-11-01,0.12355926017227212
2013-11-04,0.12172841682085497
2013-11-05,0.11853623415023734
2013-11-06,0.1117066627321005
2013-11-07,0.1212755897964664
2013-11-08,0.1074845501108356
2013-11-11,0.10502276970665055
2013-11-12,0.10415027730372953
2013-11-13,0.105008474387222
2013-11-14,0.09536052098825962
2013-11-15,0.0934816675867278
2013-11-18,0.09154010175480243
2013-11-19,0.0915853830484897
2013-11-20,0.09024805360396644
2013-11-21,0.09311488643756352
2013-11-22,0.09385827397120224
2013-11-25,0.09257271066877351
2013-11-26,0.09226482469330748
2013-11-27,0.09055609314365923
2013-11-28,0.08887345396247467
2013-11-29,0.0878266119519841
2013-12-02,0.08771689767672149
2013-12-03,0.08754069757988946
2013-12-04,0.0870425254821806
2013-12-05,0.08716870424402876
2013-12-06,0.08447239344718037
2013-12-09,0.0714205772120733
2013-12-10,0.07209357580913554
2013-12-11,0.08228670990896696
2013-12-12,0.07851163350492642
2013-12-13,0.07649204654270289
2013-12-16,0.0781238699588445
2013-12-17,0.07767309219505696
2013-12-18,0.09693290040131192
2013-12-19,0.09578021648181585
2013-12-20,0.09297626154952363
2013-12-23,0.0930290857492817
2013-12-24,0.09318735110856653
2013-12-25,0.09292095066993855
2013-12-26,0.09380434708029096
2013-12-27,0.09360098950743558
2013-12-30,0.0933801577661664
2013-12-31,0.09379520496923184
2014-01-02,0.09836329164782834
2014-01-03,0.09807185210633577
2014-01-06,0.09721780081578006
2014-01-07,0.09191513684941593
2014-01-08,0.09153736448683875
2014-01-09,0.09075067166856504
2014-01-10,0.08241083037705971
2014-01-13,0.09309431388400079
2014-01-14,0.10038302887472753
2014-01-15,0.09946395764531649
2014-01-16,0.09875558339858559
2014-01-17,0.08235043877820111
2014-01-20,0.08205041494903458
2014-01-21,0.08075643218781067
2014-01-22,0.07853421156578579
2014-01-23,0.08408132563151312
2014-01-24,0.11283166753873357
2014-01-27,0.112563705424515
2014-01-28,0.11415802441260305
2014-01-29,0.11955071045599563
2014-01-30,0.1248680313756809
2014-01-31,0.12296830654569325
2014-02-03,0.14781407395973087
2014-02-04,0.1493948691960715
2014-02-05,0.14759691172606296
2014-02-06,0.15351060336336322
2014-02-07,0.160054324902211
2014-02-10,0.1594586998900326
2014-02-11,0.1580505032027679
2014-02-12,0.15335327829133916
2014-02-13,0.15333618382641492
2014-02-14,0.15384559931306663
2014-02-17,0.15295964988310654
2014-02-18,0.1527330924769298
2014-02-19,0.15401943099456755
2014-02-20,0.15523336280467648
2014-02-21,0.15220458459493277
2014-02-24,0.13595456584365911
2014-02-25,0.13482559101565736
2014-02-26,0.13303505948545846
2014-02-27,0.1294269484615738
2014-02-28,0.12396168838981772
2014-03-03,0.12473280889049414
2014-03-04,0.11094005838281079
2014-03-05,0.10757098824323895
2014-03-06,0.10722019940410973
2014-03-07,0.09845463079826976
2014-03-10,0.0874582053646274
2014-03-11,0.0889818091051017
2014-03-12,0.08056443210377023
2014-03-13,0.09075737571066002
2014-03-14,0.08889028240034695
2014-03-17,0.09347808230475779
2014-03-18,0.09658307234884014
2014-03-19,0.09872386702014352
2014-03-20,0.09823743633490553
2014-03-21,0.09641330067003157
2014-03-24,0.09753804183100738
2014-03-25,0.0962747429624691
2014-03-26,0.09921193451680269
2014-03-27,0.09921488009112006
2014-03-28,0.09893182884939944
2014-03-31,0.10217977575924543
2014-04-01,0.10190662425544951
2014-04-02,0.08836991030614576
2014-04-03,0.08824553566577781
2014-04-04,0.09882248879574197
2014-04-07,0.10586631397879517
2014-04-08,0.10632110946357916
2014-04-09,0.11147612472316275
2014-04-10,0.13438403212062294
2014-04-11,0.1322872843352016
2014-04-14,0.13456042328123063
2014-04-15,0.13225660244994927
2014-04-16,0.13471356631043238
2014-04-17,0.13271502066827298
2014-04-18,0.1307331425188584
2014-04-21,0.13067066088145177
2014-04-22,0.13010195581135064
2014-04-23,0.1292202836642975
2014-04-24,0.12689542739638016
2014-04-25,0.1298414741898018
2014-04-28,0.12914865653607482
2014-04-29,0.12724375091721887
2014-04-30,0.12524326453274823
2014-05-01,0.12469347112878307
2014-05-02,0.12457979212806591
2014-05-05,0.1170641012287921
2014-05-06,0.11570745711546908
2014-05-07,0.11652053721464431
2014-05-08,0.11050795148810902
2014-05-09,0.08426580931832997
2014-05-12,0.08482230788638154
2014-05-13,0.0799280922570547
2014-05-14,0.07825401493072591
2014-05-15,0.07734894000555395
2014-05-16,0.07801593370250484
2014-05-19,0.07890046737845645
2014-05-20,0.08108713455231396
2014-05-21,0.08462797265444405
2014-05-22,0.08441990743524563
2014-05-23,0.0852928934619332
2014-05-26,0.08050074802906315
2014-05-27,0.08229959124898822
2014-05-28,0.08061777487000057
2014-05-29,0.08200409541681708
2014-05-30,0.08207129015310773
2014-06-02,0.08182258400431683
2014-06-03,0.08145661605354025
2014-06-04,0.07566150254316246
2014-06-05,0.0766643751986649
2014-06-06,0.07810079711847055
2014-06-09,0.07786217025734327
2014-06-10,0.07060009658370583
2014-06-11,0.07163895322944902
2014-06-12,0.07427762085659825
2014-06-13,0.0678204659991885
2014-06-16,0.06652064467360784
2014-06-17,0.06552803246905711
2014-06-18,0.06731798403984751
2014-06-19,0.06147285547691827
2014-06-20,0.06107721030720729
2014-06-23,0.059222596680604235
2014-06-24,0.06350489835371742
2014-06-25,0.062446878318121284
2014-06-26,0.06231378465697524
2014-06-27,0.0598233995278076
2014-06-30,0.059372854398187146
2014-07-01,0.06370493450166836
2014-07-02,0.06357669893340907
2014-07-03,0.06600466479845181
2014-07-04,0.062077892791320206
2014-07-07,0.061615100768437694
2014-07-08,0.0664636548747063
2014-07-09,0.06825203910355382
2014-07-10,0.0686649861102141
2014-07-11,0.06430861721444565
2014-07-14,0.06551228644395855
2014-07-15,0.06567088016274161
2014-07-16,0.06675561264963965
2014-07-17,0.0747228976409357
2014-07-18,0.08267389429445947
2014-07-21,0.08258284494141124
2014-07-22,0.08416395344160485
2014-07-23,0.08122863026074817
2014-07-24,0.0792977323963494
2014-07-25,0.08091343798849945
2014-07-28,0.08044639534426865
2014-07-29,0.08191250812667575
2014-07-30,0.07856224532698113
2014-07-31,0.10663849286395352
2014-08-01,0.10508477054834053
2014-08-04,0.10770593332620197
2014-08-05,0.11208990870377764
2014-08-06,0.10909847370205102
2014-08-07,0.10947048613554754
2014-08-08,0.11563665373241333
2014-08-11,0.11556896298963168
2014-08-12,0.11424624140114474
2014-08-13,0.1162072862111789
2014-08-14,0.11607598530285017
2014-08-15,0.10860074283806322
2014-08-18,0.1070380829486315
2014-08-19,0.10794333019853342
2014-08-20,0.10672387539618411
2014-08-21,0.1068527523048813
2014-08-22,0.10691111956361442
2014-08-25,0.10680910916586732
2014-08-26,0.1067088839500234
2014-08-27,0.10546221192593722
2014-08-28,0.10552939654630544
2014-08-29,0.081081616091156
2014-09-01,0.08037219887827564
2014-09-02,0.0765414875135134
2014-09-03,0.0690417470952852
2014-09-04,0.06917528018172689
2014-09-05,0.06877948597138134
2014-09-08,0.05775695118826009
2014-09-09,0.061592215889386334
2014-09-10,0.06248770517592939
2014-09-11,0.058149212909897066
2014-09-12,0.0601112762161521
2014-09-15,0.059987352368354986
2014-09-16,0.05872974547257823
2014-09-17,0.056201334583030865
2014-09-18,0.05798813967783157
2014-09-19,0.056964572446018456
2014-09-22,0.06338204840458955
2014-09-23,0.06452315759577675
2014-09-24,0.0698720548554068
2014-09-25,0.09086237013211872
2014-09-26,0.09518029089551297
2014-09-29,0.09455183336275272
2014-09-30,0.09472202251223015
2014-10-01,0.10579196592190425
2014-10-02,0.10534177080690081
2014-10-03,0.11201495426440185
2014-10-06,0.11048476264148967
2014-10-07,0.12250286027848489
2014-10-08,0.1348992091163156
2014-10-09,0.15326971778189016
2014-10-10,0.15808467397302156
2014-10-13,0.16709735046261856
2014-10-14,0.166502369650846
2014-10-15,0.16657867870698398
2014-10-16,0.1659784005506535
2014-10-17,0.17084504451328356
2014-10-20,0.17339441540539727
2014-10-21,0.18420235068984703
2014-10-22,0.18452425215735338
2014-10-23,0.18724668906240183
2014-10-24,0.1801653744705965
2014-10-27,0.17746779547044503
2014-10-28,0.18181537676611081
2014-10-29,0.18124868904304187
2014-10-30,0.1765519382876115
2014-10-31,0.1810307959295841
2014-11-03,0.17675037021171716
2014-11-04,0.17667857481197297
2014-11-05,0.16989754103470803
2014-11-06,0.15976035200908087
2014-11-07,0.14302635042303846
2014-11-10,0.13780773383502
2014-11-11,0.125619177173521
2014-11-12,0.12533568780927476
2014-11-13,0.12210830469503454
2014-11-14,0.121953724355606
2014-11-17,0.11387879273992209
2014-11-18,0.11098390754379733
2014-11-19,0.08953094261697964
2014-11-20,0.08615145730434047
2014-11-21,0.07763253361020858
2014-11-24,0.07441786762816927
2014-11-25,0.07423067652844394
2014-11-26,0.06304091463446614
2014-11-27,0.06273311823198284
2014-11-28,0.05971216122390233
2014-12-01,0.05100982893441757
2014-12-02,0.05555683637267978
2014-12-03,0.056074823391181944
2014-12-04,0.052635168872260656
2014-12-05,0.051188443827291194
2014-12-08,0.0573416482253074
2014-12-09,0.056143951595588826
2014-12-10,0.08131617850202993
2014-12-11,0.0824134973531848
2014-12-12,0.10077743685937306
2014-12-15,0.10285175189401163
2014-12-16,0.1068372597359651
2014-12-17,0.1271107132639439
2014-12-18,0.15205569725802592
2014-12-19,0.15203280624313487
2014-12-22,0.15094916633248281
2014-12-23,0.1501918131460619
2014-12-24,0.1496481411548959
2014-12-25,0.1489152394872359
2014-12-26,0.1489893898649908
2014-12-29,0.14843612132552414
2014-12-30,0.1473884060860874
2014-12-31,0.1502152043170436
2015-01-02,0.14938451136359135
2015-01-05,0.16305476892959114
2015-01-06,0.1657018143259155
2015-01-07,0.16854819942058266
2015-01-08,0.17959885995797803
2015-01-09,0.17291593281440892
2015-01-12,0.17425251628118937
2015-01-13,0.16505876959776214
2015-01-14,0.16459854285398343
2015-01-15,0.1650890621513807
2015-01-16,0.15725566252651585
2015-01-19,0.13470827877570996
2015-01-20,0.1334976817428592
2015-01-21,0.13353980724465428
2015-01-22,0.14356724240098834
2015-01-23,0.14454265513738324
2015-01-26,0.14445642784443274
2015-01-27,0.15161194918056886
2015-01-28,0.1588639213036586
2015-01-29,0.16113188790158645
2015-01-30,0.16371885498048833
2015-02-02,0.1695689646683157
2015-02-03,0.16523647762140445
2015-02-04,0.1626488229638351
2015-02-05,0.16155213836912566
2015-02-06,0.15003960180320736
2015-02-09,0.1476760997512415
2015-02-10,0.14953161572959198
2015-02-11,0.1488913071779203
2015-02-12,0.15112505427159523
2015-02-13,0.14816960082928718
2015-02-16,0.14081294764727414
2015-02-17,0.14064460567205814
2015-02-18,0.1403132165028076
2015-02-19,0.13924782381506332
2015-02-20,0.13104992180829914
2015-02-23,0.1295326556334628
2015-02-24,0.12943188888045826
2015-02-25,0.12100449830604111
2015-02-26,0.1119101571931031
2015-02-27,0.10760488088769374
2015-03-02,0.10028853063553156
2015-03-03,0.09164618543555504
2015-03-04,0.07917112274787699
2015-03-05,0.07781799820461963
2015-03-06,0.08629594463047906
2015-03-09,0.08627943702563623
2015-03-10,0.10458263393702162
2015-03-11,0.09795931624439315
2015-03-12,0.10717927734400905
2015-03-13,0.10399208725389249
2015-03-16,0.1131924683950627
2015-03-17,0.11335176221074073
2015-03-18,0.12068098271252965
2015-03-19,0.12151872960745966
2015-03-20,0.12517033611610498
2015-03-23,0.12322594023705104
2015-03-24,0.12486339369542161
2015-03-25,0.13485222941725628
2015-03-26,0.13469938629797196
2015-03-27,0.134496738899491
2015-03-30,0.14060668333683687
2015-03-31,0.1423191993981528
2015-04-01,0.1418670713965105
2015-04-02,0.14130926865864654
2015-04-03,0.14097183674276825
2015-04-06,0.13421274591181015
2015-04-07,0.13351937798291735
2015-04-08,0.12043504952421898
2015-04-09,0.12106409572834116
2015-04-10,0.11466720845530688
2015-04-13,0.11381874329289243
2015-04-14,0.10427427147164758
2015-04-15,0.10505793178764554
2015-04-16,0.09662932067729747
2015-04-17,0.10343441853136823
2015-04-20,0.1038644084481993
2015-04-21,0.10356607024049864
2015-04-22,0.10276951973947655
2015-04-23,0.09009907707368639
2015-04-24,0.0898481388166919
2015-04-27,0.09054291010074811
2015-04-28,0.08100338751184633
2015-04-29,0.07629377079334329
2015-04-30,0.08334042347021398
2015-05-01,0.09080030308570294
2015-05-04,0.09106262750647655
2015-05-05,0.09782306519058341
2015-05-06,0.09854359797080373
2015-05-07,0.09868157356795894
2015-05-08,0.10821029812980675
2015-05-11,0.10799105619499973
2015-05-12,0.1070638095381672
2015-05-13,0.1066205417730536
2015-05-14,0.11161019074222621
2015-05-15,0.11130627466200416
2015-05-18,0.10469898386260613
2015-05-19,0.09974245841766613
2015-05-20,0.09945274889277145
2015-05-21,0.0980935643332472
2015-05-22,0.0979348394581881
2015-05-25,0.09747700531672648
2015-05-26,0.10321796280073366
2015-05-27,0.10755734243212176
2015-05-28,0.10667619743612687
2015-05-29,0.10329549720986242
2015-06-01,0.09655244316687867
2015-06-02,0.09590318622079276
2015-06-03,0.08712797277847989
2015-06-04,0.0911064133578972
2015-06-05,0.09013717945815679
2015-06-08,0.08116881194023266
2015-06-09,0.07906524136232138
2015-06-10,0.0890158951239001
2015-06-11,0.08891735734790934
2015-06-12,0.08474910502811085
2015-06-15,0.08606353673481046
2015-06-16,0.08749264098845426
2015-06-17,0.0874731726753842
2015-06-18,0.09393645243604498
2015-06-19,0.09529437285248603
2015-06-22,0.09714172917283755
2015-06-23,0.0969207230748596
2015-06-24,0.09399239567032147
2015-06-25,0.08917983504894082
2015-06-26,0.0888537146670116
2015-06-29,0.11443733344678034
2015-06-30,0.1141137305690179
2015-07-01,0.11623765452839994
2015-07-02,0.11563013238392258
2015-07-03,0.11149815924150387
2015-07-06,0.11196386691267912
2015-07-07,0.11157283411420152
2015-07-08,0.12651252267518626
2015-07-09,0.11967733971727403
2015-07-10,0.1268684252190652
2015-07-13,0.13021781350158995
2015-07-14,0.12980567071847288
2015-07-15,0.12803986249769267
2015-07-16,0.1306398614832717
2015-07-17,0.12604621294886303
2015-07-20,0.12449896485755302
2015-07-21,0.12351148740336114
2015-07-22,0.12357216632699615
2015-07-23,0.12254320643947862
2015-07-24,0.1278920554800124
2015-07-27,0.12932541921731946
2015-07-28,0.11610234832907955
2015-07-29,0.1182653956367789
2015-07-30,0.11560052305730324
2015-07-31,0.11561054096448058
2015-08-03,0.11579500492500318
2015-08-04,0.1151185665707754
2015-08-05,0.11358959479197862
2015-08-06,0.1020496096793169
2015-08-07,0.10206553681029569
2015-08-10,0.1034181529145891
2015-08-11,0.10215039384263744
2015-08-12,0.10072940492552021
2015-08-13,0.10049991596691106
2015-08-14,0.09748637666489011
2015-08-17,0.09887545449644643
2015-08-18,0.0990708607697262
2015-08-19,0.10223532160511155
2015-08-20,0.12713814935824844
2015-08-21,0.1704941691838205
2015-08-24,0.21935013646590945
2015-08-25,0.22266188157226552
2015-08-26,0.25684243944509094
2015-08-27,0.2683154130327176
2015-08-28,0.2670577963245132
2015-08-31,0.267563355656837
2015-09-01,0.28724342181704715
2015-09-02,0.29325080601560544
2015-09-03,0.2920879430983933
2015-09-04,0.29525795204091726
2015-09-07,0.2942737885683184
2015-09-08,0.30348372906166826
2015-09-09,0.30511970103247166
2015-09-10,0.30494739870339205
2015-09-11,0.304691754343814
2015-09-14,0.3042121701551733
2015-09-15,0.3065784377745905
2015-09-16,0.3075260858986684
2015-09-17,0.30596761361322583
2015-09-18,0.302639409528938
2015-09-21,0.2821401008374536
2015-09-22,0.25068696082088493
2015-09-23,0.24609599532191856
2015-09-24,0.2091188416200132
2015-09-25,0.19226802995017817
2015-09-28,0.2132435208320966
2015-09-29,0.21079021236469037
2015-09-30,0.19600067095335452
2015-10-01,0.18562804712531233
2015-10-02,0.1917947419943692
2015-10-05,0.19492628277865315
2015-10-06,0.19475413284029974
2015-10-07,0.17746584638984778
2015-10-08,0.17328772498815664
2015-10-09,0.17187144274129879
2015-10-12,0.17080755170464523
2015-10-13,0.17163150406250754
2015-10-14,0.16661931771375857
2015-10-15,0.1718574920908849
2015-10-16,0.17200346833395658
2015-10-19,0.16256095269262424
2015-10-20,0.16159852820489204
2015-10-21,0.15718994479099385
2015-10-22,0.16737922345273654
2015-10-23,0.17113232781659424
2015-10-26,0.1709221783461142
2015-10-27,0.14646912657699537
2015-10-28,0.15195662220348463
2015-10-29,0.13748785300619765
2015-10-30,0.13810799023178508
2015-11-02,0.13577744277865986
2015-11-03,0.12112464944062623
2015-11-04,0.1208666308812052
2015-11-05,0.1175595330810351
2015-11-06,0.11347078090610774
2015-11-09,0.11862031136271989
2015-11-10,0.11837350015277683
2015-11-11,0.11642669452615408
2015-11-12,0.12568687146129434
2015-11-13,0.1219050473798494
2015-11-16,0.1315043913085205
2015-11-17,0.13115211554323067
2015-11-18,0.14257210560420705
2015-11-19,0.14080088983771247
2015-11-20,0.12952238786951548
2015-11-23,0.1237728533432954
2015-11-24,0.1233212905410666
2015-11-25,0.12271221355717418
2015-11-26,0.11578356036614432
2015-11-27,0.11554305353536894
2015-11-30,0.11540085029717471
2015-12-01,0.11443698555655463
2015-12-02,0.12052855306042251
2015-12-03,0.13039197384238468
2015-12-04,0.14870871554893564
2015-12-07,0.1503200684985509
2015-12-08,0.14794010997406323
2015-12-09,0.15002570690631364
2015-12-10,0.14940328011487844
2015-12-11,0.15769578497958425
2015-12-14,0.1533848108701285
2015-12-15,0.14926124011572076
2015-12-16,0.15728382108478783
2015-12-17,0.15679812393007583
2015-12-18,0.16890469864239205
2015-12-21,0.1700089922561478
2015-12-22,0.1722212311007842
2015-12-23,0.177159060926352
2015-12-24,0.17675081373321294
2015-12-25,0.17630734320200409
2015-12-28,0.1760913016907161
2015-12-29,0.17902313143971804
2015-12-30,0.1769617797656255
2015-12-31,0.17593750194802846
2016-01-04,0.17745456394034545
2016-01-05,0.16329452936661337
2016-01-06,0.16797750340329057
2016-01-07,0.18696611409352265
2016-01-08,0.18859935779502102
2016-01-11,0.1878883596104675
2016-01-12,0.1773815549711882
2016-01-13,0.19803151146980935
2016-01-14,0.20283835393544494
2016-01-15,0.21119074111912903
2016-01-18,0.2040829670866635
2016-01-19,0.19411349377118292
2016-01-20,0.19629335039673293
2016-01-21,0.1942847410060622
2016-01-22,0.2022386867991006
2016-01-25,0.2093208518606408
2016-01-26,0.21459046093934847
2016-01-27,0.21743174825912095
2016-01-28,0.2147813717699387
2016-01-29,0.2299985502864635
2016-02-01,0.22714433522876967
2016-02-02,0.23068176873463642
2016-02-03,0.23064627303310833
2016-02-04,0.22579510623270527
2016-02-05,0.22055077324994524
2016-02-08,0.22281314880126607
2016-02-09,0.22224249309068633
2016-02-10,0.22018423304471393
2016-02-11,0.20721883173070924
2016-02-12,0.2105626499863615
2016-02-15,0.1965892470776891
2016-02-16,0.20455769188220424
2016-02-17,0.21214675932111202
2016-02-18,0.20851722428458302
2016-02-19,0.20729062321525255
2016-02-22,0.20193260300739324
2016-02-23,0.19941616055826447
2016-02-24,0.19380642186774233
2016-02-25,0.1939908677560813
2016-02-26,0.19278833727203373
2016-02-29,0.17615545808395525
2016-03-01,0.19479306906303137
2016-03-02,0.18395949709329987
2016-03-03,0.18309452976939344
2016-03-04,0.18294772405611154
2016-03-07,0.1713232281799121
2016-03-08,0.16895836965833513
2016-03-09,0.16949232025352978
2016-03-10,0.1691476791943109
2016-03-11,0.17349354611223564
2016-03-14,0.16035277524212901
2016-03-15,0.16014399529983556
2016-03-16,0.15120216711470852
2016-03-17,0.14230938154069936
2016-03-18,0.1419742856724877
2016-03-21,0.1417461067558798
2016-03-22,0.1329604544653374
2016-03-23,0.12788574479600537
2016-03-24,0.1267846381154186
2016-03-25,0.12068654828605103
2016-03-28,0.12035021611418056
2016-03-29,0.12104915451849602
2016-03-30,0.09202496984383833
2016-03-31,0.09106463496702996
2016-04-01,0.09281329917571333
2016-04-04,0.09267558367754514
2016-04-05,0.09942477363785615
2016-04-06,0.09873260023695021
2016-04-07,0.10613904446726553
2016-04-08,0.10621170157636148
2016-04-11,0.09100818907574525
2016-04-12,0.09677723870228432
2016-04-13,0.10254783273303332
2016-04-14,0.10042636480678785
2016-04-15,0.09767570742746672
2016-04-18,0.09897004307166457
2016-04-19,0.09922584194631713
2016-04-20,0.09896952574233558
2016-04-21,0.09816564384708437
2016-04-22,0.0979431293371747
2016-04-25,0.09798517194153143
2016-04-26,0.0980145982572989
2016-04-27,0.09342279234909238
2016-04-28,0.09796428518420548
2016-04-29,0.09923336690390235
2016-05-02,0.1005581525419124
2016-05-03,0.10455888391307065
2016-05-04,0.10075455573567704
2016-05-05,0.09407168852097525
2016-05-06,0.0852356197567272
2016-05-09,0.08451310766995934
2016-05-10,0.09467724161211458
2016-05-11,0.09508814050731315
2016-05-12,0.08851584972530929
2016-05-13,0.09335763883574866
2016-05-16,0.09918810785464303
2016-05-17,0.1021605342759938
2016-05-18,0.10125224371268568
2016-05-19,0.10178640115642859
2016-05-20,0.10217116350100271
2016-05-23,0.10217655534791237
2016-05-24,0.11261984144037337
2016-05-25,0.11478304735355856
2016-05-26,0.11434505941852795
2016-05-27,0.11070388393397923
2016-05-30,0.10911006314175349
2016-05-31,0.10572701887845898
2016-06-01,0.10139493388534548
2016-06-02,0.09967617511883756
2016-06-03,0.10007481783404056
2016-06-06,0.10082794713914388
2016-06-07,0.10074532970424763
2016-06-08,0.09216889419294433
2016-06-09,0.08634076570351508
2016-06-10,0.09235742535178776
2016-06-13,0.09232197184599474
2016-06-14,0.08623148108596394
2016-06-15,0.08012236999560075
2016-06-16,0.08065317909039649
2016-06-17,0.08035541670318092
2016-06-20,0.08021149916532895
2016-06-21,0.08027164202905997
2016-06-22,0.06587277124176301
2016-06-23,0.07737798352352103
2016-06-24,0.15180632189760052
2016-06-27,0.1638232166739568
2016-06-28,0.17454407495183225
2016-06-29,0.18372367284619437
2016-06-30,0.18899613123093587
2016-07-01,0.18807986513357552
2016-07-04,0.18712566336328215
2016-07-05,0.1874252750269936
2016-07-06,0.18777156215876412
2016-07-07,0.18697953312745497
2016-07-08,0.194075360168303
2016-07-11,0.19146927351982718
2016-07-12,0.19067928577067927
2016-07-13,0.19021637316217685
2016-07-14,0.19069620212010258
2016-07-15,0.1901492129489063
2016-07-18,0.18975911122986602
2016-07-19,0.1886001547921512
2016-07-20,0.18878108100565866
2016-07-21,0.18898187736435043
2016-07-22,0.18409747168917456
2016-07-25,0.13649192672359184
2016-07-26,0.1214960474445675
2016-07-27,0.10575785642226965
2016-07-28,0.08893820217075711
2016-07-29,0.07634767276372247
2016-08-01,0.07602216896429677
2016-08-02,0.07926287597187255
2016-08-03,0.07636445867262888
2016-08-04,0.07401338220746949
2016-08-05,0.07979718268953143
2016-08-08,0.06101815851918433
2016-08-09,0.059702831589567365
2016-08-10,0.0555966523236539
2016-08-11,0.05783753274061214
2016-08-12,0.054925312324541564
2016-08-15,0.05551507534793969
2016-08-16,0.05824155585254019
2016-08-17,0.058208147687300045
2016-08-18,0.056737867228135674
2016-08-19,0.05550486773896129
2016-08-22,0.053233282091020975
2016-08-23,0.052549763039865895
2016-08-24,0.05574928453487126
2016-08-25,0.055688337157889276
2016-08-26,0.05559909712404609
2016-08-29,0.05818815138578008
2016-08-30,0.05834238594168607
2016-08-31,0.05476074938190934
2016-09-01,0.05359882479910216
2016-09-02,0.05547814053788365
2016-09-05,0.047165782060146065
2016-09-06,0.04808996722465887
2016-09-07,0.04796876134368342
2016-09-08,0.04758323367614902
2016-09-09,0.09945605808844364
2016-09-12,0.11157966965628277
2016-09-13,0.12285671125017164
2016-09-14,0.1208125869049465
2016-09-15,0.1252693983371003
2016-09-16,0.12526245698621233
2016-09-19,0.12468821805433959
2016-09-20,0.12425835280043684
2016-09-21,0.12958342141811632
2016-09-22,0.1300167568318052
2016-09-23,0.13124060873472948
2016-09-26,0.13443237125654256
2016-09-27,0.13486630633692126
2016-09-28,0.1356864212819326
2016-09-29,0.13929484595566693
2016-09-30,0.14181630858582878
2016-10-03,0.14132051910995297
2016-10-04,0.14220268808629766
2016-10-05,0.14240824434394714
2016-10-06,0.14220077532097747
2016-10-07,0.14230830100762756
2016-10-10,0.11577772321875153
2016-10-11,0.11377964276921654
2016-10-12,0.10166428769408531
2016-10-13,0.10198144152110086
2016-10-14,0.09585433509794354
2016-10-17,0.0953971135470655
2016-10-18,0.09761827021424292
2016-10-19,0.09769329585951994
2016-10-20,0.09045915699352539
2016-10-21,0.0875763006875347
2016-10-24,0.08683854350941447
2016-10-25,0.08277440704982751
2016-10-26,0.07995732827671283
2016-10-27,0.0785345285228187
2016-10-28,0.07258066810102966
2016-10-31,0.0672631025287365
2016-11-01,0.0705963323254354
2016-11-02,0.07232593377717486
2016-11-03,0.0724315366963051
2016-11-04,0.07245841400215987
2016-11-07,0.1059379071595503
2016-11-08,0.10513902998367802
2016-11-09,0.10342607430115072
2016-11-10,0.10310638632822156
2016-11-11,0.10229183099589602
2016-11-14,0.10193086313560236
2016-11-15,0.10448101655826819
2016-11-16,0.10225037506294117
2016-11-17,0.10302704797119054
2016-11-18,0.10304357294543634
2016-11-21,0.10613510826292241
2016-11-22,0.10495696143200922
2016-11-23,0.10399668781378775
2016-11-24,0.10365425499975164
2016-11-25,0.10391655803733567
2016-11-28,0.10497664627356493
2016-11-29,0.10492587262488347
2016-11-30,0.10268948240710338
2016-12-01,0.10095697474858986
2016-12-02,0.09971885030698918
2016-12-05,0.10154303154744058
2016-12-06,0.06997388874134003
2016-12-07,0.08289568882656274
2016-12-08,0.07411323718696101
2016-12-09,0.07647012381095453
2016-12-12,0.07618794415208724
2016-12-13,0.07938305277138
2016-12-14,0.08055193337694412
2016-12-15,0.08125010450118259
2016-12-16,0.07971343317242463
2016-12-19,0.07937230642925547
2016-12-20,0.07614696578061489
2016-12-21,0.07613906138320717
2016-12-22,0.07622705290962749
2016-12-23,0.07618931363447054
2016-12-26,0.07489531222708976
2016-12-27,0.0730359776728167
2016-12-28,0.07879029973567836
2016-12-29,0.0781096323706812
2016-12-30,0.07885074842080597
2017-01-02,0.07867815464793788
2017-01-03,0.0817272629136606
2017-01-04,0.08320545822240602
2017-01-05,0.07030619225665623
2017-01-06,0.07081689520946065
2017-01-09,0.06896077698009918
2017-01-10,0.06867922135460523
2017-01-11,0.06562597841712262
2017-01-12,0.05990870504663829
2017-01-13,0.058652550779272165
2017-01-16,0.05821924838231365
2017-01-17,0.05872401138105336
2017-01-18,0.05762474613290356
2017-01-19,0.0584058352961334
2017-01-20,0.059133019673068665
2017-01-23,0.05968597591861281
2017-01-24,0.06391351543429465
2017-01-25,0.06936863826195021
2017-01-26,0.06316049333635451
2017-01-27,0.06307087858894674
2017-01-30,0.06468296800458097
2017-01-31,0.06458886892188163
2017-02-01,0.05773677025258172
2017-02-02,0.05427534365556859
2017-02-03,0.059832672727296254
2017-02-06,0.05897586210487717
2017-02-07,0.05756995821752213
2017-02-08,0.057467727842339694
2017-02-09,0.06005838423131674
2017-02-10,0.06077148421460714
2017-02-13,0.0630763784737146
2017-02-14,0.06448749712402688
2017-02-15,0.06594381467949921
2017-02-16,0.06561752983324531
2017-02-17,0.06459933370646666
2017-02-20,0.06347894721487483
2017-02-21,0.06624393932132064
2017-02-22,0.062440746655262565
2017-02-23,0.056164686837567965
2017-02-24,0.05623421619377267
2017-02-27,0.056167100920575704
2017-02-28,0.053087387227228285
2017-03-01,0.07161757565891333
2017-03-02,0.07443356623736126
2017-03-03,0.07416295042570407
2017-03-06,0.07077070436264334
2017-03-07,0.07098036189536094
2017-03-08,0.0712605678227335
2017-03-09,0.07108002532095128
2017-03-10,0.06915699237032166
2017-03-13,0.06794941415280513
2017-03-14,0.06660328188634976
2017-03-15,0.07146639978745417
2017-03-16,0.06952108465445399
2017-03-17,0.06946155686891343
2017-03-20,0.06947039766888377
2017-03-21,0.08253472211342207
2017-03-22,0.07995175077117597
2017-03-23,0.07971715291056668
2017-03-24,0.0795490049990187
2017-03-27,0.07928764778290683
2017-03-28,0.08307633953652406
2017-03-29,0.08250881820327444
2017-03-30,0.06908701373319276
2017-03-31,0.0664946050178359
2017-04-03,0.06658221746102522
2017-04-04,0.06551860557045015
2017-04-05,0.06558674090298032
2017-04-06,0.06533551347673605
2017-04-07,0.06523831444507255
2017-04-10,0.06422931851284293
2017-04-11,0.06434681277104794
2017-04-12,0.06469136964845167
2017-04-13,0.06310221123902941
2017-04-14,0.06270028631089761
2017-04-17,0.06941258178585658
2017-04-18,0.06969892864906511
2017-04-19,0.055569338197528885
2017-04-20,0.06112038174210632
2017-04-21,0.0617886800494987
2017-04-24,0.0724464262331898
2017-04-25,0.07521385750082088
2017-04-26,0.07087406114849121
2017-04-27,0.07055514567779352
2017-04-28,0.06999440035079219
2017-05-01,0.06963648144376422
2017-05-02,0.06935960618517002
2017-05-03,0.0693478020600974
2017-05-04,0.06846081826400638
2017-05-05,0.06952897582094059
2017-05-08,0.06935801960504351
2017-05-09,0.06932762603299798
2017-05-10,0.06917319994881693
2017-05-11,0.06837177712354697
2017-05-12,0.06448808632686631
2017-05-15,0.06656535221912828
2017-05-16,0.059866928343418606
2017-05-17,0.08827997341509013
2017-05-18,0.08864080092019865
2017-05-19,0.08783786285314252
2017-05-22,0.08876565412340717
2017-05-23,0.08082320967765971
2017-05-24,0.07833594487110974
2017-05-25,0.0795907393672134
2017-05-26,0.07932491898573601
2017-05-29,0.07884267146558359
2017-05-30,0.07856480687354005
2017-05-31,0.07831536862112304
2017-06-01,0.08249312454718533
2017-06-02,0.08331870598641324
2017-06-05,0.08213453480016948
2017-06-06,0.08261910198085165
2017-06-07,0.0825884453385889
2017-06-08,0.08238683604642143
2017-06-09,0.08202047963443683
2017-06-12,0.08186149528794104
2017-06-13,0.08172758984887524
2017-06-14,0.081696000987705
2017-06-15,0.053611085273435576
2017-06-16,0.05203355239376993
2017-06-19,0.055169581480492884
2017-06-20,0.05750328518452339
2017-06-21,0.05698811631033339
2017-06-22,0.056194287394326685
2017-06-23,0.05423855886940313
2017-06-26,0.05407763711826635
2017-06-27,0.0613112185404736
2017-06-28,0.06843496825111761
2017-06-29,0.07490777162810963
2017-06-30,0.07031133922916058
2017-07-03,0.06937839590597135
2017-07-04,0.06901506700917234
2017-07-05,0.06833822935795779
2017-07-06,0.07589549630848134
2017-07-07,0.07892992662895579
2017-07-10,0.07869136707941875
2017-07-11,0.07846205727165091
2017-07-12,0.08098371441216448
2017-07-13,0.08096543383686412
2017-07-14,0.08208809169063139
2017-07-17,0.08191149036540839
2017-07-18,0.07679296542419936
2017-07-19,0.07560733877324731
2017-07-20,0.07543815465057269
2017-07-21,0.07530935678399713
2017-07-24,0.07511862068435478
2017-07-25,0.07570139224842477
2017-07-26,0.07046110951142207
2017-07-27,0.0639166654663646
2017-07-28,0.056964560985517936
2017-07-31,0.05670934557667613
2017-08-01,0.056731942576297996
2017-08-02,0.05667964279585949
2017-08-03,0.05696946420082293
2017-08-04,0.04759902655416728
2017-08-07,0.04271228588764775
2017-08-08,0.0434361146993057
2017-08-09,0.043304562133801794
2017-08-10,0.06319349999892702
2017-08-11,0.06267458110743473
2017-08-14,0.06998737936492606
2017-08-15,0.0696714779166563
2017-08-16,0.06951012254839954
2017-08-17,0.0870285687006826
2017-08-18,0.08685547736146332
2017-08-21,0.08655119873078136
2017-08-22,0.09301544077041546
2017-08-23,0.09299038040791906
2017-08-24,0.09298041769549593
2017-08-25,0.09281762222061027
2017-08-28,0.09247191595940497
2017-08-29,0.09226637991254209
2017-08-30,0.09313038913267593
2017-08-31,0.09509942706282637
2017-09-01,0.09488673565589827
2017-09-04,0.09452023839853578
2017-09-05,0.0980904273481792
2017-09-06,0.09819141057542279
2017-09-07,0.09803663042691996
2017-09-08,0.08474077521383015
2017-09-11,0.09275721863402465
2017-09-12,0.08695417297594642
2017-09-13,0.08677872673213478
2017-09-14,0.08657555018431
2017-09-15,0.06883082119354211
2017-09-18,0.06856451909000388
2017-09-19,0.06840942187076281
2017-09-20,0.059548830967406645
2017-09-21,0.05930716291588474
2017-09-22,0.0587980619788309
2017-09-25,0.05897970514081551
2017-09-26,0.058849194192537216
2017-09-27,0.06041278371528818
2017-09-28,0.0584121219956942
2017-09-29,0.05654943854123021
2017-10-02,0.05768224530274156
2017-10-03,0.058073631913119955
2017-10-04,0.05218013728569462
2017-10-05,0.054754318798909796
2017-10-06,0.054795201533654594
2017-10-09,0.05487259898800251
2017-10-10,0.041650047865324884
2017-10-11,0.040436057913103875
2017-10-12,0.04073473889446328
2017-10-13,0.04057169128373174
2017-10-16,0.04045494633450157
2017-10-17,0.040137844053662206
2017-10-18,0.039970415862993346
2017-10-19,0.03986778703138379
2017-10-20,0.04246341161051198
2017-10-23,0.04471667183207649
2017-10-24,0.04432198171426556
2017-10-25,0.047346252325744013
2017-10-26,0.04536699895045272
2017-10-27,0.053318383645344546
2017-10-30,0.052944794795893556
2017-10-31,0.0512216160931383
2017-11-01,0.050837572667624384
2017-11-02,0.050527793880531004
2017-11-03,0.047906607181180665
2017-11-06,0.04784429404267789
2017-11-07,0.04735562046331635
2017-11-08,0.04686775543903724
2017-11-09,0.04835873122658901
2017-11-10,0.04803991092057994
2017-11-13,0.04796927842247208
2017-11-14,0.048270756813291966
2017-11-15,0.05212085463171134
2017-11-16,0.059443967757984065
2017-11-17,0.06002803014069509
2017-11-20,0.057478112258601353
2017-11-21,0.06030360938555468
2017-11-22,0.059949233119945024
2017-11-23,0.05766441176388452
2017-11-24,0.05780365369832514
2017-11-27,0.05088141568034311
2017-11-28,0.060565341731422535
2017-11-29,0.0602921538114825
2017-11-30,0.0664809259105559
2017-12-01,0.06667892193741294
2017-12-04,0.06577453093784372
2017-12-05,0.06685339683485184
2017-12-06,0.06668004234147318
2017-12-07,0.06713486344426357
2017-12-08,0.06857041035500787
2017-12-11,0.06926838676877808
2017-12-12,0.06925913124869909
2017-12-13,0.06872481486329868
2017-12-14,0.0676429615809719
2017-12-15,0.06928165429801116
2017-12-18,0.0710747244323679
2017-12-19,0.0717316469403518
2017-12-20,0.0681440431828876
2017-12-21,0.06828139577972075
2017-12-22,0.06816457717480334
2017-12-25,0.06768439251394463
2017-12-26,0.06768086481349445
2017-12-27,0.058941714661159376
2017-12-28,0.05917063495918339
2017-12-29,0.05550523379905652
2018-01-02,0.062274045189479904
2018-01-03,0.06596703667683684
2018-01-04,0.06607331329498822
2018-01-05,0.07040700471122348
2018-01-08,0.06974307888252598
2018-01-09,0.06718875680080082
2018-01-10,0.06628628791142384
2018-01-11,0.07044951416511706
2018-01-12,0.07418807866299866
2018-01-15,0.07271158447147759
2018-01-16,0.06718649130622194
2018-01-17,0.07258321239106603
2018-01-18,0.07177451140402936
2018-01-19,0.07315654921222788
2018-01-22,0.07803448946069017
2018-01-23,0.07816935401626378
2018-01-24,0.07801271575363374
2018-01-25,0.07778951653658667
2018-01-26,0.08814487913327966
2018-01-29,0.09100757907507687
2018-01-30,0.09734387609685906
2018-01-31,0.09291987700606047
2018-02-01,0.09012029360380679
2018-02-02,0.11738130672779028
2018-02-05,0.18832340737175993
2018-02-06,0.19699527418818089
2018-02-07,0.19675506503243242
2018-02-08,0.23885546166798813
2018-02-09,0.24228809957086897
2018-02-12,0.24509857838306204
2018-02-13,0.24427740534725226
2018-02-14,0.2476794230312064
2018-02-15,0.2485178386727529
2018-02-16,0.24772655328489285
2018-02-19,0.24664351231880705
2018-02-20,0.2454897902099186
2018-02-21,0.24568495919490307
2018-02-22,0.24525189599561892
2018-02-23,0.2512987897962279
2018-02-26,0.2511603229531682
2018-02-27,0.25389588891599263
2018-02-28,0.2539443470143188
2018-03-01,0.25806666631763103
2018-03-02,0.2582738223911257
2018-03-05,0.2505512343025261
2018-03-06,0.20646756302077943
2018-03-07,0.19762010390690624
2018-03-08,0.19717338436665618
2018-03-09,0.16046115102373826
2018-03-12,0.15199528285405392
2018-03-13,0.14599069389593566
2018-03-14,0.14677201068445947
2018-03-15,0.139312753006681
2018-03-16,0.13302484775564108
2018-03-19,0.1422608704246739
2018-03-20,0.1419584142530297
2018-03-21,0.14038588478247993
2018-03-22,0.16610022366836216
2018-03-23,0.18205223450623448
2018-03-26,0.19776230845151563
2018-03-27,0.20276435990259653
2018-03-28,0.19751842359781802
2018-03-29,0.19912927769934916
2018-03-30,0.19314335049727338
2018-04-02,0.2080837922712329
2018-04-03,0.20879627242123508
2018-04-04,0.21187929731961816
2018-04-05,0.2126095734400804
2018-04-06,0.2258874589580396
2018-04-09,0.21785776559641665
2018-04-10,0.22508516864824504
2018-04-11,0.22433496544159617
2018-04-12,0.22484568543950628
2018-04-13,0.2245895684091285
2018-04-16,0.22590669369433397
2018-04-17,0.22345009381515674
2018-04-18,0.22302962301311097
2018-04-19,0.22357181764112197
2018-04-20,0.20822905242746326
2018-04-23,0.19515276237436543
2018-04-24,0.17910611322047185
2018-04-25,0.16884212389819014
2018-04-26,0.17219636270773403
2018-04-27,0.1655505522707803
2018-04-30,0.16786783452886786
2018-05-01,0.1493710591049235
2018-05-02,0.14526121006769996
2018-05-03,0.1398831168785032
2018-05-04,0.14491367775774092
2018-05-07,0.12420933619918148
2018-05-08,0.1233745450219626
2018-05-09,0.11474829535820354
2018-05-10,0.11762175147523002
2018-05-11,0.11409695425907736
2018-05-14,0.11341595888631233
2018-05-15,0.11255330999692816
2018-05-16,0.10734321775851843
2018-05-17,0.1071018239928418
2018-05-18,0.10553647003247374
2018-05-21,0.10455554767148505
2018-05-22,0.10496276642522712
2018-05-23,0.09500612816511213
2018-05-24,0.09489865025230457
2018-05-25,0.08838962167862068
2018-05-28,0.08813686807707373
2018-05-29,0.09332250066760837
2018-05-30,0.10293416949789985
2018-05-31,0.10270310104808343
2018-06-01,0.10904080857491878
2018-06-04,0.10102371746219764
2018-06-05,0.10003153873467706
2018-06-06,0.1042141333429479
2018-06-07,0.09870491028796421
2018-06-08,0.09386926860410968
2018-06-11,0.09350387642473143
2018-06-12,0.0934255711861346
2018-06-13,0.09146326163686722
2018-06-14,0.09064284151503103
2018-06-15,0.09050620733475732
2018-06-18,0.09025170327379681
2018-06-19,0.08782479455175853
2018-06-20,0.087233136554124
2018-06-21,0.08940397607429695
2018-06-22,0.08921895200099589
2018-06-25,0.10162097074843635
2018-06-26,0.10163381486244556
2018-06-27,0.0984658389288775
2018-06-28,0.091047550341789
2018-06-29,0.08772354046600235
2018-07-02,0.08018235218784374
2018-07-03,0.0804939741092516
2018-07-04,0.08019926524609068
2018-07-05,0.08054699340496825
2018-07-06,0.08564875456788952
2018-07-09,0.09026023109747558
2018-07-10,0.09071716287596807
2018-07-11,0.09383454166191736
2018-07-12,0.09757856854568742
2018-07-13,0.0970052579785608
2018-07-16,0.09677550166493866
2018-07-17,0.09729399398701903
2018-07-18,0.09642507111268829
2018-07-19,0.0971424438440672
2018-07-20,0.09461931494869034
2018-07-23,0.09447055954393697
2018-07-24,0.08363325055681933
2018-07-25,0.0891428324536189
2018-07-26,0.08473307464502391
2018-07-27,0.08530046256298901
2018-07-30,0.08756084924005086
2018-07-31,0.08841178583316048
2018-08-01,0.08668521104312088
2018-08-02,0.08822089716078897
2018-08-03,0.08470439510589689
2018-08-06,0.08051163611743475
2018-08-07,0.07528922099877353
2018-08-08,0.07421562018333153
2018-08-09,0.07025023357435108
2018-08-10,0.06861023747329527
2018-08-13,0.06985003194237364
2018-08-14,0.073126941970578
2018-08-15,0.07676237021065019
2018-08-16,0.08114011896705224
2018-08-17,0.08061526801634797
2018-08-20,0.0807679798789153
2018-08-21,0.0806478128861463
2018-08-22,0.07885426172925883
2018-08-23,0.07274761585309372
2018-08-24,0.07511051033907878
2018-08-27,0.07650432056065119
2018-08-28,0.07377253258954213
2018-08-29,0.0744843215980272
2018-08-30,0.07593990061389241
2018-08-31,0.07391156715682552
2018-09-03,0.07206440577809074
2018-09-04,0.0711844362553253
2018-09-05,0.07114840916314788
2018-09-06,0.07224495571358873
2018-09-07,0.07240631561361287
2018-09-10,0.06844111108518341
2018-09-11,0.06823479948762588
2018-09-12,0.06463254902502323
2018-09-13,0.061991025017528116
2018-09-14,0.05581869426304808
2018-09-17,0.05816096497800897
2018-09-18,0.06045544385503295
2018-09-19,0.06004107620054552
2018-09-20,0.06596813266112302
2018-09-21,0.06555992163743068
2018-09-24,0.06327606624186548
2018-09-25,0.0577790403260023
2018-09-26,0.058844521299199135
2018-09-27,0.05627535689022171
2018-09-28,0.054077976898714256
2018-10-01,0.055430171410573416
2018-10-02,0.05532654052714823
2018-10-03,0.05497854513676633
2018-10-04,0.06157604816434341
2018-10-05,0.06337164193249813
2018-10-08,0.0627428797602732
2018-10-09,0.06245732512693286
2018-10-10,0.13416510731287226
2018-10-11,0.15272138598830534
2018-10-12,0.15892730230318625
2018-10-15,0.1595451162190634
2018-10-16,0.17491901859599396
2018-10-17,0.1731939295167731
2018-10-18,0.1801122361598551
2018-10-19,0.17748017797025217
2018-10-22,0.17756144535482082
2018-10-23,0.17774939512405866
2018-10-24,0.20970518890281162
2018-10-25,0.21872959336227843
2018-10-26,0.22658973481335593
2018-10-29,0.22707108253403038
2018-10-30,0.23271931659729933
2018-10-31,0.23520148942686073
2018-11-01,0.23753167872335973
2018-11-02,0.23645343594182208
2018-11-05,0.23603348897914986
2018-11-06,0.23661783770223965
2018-11-07,0.24770658239221993
2018-11-08,0.22004488211177894
2018-11-09,0.2106393486706397
2018-11-12,0.2167301065660439
2018-11-13,0.21531829622422322
2018-11-14,0.20425422785518008
2018-11-15,0.20718614794884205
2018-11-16,0.20098526018884474
2018-11-19,0.2094003831545214
2018-11-20,0.21851685684294828
2018-11-21,0.21745717807746265
2018-11-22,0.18929546364377706
2018-11-23,0.17978435167237683
2018-11-26,0.17795863660677483
2018-11-27,0.17643669907114126
2018-11-28,0.1864114121766904
2018-11-29,0.1823860265680574
2018-11-30,0.1806792217146812
2018-12-03,0.18304310805926957
2018-12-04,0.21638378429953625
2018-12-05,0.21457144216544818
2018-12-06,0.20183274352420025
2018-12-07,0.21803890515536
2018-12-10,0.21512879838062404
2018-12-11,0.2036415994619527
2018-12-12,0.20388132050354646
2018-12-13,0.20172788985230913
2018-12-14,0.20975732059920016
2018-12-17,0.2221733337477699
2018-12-18,0.21414510234247108
2018-12-19,0.21181460497585963
2018-12-20,0.2185220604905147
2018-12-21,0.2302883650240307
2018-12-24,0.24879345354224072
2018-12-25,0.24243916205009394
2018-12-26,0.29679252442570025
2018-12-27,0.2870562053885048
2018-12-28,0.28593657379536375
2018-12-31,0.285255048230884
2019-01-02,0.28206825908253935
2019-01-03,0.27349733393723763
2019-01-04,0.29800171657925073
2019-01-07,0.2979917810931944
2019-01-08,0.28822375815968
2019-01-09,0.2877130799688647
2019-01-10,0.2874422139907126
2019-01-11,0.28623987906241694
2019-01-14,0.2863317955054751
2019-01-15,0.28087469228581136
2019-01-16,0.2713796517849821
2019-01-17,0.2722900030362514
2019-01-18,0.2708298253831773
2019-01-21,0.2650521004792436
2019-01-22,0.2602553678177486
2019-01-23,0.24279237160064504
2019-01-24,0.24249849858562395
2019-01-25,0.1808963912727537
2019-01-28,0.18044083918017959
2019-01-29,0.1801151086669056
2019-01-30,0.18579408084246343
2019-01-31,0.18784744030736863
2019-02-01,0.1672401346509222
2019-02-04,0.12399269622190294
2019-02-05,0.1224181194005242
2019-02-06,0.11787359452197703
2019-02-07,0.12149759983322979
2019-02-08,0.12019198552275187
2019-02-11,0.11989658919341145
2019-02-12,0.12673419958783114
2019-02-13,0.12160547862172762
2019-02-14,0.12146097837313014
2019-02-15,0.12453134791654115
2019-02-18,0.11605769630878791
2019-02-19,0.11589432916010857
2019-02-20,0.10528225716003455
2019-02-21,0.10556795541293984
2019-02-22,0.10764966358936312
2019-02-25,0.10364663681489766
2019-02-26,0.10000993522052366
2019-02-27,0.09974046292743464
2019-02-28,0.0854264673301335
2019-03-01,0.08379509912806644
2019-03-04,0.08473592714195334
2019-03-05,0.08152158370516749
2019-03-06,0.08320066214130627
2019-03-07,0.08771867481424708
2019-03-08,0.08187262759002296
2019-03-11,0.09664592996676127
2019-03-12,0.09683295850648571
2019-03-13,0.08967371149678606
2019-03-14,0.08883587764275572
2019-03-15,0.08983049194324035
2019-03-18,0.08277349653493343
2019-03-19,0.08252599704945712
2019-03-20,0.08285045332458124
2019-03-21,0.09090045069077228
2019-03-22,0.11304304510950224
2019-03-25,0.11052168018701188
2019-03-26,0.11290233873775014
2019-03-27,0.11373393484526682
2019-03-28,0.11405896864650877
2019-03-29,0.11580125652443683
2019-04-01,0.12028638909588901
2019-04-02,0.1192314555576223
2019-04-03,0.11911259262924276
2019-04-04,0.11699911837140393
2019-04-05,0.11462603025393997
2019-04-08,0.11424018529808513
2019-04-09,0.10517500784875998
2019-04-10,0.10519689975109245
2019-04-11,0.1023587887634234
2019-04-12,0.10477191896608815
2019-04-15,0.10326675868246231
2019-04-16,0.10236413656896158
2019-04-17,0.10256948470999563
2019-04-18,0.10210405996248129
2019-04-19,0.09523052626032624
2019-04-22,0.06969766775051674
2019-04-23,0.07620422210671862
2019-04-24,0.0725219523242561
2019-04-25,0.07064004026960068
2019-04-26,0.07137032478154746
2019-04-29,0.0676028088905639
2019-04-30,0.05519889720590777
2019-05-01,0.06136349193440306
2019-05-02,0.06122944308312652
2019-05-03,0.06953125539689935
2019-05-06,0.0694191429605619
2019-05-07,0.0912733474063506
2019-05-08,0.08867358175236055
2019-05-09,0.08818683112085686
2019-05-10,0.08879511683936875
2019-05-13,0.12235742355327343
2019-05-14,0.12495095377632112
2019-05-15,0.12605450418868064
2019-05-16,0.12917950984955057
2019-05-17,0.13031142196277523
2019-05-20,0.13214234433956035
2019-05-21,0.13505782216074838
2019-05-22,0.13173786380479643
2019-05-23,0.13804252324341468
2019-05-24,0.1377252381892062
2019-05-27,0.1364727118267334
2019-05-28,0.13944514710669298
2019-05-29,0.14133003753683068
2019-05-30,0.13890631830799577
2019-05-31,0.1464229262777986
2019-06-03,0.14280304211476824
2019-06-04,0.16054856729452838
2019-06-05,0.15259463673706536
2019-06-06,0.1535821281581613
2019-06-07,0.1572685659491571
2019-06-10,0.15722833393411936
2019-06-11,0.13333736776284355
2019-06-12,0.13042045207832811
2019-06-13,0.12939905818166852
2019-06-14,0.125723674984346
2019-06-17,0.12392587506798579
2019-06-18,0.12630098312712115
2019-06-19,0.12319601440818737
2019-06-20,0.12707330851982476
2019-06-21,0.12025968112625367
2019-06-24,0.12011700199375076
2019-06-25,0.12471855716556837
2019-06-26,0.12127117223331339
2019-06-27,0.11951407493247039
2019-06-28,0.1208213995034503
2019-07-01,0.1151713290969661
2019-07-02,0.11503773524571083
2019-07-03,0.09366595890801546
2019-07-04,0.08928373144026253
2019-07-05,0.08688164659043444
2019-07-08,0.08106308928500376
2019-07-09,0.07941070126986931
2019-07-10,0.0807795094791627
2019-07-11,0.08069401971159638
2019-07-12,0.08098171699562358
2019-07-15,0.08064366940630374
2019-07-16,0.08139489822408504
2019-07-17,0.07803551960721075
2019-07-18,0.07821770762840403
2019-07-19,0.0746554669850103
2019-07-22,0.07498729612139919
2019-07-23,0.07839140555414198
2019-07-24,0.07310592675141055
2019-07-25,0.07524247339148062
2019-07-26,0.07837946170531021
2019-07-29,0.07594431062806699
2019-07-30,0.07181171444825225
2019-07-31,0.08108073221990329
2019-08-01,0.08314519331438001
2019-08-02,0.08688371924501564
2019-08-05,0.13835566943931046
2019-08-06,0.14412748624820199
2019-08-07,0.14335890976307267
2019-08-08,0.15656265202815198
2019-08-09,0.15751480758432848
2019-08-12,0.16232644312726582
2019-08-13,0.17030488103617988
2019-08-14,0.1999305111333828
2019-08-15,0.19803940529739647
2019-08-16,0.20340694391067396
2019-08-19,0.20609891285880164
2019-08-20,0.2072023171223909
2019-08-21,0.20736479192602963
2019-08-22,0.20622803099725368
2019-08-23,0.22552747389611952
2019-08-26,0.22683649988733298
2019-08-27,0.22647340145870126
2019-08-28,0.2269552499893069
2019-08-29,0.2278820776359383
2019-08-30,0.225365923548698
2019-09-02,0.22359901936919585
2019-09-03,0.1999808947341296
2019-09-04,0.1984826968351953
2019-09-05,0.20335486893282953
2019-09-06,0.19301089799576165
2019-09-09,0.19135640282624125
2019-09-10,0.18639863050854527
2019-09-11,0.18086444523449607
2019-09-12,0.15031575357286805
2019-09-13,0.14983731084931182
2019-09-16,0.1419869343322906
2019-09-17,0.1360811384111132
2019-09-18,0.13318866729008766
2019-09-19,0.13006713349821883
2019-09-20,0.1310962927037622
2019-09-23,0.09606303500478441
2019-09-24,0.09353032736070815
2019-09-25,0.09515991374556144
2019-09-26,0.09274805455007862
2019-09-27,0.08432890829710808
2019-09-30,0.08591307825158144
2019-10-01,0.09643369795636668
2019-10-02,0.11346586963456172
2019-10-03,0.11054962954474039
2019-10-04,0.11277545360383096
2019-10-07,0.11335228875827007
2019-10-08,0.1260747338028539
2019-10-09,0.12955603857471293
2019-10-10,0.12871110862388283
2019-10-11,0.1335679067523792
2019-10-14,0.1331777212599313
2019-10-15,0.1369295167315335
2019-10-16,0.13644915607197758
2019-10-17,0.13643241678457182
2019-10-18,0.13686541258846766
2019-10-21,0.13772024758490412
2019-10-22,0.13806539130433057
2019-10-23,0.13518926301329307
2019-10-24,0.1335287349639222
2019-10-25,0.13384876228946627
2019-10-28,0.13390286104546445
2019-10-29,0.13268530720851643
2019-10-30,0.12630712673610703
2019-10-31,0.11091334096750222
2019-11-01,0.11274163394620514
2019-11-04,0.10273586431437358
2019-11-05,0.10151708000904394
2019-11-06,0.08637201538969705
2019-11-07,0.08112199272403227
2019-11-08,0.07852289241653876
2019-11-11,0.06956364045524008
2019-11-12,0.06945995819582304
2019-11-13,0.06072470342321504
2019-11-14,0.060276732367105845
2019-11-15,0.06534054055015678
2019-11-18,0.06383416384361358
2019-11-19,0.05937457982489241
2019-11-20,0.059578577735284785
2019-11-21,0.05894720324100938
2019-11-22,0.05894274991578223
2019-11-25,0.06303030408953415
2019-11-26,0.06046643151220503
2019-11-27,0.062012011734668276
2019-11-28,0.060887843240974286
2019-11-29,0.06163821266998248
2019-12-02,0.06077972845875911
2019-12-03,0.06390705083824147
2019-12-04,0.06731118541946386
2019-12-05,0.067205713506705
2019-12-06,0.07376321121564122
2019-12-09,0.07389344544092569
2019-12-10,0.07346591856719703
2019-12-11,0.07376122645122746
2019-12-12,0.07951499766025094
2019-12-13,0.07924282959303555
2019-12-16,0.07881143793438106
2019-12-17,0.0785850253908457
2019-12-18,0.07839278003126995
2019-12-19,0.07876030768441572
2019-12-20,0.08032647485458075
2019-12-23,0.07988753641720325
2019-12-24,0.07563607855269863
2019-12-25,0.07514806062848
2019-12-26,0.075881248490107
2019-12-27,0.07576658695078523
2019-12-30,0.07731481352973124
2019-12-31,0.07212976849619882
2020-01-02,0.07450349117733945
2020-01-03,0.07563141583410692
2020-01-06,0.07625694330111943
2020-01-07,0.07030595604144368
2020-01-08,0.07139826159473062
2020-01-09,0.07488278580391543
2020-01-10,0.07476502939118451
2020-01-13,0.07302224127189386
2020-01-14,0.07302734832079347
2020-01-15,0.06903716432164168
2020-01-16,0.07491723866299423
2020-01-17,0.07591411132381044
2020-01-20,0.07421294659580685
2020-01-21,0.07278665137094818
2020-01-22,0.07257137825809122
2020-01-23,0.07253117684567183
2020-01-24,0.07942499211166572
2020-01-27,0.09594338021074965
2020-01-28,0.1019427806294875
2020-01-29,0.09970096919487402
2020-01-30,0.0994643508420816
2020-01-31,0.11458260207786847
2020-02-03,0.11445188759987297
2020-02-04,0.12509403333748959
2020-02-05,0.13043178647677653
2020-02-06,0.1294126382118554
2020-02-07,0.12850947828592224
2020-02-10,0.13033217579222847
2020-02-11,0.1279456171292801
2020-02-12,0.12953269665843556
2020-02-13,0.12921483130049538
2020-02-14,0.12598653807825239
2020-02-17,0.1250685488896812
2020-02-18,0.12531240200498342
2020-02-19,0.12589115092397082
2020-02-20,0.1264736907340579
2020-02-21,0.13183284238190512
2020-02-24,0.17673586863908647
2020-02-25,0.2004907653129114
2020-02-26,0.19711272000154917
2020-02-27,0.2541080482263387
2020-02-28,0.254354436270049
2020-03-02,0.29361697216156174
2020-03-03,0.3085124327996805
2020-03-04,0.3368816761050642
2020-03-05,0.3553170162230176
2020-03-06,0.3589071242419875
2020-03-09,0.4551117682240134
2020-03-10,0.4838515884167943
2020-03-11,0.5138712990728526
2020-03-12,0.6235206910181453
2020-03-13,0.6967444464624414
2020-03-16,0.8299087857337241
2020-03-17,0.8515764337379458
2020-03-18,0.8688482235564868
2020-03-19,0.8653921034868213
2020-03-20,0.8767049137099973
2020-03-23,0.8796339005092474
2020-03-24,0.9264951856220849
2020-03-25,0.9187279295873799
2020-03-26,0.9412788049005574
2020-03-27,0.934414912439062
2020-03-30,0.9391551784266937
2020-03-31,0.9264898772341031
2020-04-01,0.9336977545503673
2020-04-02,0.9248995781559827
2020-04-03,0.9175456597364335
2020-04-06,0.9458873014247059
2020-04-07,0.9056728032704521
2020-04-08,0.8973612933395283
2020-04-09,0.8812934727449884
2020-04-10,0.8124703372684775
2020-04-13,0.7544718377135599
2020-04-14,0.6264513148516107
2020-04-15,0.598656247376987
2020-04-16,0.5700056862993892
2020-04-17,0.5764127910709036
2020-04-20,0.5591992198214709
2020-04-21,0.5602485949924195
2020-04-22,0.47657555335338825
2020-04-23,0.4738674432871895
2020-04-24,0.42900468269180936
2020-04-27,0.41527316945759696
2020-04-28,0.3995014219066861
2020-04-29,0.4058079127581098
2020-04-30,0.37649449415304065
2020-05-01,0.3816531334082954
2020-05-04,0.3775430282637129
2020-05-05,0.30008220542960046
2020-05-06,0.3002163965432985
2020-05-07,0.2801188663834057
2020-05-08,0.281447915751116
2020-05-11,0.2807129661026627
2020-05-12,0.28767631659760745
2020-05-13,0.275613125939903
2020-05-14,0.26747039947310597
2020-05-15,0.26642653302580005
2020-05-18,0.2736209109204286
2020-05-19,0.26858913628643594
2020-05-20,0.25313303238276935
2020-05-21,0.24205507328042694
2020-05-22,0.24146820200678962
2020-05-25,0.23625479034095886
2020-05-26,0.2345040229375638
2020-05-27,0.23908714351552393
2020-05-28,0.221553929147927
2020-05-29,0.21948024865114565
2020-06-01,0.19716150894311948
2020-06-02,0.19833348297971823
2020-06-03,0.20142498156455804
2020-06-04,0.19998825606484416
2020-06-05,0.21642813341692108
2020-06-08,0.21262021049839458
2020-06-09,0.21394975684512976
2020-06-10,0.2025381476670383
2020-06-11,0.2905184203785456
2020-06-12,0.2902155833320857
2020-06-15,0.2901567417774611
2020-06-16,0.2774986193897863
2020-06-17,0.2744036012454116
2020-06-18,0.26766935391773006
2020-06-19,0.26628231763038723
2020-06-22,0.2663839159068143
2020-06-23,0.2661391635654703
2020-06-24,0.2785499088044289
2020-06-25,0.2760644883025908
2020-06-26,0.2889664189456816
2020-06-29,0.2924106214793776
2020-06-30,0.2964832193867635
2020-07-01,0.29507067286844746
2020-07-02,0.29134394906736877
2020-07-03,0.29061542212069347
2020-07-06,0.28226470943860793
2020-07-07,0.2815955843953754
2020-07-08,0.28126183173887215
2020-07-09,0.28102566891603864
2020-07-10,0.1945810635028983
2020-07-13,0.19205071143386107
2020-07-14,0.19533291010866152
2020-07-15,0.18696086621745509
2020-07-16,0.18650737727207187
2020-07-17,0.1863491383170772
2020-07-20,0.18736126062056524
2020-07-21,0.18582398727518099
2020-07-22,0.18605983034577292
2020-07-23,0.16921841203665983
2020-07-24,0.16631060143875845
2020-07-27,0.14608824394643521
2020-07-28,0.1391144715857325
2020-07-29,0.1360238750581976
2020-07-30,0.13525271098313177
2020-07-31,0.13672619689071283
2020-08-03,0.13872066023136875
2020-08-04,0.12834481401743897
2020-08-05,0.12471353743772921
2020-08-06,0.12368359993654449
2020-08-07,0.12192619707946395
2020-08-10,0.11685827473949044
2020-08-11,0.11583407401773534
2020-08-12,0.1173386388135161
2020-08-13,0.11317383720155456
2020-08-14,0.11227050417987988
2020-08-17,0.1119798595033793
2020-08-18,0.10838049204792644
2020-08-19,0.10918560446151497
2020-08-20,0.10780407078216736
2020-08-21,0.09982993824669081
2020-08-24,0.10365836934917759
2020-08-25,0.10116975318834164
2020-08-26,0.10490886293959979
2020-08-27,0.09612243606675003
2020-08-28,0.09795971125722995
2020-08-31,0.09458682957235987
2020-09-01,0.09499528182017779
2020-09-02,0.10849607732812393
2020-09-03,0.16605142590978555
2020-09-04,0.16636623770846348
2020-09-07,0.16556156594515073
2020-09-08,0.19296518644520155
2020-09-09,0.20298485180398343
2020-09-10,0.20656943870496308
2020-09-11,0.20557049815974515
2020-09-14,0.20967574466609856
2020-09-15,0.2095622451805101
2020-09-16,0.2094534861892512
2020-09-17,0.2105586412874306
2020-09-18,0.21361584037933948
2020-09-21,0.21685806376636485
2020-09-22,0.21691531890039967
2020-09-23,0.23256401206470934
2020-09-24,0.22965452941652192
2020-09-25,0.2358948957232648
2020-09-28,0.2410670503275175
2020-09-29,0.24105367201032385
2020-09-30,0.2410082668224735
2020-10-01,0.23571574068224094
2020-10-02,0.20476269389473584
2020-10-05,0.2121393571691493
2020-10-06,0.21758731165829034
2020-10-07,0.20449698817711967
2020-10-08,0.19449799777431742
2020-10-09,0.18702098889180788
2020-10-12,0.19527593085312464
2020-10-13,0.1913267020043184
2020-10-14,0.19151401900632217
2020-10-15,0.1904988089156651
2020-10-16,0.18793640120626148
2020-10-19,0.19292086862478008
2020-10-20,0.18915369139640642
2020-10-21,0.18559305569595003
2020-10-22,0.16748960477434652
2020-10-23,0.1672784571519742
2020-10-26,0.1718101427664083
2020-10-27,0.16298433043482558
2020-10-28,0.20655287051980487
2020-10-29,0.20815521649300125
2020-10-30,0.2112065179653664
2020-11-02,0.21245022658055718
2020-11-03,0.21249283842412128
2020-11-04,0.22048432739593543
2020-11-05,0.22265418151023017
2020-11-06,0.22022163162643552
2020-11-09,0.2214089067617156
2020-11-10,0.21384024481338787
2020-11-11,0.21389258868495184
2020-11-12,0.21521476285512411
2020-11-13,0.21996658582152812
2020-11-16,0.22329984925274543
2020-11-17,0.21645603023092172
2020-11-18,0.21944544748779948
2020-11-19,0.21933514323567674
2020-11-20,0.21963042964438964
2020-11-23,0.21987643743659652
2020-11-24,0.2177805918461744
2020-11-25,0.21725656707671834
2020-11-26,0.1796644316197757
2020-11-27,0.1749676079848563
2020-11-30,0.17053127912999125
2020-12-01,0.16986034333871167
2020-12-02,0.15881965595514122
2020-12-03,0.14033461116409737
2020-12-04,0.12780714345419808
2020-12-07,0.12769618609401898
2020-12-08,0.12158121343678259
2020-12-09,0.12458981579273734
2020-12-10,0.12171697967953156
2020-12-11,0.11674025128016768
2020-12-14,0.1083268961557162
2020-12-15,0.11059602798850926
2020-12-16,0.1092603607292479
2020-12-17,0.10364047569766115
2020-12-18,0.1033043070276279
2020-12-21,0.10144141696186737
2020-12-22,0.09969648069987577
2020-12-23,0.08342001388226712
2020-12-24,0.08394607488744293
2020-12-25,0.083748245040041
2020-12-28,0.08869655176537221
2020-12-29,0.0874915343851929
2020-12-30,0.07876598031320198
2020-12-31,0.08157281819096239
2021-01-04,0.09724937883849097
2021-01-05,0.0955416030737924
2021-01-06,0.09708082659196678
2021-01-07,0.10963795322417834
2021-01-08,0.10760227873376428
2021-01-11,0.10973284927425431
2021-01-12,0.10930314167104149
2021-01-13,0.10827641576247599
2021-01-14,0.09981454115117462
2021-01-15,0.10270005085787735
2021-01-18,0.10056063689632727
2021-01-19,0.10365944949081678
2021-01-20,0.11373825659927561
2021-01-21,0.11319219792391441
2021-01-22,0.11340677241052312
2021-01-25,0.11322464070621796
2021-01-26,0.11312665916363755
2021-01-27,0.14334952621773095
2021-01-28,0.14669564141921262
2021-01-29,0.16192931428383242
2021-02-01,0.16957332670864383
2021-02-02,0.16857123955096928
2021-02-03,0.16625765972613826
2021-02-04,0.1689715509590606
2021-02-05,0.16146197557252598
2021-02-08,0.16201640140636367
2021-02-09,0.16008185033502806
2021-02-10,0.15968607492221557
2021-02-11,0.15925759887712113
2021-02-12,0.15930945455300002
2021-02-15,0.1571529310764538
2021-02-16,0.15693092408496803
2021-02-17,0.15431086724117543
2021-02-18,0.14770793474345092
2021-02-19,0.14768154708902576
2021-02-22,0.14979333536863967
2021-02-23,0.14917817957225296
2021-02-24,0.15423676935700423
2021-02-25,0.15441037031896965
2021-02-26,0.15132053699391537
2021-03-01,0.1593935971105349
2021-03-02,0.15211568527032096
2021-03-03,0.1516007765987223
2021-03-04,0.15846930821945582
2021-03-05,0.16818935408710095
2021-03-08,0.16807182128506448
2021-03-09,0.17293023093719637
2021-03-10,0.17356098592853766
2021-03-11,0.17684512171051694
2021-03-12,0.176263693821762
2021-03-15,0.17657458698810177
2021-03-16,0.17625782073856344
2021-03-17,0.17617270579661595
2021-03-18,0.18375140501954654
2021-03-19,0.18278049871028126
2021-03-22,0.18402098695320354
2021-03-23,0.1839083430906872
2021-03-24,0.1846296443874552
2021-03-25,0.18129876673400766
2021-03-26,0.17083637446932298
2021-03-29,0.16975111035630447
2021-03-30,0.1500336305060318
2021-03-31,0.1477270755870231
2021-04-01,0.14663497309140253
2021-04-02,0.13899154802847333
2021-04-05,0.13252860230213823
2021-04-06,0.1309371793505654
2021-04-07,0.12172934469692313
2021-04-08,0.12060739618223497
2021-04-09,0.1182938111282256
2021-04-12,0.11795609087524336
2021-04-13,0.11621973122303982
2021-04-14,0.11681465123458214
2021-04-15,0.12261881218217854
2021-04-16,0.1122524819994905
2021-04-19,0.11362340152427722
2021-04-20,0.11357509664454228
2021-04-21,0.11511083410184235
2021-04-22,0.11811093729640323
2021-04-23,0.12270548485511945
2021-04-26,0.10908635730053912
2021-04-27,0.10873858545400128
2021-04-28,0.10798492596080629
2021-04-29,0.1096715141048549
2021-04-30,0.10520906354048695
2021-05-03,0.10538485002342568
2021-05-04,0.09636479869306093
2021-05-05,0.09607108640525855
2021-05-06,0.09995435387323995
2021-05-07,0.10205990652339846
2021-05-10,0.1053933749215603
2021-05-11,0.10965471734403796
2021-05-12,0.13361894414713618
2021-05-13,0.13915637480871876
2021-05-14,0.14350531206301295
2021-05-17,0.1427179385078156
2021-05-18,0.1443842326731169
2021-05-19,0.14244427687079403
2021-05-20,0.14343705101418114
2021-05-21,0.13957064567336827
2021-05-24,0.1387239959733707
2021-05-25,0.13842624609781462
2021-05-26,0.13823522545902242
2021-05-27,0.13796440680612893
2021-05-28,0.1358265035060623
2021-05-31,0.13337800398348743
2021-06-01,0.13286634962182303
2021-06-02,0.13083085118744822
2021-06-03,0.1313171142443098
2021-06-04,0.13198672798808667
2021-06-07,0.1294873033119147
2021-06-08,0.12436815163818483
2021-06-09,0.12086946847783978
2021-06-10,0.09726857190515738
2021-06-11,0.08831990843452182
2021-06-14,0.072817293783282
2021-06-15,0.072534134383846
2021-06-16,0.06915926876070914
2021-06-17,0.06828396048771129
2021-06-18,0.07498805507101478
2021-06-21,0.08948956780238183
2021-06-22,0.0845328661776377
2021-06-23,0.08392452304342089
2021-06-24,0.08580896741014668
2021-06-25,0.08618473371989323
2021-06-28,0.08623283942672094
2021-06-29,0.08598360013797274
2021-06-30,0.08586670332730584
2021-07-01,0.08748707521806237
2021-07-02,0.09039118008242372
2021-07-05,0.08513926947581194
2021-07-06,0.08523856957926886
2021-07-07,0.08587972035988162
2021-07-08,0.0909204817248854
2021-07-09,0.09781991355698731
2021-07-12,0.09808480403178971
2021-07-13,0.09849425010616879
2021-07-14,0.09812215936279169
2021-07-15,0.09694185553145665
2021-07-16,0.10051089589147859
2021-07-19,0.10652290635129558
2021-07-20,0.10914643204723898
2021-07-21,0.11114447902477385
2021-07-22,0.11084232869567498
2021-07-23,0.11443440027761982
2021-07-26,0.11377379297374113
2021-07-27,0.11442806304718091
2021-07-28,0.11409900954350849
2021-07-29,0.1146788581257047
2021-07-30,0.11473623686811679
2021-08-02,0.1118654838962303
2021-08-03,0.11533134573830299
2021-08-04,0.11611452772955627
2021-08-05,0.1172616935063784
2021-08-06,0.11352273629963033
2021-08-09,0.10684799973741753
2021-08-10,0.10608444139463649
2021-08-11,0.10534620492719383
2021-08-12,0.10614013164852235
2021-08-13,0.10557978869197662
2021-08-16,0.10271846738591611
2021-08-17,0.09082683195196857
2021-08-18,0.08445040473641147
2021-08-19,0.07957426450707675
2021-08-20,0.08408773617268614
2021-08-23,0.08224434340258208
2021-08-24,0.08170927697638007
2021-08-25,0.08023345716954305
2021-08-26,0.08272415020501779
2021-08-27,0.08699656426483433
2021-08-30,0.08611049677367491
2021-08-31,0.08578750302729889
2021-09-01,0.08098619708573362
2021-09-02,0.07986315799899048
2021-09-03,0.07707656693038845
2021-09-06,0.0767056021582675
2021-09-07,0.07748895833576747
2021-09-08,0.07743375563908102
2021-09-09,0.0789728969840331
2021-09-10,0.08244399540527515
2021-09-13,0.08246061087249114
2021-09-14,0.0844196832718518
2021-09-15,0.08611683440875882
2021-09-16,0.07794351259673536
2021-09-17,0.08429839886684885
2021-09-20,0.10035476054774413
2021-09-21,0.09573080607041463
2021-09-22,0.10093896152716544
2021-09-23,0.1090199709770852
2021-09-24,0.10689105662746391
2021-09-27,0.10279187478708984
2021-09-28,0.1253275297787023
2021-09-29,0.12480528208540809
2021-09-30,0.13153700454930606
2021-10-01,0.13683679722275688
2021-10-04,0.14417330730061212
2021-10-05,0.14838725784721737
2021-10-06,0.14815117463435137
2021-10-07,0.15052759222883785
2021-10-08,0.14947633969749471
2021-10-11,0.14887552709869817
2021-10-12,0.14859817502030853
2021-10-13,0.1473861950851807
2021-10-14,0.15636432250145207
2021-10-15,0.15811786303569184
2021-10-18,0.155160414575333
2021-10-19,0.14595443502344663
2021-10-20,0.14618781064516168
2021-10-21,0.14273448965617397
2021-10-22,0.13657776483428066
2021-10-25,0.13728423213496552
2021-10-26,0.13690180986526754
2021-10-27,0.11907701196525622
2021-10-28,0.12372458897159398
2021-10-29,0.11684752829543209
2021-11-01,0.1102176682118956
2021-11-02,0.10156273352867962
2021-11-03,0.09767222656687782
2021-11-04,0.09759304020652033
2021-11-05,0.09421967300614842
2021-11-08,0.09386769962602586
2021-11-09,0.09165606446692427
2021-11-10,0.09585474991389088
2021-11-11,0.095130094528186
2021-11-12,0.07992220045428354
2021-11-15,0.07562767143402246
2021-11-16,0.07578020396867047
2021-11-17,0.07199444050982926
2021-11-18,0.07172177404391923
2021-11-19,0.07102467650536465
2021-11-22,0.07173077536014724
2021-11-23,0.06999705577509086
2021-11-24,0.07004754210341177
2021-11-25,0.06779680306177503
2021-11-26,0.10126207130653561
2021-11-29,0.11079501556889135
2021-11-30,0.12968572776921317
2021-12-01,0.13532565566417054
2021-12-02,0.14203770247726138
2021-12-03,0.14395971173747402
2021-12-06,0.14869292386252925
2021-12-07,0.16508309862093903
2021-12-08,0.16435944474293707
2021-12-09,0.16345798687911423
2021-12-10,0.16636965651926547
2021-12-13,0.16736097031244304
2021-12-14,0.1690553518798222
2021-12-15,0.17772727841698405
2021-12-16,0.1798204775456028
2021-12-17,0.18281285161652744
2021-12-20,0.18688450003460358
2021-12-21,0.19640165697336656
2021-12-22,0.19910327316187137
2021-12-23,0.19970238606502502
2021-12-24,0.19929298022842928
2021-12-27,0.18949694425540092
2021-12-28,0.18385137631007714
2021-12-29,0.17173711540218856
2021-12-30,0.16696960188151586
2021-12-31,0.15997812978044842
2022-01-03,0.1586898417109189
2022-01-04,0.15344755009392821
2022-01-05,0.15354917093555354
2022-01-06,0.1528053278177032
2022-01-07,0.15117904665091778
2022-01-10,0.14746286810728798
2022-01-11,0.1474277593826326
2022-01-12,0.14524541340863636
2022-01-13,0.14369507248214514
2022-01-14,0.14023215003404713
2022-01-17,0.13545155371764214
2022-01-18,0.14553605376622517
2022-01-19,0.13680106735875636
2022-01-20,0.13781561923558153
2022-01-21,0.1519517750636272
2022-01-24,0.15164812473389577
2022-01-25,0.15033658186472282
2022-01-26,0.14983908316653838
2022-01-27,0.1505383251989926
2022-01-28,0.17251699062393588
2022-01-31,0.18413463089039336
2022-02-01,0.18382513965348565
2022-02-02,0.18622842309280066
2022-02-03,0.19467330623507148
2022-02-04,0.19477354535590066
2022-02-07,0.19412013097845388
2022-02-08,0.19575692317206678
2022-02-09,0.19948560267383528
2022-02-10,0.2092496565927479
2022-02-11,0.21422553712772888
2022-02-14,0.2140252242369719
2022-02-15,0.22059246261891916
2022-02-16,0.21089653242313586
2022-02-17,0.22146129064623576
2022-02-18,0.21917172755510117
2022-02-21,0.2088452778071684
2022-02-22,0.2113229086469928
2022-02-23,0.21717558458361166
2022-02-24,0.2229055751343065
2022-02-25,0.23519319566476835
2022-02-28,0.22017999778126052
2022-03-01,0.2175781208449901
2022-03-02,0.22552299462990033
2022-03-03,0.223456032834549
2022-03-04,0.20860886192920794
2022-03-07,0.2333857073874349
2022-03-08,0.2337440686603199
2022-03-09,0.24835071574644652
2022-03-10,0.2432246678058633
2022-03-11,0.2391275938080858
2022-03-14,0.23103090694659822
2022-03-15,0.24207140490327628
2022-03-16,0.24835518474389742
2022-03-17,0.25141751667686635
2022-03-18,0.2435642831284341
2022-03-21,0.24170514511330074
2022-03-22,0.24442243969529762
2022-03-23,0.24547574529610158
2022-03-24,0.24210572717524728
2022-03-25,0.23698012807234575
2022-03-28,0.2257599324672882
2022-03-29,0.22928953456765347
2022-03-30,0.22385545223118394
2022-03-31,0.22185970821599765
2022-04-01,0.2210145508731011
2022-04-04,0.22082054757922612
2022-04-05,0.2009226795973566
2022-04-06,0.20205681528111416
2022-04-07,0.1830587810071632
2022-04-08,0.18233771532301396
2022-04-11,0.18678040435740276
2022-04-12,0.1850468728680992
2022-04-13,0.17468366728101978
2022-04-14,0.1633327763784551
2022-04-15,0.15747803263183033
2022-04-18,0.15207626734112276
2022-04-19,0.16192131076908028
2022-04-20,0.15696140204659817
2022-04-21,0.1600175743594642
2022-04-22,0.18238116171150912
2022-04-25,0.1819525941559498
2022-04-26,0.2066876846775599
2022-04-27,0.20180332321697722
2022-04-28,0.2180418656127353
2022-04-29,0.24858299237656664
2022-05-02,0.24801244602498324
2022-05-03,0.24611692919541692
2022-05-04,0.2632709829593629
2022-05-05,0.29078902611952673
2022-05-06,0.29000526613774447
2022-05-09,0.3114363633201057
2022-05-10,0.30504075282410364
2022-05-11,0.3095899815320528
2022-05-12,0.3063957019283015
2022-05-13,0.3141990244613885
2022-05-16,0.31368996770858193
2022-05-17,0.32092343916287064
2022-05-18,0.3483521502004953
2022-05-19,0.34798382828607255
2022-05-20,0.3434381325385682
2022-05-23,0.335605342872043
2022-05-24,0.33556654837919286
2022-05-25,0.32236668941836166
2022-05-26,0.329188882004778
2022-05-27,0.3296567226145482
2022-05-30,0.30424537340395713
2022-05-31,0.30382840815575857
2022-06-01,0.30400466691441946
2022-06-02,0.29394284879233173
2022-06-03,0.272880356277631
2022-06-06,0.2718014850493395
2022-06-07,0.25013550418293085
2022-06-08,0.25248259825315994
2022-06-09,0.26031618477293916
2022-06-10,0.28033199601520165
2022-06-13,0.30291502743686377
2022-06-14,0.3018545583556379
2022-06-15,0.297712334780422
2022-06-16,0.28740445263931935
2022-06-17,0.28569094027556635
2022-06-20,0.28470265431648534
2022-06-21,0.2900149868583923
2022-06-22,0.28783933285701707
2022-06-23,0.28726061725399366
2022-06-24,0.2986224081812578
2022-06-27,0.28627041204861925
2022-06-28,0.29465513392846837
2022-06-29,0.29312549259199
2022-06-30,0.2930568969413301
2022-07-01,0.2882589809484082
2022-07-04,0.2822318809309307
2022-07-05,0.2815816663899298
2022-07-06,0.2795876151388802
2022-07-07,0.28176768897923665
2022-07-08,0.2693250389186414
2022-07-11,0.2531336705269842
2022-07-12,0.21700009203212822
2022-07-13,0.21680083396823974
2022-07-14,0.21107859225892733
2022-07-15,0.19098746681003995
2022-07-18,0.1927423216030932
2022-07-19,0.21540553623585834
2022-07-20,0.1996561305375014
2022-07-21,0.2020299355965861
2022-07-22,0.20173651846865154
2022-07-25,0.17356924703759521
2022-07-26,0.17770170814682698
2022-07-27,0.1873681113349913
2022-07-28,0.1914921137953336
2022-07-29,0.19504675535623778
2022-08-01,0.191404164234916
2022-08-02,0.19234043582769494
2022-08-03,0.19952522817169852
2022-08-04,0.19865030431311873
2022-08-05,0.1917990077135772
2022-08-08,0.19141502132740218
2022-08-09,0.1876092969729566
2022-08-10,0.19926531279793785
2022-08-11,0.19825653463906193
2022-08-12,0.20682790952118033
2022-08-15,0.19658563153383385
2022-08-16,0.1942151481188304
2022-08-17,0.1724980093601015
2022-08-18,0.17114385319881661
2022-08-19,0.17389743905694202
2022-08-22,0.18734505248680386
2022-08-23,0.18694608495562756
2022-08-24,0.18258145526232744
2022-08-25,0.1673993428340853
2022-08-26,0.20300402242263557
2022-08-29,0.19790388859705896
2022-08-30,0.20087178329231337
2022-08-31,0.20085588503202892
2022-09-01,0.19346684129249886
2022-09-02,0.19670410345332665
2022-09-05,0.19606000356128278
2022-09-06,0.19608498981946795
2022-09-07,0.2055507859384506
2022-09-08,0.19367263865072537
2022-09-09,0.20056459974547075
2022-09-12,0.19506690100206303
2022-09-13,0.25029226414615674
2022-09-14,0.24949489859835342
2022-09-15,0.2507524203177576
2022-09-16,0.2511755303271398
2022-09-19,0.24775683679911178
2022-09-20,0.23949786017181793
2022-09-21,0.246627546410694
2022-09-22,0.24766598391459663
2022-09-23,0.25036873868800447
2022-09-26,0.22432380176992245
2022-09-27,0.22267599713749922
2022-09-28,0.22963742720780264
2022-09-29,0.239987032166214
2022-09-30,0.2452138517290766
2022-10-03,0.25837169644653646
2022-10-04,0.27908688170365764
2022-10-05,0.27797623701448543
2022-10-06,0.2728279530177581
2022-10-07,0.2896143352562065
2022-10-10,0.2854855333564278
2022-10-11,0.28348391791994443
2022-10-12,0.2403172043071592
2022-10-13,0.2561737900808656
2022-10-14,0.26663054506452666
2022-10-17,0.2805665001714238
2022-10-18,0.2816303875509244
2022-10-19,0.27924101782428823
2022-10-20,0.27383588533152936
2022-10-21,0.28421107016201536
2022-10-24,0.28048925064128255
2022-10-25,0.2834792948624919
2022-10-26,0.28400613689681575
2022-10-27,0.2765343304908902
2022-10-28,0.2801127442801434
2022-10-31,0.27604575771017786
2022-11-01,0.2619739345792239
2022-11-02,0.25723005941739546
2022-11-03,0.25928324531797664
2022-11-04,0.2607617102852434
2022-11-07,0.2441213540414839
2022-11-08,0.2430038892719562
2022-11-09,0.25290019158146965
2022-11-10,0.317086541780286
2022-11-11,0.3055189750644644
2022-11-14,0.29522657656203105
2022-11-15,0.28230505707519676
2022-11-16,0.280332433921784
2022-11-17,0.2788116468294252
2022-11-18,0.27727392694195047
2022-11-21,0.2653812476395866
2022-11-22,0.26611112956995064
2022-11-23,0.2607070801911371
2022-11-24,0.258986709717954
2022-11-25,0.25772000292431124
2022-11-28,0.25010237077668934
2022-11-29,0.24844979875349735
2022-11-30,0.2704332232160354
2022-12-01,0.25590253722511624
2022-12-02,0.25285247626211393
2022-12-05,0.2564786151560181
2022-12-06,0.2591696691504325
2022-12-07,0.25804917413624273
2022-12-08,0.2490145656948616
2022-12-09,0.1707562934152028
2022-12-12,0.1747372864325839
2022-12-13,0.17340892153858184
2022-12-14,0.17177202514200615
2022-12-15,0.1915927456970943
2022-12-16,0.19482626369228942
2022-12-19,0.19623965338121024
2022-12-20,0.19524142266903505
2022-12-21,0.19643990156567068
2022-12-22,0.2017561917945783
2022-12-23,0.20227279723936817
2022-12-26,0.20178919532594983
2022-12-27,0.19491260994237733
2022-12-28,0.19923202087628095
2022-12-29,0.18079462197882656
2022-12-30,0.18049982272443352
2023-01-02,0.1800060102420459
2023-01-03,0.1695230585606307
2023-01-04,0.1640434032203975
2023-01-05,0.16887734252502457
2023-01-06,0.18496835262709208
2023-01-09,0.18277447728112242
2023-01-10,0.17760130807004829
2023-01-11,0.18122767714830937
2023-01-12,0.18001993375039751
2023-01-13,0.15865163315741113
2023-01-16,0.15366151228582767
2023-01-17,0.15041335382517512
2023-01-18,0.16024235462063915
2023-01-19,0.15433114216419047
2023-01-20,0.16036624403071265
2023-01-23,0.1640871724440698
2023-01-24,0.16362092983668244
2023-01-25,0.1626172470605926
2023-01-26,0.16173522008878755
2023-01-27,0.150591305219258
2023-01-30,0.1571206020052177
2023-01-31,0.1650214469358821
2023-02-01,0.16813210492343797
2023-02-02,0.1737071364898276
2023-02-03,0.17275681764375017
2023-02-06,0.15601775221166586
2023-02-07,0.1620441034291825
2023-02-08,0.16478889659914164
2023-02-09,0.16171643486616902
2023-02-10,0.16102807329238944
2023-02-13,0.16508656220012213
2023-02-14,0.16469425403600688
2023-02-15,0.16448907657394277
2023-02-16,0.16314616345936384
2023-02-17,0.1610077332289023
2023-02-20,0.14762247582984322
2023-02-21,0.15922915977919036
2023-02-22,0.1588319340927841
2023-02-23,0.15951200544303246
2023-02-24,0.15936209629955433
2023-02-27,0.15910450486311417
2023-02-28,0.15288644193707462
2023-03-01,0.14542582840723658
2023-03-02,0.14330239574011308
2023-03-03,0.14579146386869027
2023-03-06,0.14108132292400022
2023-03-07,0.14977529111586702
2023-03-08,0.14300971054295245
2023-03-09,0.15286600462420058
2023-03-10,0.15823581160111652
2023-03-13,0.15759568249385053
2023-03-14,0.16301640275587354
2023-03-15,0.16441496048298496
2023-03-16,0.17497487368803402
2023-03-17,0.17262513910776428
2023-03-20,0.1746840948352139
2023-03-21,0.18011106577573507
2023-03-22,0.17636469770100288
2023-03-23,0.17601355575761812
2023-03-24,0.1757085556048242
2023-03-27,0.17164237113159186
2023-03-28,0.17102356628191948
2023-03-29,0.1776153789911833
2023-03-30,0.1776499472352695
2023-03-31,0.1827002729559334
2023-04-03,0.17455666962653577
2023-04-04,0.17544960442307198
2023-04-05,0.16739332357201814
2023-04-06,0.1674977949908626
2023-04-07,0.15489152655608512
2023-04-10,0.14659465458585183
2023-04-11,0.146279673469111
2023-04-12,0.13603710999429078
2023-04-13,0.1417111772036055
2023-04-14,0.12882068760798013
2023-04-17,0.12352050039553367
2023-04-18,0.1196026384793028
2023-04-19,0.11112755393132001
2023-04-20,0.09804443824937642
2023-04-21,0.09734001437846584
2023-04-24,0.09529815199073775
2023-04-25,0.11080396855498732
2023-04-26,0.11121257487793214
2023-04-27,0.12151069498111214
2023-04-28,0.12297054691724948
2023-05-01,0.11250572134546871
2023-05-02,0.11895802263159652
2023-05-03,0.11954917911896208
2023-05-04,0.1216320892238284
2023-05-05,0.1370680027822574
2023-05-08,0.13655598828800933
2023-05-09,0.13707037759223603
2023-05-10,0.1375676638693002
2023-05-11,0.13663115522480215
2023-05-12,0.12894494013625327
2023-05-15,0.12887114240851522
2023-05-16,0.13018044171117976
2023-05-17,0.13650713499694686
2023-05-18,0.14023766286927392
2023-05-19,0.1385832941229394
2023-05-22,0.13829063924893775
2023-05-23,0.1438530393437284
2023-05-24,0.13566541181027245
2023-05-25,0.1382483794847204
2023-05-26,0.12982491098643695
2023-05-29,0.12643638933858461
2023-05-30,0.12610440617908752
2023-05-31,0.1215032111648608
2023-06-01,0.12385009916569001
2023-06-02,0.13150658459346898
2023-06-05,0.11581245937075989
2023-06-06,0.1157217865342407
2023-06-07,0.11518312791334692
2023-06-08,0.1159538456507487
2023-06-09,0.11559788919201784
2023-06-12,0.11983662846461014
2023-06-13,0.12164367344509931
2023-06-14,0.11948074184412298
2023-06-15,0.12029781068608124
2023-06-16,0.11648939176373316
2023-06-19,0.11612113553577592
2023-06-20,0.11715176856979136
2023-06-21,0.11213734489115558
2023-06-22,0.10988898896731282
2023-06-23,0.1091985276856629
2023-06-26,0.10105776773615004
2023-06-27,0.10862790078343215
2023-06-28,0.10835306767268103
2023-06-29,0.10725495836454498
2023-06-30,0.11058517708764835
2023-07-03,0.09896607751176047
2023-07-04,0.09844489250940096
2023-07-05,0.09813860385781135
2023-07-06,0.10118510154953175
2023-07-07,0.09930381997997839
2023-07-10,0.09934906545004261
2023-07-11,0.09700009428258821
2023-07-12,0.0974909265698147
2023-07-13,0.10171919814882552
2023-07-14,0.0929258726132417
2023-07-17,0.0928481216843367
2023-07-18,0.09598119749267792
2023-07-19,0.09476788736092824
2023-07-20,0.09604446336054116
2023-07-21,0.09501664754543453
2023-07-24,0.0922860165229958
2023-07-25,0.09137453554216671
2023-07-26,0.08267371065673892
2023-07-27,0.0857187239821708
2023-07-28,0.09113484982654471
2023-07-31,0.08116060532360704
2023-08-01,0.08143094575719599
2023-08-02,0.09536570318722797
2023-08-03,0.09525402718791783
2023-08-04,0.09305731413378049
2023-08-07,0.09759465882728631
2023-08-08,0.09814734697280175
2023-08-09,0.09852081002130286
2023-08-10,0.09499405483885194
2023-08-11,0.09041316572899895
2023-08-14,0.09234858061613674
2023-08-15,0.10026590685953524
2023-08-16,0.10079226144532312
2023-08-17,0.10395054262470825
2023-08-18,0.10105003038535196
2023-08-21,0.10362759119256587
2023-08-22,0.10294390918242594
2023-08-23,0.10943027084769423
2023-08-24,0.11946003659736056
2023-08-25,0.11944308160312088
2023-08-28,0.11646306750091877
2023-08-29,0.12681698045376338
2023-08-30,0.12681346788361547
2023-08-31,0.11748783319678394
2023-09-01,0.11700239328861455
2023-09-04,0.11531861578483564
2023-09-05,0.11201169002087571
2023-09-06,0.1136719547373005
2023-09-07,0.11148602439294492
2023-09-08,0.11135479633334465
2023-09-11,0.11359242632829293
2023-09-12,0.11360175259423293
2023-09-13,0.1064450812186852
2023-09-14,0.10731493123546017
2023-09-15,0.1127399849643878
2023-09-18,0.11246576473829807
2023-09-19,0.11006532196980982
2023-09-20,0.11455858154117371
2023-09-21,0.12324528444775075
2023-09-22,0.11425434025245558
2023-09-25,0.1124666750238826
2023-09-26,0.12227523415124732
2023-09-27,0.11164410588781308
2023-09-28,0.11239064864672658
2023-09-29,0.11230423014378525
2023-10-02,0.11178936324719249
2023-10-03,0.12202595735375572
2023-10-04,0.12414789527539768
2023-10-05,0.12159149013711884
2023-10-06,0.12777356780335586
2023-10-09,0.12925198417436723
2023-10-10,0.12823316282922392
2023-10-11,0.1273612958820138
2023-10-12,0.12901352481240147
2023-10-13,0.1268859705653791
2023-10-16,0.12538237339923325
2023-10-17,0.12507149578398147
2023-10-18,0.133665573855896
2023-10-19,0.13302510182184613
2023-10-20,0.12859242722374672
2023-10-23,0.12808678309739235
2023-10-24,0.12955145814164967
2023-10-25,0.12980740578478148
2023-10-26,0.13622308429713742
2023-10-27,0.13541217319442575
2023-10-30,0.14119001637408812
2023-10-31,0.14259584498620817
2023-11-01,0.13929774893681915
2023-11-02,0.1515330369471985
2023-11-03,0.15455969855654894
2023-11-06,0.14899138915156568
2023-11-07,0.14736651556928682
2023-11-08,0.14597152726605792
2023-11-09,0.1478258864360394
2023-11-10,0.15601855389379823
2023-11-13,0.15472685669585132
2023-11-14,0.1645682735530671
2023-11-15,0.164207431036896
2023-11-16,0.15737380337900975
2023-11-17,0.15440840980668413
2023-11-20,0.15028848307266532
2023-11-21,0.15005616713910777
2023-11-22,0.14845284983419788
2023-11-23,0.1399143245046497
2023-11-24,0.13376693883218801
2023-11-27,0.13276039398044145
2023-11-28,0.12631243754695679
2023-11-29,0.12429130389654333
2023-11-30,0.1197336773104823
2023-12-01,0.10359631464690729
2023-12-04,0.10039844328326325
2023-12-05,0.10007051193346478
2023-12-06,0.10045908837914228
2023-12-07,0.10411811157348384
2023-12-08,0.10127740892597126
2023-12-11,0.08754066021693424
2023-12-12,0.08880518295637894
2023-12-13,0.07803418482481236
2023-12-14,0.07804924409059973
2023-12-15,0.07764363233217716
2023-12-18,0.07887953026429004
2023-12-19,0.07739419188982836
2023-12-20,0.09336041416255339
2023-12-21,0.09888397138869118
2023-12-22,0.09864947319276506
2023-12-25,0.09828023400688418
2023-12-26,0.09887523348869769
2023-12-27,0.09866711299358151
2023-12-28,0.0983827283422373
2023-12-29,0.09788470511372226
2024-01-02,0.09782876962736771
2024-01-03,0.10016119973058152
2024-01-04,0.10068585663674119
2024-01-05,0.09979363886327285
2024-01-08,0.10808038446984851
2024-01-09,0.10703803693844074
2024-01-10,0.1078152594354442
2024-01-11,0.10647673089311287
2024-01-12,0.09587449476065822
2024-01-15,0.0952480337289773
2024-01-16,0.09602818550888027
2024-01-17,0.0967852252137876
2024-01-18,0.09952972240889196
2024-01-19,0.09616346044991318
2024-01-22,0.08968255980941743
2024-01-23,0.08979779759149581
2024-01-24,0.08958213413661047
2024-01-25,0.09013136489252618
2024-01-26,0.08982490010506157
2024-01-29,0.09351075923085973
2024-01-30,0.09284916501370391
2024-01-31,0.10771913617316167
2024-02-01,0.11283119434231689
2024-02-02,0.1180223083242602
2024-02-05,0.11803014155599127
2024-02-06,0.10798436807442294
2024-02-07,0.11138873861201015
2024-02-08,0.10941244536213955
2024-02-09,0.11095367208025433
2024-02-12,0.11071136702801278
2024-02-13,0.12099947543972968
2024-02-14,0.12467551839182343
2024-02-15,0.12456968636789538
2024-02-16,0.12191411333933835
2024-02-19,0.11434896013399716
2024-02-20,0.1158869779227338
2024-02-21,0.11527896740809296
2024-02-22,0.13698035913454912
2024-02-23,0.13540051159430241
2024-02-26,0.1357087405560535
2024-02-27,0.1330840672669583
2024-02-28,0.13291305705601664
2024-02-29,0.1221281327745443
2024-03-01,0.11783018240873232
2024-03-04,0.1120068171574935
2024-03-05,0.11715517150565405
2024-03-06,0.11799402573009941
2024-03-07,0.12004587342298859
2024-03-08,0.12203764920329796
2024-03-11,0.12027225307550524
2024-03-12,0.12632477496023986
2024-03-13,0.1173232108552418
2024-03-14,0.1130031639390984
2024-03-15,0.1134705660270694
2024-03-18,0.11422661351661896
2024-03-19,0.11570457897826866
2024-03-20,0.1179276111497337
2024-03-21,0.11814977548085416
2024-03-22,0.09450282057605816
2024-03-25,0.09491283626517176
2024-03-26,0.09437588149716215
2024-03-27,0.09881142137853662
2024-03-28,0.09850291302591162
2024-03-29,0.09671336699814863
2024-04-01,0.09298823044863785
2024-04-02,0.09635633190343788
2024-04-03,0.08977518267084977
2024-04-04,0.09853235512152463
2024-04-05,0.09992363734758973
2024-04-08,0.09710254655588589
2024-04-09,0.09685418516744906
2024-04-10,0.09525603187220011
2024-04-11,0.09828435029551853
2024-04-12,0.1107434051033418
2024-04-15,0.11648874327779446
2024-04-16,0.11430341407728836
2024-04-17,0.11421322915762913
2024-04-18,0.11009757911086504
2024-04-19,0.11367961449488173
2024-04-22,0.11733424289390276
2024-04-23,0.12394087640892883
2024-04-24,0.12319869603066053
2024-04-25,0.12052289347625944
2024-04-26,0.1254411786757535
2024-04-29,0.12561175503490102
2024-04-30,0.1374338545530459
2024-05-01,0.1353962520184014
2024-05-02,0.1387831936096452
2024-05-03,0.13916131660215647
2024-05-06,0.13853707432062853
2024-05-07,0.13821455778803698
2024-05-08,0.13778611850003347
2024-05-09,0.1348689993901335
2024-05-10,0.1323518097660708
2024-05-13,0.1224428411516238
2024-05-14,0.1164034342339457
2024-05-15,0.12312646936015269
2024-05-16,0.12152317269505762
2024-05-17,0.12111607815906691
2024-05-20,0.11722327028539324
2024-05-21,0.11361080233599247
2024-05-22,0.10651779266555386
2024-05-23,0.10963872809807026
2024-05-24,0.1111199790252784
2024-05-27,0.10546535315405252
2024-05-28,0.1047411603027076
2024-05-29,0.09363034193432027
2024-05-30,0.09517840002789597
2024-05-31,0.09420462080212783
2024-06-03,0.08402508109704422
2024-06-04,0.07641234680502787
2024-06-05,0.08679801265737544
2024-06-06,0.0865112272060271
2024-06-07,0.08463126985300495
2024-06-10,0.0846962604490352
2024-06-11,0.08501684827418285
2024-06-12,0.08849520539997867
2024-06-13,0.0794157389218471
2024-06-14,0.07891307938769199
2024-06-17,0.08315419180743304
2024-06-18,0.08336116228503454
2024-06-19,0.08275523487822521
2024-06-20,0.08260971334483146
2024-06-21,0.07877611847259824
2024-06-24,0.07583992006963207
2024-06-25,0.07695098491785672
2024-06-26,0.07700688413954464
2024-06-27,0.07277096271845261
2024-06-28,0.07133625997611726
2024-07-01,0.06653417495283924
2024-07-02,0.06981432865819644
2024-07-03,0.07176250163427872
2024-07-04,0.05951131191608906
2024-07-05,0.062388704151531464
2024-07-08,0.06221940045938328
2024-07-09,0.06152253629908106
2024-07-10,0.07061224944572693
2024-07-11,0.07167895361398323
2024-07-12,0.07357784643288216
2024-07-15,0.07396964186742591
2024-07-16,0.07264615406984398
2024-07-17,0.08773850106016028
2024-07-18,0.09180684825354882
2024-07-19,0.09460990420778537
2024-07-22,0.10151061137799475
2024-07-23,0.10075383416576207
2024-07-24,0.13011964956118893
2024-07-25,0.13073730354241306
2024-07-26,0.13591881234914927
2024-07-29,0.1347127573333511
2024-07-30,0.13514900703947846
2024-07-31,0.14429475598063288
2024-08-01,0.151109164916063
2024-08-02,0.1646064649319725
2024-08-05,0.19597242018930755
2024-08-06,0.19848967834991757
2024-08-07,0.19966987038479225
2024-08-08,0.21210547486052872
2024-08-09,0.2098771210227048
2024-08-12,0.2083712672610693
2024-08-13,0.21589946705955046
2024-08-14,0.2146398338621908
2024-08-15,0.21640457570362365
2024-08-16,0.21432935613014859
2024-08-19,0.21522483693467448
2024-08-20,0.21180906885978681
2024-08-21,0.21186989820213215
2024-08-22,0.19873814562796008
2024-08-23,0.2017225373537071
2024-08-26,0.1982059376368275
2024-08-27,0.19793874402574052
2024-08-28,0.1981209879165642
2024-08-29,0.19061798836170502
2024-08-30,0.18798078233502644
2024-09-02,0.1769190847274121
2024-09-03,0.1626963877376323
2024-09-04,0.1585490184621844
2024-09-05,0.15631787101468286
2024-09-06,0.14920469269549122
2024-09-09,0.15338786228931198
2024-09-10,0.15368276474775405
2024-09-11,0.14731098042703603
2024-09-12,0.14864631826044944
2024-09-13,0.13927344422526994
2024-09-16,0.13876539431212648
2024-09-17,0.13447983950671216
2024-09-18,0.1344064656639978
2024-09-19,0.14617964104675382
2024-09-20,0.14277970116287403
2024-09-23,0.13744464695941688
2024-09-24,0.13699425671809798
2024-09-25,0.1367860478434524
2024-09-26,0.13577058875512185
2024-09-27,0.13563269341302514
2024-09-30,0.13194779355939584
2024-10-01,0.13599724178109127
2024-10-02,0.11490196170956585
2024-10-03,0.11472301407018043
2024-10-04,0.11838391119445357
2024-10-07,0.10811540657864448
2024-10-08,0.10620368093907763
2024-10-09,0.10776554957638601
2024-10-10,0.10157192397221756
2024-10-11,0.10037377162103078
2024-10-14,0.10210752255849
2024-10-15,0.10538770302775485
2024-10-16,0.10637635168069344
2024-10-17,0.1056644293824333
2024-10-18,0.0898049650177603
2024-10-21,0.08957295344068801
2024-10-22,0.08887060286152855
2024-10-23,0.0943005235895795
2024-10-24,0.09414069714792875
2024-10-25,0.09294080403555775
2024-10-28,0.09311529468271026
2024-10-29,0.09200820766405594
2024-10-30,0.08704944120738363
2024-10-31,0.10990361385433034
2024-11-01,0.11030303018108828
2024-11-04,0.10621656545778044
2024-11-05,0.10966222918208923
2024-11-06,0.1370843584779476
2024-11-07,0.13686488494186935
2024-11-08,0.13674517202072858
2024-11-11,0.1347393366520039
2024-11-12,0.13217736968948732
2024-11-13,0.12921565474712557
2024-11-14,0.12974319897279807
2024-11-15,0.13790096856783127
2024-11-18,0.1375391856646642
2024-11-19,0.13775394955690054
2024-11-20,0.13743433561044804
2024-11-21,0.13487307206836027
2024-11-22,0.1349718831963868
2024-11-25,0.13515600735012073
2024-11-26,0.13615951240395288
2024-11-27,0.13656273280487444
2024-11-28,0.13592943921492376
2024-11-29,0.12157842923739472
2024-12-02,0.12092468674038881
2024-12-03,0.12041026481110713
2024-12-04,0.11497951025861336
2024-12-05,0.078025133693517
2024-12-06,0.07420963202499668
2024-12-09,0.0762512116150846
2024-12-10,0.07675151369012534
2024-12-11,0.08122371177487689
2024-12-12,0.08334776834777664
2024-12-13,0.08055962883897139
2024-12-16,0.06791959437884713
2024-12-17,0.06787138430355161
2024-12-18,0.12595273143710659
2024-12-19,0.12527329235044227
2024-12-20,0.12916269455690713
2024-12-23,0.13058144180464984
2024-12-24,0.13537112250653222
2024-12-25,0.13345746182861976
2024-12-26,0.13238010652347917
2024-12-27,0.13787421684595685
2024-12-30,0.14151538313566422
2024-12-31,0.1416936545222883
2025-01-02,0.14153060161401387
2025-01-03,0.14660869514843278
2025-01-06,0.1473967426137425
2025-01-07,0.1521909524629737
2025-01-08,0.1504890669544003
2025-01-09,0.14983845356870348
2025-01-10,0.15719183204975726
2025-01-13,0.15583874389542357
2025-01-14,0.155565198498534
2025-01-15,0.1676818610046752
2025-01-16,0.16696757386131053
2025-01-17,0.1369116481185613
2025-01-20,0.13647051792602022
2025-01-21,0.13470708561094713
2025-01-22,0.13384398472319037
2025-01-23,0.12959250111057674
2025-01-24,0.1297012336664208
2025-01-27,0.13971421383210397
2025-01-28,0.1380630397192941
2025-01-29,0.13387295494167878
2025-01-30,0.13402724455588783
2025-01-31,0.13474686533100588
2025-02-03,0.13053289790973951
2025-02-04,0.13137585652738779
2025-02-05,0.12626678299800134
2025-02-06,0.12653296940267603
2025-02-07,0.1308315728783434
2025-02-10,0.12183608947427124
2025-02-11,0.12144865889104102
2025-02-12,0.12155529968303737
2025-02-13,0.11093374356695858
2025-02-14,0.1104255113068964
2025-02-17,0.1049204907798638
2025-02-18,0.10504368994612504
2025-02-19,0.10093842392493947
2025-02-20,0.09985355443017986
2025-02-21,0.11582102522777618
2025-02-24,0.11644969862689096
2025-02-25,0.10629474877131267
2025-02-26,0.1012993481410922
2025-02-27,0.11501918003412291
2025-02-28,0.1262526750071439
2025-03-03,0.1398677567035669
2025-03-04,0.1437976172241551
2025-03-05,0.1465042143751498
2025-03-06,0.1589552682198866
2025-03-07,0.15902252171349132
2025-03-10,0.1834081174442303
2025-03-11,0.18325643658365987
2025-03-12,0.18334094176435006
2025-03-13,0.189239633807354
2025-03-14,0.19988053530538938
2025-03-17,0.20046716235454476
2025-03-18,0.20351720605348647
2025-03-19,0.2063233533649752
2025-03-20,0.20578494003719736
2025-03-21,0.20480464773169274
2025-03-24,0.20556113400655507
2025-03-25,0.20446482263323776
2025-03-26,0.2073785698885641
2025-03-27,0.20731663656615182
2025-03-28,0.21211825494456452
2025-03-31,0.2057630466652683
2025-04-01,0.19678534332684425
2025-04-02,0.19337476970213846
2025-04-03,0.2593641529824631
2025-04-04,0.33387783930583925
2025-04-07,0.3317669084985673
2025-04-08,0.3220810466306637
2025-04-09,0.4553093700981084
2025-04-10,0.4698243836778088
2025-04-11,0.4695426403174847
2025-04-14,0.4629421175328168
2025-04-15,0.4607115795288832
2025-04-16,0.4648666139682092
2025-04-17,0.462034324845538
2025-04-18,0.46072809958359767
2025-04-21,0.4674900273641916
2025-04-22,0.4710372252697086
2025-04-23,0.47366699114804267
2025-04-24,0.4766058095515529
2025-04-25,0.476332199547719
2025-04-28,0.4707781549456122
2025-04-29,0.4701927617935569
2025-04-30,0.46946919029802253
2025-05-01,0.468943279467671
2025-05-02,0.44046234243207644
2025-05-05,0.3881594029300043
2025-05-06,0.3886217901749827
2025-05-07,0.3848057901027381
2025-05-08,0.2314735678275791
2025-05-09,0.19782159619994144
2025-05-12,0.21970211215073956
2025-05-13,0.2187539712832958
2025-05-14,0.21798546179907405
2025-05-15,0.20389377136468756
2025-05-16,0.20475447519689483
2025-05-19,0.20425194157519247
2025-05-20,0.18765954129736298
2025-05-21,0.177196736173721
2025-05-22,0.16758053611734022
2025-05-23,0.15458587329234652
2025-05-26,0.1520699846446621
2025-05-27,0.16787695728617072
2025-05-28,0.16740516672694825
2025-05-29,0.16743327118991913
2025-05-30,0.1656453778918815
2025-06-02,0.15834272743166242
2025-06-03,0.1578276045005986
2025-06-04,0.15532411546084834
2025-06-05,0.15552314883553217
2025-06-06,0.15824017072333588
2025-06-09,0.15797729602510058
2025-06-10,0.11616967835400288
2025-06-11,0.11370564338586409
2025-06-12,0.11416882720646991
2025-06-13,0.1201911945734885
2025-06-16,0.12212570872991833
2025-06-17,0.1254560981027975
2025-06-18,0.12445233716793684
2025-06-19,0.11130307511672588
2025-06-20,0.11131054859875679
2025-06-23,0.11387627397260917
2025-06-24,0.12020710557725063
2025-06-25,0.09839205489693358
2025-06-26,0.10031503988179934
2025-06-27,0.10076943349605438
2025-06-30,0.10211224115777089
2025-07-01,0.10099017406544088
2025-07-02,0.10023560967736483
2025-07-03,0.10425677142622526
2025-07-04,0.10247357115896458
2025-07-07,0.1003333100265245
2025-07-08,0.10008213724513143
2025-07-09,0.10043894813946588
2025-07-10,0.10025741863095565
2025-07-11,0.09996001559571578
2025-07-14,0.09220711596575917
2025-07-15,0.08761985326091917
2025-07-16,0.08346603425336882
2025-07-17,0.08541972478497199
2025-07-18,0.08526279735719756
2025-07-21,0.08493839624975673
2025-07-22,0.07842991058769253
2025-07-23,0.0741077163303024
2025-07-24,0.07397992669131791
2025-07-25,0.07011185922678408
2025-07-28,0.06771593178045997
2025-07-29,0.06618631491254928
2025-07-30,0.06611332839444245
2025-07-31,0.06541497194717993
2025-08-01,0.08251601390571382
2025-08-04,0.09722255236596326
2025-08-05,0.09466562743186897
2025-08-06,0.09764847486822269
2025-08-07,0.0951265042114206
2025-08-08,0.0982494418827192
2025-08-11,0.09769773861550556
2025-08-12,0.10519904646644766
2025-08-13,0.10460983164703855
2025-08-14,0.10375203418443883
2025-08-15,0.10243282222926557
2025-08-18,0.10219182253770606
2025-08-19,0.10405067366795774
2025-08-20,0.10419567134036094
2025-08-21,0.10165784824042622
2025-08-22,0.11472580741461058
2025-08-25,0.11468478189930843
2025-08-26,0.11532229032253284
2025-08-27,0.11493629565721897
2025-08-28,0.11516925269441705
2025-08-29,0.11660636493282914
2025-09-01,0.10282477010309676
2025-09-02,0.0933053026019913
2025-09-03,0.09333353273308179
2025-09-04,0.0945158279585179
2025-09-05,0.0949310147356842
2025-09-08,0.09127167919249433
2025-09-09,0.0911507483344836
2025-09-10,0.08322033511668737
2025-09-11,0.0875979770181032
2025-09-12,0.08740490291837774
2025-09-15,0.08823361120256877
2025-09-16,0.08819167234924448
2025-09-17,0.08584224531908548
2025-09-18,0.08695273825950846
2025-09-19,0.08745300292225236
2025-09-22,0.07254214169873284
2025-09-23,0.07366445901572158
2025-09-24,0.07289261488944589
2025-09-25,0.07451434860442276
2025-09-26,0.07644749050958864
2025-09-29,0.07368004340838755
2025-09-30,0.07490054610480752
2025-10-01,0.0719406822640019
2025-10-02,0.06972260314240498
2025-10-03,0.06364769296007167
2025-10-06,0.06389717359391935
2025-10-07,0.06486975166931516
2025-10-08,0.06730549726646265
2025-10-09,0.06715958992486781
2025-10-10,0.11550758729623281
2025-10-13,0.12735457775276754
2025-10-14,0.12583046973013692
2025-10-15,0.12596858075889786
2025-10-16,0.1274612351532963
2025-10-17,0.12731575272867357
2025-10-20,0.1313367851077028
2025-10-21,0.13006583793951462
2025-10-22,0.1297907381467691
2025-10-23,0.13070821951673894
2025-10-24,0.13225420594640142
2025-10-27,0.13746601636713868
2025-10-28,0.13707002918523672
2025-10-29,0.1360759100792714
2025-10-30,0.13997235001077646
2025-10-31,0.13996903661990823
2025-11-03,0.1398444866550901
2025-11-04,0.14538886237831805
2025-11-05,0.14510698005245853
2025-11-06,0.14908575487553413
2025-11-07,0.14857097981328538
2025-11-10,0.1276690479527651
2025-11-11,0.11621823833025074
2025-11-12,0.11573866384501279
2025-11-13,0.12927425043178084
2025-11-14,0.12705468887441476
2025-11-17,0.1296872623281196
2025-11-18,0.12771996906346844
2025-11-19,0.12799187491410527
2025-11-20,0.13828489100304758
2025-11-21,0.14076310391854127
2025-11-24,0.1481914616704634
2025-11-25,0.14536787157205813
2025-11-26,0.14672787002322674
2025-11-27,0.14630175507639995
2025-11-28,0.14323412230186117
2025-12-01,0.14391273722188985
2025-12-02,0.14373244206795086
2025-12-03,0.138170408004066
2025-12-04,0.13741133171466755
2025-12-05,0.13197857920251366
2025-12-08,0.13231378495082016
2025-12-09,0.12162863902464888
2025-12-10,0.12356306338838977
2025-12-11,0.12357849002077807
2025-12-12,0.11628245187668831
2025-12-15,0.11618545836423104
2025-12-16,0.11205628176570298
2025-12-17,0.1160861246384802
2025-12-18,0.11847362673088764
2025-12-19,0.11009693845522572
2025-12-22,0.10712132413001726
2025-12-23,0.09470304337875457
2025-12-24,0.09003170322646135
2025-12-25,0.0866705466709652
2025-12-26,0.08642275071529856
2025-12-29,0.08523312321063876
