Date,gjr_garch_forecast_h5
2005-03-02,0.10442484166869023
2005-03-03,0.10347763817074203
2005-03-04,0.10323148839003228
2005-03-07,0.10183981245947464
2005-03-08,0.1008799882676954
2005-03-09,0.11152046449645145
2005-03-10,0.11025954724996952
2005-03-11,0.11435422727121436
2005-03-14,0.11186473402940231
2005-03-15,0.11594344998234275
2005-03-16,0.12113717923567201
2005-03-17,0.10872637831691284
2005-03-18,0.10597634540053849
2005-03-21,0.10351005729197839
2005-03-22,0.10913089700102502
2005-03-23,0.10487530153183233
2005-03-24,0.10173743121302366
2005-03-25,0.10027243304193909
2005-03-28,0.0991601914843281
2005-03-29,0.0996379476815188
2005-03-30,0.10770493335988926
2005-03-31,0.10556150181437449
2005-04-01,0.10296012651469048
2005-04-04,0.1024035074530358
2005-04-05,0.09947292402278558
2005-04-06,0.09619191204540076
2005-04-07,0.09427004189002294
2005-04-08,0.0978882091511209
2005-04-11,0.09650977688535568
2005-04-12,0.09742936726622482
2005-04-13,0.10971857396945381
2005-04-14,0.11361582887795545
2005-04-15,0.13687871858599554
2005-04-18,0.13537548359723367
2005-04-19,0.13375790124263365
2005-04-20,0.14538615725233672
2005-04-21,0.15567329973636618
2005-04-22,0.14931374648953283
2005-04-25,0.1502470533734325
2005-04-26,0.15287332269854245
2005-04-27,0.15150969710500117
2005-04-28,0.15810630001750822
2005-04-29,0.161043687958213
2005-05-02,0.15889139348347675
2005-05-03,0.15461434188226944
2005-05-04,0.15871433416953196
2005-05-05,0.15719721253022742
2005-05-06,0.15104488055093546
2005-05-09,0.14745989125317138
2005-05-10,0.14426109106583604
2005-05-11,0.14344541025655652
2005-05-12,0.1484570429379641
2005-05-13,0.1419704320063347
2005-05-16,0.12889816478870345
2005-05-17,0.12705380767258317
2005-05-18,0.12673900207480635
2005-05-19,0.12327093439758795
2005-05-20,0.12160605278738458
2005-05-23,0.11496826333873417
2005-05-24,0.10666097546885947
2005-05-25,0.10641178334683132
2005-05-26,0.10746384651148003
2005-05-27,0.09854279714811565
2005-05-30,0.09737198751576755
2005-05-31,0.10093068748368314
2005-06-01,0.10220543004141561
2005-06-02,0.09528336221647547
2005-06-03,0.099291416678399
2005-06-06,0.09253793853339579
2005-06-07,0.08977811986589175
2005-06-08,0.08367820684568252
2005-06-09,0.08133898106106999
2005-06-10,0.07377310297605796
2005-06-13,0.07171718681913544
2005-06-14,0.07193820180971151
2005-06-15,0.07023001974289407
2005-06-16,0.07116241128609432
2005-06-17,0.07139430464380944
2005-06-20,0.06800063976010247
2005-06-21,0.06813176091591015
2005-06-22,0.06783259041594895
2005-06-23,0.08263024254969759
2005-06-24,0.08471327310168465
2005-06-27,0.08201381791925336
2005-06-28,0.08339007757395911
2005-06-29,0.08219913009450153
2005-06-30,0.08794104476599936
2005-07-01,0.08699862840017354
2005-07-04,0.08388229081469138
2005-07-05,0.08756571830917141
2005-07-06,0.0953869449519313
2005-07-07,0.09380616495800288
2005-07-08,0.10066444943070516
2005-07-11,0.10155838370157498
2005-07-12,0.09945505984454246
2005-07-13,0.09858384219067455
2005-07-14,0.09828251515706111
2005-07-15,0.09784779363803008
2005-07-18,0.09426129271781507
2005-07-19,0.0927544250031763
2005-07-20,0.0931871312178109
2005-07-21,0.09319830223551812
2005-07-22,0.09367941539690025
2005-07-25,0.0920141224364372
2005-07-26,0.09117009562391322
2005-07-27,0.09126140543268542
2005-07-28,0.0879575294947459
2005-07-29,0.0904645205012505
2005-08-01,0.08942676149499401
2005-08-02,0.08286084454915509
2005-08-03,0.07928005946762172
2005-08-04,0.08607634144933252
2005-08-05,0.09239643192302685
2005-08-08,0.09133190320342328
2005-08-09,0.0928674957645369
2005-08-10,0.09064138428382715
2005-08-11,0.09001882379206176
2005-08-12,0.09250721607668781
2005-08-15,0.08926655883981229
2005-08-16,0.10321490019106865
2005-08-17,0.1004202139796672
2005-08-18,0.09943025949802983
2005-08-19,0.09663219385556883
2005-08-22,0.09396581430578804
2005-08-23,0.09051415331140644
2005-08-24,0.09496469734966333
2005-08-25,0.09124251165038723
2005-08-26,0.09399843962335726
2005-08-29,0.09187154490386566
2005-08-30,0.08779645166186408
2005-08-31,0.09300787138796787
2005-09-01,0.0893917677481809
2005-09-02,0.08911902696805879
2005-09-05,0.08478308869662476
2005-09-06,0.09238748612485545
2005-09-07,0.09168209223357629
2005-09-08,0.0837513378678009
2005-09-09,0.087272733175217
2005-09-12,0.08687756841215727
2005-09-13,0.09341233798118108
2005-09-14,0.0942456954655543
2005-09-15,0.09237179577428309
2005-09-16,0.09332420803548654
2005-09-19,0.0963300789449611
2005-09-20,0.10001279086434427
2005-09-21,0.10627958697102623
2005-09-22,0.10565837646935226
2005-09-23,0.0984284622145153
2005-09-26,0.09754392615558012
2005-09-27,0.09598734207586561
2005-09-28,0.09528490493679753
2005-09-29,0.08946872964653607
2005-09-30,0.08824118494734026
2005-10-03,0.087086986801962
2005-10-04,0.09546509932847473
2005-10-05,0.11730666909061085
2005-10-06,0.11399001775455805
2005-10-07,0.11225576438963646
2005-10-10,0.11511315241705902
2005-10-11,0.11103021077276738
2005-10-12,0.11117293856540275
2005-10-13,0.10609041887015719
2005-10-14,0.10346504593610288
2005-10-17,0.1019497222269566
2005-10-18,0.11187238305979766
2005-10-19,0.12079721010667643
2005-10-20,0.1392032575834113
2005-10-21,0.13685910986662775
2005-10-24,0.14325877899413525
2005-10-25,0.14238486936509254
2005-10-26,0.14207680110742477
2005-10-27,0.14541297054811853
2005-10-28,0.14597517948392638
2005-10-31,0.14573651764609508
2005-11-01,0.14450022271750593
2005-11-02,0.1454413307320398
2005-11-03,0.1443515893308964
2005-11-04,0.14217168414291656
2005-11-07,0.1415054998707689
2005-11-08,0.1393258719765279
2005-11-09,0.138295043553952
2005-11-10,0.13624666129065363
2005-11-11,0.12643210985759923
2005-11-14,0.11504694555049515
2005-11-15,0.11599957888652568
2005-11-16,0.10097138816560702
2005-11-17,0.10492883843972434
2005-11-18,0.10478591056532383
2005-11-21,0.09952140941667927
2005-11-22,0.08375307686772299
2005-11-23,0.08064822674041781
2005-11-24,0.0793874382066559
2005-11-25,0.07198647375663325
2005-11-28,0.08115567954926645
2005-11-29,0.08028887679960589
2005-11-30,0.08449276989121725
2005-12-01,0.0927348978385039
2005-12-02,0.09157123093545093
2005-12-05,0.08728191269245197
2005-12-06,0.08551699226958373
2005-12-07,0.08856356296301438
2005-12-08,0.0872272986503594
2005-12-09,0.08688744588197542
2005-12-12,0.08000907851385065
2005-12-13,0.08055105656736625
2005-12-14,0.07932330963357066
2005-12-15,0.07749022442841567
2005-12-16,0.07705279245547644
2005-12-19,0.0819245493227828
2005-12-20,0.08071536642262972
2005-12-21,0.07498148070335482
2005-12-22,0.07599018826365676
2005-12-23,0.07274375932993303
2005-12-26,0.05910735608701152
2005-12-27,0.07397861450505269
2005-12-28,0.07319435567400928
2005-12-29,0.07274104005641319
2005-12-30,0.07399867003920496
2006-01-02,0.07277913037904231
2006-01-03,0.08984437073228363
2006-01-04,0.08970374278958348
2006-01-05,0.08771154880175122
2006-01-06,0.09159804751825665
2006-01-09,0.09167695795389763
2006-01-10,0.09064932230104412
2006-01-11,0.08899355997295316
2006-01-12,0.09363517316020703
2006-01-13,0.09277198349961334
2006-01-16,0.0912788291152615
2006-01-17,0.09250450577507621
2006-01-18,0.09386349432492067
2006-01-19,0.08941543746781316
2006-01-20,0.12431634002295551
2006-01-23,0.12164643249562637
2006-01-24,0.11970254799101561
2006-01-25,0.11801723605127597
2006-01-26,0.10527491142228368
2006-01-27,0.10633228648536698
2006-01-30,0.10513800508929037
2006-01-31,0.10069745483873442
2006-02-01,0.09943601403315881
2006-02-02,0.107335358069332
2006-02-03,0.10793691909651502
2006-02-06,0.10500747250959999
2006-02-07,0.11044021009753077
2006-02-08,0.11255428460863334
2006-02-09,0.111801803818857
2006-02-10,0.10924217565977247
2006-02-13,0.10800758681765532
2006-02-14,0.09334164214559666
2006-02-15,0.09267602195204654
2006-02-16,0.09447829357116581
2006-02-17,0.09412537147618734
2006-02-20,0.08989708515437324
2006-02-21,0.08698726627350654
2006-02-22,0.08988094034690396
2006-02-23,0.09005152003035757
2006-02-24,0.08955718367344977
2006-02-27,0.08434326628547979
2006-02-28,0.09564267015917793
2006-03-01,0.09832475789235773
2006-03-02,0.09394894467391347
2006-03-03,0.0883343334348052
2006-03-06,0.09345011675985296
2006-03-07,0.09224080873875641
2006-03-08,0.0912223740050992
2006-03-09,0.0868937893457382
2006-03-10,0.08856108700133421
2006-03-13,0.08401609071328751
2006-03-14,0.09053207734588084
2006-03-15,0.09097988706480564
2006-03-16,0.09004001616855721
2006-03-17,0.08579435648157548
2006-03-20,0.08476106628836282
2006-03-21,0.08911137178426258
2006-03-22,0.08982044953351252
2006-03-23,0.08272676684014317
2006-03-24,0.07745749752197634
2006-03-27,0.07690577036313068
2006-03-28,0.08222428932550792
2006-03-29,0.08198524597167708
2006-03-30,0.08183786665310581
2006-03-31,0.0831610677030769
2006-04-03,0.08142939570448372
2006-04-04,0.08019345231680537
2006-04-05,0.0799212534220672
2006-04-06,0.07192616409693775
2006-04-07,0.08522098738978685
2006-04-10,0.08415205761971227
2006-04-11,0.09084189218695188
2006-04-12,0.08998589621963092
2006-04-13,0.0859103237693
2006-04-14,0.08217573473519556
2006-04-17,0.08227889568461087
2006-04-18,0.09928116480615566
2006-04-19,0.09900892147027568
2006-04-20,0.09579069383703637
2006-04-21,0.09214169168552176
2006-04-24,0.09156094175832358
2006-04-25,0.09290992843835195
2006-04-26,0.09262758166299502
2006-04-27,0.0905157826840033
2006-04-28,0.08889520044130804
2006-05-01,0.09009303370250785
2006-05-02,0.08508702705969438
2006-05-03,0.0863728745746629
2006-05-04,0.08252747623123807
2006-05-05,0.0890642131803411
2006-05-08,0.08862770601210523
2006-05-09,0.08854667333490925
2006-05-10,0.08804846636131924
2006-05-11,0.08976626832868873
2006-05-12,0.10332980514273617
2006-05-15,0.10160831750146637
2006-05-16,0.10075602549913219
2006-05-17,0.12645264129460643
2006-05-18,0.127238706843266
2006-05-19,0.12577612686721049
2006-05-22,0.12391693885328832
2006-05-23,0.12305924751419609
2006-05-24,0.12162575093895708
2006-05-25,0.12319416881192621
2006-05-26,0.12269382932503316
2006-05-29,0.12118373191581486
2006-05-30,0.1368691814811087
2006-05-31,0.137906367137648
2006-06-01,0.14164082586535356
2006-06-02,0.14058074748169663
2006-06-05,0.15708636819395194
2006-06-06,0.1498428305106747
2006-06-07,0.1505544895467276
2006-06-08,0.1474728281044122
2006-06-09,0.13604041956730717
2006-06-12,0.14370530329841885
2006-06-13,0.14983813992857586
2006-06-14,0.14778551408488094
2006-06-15,0.1614822416904447
2006-06-16,0.16077001496906299
2006-06-19,0.16054263604906674
2006-06-20,0.15671301760263992
2006-06-21,0.15879099176259265
2006-06-22,0.1505209331989706
2006-06-23,0.1466668818715116
2006-06-26,0.1400487199036566
2006-06-27,0.1458511200070877
2006-06-28,0.131414964007174
2006-06-29,0.14912709495404286
2006-06-30,0.14684766906358102
2006-07-03,0.1483504105205419
2006-07-04,0.14652657396871105
2006-07-05,0.14427573404270355
2006-07-06,0.13887924158236106
2006-07-07,0.1404305382572378
2006-07-10,0.1207229466101638
2006-07-11,0.11936094604389653
2006-07-12,0.12553340158518483
2006-07-13,0.13900177229895425
2006-07-14,0.13520245330924008
2006-07-17,0.1316041398562415
2006-07-18,0.12996704345079563
2006-07-19,0.1422441127963632
2006-07-20,0.14320758074247802
2006-07-21,0.1445088548245372
2006-07-24,0.13604724637879273
2006-07-25,0.13582400463556288
2006-07-26,0.13259451031095318
2006-07-27,0.13240409288705604
2006-07-28,0.1356825261976705
2006-07-31,0.13461625546873465
2006-08-01,0.13362619282416627
2006-08-02,0.13367889468297714
2006-08-03,0.13284969350158204
2006-08-04,0.1269307239595107
2006-08-07,0.1191930912134903
2006-08-08,0.11885071856275904
2006-08-09,0.11931764266571132
2006-08-10,0.1196727742529206
2006-08-11,0.10326872027979714
2006-08-14,0.09868652704715088
2006-08-15,0.10570711872851471
2006-08-16,0.09282192572792332
2006-08-17,0.09006098875891418
2006-08-18,0.09011384382839652
2006-08-21,0.0905399217574966
2006-08-22,0.08049848600540334
2006-08-23,0.08267970605826377
2006-08-24,0.08110253350739222
2006-08-25,0.07888740718975405
2006-08-28,0.07995498049003424
2006-08-29,0.07981025067555762
2006-08-30,0.07927207359445004
2006-08-31,0.07803456844825522
2006-09-01,0.07843093956478636
2006-09-04,0.07654791282835655
2006-09-05,0.07543155629950136
2006-09-06,0.08877775941156342
2006-09-07,0.07811667167885918
2006-09-08,0.07407810120495306
2006-09-11,0.07275027814624445
2006-09-12,0.07840119031616082
2006-09-13,0.07790362776461618
2006-09-14,0.0777245044915253
2006-09-15,0.07602696826378545
2006-09-18,0.07490162967037331
2006-09-19,0.07529730788348911
2006-09-20,0.0756774833667877
2006-09-21,0.07926931327505077
2006-09-22,0.07952973256225773
2006-09-25,0.08407718930319327
2006-09-26,0.08565144383431092
2006-09-27,0.08518529744083707
2006-09-28,0.08507158502900625
2006-09-29,0.07828052444170888
2006-10-02,0.0779452639004253
2006-10-03,0.0768450586319457
2006-10-04,0.08645731297305174
2006-10-05,0.07902370410419603
2006-10-06,0.07888360031482056
2006-10-09,0.07816040219924485
2006-10-10,0.07794537274827805
2006-10-11,0.07827311448686504
2006-10-12,0.08398288393232517
2006-10-13,0.08188669610833366
2006-10-16,0.08020122332925796
2006-10-17,0.08141430154043491
2006-10-18,0.07581353329600049
2006-10-19,0.07102364015925132
2006-10-20,0.07110989421636836
2006-10-23,0.07357055188550324
2006-10-24,0.07282730326551896
2006-10-25,0.07302821198213592
2006-10-26,0.07395085354202646
2006-10-27,0.07383474645402316
2006-10-30,0.07290579695488696
2006-10-31,0.07159085028884077
2006-11-01,0.07886166597707397
2006-11-02,0.07801848391495331
2006-11-03,0.0773232130661599
2006-11-06,0.0792370910218586
2006-11-07,0.07814574287092553
2006-11-08,0.07777842539995374
2006-11-09,0.0801105311554466
2006-11-10,0.07974860372419884
2006-11-13,0.0799980990516055
2006-11-14,0.08168395636705886
2006-11-15,0.07884427275185837
2006-11-16,0.07913022558025767
2006-11-17,0.0774790612642286
2006-11-20,0.07558328765114052
2006-11-21,0.06986447690478326
2006-11-22,0.07032503502747077
2006-11-23,0.06973663697426581
2006-11-24,0.06751516578389123
2006-11-27,0.09344262160343578
2006-11-28,0.09215078085195896
2006-11-29,0.08823970166614001
2006-11-30,0.0858772055438214
2006-12-01,0.0855244190331498
2006-12-04,0.08789245936043265
2006-12-05,0.0877814567733711
2006-12-06,0.08694373526314658
2006-12-07,0.08579532782248155
2006-12-08,0.08464762944030553
2006-12-11,0.08381136540673571
2006-12-12,0.08342477612535976
2006-12-13,0.08290455552409084
2006-12-14,0.08728963821996914
2006-12-15,0.0862821836743885
2006-12-18,0.08773502060997294
2006-12-19,0.08680456912167966
2006-12-20,0.07306404472836636
2006-12-21,0.07410470705650848
2006-12-22,0.07161264236526532
2006-12-25,0.07095020676438829
2006-12-26,0.07148137597273588
2006-12-27,0.06862475517240459
2006-12-28,0.06628560069710046
2006-12-29,0.06947251991001029
2007-01-02,0.06771523910619265
2007-01-03,0.06714818849183306
2007-01-04,0.06614540560559559
2007-01-05,0.07175225821519261
2007-01-08,0.07158897970391626
2007-01-09,0.06424686366073329
2007-01-10,0.06375784122079058
2007-01-11,0.06620328229881749
2007-01-12,0.06704930282277063
2007-01-15,0.06648836260893601
2007-01-16,0.06506581481648002
2007-01-17,0.062295986933322674
2007-01-18,0.06380674234758665
2007-01-19,0.06200334323078257
2007-01-22,0.0630259228464807
2007-01-23,0.06297430858324386
2007-01-24,0.0669716117034208
2007-01-25,0.0859403141194072
2007-01-26,0.08469520537686334
2007-01-29,0.08315521153561016
2007-01-30,0.0825561864786559
2007-01-31,0.08359033865753578
2007-02-01,0.08512659007734738
2007-02-02,0.08391328485339994
2007-02-05,0.08062500192220619
2007-02-06,0.07856125554438534
2007-02-07,0.07819235644793741
2007-02-08,0.07763940050039927
2007-02-09,0.08454168858941914
2007-02-12,0.08447041250429535
2007-02-13,0.08728981841823609
2007-02-14,0.0885714445100295
2007-02-15,0.08698526859568402
2007-02-16,0.0815481592860876
2007-02-19,0.07164129293372079
2007-02-20,0.07157251912765705
2007-02-21,0.07176240115776332
2007-02-22,0.06878230728849773
2007-02-23,0.0665609405360293
2007-02-26,0.06456292810108519
2007-02-27,0.17791999666759825
2007-02-28,0.1737697766213428
2007-03-01,0.17050621016025552
2007-03-02,0.17596143000767664
2007-03-05,0.17766596573485557
2007-03-06,0.17894333867067685
2007-03-07,0.17674914622597182
2007-03-08,0.17311536086820023
2007-03-09,0.16883457573219915
2007-03-12,0.16695034165362307
2007-03-13,0.19152646456591274
2007-03-14,0.18989347049399088
2007-03-15,0.18767865998396516
2007-03-16,0.1856141972396553
2007-03-19,0.18683373704850312
2007-03-20,0.18566369364519358
2007-03-21,0.19302860225632051
2007-03-22,0.14985497114716828
2007-03-23,0.1467410000373492
2007-03-26,0.14489938938247846
2007-03-27,0.14166348643709
2007-03-28,0.14130305109159708
2007-03-29,0.13062459954348377
2007-03-30,0.1292544554269395
2007-04-02,0.12639148346359816
2007-04-03,0.1284971342692108
2007-04-04,0.12753936279046396
2007-04-05,0.10624971655485035
2007-04-06,0.1030267401258806
2007-04-09,0.10156983442512078
2007-04-10,0.10036843802199064
2007-04-11,0.09777262450201456
2007-04-12,0.09682934028854129
2007-04-13,0.07774786455665973
2007-04-16,0.08514076064705209
2007-04-17,0.08448350868997863
2007-04-18,0.08366198626677579
2007-04-19,0.08063030532853986
2007-04-20,0.08203696717285154
2007-04-23,0.08089867971740644
2007-04-24,0.08038094932217386
2007-04-25,0.08669461481308251
2007-04-26,0.08043802945626333
2007-04-27,0.0802814323072325
2007-04-30,0.08795447468578511
2007-05-01,0.08741283028885026
2007-05-02,0.08934214271420088
2007-05-03,0.08972540448799843
2007-05-04,0.08676913076875933
2007-05-07,0.08386716688599735
2007-05-08,0.08306653497503595
2007-05-09,0.07517960954643156
2007-05-10,0.10034622026558371
2007-05-11,0.10354146941828787
2007-05-14,0.10244965105840419
2007-05-15,0.09706746151543143
2007-05-16,0.09981058715040925
2007-05-17,0.09859549108568398
2007-05-18,0.09487791206852247
2007-05-21,0.09373727599666354
2007-05-22,0.09321089019666746
2007-05-23,0.08908692315457736
2007-05-24,0.09902941959867188
2007-05-25,0.09763903791238804
2007-05-28,0.0952255057456053
2007-05-29,0.09398531192345752
2007-05-30,0.0971773228355356
2007-05-31,0.09614690590756413
2007-06-01,0.0961236522548872
2007-06-04,0.08266896662773755
2007-06-05,0.0794144323771468
2007-06-06,0.08891215018030281
2007-06-07,0.12170178087060145
2007-06-08,0.1214996572058764
2007-06-11,0.11942575191488407
2007-06-12,0.12597150085414247
2007-06-13,0.1334960566017535
2007-06-14,0.1327068016561756
2007-06-15,0.13328098444779074
2007-06-18,0.12769770909839392
2007-06-19,0.12532256937528158
2007-06-20,0.13985320771880697
2007-06-21,0.139957214783355
2007-06-22,0.1479278206656552
2007-06-25,0.14705300602441315
2007-06-26,0.14608934811560034
2007-06-27,0.14689513519217678
2007-06-28,0.14441182974357053
2007-06-29,0.14003814534141462
2007-07-02,0.1300416490341964
2007-07-03,0.12422059484724927
2007-07-04,0.12276645801731655
2007-07-05,0.11629891427127918
2007-07-06,0.10441588315838815
2007-07-09,0.10199606202559972
2007-07-10,0.11960270068523927
2007-07-11,0.1192114994735557
2007-07-12,0.13350281407788592
2007-07-13,0.1248103862302846
2007-07-16,0.12231432340576373
2007-07-17,0.1129402977533067
2007-07-18,0.11190211764159975
2007-07-19,0.11145563613705961
2007-07-20,0.12134839438838353
2007-07-23,0.12115778215244714
2007-07-24,0.1530157021241601
2007-07-25,0.14707167701455642
2007-07-26,0.18131961390468462
2007-07-27,0.19378470614562263
2007-07-30,0.1927499428232776
2007-07-31,0.1982002773631389
2007-08-01,0.1959148576848531
2007-08-02,0.1873831236263251
2007-08-03,0.22272212240608324
2007-08-06,0.22427183110347995
2007-08-07,0.2213708076292893
2007-08-08,0.22257716516588477
2007-08-09,0.262675700339
2007-08-10,0.2568318420753397
2007-08-13,0.252211356617983
2007-08-14,0.26018166921168906
2007-08-15,0.26438408096678023
2007-08-16,0.25162547123911716
2007-08-17,0.26074718215632336
2007-08-20,0.2452686846015241
2007-08-21,0.23570357363025438
2007-08-22,0.23447963536789293
2007-08-23,0.22896419479815217
2007-08-24,0.2289430665878873
2007-08-27,0.22972546766778656
2007-08-28,0.23724284884024488
2007-08-29,0.2306824929901567
2007-08-30,0.22845836813094422
2007-08-31,0.2238736940626276
2007-09-03,0.1982500874097234
2007-09-04,0.19831973526659713
2007-09-05,0.20317048728083956
2007-09-06,0.1925345008894855
2007-09-07,0.20054521894626834
2007-09-10,0.19794407595304744
2007-09-11,0.18313906582249068
2007-09-12,0.18108843576973443
2007-09-13,0.1816690892287497
2007-09-14,0.17554861529663296
2007-09-17,0.1756870816806187
2007-09-18,0.19598123127777597
2007-09-19,0.1932901803931648
2007-09-20,0.1779133129019879
2007-09-21,0.16147034700847954
2007-09-24,0.1617179883152588
2007-09-25,0.15589233431920826
2007-09-26,0.1562289117133414
2007-09-27,0.1516676589537014
2007-09-28,0.14654696990651092
2007-10-01,0.1516551144105612
2007-10-02,0.13963248315347185
2007-10-03,0.14056913553495898
2007-10-04,0.13282774591942595
2007-10-05,0.1358345798858162
2007-10-08,0.1331198254433123
2007-10-09,0.13539475358351932
2007-10-10,0.13419153209774265
2007-10-11,0.09532069496965968
2007-10-12,0.09329470820394593
2007-10-15,0.09852241827605063
2007-10-16,0.1010351655500813
2007-10-17,0.09799668220560143
2007-10-18,0.09738692775639883
2007-10-19,0.15448444721574434
2007-10-22,0.15227911611890865
2007-10-23,0.1512323644443542
2007-10-24,0.14187907576534609
2007-10-25,0.13928290094452533
2007-10-26,0.14408799726933155
2007-10-29,0.14242045290671834
2007-10-30,0.1404165661141799
2007-10-31,0.14367831362180788
2007-11-01,0.18783611181878962
2007-11-02,0.1843237992167877
2007-11-05,0.18163857862058577
2007-11-06,0.18419967080309588
2007-11-07,0.22653468688811773
2007-11-08,0.22143886717542577
2007-11-09,0.2277276576151793
2007-11-12,0.2287089850413537
2007-11-13,0.22864527994881093
2007-11-14,0.22768460327847556
2007-11-15,0.23241868115139896
2007-11-16,0.22902816247346514
2007-11-19,0.24026874096458833
2007-11-20,0.23330476872830672
2007-11-21,0.24254615733328905
2007-11-22,0.23806488896010888
2007-11-23,0.23888680856156042
2007-11-26,0.2455293550813381
2007-11-27,0.24594521561563762
2007-11-28,0.26102649511872683
2007-11-29,0.254804717571087
2007-11-30,0.2324964903495431
2007-12-03,0.23264432103404734
2007-12-04,0.22763521959751226
2007-12-05,0.22878201648728685
2007-12-06,0.21080802538039073
2007-12-07,0.2084395338199598
2007-12-10,0.20335556594249157
2007-12-11,0.2347694965306552
2007-12-12,0.22536971503200387
2007-12-13,0.22285694412255413
2007-12-14,0.22216571822936326
2007-12-17,0.23112034552877952
2007-12-18,0.22243324036873055
2007-12-19,0.20455061498207805
2007-12-20,0.19702390561142383
2007-12-21,0.1782312737675278
2007-12-24,0.1779569828927882
2007-12-25,0.1743851932036381
2007-12-26,0.17102942079693365
2007-12-27,0.18158065877733912
2007-12-28,0.1721335174428117
2007-12-31,0.1658032774143559
2008-01-02,0.17726886239907955
2008-01-03,0.17323966391972073
2008-01-04,0.18845430387773415
2008-01-07,0.18348030859795464
2008-01-08,0.20031310754568482
2008-01-09,0.19674510116289765
2008-01-10,0.18787119692401189
2008-01-11,0.19453090662505315
2008-01-14,0.19448605121025755
2008-01-15,0.22436769081418326
2008-01-16,0.21497351013619512
2008-01-17,0.251776944720793
2008-01-18,0.2495531742315319
2008-01-21,0.2432946280538568
2008-01-22,0.24062003701257598
2008-01-23,0.24656099580751875
2008-01-24,0.24370277320518732
2008-01-25,0.24660415475025463
2008-01-28,0.2508029898401477
2008-01-29,0.23365021427659016
2008-01-30,0.23238184817750626
2008-01-31,0.22853030036890892
2008-02-01,0.22519299273741067
2008-02-04,0.22672258647245097
2008-02-05,0.26791590933610676
2008-02-06,0.2642630922587872
2008-02-07,0.24691258216894812
2008-02-08,0.242453078448712
2008-02-11,0.21934120135795912
2008-02-12,0.21678274226243333
2008-02-13,0.21878363286857963
2008-02-14,0.22196715661880756
2008-02-15,0.20750814479271365
2008-02-18,0.2023228969300715
2008-02-19,0.19250984258673917
2008-02-20,0.18340681666432473
2008-02-21,0.1903355218592252
2008-02-22,0.18893692241172388
2008-02-25,0.1844809123073526
2008-02-26,0.17946717159258277
2008-02-27,0.174620987692274
2008-02-28,0.140071667857036
2008-02-29,0.18650867172666616
2008-03-03,0.18213245820528715
2008-03-04,0.17776156986668795
2008-03-05,0.17487069958801438
2008-03-06,0.2004765721965274
2008-03-07,0.19380231095947234
2008-03-10,0.19923615428669375
2008-03-11,0.23162933550146497
2008-03-12,0.2326244234675207
2008-03-13,0.22958773587983738
2008-03-14,0.2469205488876366
2008-03-17,0.2421570956074474
2008-03-18,0.27668868091256354
2008-03-19,0.2933697046572565
2008-03-20,0.3008848958083117
2008-03-21,0.29726337327603103
2008-03-24,0.2982903481133377
2008-03-25,0.28133560776703037
2008-03-26,0.281855752354201
2008-03-27,0.2843428768039225
2008-03-28,0.28483768315205465
2008-03-31,0.2734269242695625
2008-04-01,0.29500910467211994
2008-04-02,0.2888624800085498
2008-04-03,0.26036005479886815
2008-04-04,0.2569746377322486
2008-04-07,0.2553355120015552
2008-04-08,0.24534995829142323
2008-04-09,0.24528088167351061
2008-04-10,0.20029536163388414
2008-04-11,0.20543081966315874
2008-04-14,0.18701605287591463
2008-04-15,0.18577405211440662
2008-04-16,0.19190484791656368
2008-04-17,0.19008427905577246
2008-04-18,0.1960558412411369
2008-04-21,0.19081810397983515
2008-04-22,0.1922796901969767
2008-04-23,0.190713266309329
2008-04-24,0.1484916904287705
2008-04-25,0.14910969704165467
2008-04-28,0.14756812554991083
2008-04-29,0.1475156487691933
2008-04-30,0.14766038869953016
2008-05-01,0.15645966138196937
2008-05-02,0.15367066440049829
2008-05-05,0.15357873970653343
2008-05-06,0.1389776686229468
2008-05-07,0.16261013047923678
2008-05-08,0.1606478780771986
2008-05-09,0.1432755962101175
2008-05-12,0.1460605907682159
2008-05-13,0.1308993637505516
2008-05-14,0.12966493516525393
2008-05-15,0.13001938836711374
2008-05-16,0.12885007642050714
2008-05-19,0.12538117036765017
2008-05-20,0.13034113481143733
2008-05-21,0.14972354233427612
2008-05-22,0.14742554172646447
2008-05-23,0.15745309870130406
2008-05-26,0.14471603270983216
2008-05-27,0.14379414535272692
2008-05-28,0.14162058667870916
2008-05-29,0.1391041562828712
2008-05-30,0.12290159616906948
2008-06-02,0.13058470030566613
2008-06-03,0.12887806991330047
2008-06-04,0.1222389456973617
2008-06-05,0.13726324452991567
2008-06-06,0.19978023403497067
2008-06-09,0.19167864823436565
2008-06-10,0.18955196919765854
2008-06-11,0.20281068499189958
2008-06-12,0.1973471514582718
2008-06-13,0.19204260045046737
2008-06-16,0.18871601724412165
2008-06-17,0.1844724807858555
2008-06-18,0.18693869188516982
2008-06-19,0.1836369560958063
2008-06-20,0.20172636707407604
2008-06-23,0.1977463285178694
2008-06-24,0.19476123063811088
2008-06-25,0.19040485688032008
2008-06-26,0.2331395574461953
2008-06-27,0.23083609221214424
2008-06-30,0.21714072427808734
2008-07-01,0.18631833170605483
2008-07-02,0.20250643340781
2008-07-03,0.19899641113970878
2008-07-04,0.18650309574736465
2008-07-07,0.1878134286409591
2008-07-08,0.18615421710193328
2008-07-09,0.2123335082551313
2008-07-10,0.20958993634079093
2008-07-11,0.20934909116991907
2008-07-14,0.2105520813463297
2008-07-15,0.20446110065335557
2008-07-16,0.21703194402092002
2008-07-17,0.2179186221637786
2008-07-18,0.2149112644121732
2008-07-21,0.18765187883623022
2008-07-22,0.1903407065606265
2008-07-23,0.18930066595984732
2008-07-24,0.21753753828289676
2008-07-25,0.20487913230103713
2008-07-28,0.22145187488945597
2008-07-29,0.23123796806446614
2008-07-30,0.23407469311834778
2008-07-31,0.23234760414137573
2008-08-01,0.21830401729869858
2008-08-04,0.21831762085750897
2008-08-05,0.23347519147041684
2008-08-06,0.23007143437418293
2008-08-07,0.2405565266202883
2008-08-08,0.2371363192991382
2008-08-11,0.2325434960983817
2008-08-12,0.23698875937005026
2008-08-13,0.2351749407579584
2008-08-14,0.2303616133909987
2008-08-15,0.22814017320825422
2008-08-18,0.22469913096405353
2008-08-19,0.226586628135423
2008-08-20,0.21673637319167954
2008-08-21,0.19972846616853368
2008-08-22,0.1930070940461988
2008-08-25,0.21029716122930409
2008-08-26,0.2062307974548232
2008-08-27,0.20280411645853816
2008-08-28,0.18382942891185577
2008-08-29,0.19328870779294172
2008-09-01,0.18019090282210895
2008-09-02,0.1608325407439651
2008-09-03,0.15737732504931412
2008-09-04,0.20704487681730882
2008-09-05,0.20356120343875173
2008-09-08,0.20999948647670919
2008-09-09,0.2658041022844075
2008-09-10,0.25488814807394555
2008-09-11,0.25072962077781735
2008-09-12,0.24573649353051882
2008-09-15,0.3312716957448017
2008-09-16,0.32889688418291474
2008-09-17,0.3881183120512789
2008-09-18,0.40445174524062905
2008-09-19,0.4195826679891395
2008-09-22,0.4478342674642211
2008-09-23,0.44461090415618393
2008-09-24,0.4367094247217815
2008-09-25,0.4381928139937131
2008-09-26,0.4323528387926326
2008-09-29,0.598176673380174
2008-09-30,0.6132834758456639
2008-10-01,0.6034179831167384
2008-10-02,0.6091541433950445
2008-10-03,0.6020712409938519
2008-10-06,0.6223748023848862
2008-10-07,0.6714634438544238
2008-10-08,0.6424807077229682
2008-10-09,0.73262603626139
2008-10-10,0.7024297498644256
2008-10-13,0.7691990359667262
2008-10-14,0.7488060961115225
2008-10-15,0.8522020739959212
2008-10-16,0.8482353884840022
2008-10-17,0.8343024263226259
2008-10-20,0.8419077778811385
2008-10-21,0.8410892666122106
2008-10-22,0.825999099169359
2008-10-23,0.7983314641788155
2008-10-24,0.8032926351108078
2008-10-27,0.7962665484846316
2008-10-28,0.8571447565402956
2008-10-29,0.8423754236600398
2008-10-30,0.813985284246868
2008-10-31,0.8086159700926014
2008-11-03,0.7559077073706482
2008-11-04,0.7619921118191391
2008-11-05,0.7065478240387979
2008-11-06,0.7412449414729108
2008-11-07,0.6652242711037208
2008-11-10,0.645930612794422
2008-11-11,0.647819068444662
2008-11-12,0.6668283715131027
2008-11-13,0.6889866367011371
2008-11-14,0.6769399842336776
2008-11-17,0.6809025987747792
2008-11-18,0.661149351021126
2008-11-19,0.7093511753327528
2008-11-20,0.6900631513565337
2008-11-21,0.7053382806135186
2008-11-24,0.7247484701322652
2008-11-25,0.7131209048278999
2008-11-26,0.712833830562321
2008-11-27,0.6902905207883656
2008-11-28,0.6593352936256206
2008-12-01,0.769059904898655
2008-12-02,0.7601257972240241
2008-12-03,0.752710606981991
2008-12-04,0.7532627212457537
2008-12-05,0.7322334565234454
2008-12-08,0.6991060939926421
2008-12-09,0.6843695675802199
2008-12-10,0.6755144493736931
2008-12-11,0.679613923661314
2008-12-12,0.6388887820797438
2008-12-15,0.5905753381125581
2008-12-16,0.571136208649698
2008-12-17,0.5293595233624097
2008-12-18,0.5320511273014094
2008-12-19,0.5149850303677775
2008-12-22,0.5165333113585443
2008-12-23,0.5123595498632847
2008-12-24,0.3984446907415198
2008-12-25,0.3714215063001432
2008-12-26,0.35492373688351436
2008-12-29,0.33790006867068634
2008-12-30,0.32167455298961223
2008-12-31,0.2948673391297331
2009-01-02,0.3011843332735421
2009-01-05,0.2955259187423608
2009-01-06,0.27728649773834607
2009-01-07,0.3097417989194742
2009-01-08,0.3023542202632002
2009-01-09,0.267421394421704
2009-01-12,0.28059283558571124
2009-01-13,0.265925539413679
2009-01-14,0.30619153935388965
2009-01-15,0.2950684273590292
2009-01-16,0.2878547439084668
2009-01-19,0.28103569163347847
2009-01-20,0.37668926740486197
2009-01-21,0.39552007907351927
2009-01-22,0.3952798806971734
2009-01-23,0.3826417641482707
2009-01-26,0.3734311156712732
2009-01-27,0.3533577061324587
2009-01-28,0.3666304977384325
2009-01-29,0.39445438993490156
2009-01-30,0.3903363426841452
2009-02-02,0.3853530398127444
2009-02-03,0.376340206349268
2009-02-04,0.36576021040323525
2009-02-05,0.36657122810789633
2009-02-06,0.3548827935491153
2009-02-09,0.35249710737938583
2009-02-10,0.42017557758728474
2009-02-11,0.41609574582868303
2009-02-12,0.3681219269190731
2009-02-13,0.3348032956552243
2009-02-16,0.32540121849836734
2009-02-17,0.3867774974832543
2009-02-18,0.3812920202363515
2009-02-19,0.37680725861688086
2009-02-20,0.35860738064636727
2009-02-23,0.3713834610233257
2009-02-24,0.3803750997998494
2009-02-25,0.37802997286386
2009-02-26,0.37561732933289155
2009-02-27,0.3862402000473532
2009-03-02,0.43722289368121425
2009-03-03,0.4247681412878669
2009-03-04,0.42360914861026805
2009-03-05,0.431563872458343
2009-03-06,0.4225283317188565
2009-03-09,0.4193425061376018
2009-03-10,0.45965354919934454
2009-03-11,0.45508082445316705
2009-03-12,0.4431331947365042
2009-03-13,0.4384997544934679
2009-03-16,0.4335990375127861
2009-03-17,0.44192851558662755
2009-03-18,0.42804552436257975
2009-03-19,0.408804675382539
2009-03-20,0.4157715666330401
2009-03-23,0.4691694781122718
2009-03-24,0.4704809551628593
2009-03-25,0.4406032269224107
2009-03-26,0.44401324888447036
2009-03-27,0.44537300335912294
2009-03-30,0.45001851055735737
2009-03-31,0.44804994296116923
2009-04-01,0.4469700530471133
2009-04-02,0.40320753364317663
2009-04-03,0.40142073422318336
2009-04-06,0.37670088058598594
2009-04-07,0.391312482010776
2009-04-08,0.389191713276281
2009-04-09,0.39208663917333303
2009-04-10,0.3831151112545679
2009-04-13,0.3786792830340124
2009-04-14,0.38233013693520446
2009-04-15,0.3039682646585903
2009-04-16,0.2983162043272917
2009-04-17,0.2946388486832119
2009-04-20,0.34916148039072326
2009-04-21,0.3448941661278731
2009-04-22,0.32037508255679276
2009-04-23,0.31417378470051305
2009-04-24,0.3097425919334776
2009-04-27,0.29495790680167133
2009-04-28,0.2902291187104397
2009-04-29,0.29534818833296783
2009-04-30,0.27986353960454063
2009-05-01,0.27518808170931347
2009-05-04,0.26736963033112676
2009-05-05,0.26520999463744915
2009-05-06,0.26976042731104766
2009-05-07,0.26685709583819456
2009-05-08,0.27413043121339375
2009-05-11,0.28633059264118377
2009-05-12,0.2830296329576054
2009-05-13,0.2705498128920585
2009-05-14,0.26023261460458397
2009-05-15,0.2611910513556185
2009-05-18,0.27547309618634236
2009-05-19,0.26662434303386606
2009-05-20,0.26371600896503344
2009-05-21,0.2722156625246407
2009-05-22,0.25923934893234357
2009-05-25,0.2573526590914396
2009-05-26,0.26899111538743836
2009-05-27,0.2592495918488034
2009-05-28,0.2613334391722069
2009-05-29,0.25605586126842034
2009-06-01,0.2645904645119872
2009-06-02,0.24983381708589136
2009-06-03,0.24619448001357735
2009-06-04,0.2478131182969316
2009-06-05,0.2289826697493258
2009-06-08,0.2237387844942352
2009-06-09,0.21906339881632336
2009-06-10,0.1936517153674922
2009-06-11,0.1934879919489917
2009-06-12,0.19149932728100263
2009-06-15,0.21352963890534787
2009-06-16,0.21951703042971854
2009-06-17,0.21761635868793566
2009-06-18,0.1985571336926824
2009-06-19,0.18457975018961637
2009-06-22,0.22763119156563247
2009-06-23,0.21910134456836922
2009-06-24,0.19952474355343724
2009-06-25,0.20706105817567313
2009-06-26,0.19870456914120016
2009-06-29,0.19416376325881263
2009-06-30,0.19544843202317552
2009-07-01,0.19400401005150206
2009-07-02,0.23623326143249404
2009-07-03,0.2314224028086113
2009-07-06,0.22795682836247902
2009-07-07,0.24290488616792924
2009-07-08,0.22512139732200703
2009-07-09,0.21814241361190048
2009-07-10,0.21593484944761943
2009-07-13,0.22655808566374352
2009-07-14,0.2248122258192117
2009-07-15,0.21920964396569811
2009-07-16,0.21932260541497894
2009-07-17,0.2160899778543157
2009-07-20,0.20580890025338539
2009-07-21,0.2048092491593081
2009-07-22,0.20130031001002013
2009-07-23,0.21282204281394834
2009-07-24,0.2118271618363846
2009-07-27,0.18577320155760715
2009-07-28,0.185454122908172
2009-07-29,0.18600931623893296
2009-07-30,0.17677571791624333
2009-07-31,0.17642423185609077
2009-08-03,0.18231405269184095
2009-08-04,0.1818883712094243
2009-08-05,0.16168701608945762
2009-08-06,0.1625913539335698
2009-08-07,0.1359766514493128
2009-08-10,0.13332489646114293
2009-08-11,0.14518639763026614
2009-08-12,0.1446041103820158
2009-08-13,0.14499472813354428
2009-08-14,0.14954228119033305
2009-08-17,0.1719991721796357
2009-08-18,0.171614322699715
2009-08-19,0.16972503768662095
2009-08-20,0.1710146824051324
2009-08-21,0.18003928962055737
2009-08-24,0.17247658337273852
2009-08-25,0.17222813561448408
2009-08-26,0.16221755732693455
2009-08-27,0.16048222873443738
2009-08-28,0.15941287675671625
2009-08-31,0.16187454784623764
2009-09-01,0.18702015827804017
2009-09-02,0.18423207870189331
2009-09-03,0.1795654787473371
2009-09-04,0.17825997558155113
2009-09-07,0.17461314463812844
2009-09-08,0.17298616124127392
2009-09-09,0.15211302100661742
2009-09-10,0.15066657620090465
2009-09-11,0.14797381626706446
2009-09-14,0.14339344101204102
2009-09-15,0.12830489005015505
2009-09-16,0.13765064463593732
2009-09-17,0.1373148560156912
2009-09-18,0.13663819287229273
2009-09-21,0.1366862272643298
2009-09-22,0.13747553535192938
2009-09-23,0.14248227369035055
2009-09-24,0.12817418011116463
2009-09-25,0.12903391156302157
2009-09-28,0.1380376366025369
2009-09-29,0.1297527397136679
2009-09-30,0.12954041973748215
2009-10-01,0.17581543899557056
2009-10-02,0.1709143211326032
2009-10-05,0.17248426733143585
2009-10-06,0.17501311777363632
2009-10-07,0.17224560628941132
2009-10-08,0.17226665175590572
2009-10-09,0.16393567452335442
2009-10-12,0.1620648876013525
2009-10-13,0.16117751307453118
2009-10-14,0.16950407284890026
2009-10-15,0.16734761618270894
2009-10-16,0.16734714812344847
2009-10-19,0.1661402809098629
2009-10-20,0.1668445036287985
2009-10-21,0.16006690990913577
2009-10-22,0.16267593261388838
2009-10-23,0.17108644832366895
2009-10-26,0.15509339562343932
2009-10-27,0.15293674890981965
2009-10-28,0.17130155587031654
2009-10-29,0.17761580051246864
2009-10-30,0.21974478771714784
2009-11-02,0.21703520203656526
2009-11-03,0.21127763852221856
2009-11-04,0.2073105838873599
2009-11-05,0.21437070998195532
2009-11-06,0.20329961889347917
2009-11-09,0.21431004761175934
2009-11-10,0.2105399588910428
2009-11-11,0.20654958820468325
2009-11-12,0.2101846197201916
2009-11-13,0.20726947366088136
2009-11-16,0.20770994036458362
2009-11-17,0.2023329221203627
2009-11-18,0.1975903466187189
2009-11-19,0.20641932652996645
2009-11-20,0.1938648965845399
2009-11-23,0.182520315906701
2009-11-24,0.15399790403326322
2009-11-25,0.1518406947640425
2009-11-26,0.15020281263982616
2009-11-27,0.1698646163548217
2009-11-30,0.1557632717018966
2009-12-01,0.15877412820203804
2009-12-02,0.13886134492551153
2009-12-03,0.1423976359468522
2009-12-04,0.1412095271760231
2009-12-07,0.13570543936624835
2009-12-08,0.14150955696672463
2009-12-09,0.131343374036225
2009-12-10,0.13087390751699654
2009-12-11,0.12979040911549475
2009-12-14,0.12239148837624673
2009-12-15,0.12388225916858567
2009-12-16,0.11403454353498858
2009-12-17,0.1255508135304258
2009-12-18,0.12544777211052058
2009-12-21,0.12845139606102243
2009-12-22,0.1134567450270333
2009-12-23,0.11177429496522744
2009-12-24,0.10437961316065687
2009-12-25,0.10325846321091577
2009-12-28,0.09854145104302404
2009-12-29,0.09603047573560917
2009-12-30,0.09450033284940444
2009-12-31,0.09962768450758766
2010-01-04,0.11148974629428456
2010-01-05,0.10915530733006287
2010-01-06,0.10770792137137514
2010-01-07,0.10515456463420259
2010-01-08,0.10329421192878836
2010-01-11,0.10252839884680538
2010-01-12,0.10404616175413822
2010-01-13,0.1046747920177828
2010-01-14,0.09795421142228632
2010-01-15,0.10958533807639284
2010-01-18,0.10792046362191728
2010-01-19,0.11308795835603011
2010-01-20,0.12299875711674726
2010-01-21,0.15133711948486464
2010-01-22,0.18280343112247824
2010-01-25,0.17897339713788885
2010-01-26,0.17408727779545244
2010-01-27,0.16216513320149012
2010-01-28,0.16935641639150492
2010-01-29,0.17189872436158618
2010-02-01,0.1755938683676894
2010-02-02,0.17763560237237705
2010-02-03,0.17699929098080622
2010-02-04,0.22683657132668839
2010-02-05,0.22170271413913073
2010-02-08,0.2226556060723302
2010-02-09,0.21918801745230662
2010-02-10,0.2179653861443955
2010-02-11,0.2119591437613916
2010-02-12,0.20643167464920625
2010-02-15,0.19444971887638166
2010-02-16,0.1866160891374209
2010-02-17,0.18448416270430532
2010-02-18,0.18290676457802457
2010-02-19,0.18077225530717117
2010-02-22,0.1746189013620708
2010-02-23,0.17978147758933108
2010-02-24,0.17447491211892563
2010-02-25,0.1678545452407007
2010-02-26,0.16576986660915324
2010-03-01,0.1289374101447827
2010-03-02,0.12813800556266255
2010-03-03,0.12291626081604512
2010-03-04,0.1144662773746424
2010-03-05,0.12232401904928653
2010-03-08,0.1175121085650639
2010-03-09,0.11621762873940308
2010-03-10,0.11611567227760469
2010-03-11,0.09994930810395135
2010-03-12,0.0982635987612837
2010-03-15,0.09492056597248033
2010-03-16,0.09770697419783175
2010-03-17,0.09921055564579274
2010-03-18,0.08976608164459582
2010-03-19,0.08659363960725805
2010-03-22,0.08758319876364949
2010-03-23,0.0904850334381766
2010-03-24,0.08748770378094561
2010-03-25,0.08691053018957602
2010-03-26,0.085989084185122
2010-03-29,0.08669129727710334
2010-03-30,0.07219845356437442
2010-03-31,0.07352236572343954
2010-04-01,0.07741368554473704
2010-04-02,0.07521100896963089
2010-04-05,0.07863911299565617
2010-04-06,0.0780621091717639
2010-04-07,0.08318313982881774
2010-04-08,0.07876008766393233
2010-04-09,0.07925604109292485
2010-04-12,0.07862545630094057
2010-04-13,0.07641514144819075
2010-04-14,0.08326640244614791
2010-04-15,0.07932139483022659
2010-04-16,0.10865756346964592
2010-04-19,0.10800424131813074
2010-04-20,0.11015502016231334
2010-04-21,0.10734167391864576
2010-04-22,0.10564928918831741
2010-04-23,0.10664326036066593
2010-04-26,0.1048722849947405
2010-04-27,0.15269609081015312
2010-04-28,0.14836013625899852
2010-04-29,0.1523501895217556
2010-04-30,0.16793358541694378
2010-05-03,0.17082095715800644
2010-05-04,0.2019713236764456
2010-05-05,0.20142342287715784
2010-05-06,0.2503792187743354
2010-05-07,0.2531422241835064
2010-05-10,0.28823754879465563
2010-05-11,0.2791640930823515
2010-05-12,0.2775438025098623
2010-05-13,0.280080864692573
2010-05-14,0.29127363166836134
2010-05-17,0.28747768047132705
2010-05-18,0.2902466380314569
2010-05-19,0.2888273416127158
2010-05-20,0.332359097291629
2010-05-21,0.32969285073634075
2010-05-24,0.32865684201943196
2010-05-25,0.31755546832256876
2010-05-26,0.3116886948899379
2010-05-27,0.31721762768392897
2010-05-28,0.31876109485874093
2010-05-31,0.29548856635215814
2010-06-01,0.29856052210732836
2010-06-02,0.27140780192446956
2010-06-03,0.26792655453313063
2010-06-04,0.3092598004930195
2010-06-07,0.30912862047593775
2010-06-08,0.3003397281523328
2010-06-09,0.2971577859665398
2010-06-10,0.30469090180275765
2010-06-11,0.3023860975767886
2010-06-14,0.26691847544454333
2010-06-15,0.27118694479105143
2010-06-16,0.2646204768972561
2010-06-17,0.2626969042145262
2010-06-18,0.2596534860320072
2010-06-21,0.23453976624165754
2010-06-22,0.2415507247063892
2010-06-23,0.23979193939295354
2010-06-24,0.2435914297534386
2010-06-25,0.22551610044307244
2010-06-28,0.22287826011548303
2010-06-29,0.23913703101361775
2010-06-30,0.23427817899991576
2010-07-01,0.22724884554918123
2010-07-02,0.22282460718304875
2010-07-05,0.19667276123774036
2010-07-06,0.1932602854587253
2010-07-07,0.2177336832716396
2010-07-08,0.20293412201960734
2010-07-09,0.20127997613553572
2010-07-12,0.19968895178304538
2010-07-13,0.20398813020592196
2010-07-14,0.20239570452069525
2010-07-15,0.19317799346637474
2010-07-16,0.23598819369568397
2010-07-19,0.2270606781595498
2010-07-20,0.22664796388714356
2010-07-21,0.23171618449386328
2010-07-22,0.2162537104974358
2010-07-23,0.2126748640222928
2010-07-26,0.2137900573629151
2010-07-27,0.21067340302775941
2010-07-28,0.21169175524178355
2010-07-29,0.21065195347616678
2010-07-30,0.18055704995489602
2010-08-02,0.19049552327753846
2010-08-03,0.1893301014427687
2010-08-04,0.18920578607706082
2010-08-05,0.1813118650199106
2010-08-06,0.18061781493092594
2010-08-09,0.18066969864182145
2010-08-10,0.15275980146030396
2010-08-11,0.2017294873415178
2010-08-12,0.19665334204964857
2010-08-13,0.18939132721041935
2010-08-16,0.17028279208591765
2010-08-17,0.1696559153351091
2010-08-18,0.1628369360436203
2010-08-19,0.17983266210725973
2010-08-20,0.1766739071397339
2010-08-23,0.1750456785835221
2010-08-24,0.18600947649031005
2010-08-25,0.1676035796932955
2010-08-26,0.16746925475751978
2010-08-27,0.17385930143672013
2010-08-30,0.18505877715440686
2010-08-31,0.18142643432342098
2010-09-01,0.2045925720520843
2010-09-02,0.20367816909867822
2010-09-03,0.1822389734020087
2010-09-06,0.18006667637164683
2010-09-07,0.18597485059375368
2010-09-08,0.18555463231177122
2010-09-09,0.18071973092751278
2010-09-10,0.18000841722099856
2010-09-13,0.17301967307874536
2010-09-14,0.1717530281897645
2010-09-15,0.1708436278594929
2010-09-16,0.16276527758598464
2010-09-17,0.16144934973540573
2010-09-20,0.1667095318568228
2010-09-21,0.1570142762141575
2010-09-22,0.1501053170407306
2010-09-23,0.15482803668107073
2010-09-24,0.13762136912863865
2010-09-27,0.13600059964853584
2010-09-28,0.12846077494957808
2010-09-29,0.12826671083414265
2010-09-30,0.12265410791219915
2010-10-01,0.1204961323554752
2010-10-04,0.12489931314884692
2010-10-05,0.14125797194528408
2010-10-06,0.13546796201203673
2010-10-07,0.13532808931754797
2010-10-08,0.13568661042779903
2010-10-11,0.1349939915233098
2010-10-12,0.13500859371491108
2010-10-13,0.12688426887364151
2010-10-14,0.12740216937079493
2010-10-15,0.12606689588932368
2010-10-18,0.1250487464178328
2010-10-19,0.12744356005362376
2010-10-20,0.1290508563413581
2010-10-21,0.12679804360744784
2010-10-22,0.12554999710326456
2010-10-25,0.12412009459868073
2010-10-26,0.12253495988005379
2010-10-27,0.11898160890179375
2010-10-28,0.09580760182792822
2010-10-29,0.09478309703709988
2010-11-01,0.09398129463209812
2010-11-02,0.09462998414012767
2010-11-03,0.09423507059540841
2010-11-04,0.11319920956236827
2010-11-05,0.11114444470089566
2010-11-08,0.110683843284985
2010-11-09,0.11652443702665477
2010-11-10,0.11411698299485581
2010-11-11,0.10175714083130581
2010-11-12,0.10976538707130083
2010-11-15,0.10930353555700224
2010-11-16,0.13209314166661235
2010-11-17,0.12929716711086423
2010-11-18,0.13742800621663526
2010-11-19,0.13576238982351937
2010-11-22,0.13470657569333624
2010-11-23,0.14990716857231384
2010-11-24,0.15510046757203977
2010-11-25,0.15209414439032232
2010-11-26,0.15420857484487463
2010-11-29,0.1381071165576323
2010-11-30,0.1390087848026154
2010-12-01,0.15507020150619377
2010-12-02,0.1577291993794795
2010-12-03,0.15615766620866373
2010-12-06,0.15485659627960452
2010-12-07,0.14827874759394327
2010-12-08,0.14838464908261909
2010-12-09,0.13755664150294494
2010-12-10,0.13828211879827979
2010-12-13,0.12795563185077014
2010-12-14,0.1270332896344707
2010-12-15,0.12888884098746248
2010-12-16,0.12047778674432363
2010-12-17,0.10891415120790633
2010-12-20,0.10906739130941001
2010-12-21,0.10726955028780072
2010-12-22,0.10733956589055632
2010-12-23,0.10565117971261684
2010-12-24,0.07654011094211646
2010-12-27,0.06265576396260834
2010-12-28,0.06134739357895325
2010-12-29,0.061123641997126194
2010-12-30,0.06137851199027322
2010-12-31,0.05955199648521326
2011-01-03,0.0692631057467703
2011-01-04,0.06664399059411934
2011-01-05,0.0681876052121431
2011-01-06,0.06869954329134624
2011-01-07,0.06676036116807493
2011-01-10,0.06353862508915079
2011-01-11,0.06509073545647534
2011-01-12,0.07094158600863351
2011-01-13,0.06819436654620166
2011-01-14,0.07125479160129487
2011-01-17,0.07092554331675503
2011-01-18,0.07084670193212576
2011-01-19,0.08615993282818549
2011-01-20,0.0851528853402742
2011-01-21,0.0843608413632154
2011-01-24,0.08615918910099656
2011-01-25,0.08570617036031335
2011-01-26,0.07749509195696833
2011-01-27,0.07669060368466643
2011-01-28,0.11362774280058002
2011-01-31,0.11470550151547682
2011-02-01,0.12537642037961164
2011-02-02,0.12378905117571834
2011-02-03,0.12175934268337478
2011-02-04,0.1174144647317383
2011-02-07,0.11774956601912431
2011-02-08,0.11515437649271931
2011-02-09,0.11572365257125503
2011-02-10,0.1139393393741104
2011-02-11,0.10968110544504658
2011-02-14,0.10938433924377897
2011-02-15,0.10922875330993093
2011-02-16,0.10894387336809915
2011-02-17,0.10914200535571049
2011-02-18,0.10779855658608041
2011-02-21,0.1070162553505294
2011-02-22,0.13139977677331885
2011-02-23,0.13049977946062954
2011-02-24,0.11401061201978824
2011-02-25,0.11751928016887107
2011-02-28,0.1169939113240325
2011-03-01,0.13694098346437145
2011-03-02,0.1317103846134636
2011-03-03,0.14239905694577157
2011-03-04,0.14431401756855242
2011-03-07,0.1477734717263634
2011-03-08,0.14762923413506132
2011-03-09,0.14607932332605358
2011-03-10,0.169484869899107
2011-03-11,0.16782277091027828
2011-03-14,0.1678316208031403
2011-03-15,0.17337207640022703
2011-03-16,0.19477068933299255
2011-03-17,0.1830460592040285
2011-03-18,0.1803925146040028
2011-03-21,0.18439867332365636
2011-03-22,0.1795663837209777
2011-03-23,0.17673069742383019
2011-03-24,0.16915294350131227
2011-03-25,0.16772071621292653
2011-03-28,0.15682967209593304
2011-03-29,0.15509327131359882
2011-03-30,0.1529965306965175
2011-03-31,0.14899487340148848
2011-04-01,0.14891032729894296
2011-04-04,0.13314725517567885
2011-04-05,0.1298393993947471
2011-04-06,0.12783207958497778
2011-04-07,0.12132102501791875
2011-04-08,0.1025487054504453
2011-04-11,0.09219620860737475
2011-04-12,0.0975634452768591
2011-04-13,0.08208370440989042
2011-04-14,0.0798182441616342
2011-04-15,0.07941241370121863
2011-04-18,0.08926010459701421
2011-04-19,0.08865082482097102
2011-04-20,0.09810608443310698
2011-04-21,0.0955040331529078
2011-04-22,0.09178068488213398
2011-04-25,0.09073417578153395
2011-04-26,0.09316985558219822
2011-04-27,0.09489437442898715
2011-04-28,0.09498291869209831
2011-04-29,0.09438470570303674
2011-05-02,0.0941818984538176
2011-05-03,0.0944346142835752
2011-05-04,0.09859593176585252
2011-05-05,0.10412340772493042
2011-05-06,0.103704172243029
2011-05-09,0.10367947591305249
2011-05-10,0.10551815095297774
2011-05-11,0.11107469411895711
2011-05-12,0.1095106865631605
2011-05-13,0.10591216492221302
2011-05-16,0.10655596598203068
2011-05-17,0.10525929287875921
2011-05-18,0.1075429171027409
2011-05-19,0.10204878055399828
2011-05-20,0.10548920703369825
2011-05-23,0.11790193846844335
2011-05-24,0.11576896713433518
2011-05-25,0.11478560877776901
2011-05-26,0.11327769468147003
2011-05-27,0.1103874847077511
2011-05-30,0.10446634246133477
2011-05-31,0.10890788257045352
2011-06-01,0.15242463762559436
2011-06-02,0.14724230054265505
2011-06-03,0.14733986062177276
2011-06-06,0.15114427985246212
2011-06-07,0.14652332190457043
2011-06-08,0.1439562413265256
2011-06-09,0.14380258087031672
2011-06-10,0.15398342245884203
2011-06-13,0.15041464842443922
2011-06-14,0.1529196252447123
2011-06-15,0.1669111497364892
2011-06-16,0.16447636980169103
2011-06-17,0.16116352350308513
2011-06-20,0.15975152084695673
2011-06-21,0.1634433261824097
2011-06-22,0.16477215909632092
2011-06-23,0.159755575739449
2011-06-24,0.1481676201270809
2011-06-27,0.1490836788542578
2011-06-28,0.15028486442515393
2011-06-29,0.1470369641498948
2011-06-30,0.14876434137928596
2011-07-01,0.15494772683971797
2011-07-04,0.15185242600191984
2011-07-05,0.14326611998856617
2011-07-06,0.14219778086611404
2011-07-07,0.13948724168885054
2011-07-08,0.12967480657844196
2011-07-11,0.15567440061212018
2011-07-12,0.15432368117500536
2011-07-13,0.15064893418249425
2011-07-14,0.14653697732322932
2011-07-15,0.14410319360660076
2011-07-18,0.14677826555053783
2011-07-19,0.15006866735911856
2011-07-20,0.1456302307375636
2011-07-21,0.14501321218168015
2011-07-22,0.14109171043458416
2011-07-25,0.13864989135561284
2011-07-26,0.13043986538294175
2011-07-27,0.16130795424406505
2011-07-28,0.15955760839482297
2011-07-29,0.16050689391858072
2011-08-01,0.15565491857919544
2011-08-02,0.1937618920771613
2011-08-03,0.18187152413561922
2011-08-04,0.29086329380019715
2011-08-05,0.28403908688333424
2011-08-08,0.42831929359574694
2011-08-09,0.4416139371487118
2011-08-10,0.48241011140856543
2011-08-11,0.49036744268175103
2011-08-12,0.4845153053955446
2011-08-15,0.47837355524969044
2011-08-16,0.4763808938546324
2011-08-17,0.4683400609507837
2011-08-18,0.5088478878809872
2011-08-19,0.5014300893543228
2011-08-22,0.4955308335275748
2011-08-23,0.5033605697499962
2011-08-24,0.5000266874716928
2011-08-25,0.4910984683605702
2011-08-26,0.49097827735069377
2011-08-29,0.4661303337844583
2011-08-30,0.46338361183306426
2011-08-31,0.3961120461609412
2011-09-01,0.36428665073182553
2011-09-02,0.3487101086865403
2011-09-05,0.30790452901102555
2011-09-06,0.30525072257279523
2011-09-07,0.3080548993371596
2011-09-08,0.30680431889014015
2011-09-09,0.32938300356557737
2011-09-12,0.2885786541956851
2011-09-13,0.2798459112680305
2011-09-14,0.2803053614415926
2011-09-15,0.2585073039416913
2011-09-16,0.2521482614530913
2011-09-19,0.24802347867203364
2011-09-20,0.240029065187804
2011-09-21,0.25891869693326774
2011-09-22,0.29602006026831296
2011-09-23,0.29155706113363633
2011-09-26,0.2938335884508275
2011-09-27,0.2777498602370804
2011-09-28,0.291344385264477
2011-09-29,0.28890860401217017
2011-09-30,0.2924781247595882
2011-10-03,0.31619320755513186
2011-10-04,0.3056995430086153
2011-10-05,0.3062257968855912
2011-10-06,0.3066716745113601
2011-10-07,0.30158825236932485
2011-10-10,0.31291292692344597
2011-10-11,0.3089778867318711
2011-10-12,0.3063684058114066
2011-10-13,0.304853380146979
2011-10-14,0.2911936053424966
2011-10-17,0.2822330789860341
2011-10-18,0.2875587037093089
2011-10-19,0.28067740761741
2011-10-20,0.2765534453580752
2011-10-21,0.27182312672442177
2011-10-24,0.2722867138861067
2011-10-25,0.2748858313419577
2011-10-26,0.25567676047342025
2011-10-27,0.26767358490729803
2011-10-28,0.25893745759323794
2011-10-31,0.27597048118617223
2011-11-01,0.30273985507503187
2011-11-02,0.28258113637120047
2011-11-03,0.28443166428753086
2011-11-04,0.2802472140807281
2011-11-07,0.2782808743489225
2011-11-08,0.27206285188181034
2011-11-09,0.31559170570403305
2011-11-10,0.3037816398713937
2011-11-11,0.3036458300556307
2011-11-14,0.3032509433695869
2011-11-15,0.2924313461817243
2011-11-16,0.2975034251113901
2011-11-17,0.2967031216881148
2011-11-18,0.29159551523335653
2011-11-21,0.27859880101491263
2011-11-22,0.2754639486938087
2011-11-23,0.2792234984011648
2011-11-24,0.25848912662163503
2011-11-25,0.24769540280435637
2011-11-28,0.2550679463428011
2011-11-29,0.2520157971230487
2011-11-30,0.2862569569569962
2011-12-01,0.28201825838911426
2011-12-02,0.24953552177823093
2011-12-05,0.24818701191659975
2011-12-06,0.23755243608106724
2011-12-07,0.23403457822792995
2011-12-08,0.2531323018488369
2011-12-09,0.2508336356458727
2011-12-12,0.25210517583902514
2011-12-13,0.2543909605575128
2011-12-14,0.24961034592112796
2011-12-15,0.2458587806665321
2011-12-16,0.2322327495217185
2011-12-19,0.23697578154993065
2011-12-20,0.2549260649773524
2011-12-21,0.23392889532706906
2011-12-22,0.23379537401930872
2011-12-23,0.18528546062865808
2011-12-26,0.18364846058443987
2011-12-27,0.18234169514816992
2011-12-28,0.1866532661826551
2011-12-29,0.1890856979638572
2011-12-30,0.18865345493794178
2012-01-02,0.17234445293890105
2012-01-03,0.16992555417295485
2012-01-04,0.16064544795768512
2012-01-05,0.1574384107905465
2012-01-06,0.15214600311304644
2012-01-09,0.15088734976147353
2012-01-10,0.15287547823754916
2012-01-11,0.1467687697201508
2012-01-12,0.10745284368553493
2012-01-13,0.1095135379213847
2012-01-16,0.10462462827323234
2012-01-17,0.09996352856343727
2012-01-18,0.10612895521098493
2012-01-19,0.10707443207784556
2012-01-20,0.0976175509419929
2012-01-23,0.08992567888843546
2012-01-24,0.08875792194795924
2012-01-25,0.09277546394540712
2012-01-26,0.08127558272439321
2012-01-27,0.0812027913004225
2012-01-30,0.0808339148478503
2012-01-31,0.08002000846850639
2012-02-01,0.08470332907307929
2012-02-02,0.07876571726423492
2012-02-03,0.09232863810060107
2012-02-06,0.09175475620666661
2012-02-07,0.09016778509152595
2012-02-08,0.09012770702771754
2012-02-09,0.08930610445335463
2012-02-10,0.0875268442939983
2012-02-13,0.08809629694035112
2012-02-14,0.08800540397956357
2012-02-15,0.09104203137185872
2012-02-16,0.09767343271126946
2012-02-17,0.09309258336548723
2012-02-20,0.09104889982919998
2012-02-21,0.09026420860171704
2012-02-22,0.09091642255071036
2012-02-23,0.09147279373974702
2012-02-24,0.08660091271781044
2012-02-27,0.08619719901607109
2012-02-28,0.07115452768350508
2012-02-29,0.0745198371691626
2012-03-01,0.0768560837290165
2012-03-02,0.07787857780184002
2012-03-05,0.07948389803598728
2012-03-06,0.10497552307419222
2012-03-07,0.10296773581114124
2012-03-08,0.1062519318784821
2012-03-09,0.10425964801637169
2012-03-12,0.09636461328029836
2012-03-13,0.11299393372025232
2012-03-14,0.11190782310064222
2012-03-15,0.11266762960874298
2012-03-16,0.11142521806823269
2012-03-19,0.11076437325367225
2012-03-20,0.11105263207543313
2012-03-21,0.11051654262142217
2012-03-22,0.11514729856717883
2012-03-23,0.11359575262906844
2012-03-26,0.12013371439281019
2012-03-27,0.12039935615806183
2012-03-28,0.12099960204044764
2012-03-29,0.10866306236924865
2012-03-30,0.10646322304229765
2012-04-02,0.10362900143985146
2012-04-03,0.1043271193163464
2012-04-04,0.1145932985164474
2012-04-05,0.09596161123282568
2012-04-06,0.09484893165000695
2012-04-09,0.10666605205702759
2012-04-10,0.13319488545332517
2012-04-11,0.13123473141323266
2012-04-12,0.13673826240348397
2012-04-13,0.1472836722541783
2012-04-16,0.14345417292219148
2012-04-17,0.14984178914772184
2012-04-18,0.14174935319469883
2012-04-19,0.14290290591980542
2012-04-20,0.1402439400737869
2012-04-23,0.14449920190400883
2012-04-24,0.1429989934396392
2012-04-25,0.14638299469226296
2012-04-26,0.14611372785993204
2012-04-27,0.1408690056879204
2012-04-30,0.14145733403060434
2012-05-01,0.14165217799513502
2012-05-02,0.13619076009352687
2012-05-03,0.1274961819008224
2012-05-04,0.1457585871288472
2012-05-07,0.1357438564460168
2012-05-08,0.12848073059833126
2012-05-09,0.13095310759397266
2012-05-10,0.11866270047984499
2012-05-11,0.11813336768413857
2012-05-14,0.12610550359543435
2012-05-15,0.12746062685233672
2012-05-16,0.12301265876223721
2012-05-17,0.13982926412747868
2012-05-18,0.13530118006363995
2012-05-21,0.1407416084919962
2012-05-22,0.13918780648703485
2012-05-23,0.1354469870041049
2012-05-24,0.13321788046032573
2012-05-25,0.13160267532821704
2012-05-28,0.12724619908550502
2012-05-29,0.1192650486627658
2012-05-30,0.13619871063673758
2012-05-31,0.1340285595024166
2012-06-01,0.17506532481424905
2012-06-04,0.17176238234606242
2012-06-05,0.1692526520076875
2012-06-06,0.17952680415076747
2012-06-07,0.17616100212918506
2012-06-08,0.17565408793853882
2012-06-11,0.1765459891514104
2012-06-12,0.17731967066783763
2012-06-13,0.16992406409275423
2012-06-14,0.17171867290042844
2012-06-15,0.17340926207449142
2012-06-18,0.17169099946463406
2012-06-19,0.17338801573326323
2012-06-20,0.1724167324278978
2012-06-21,0.19895130014053275
2012-06-22,0.19114158757629093
2012-06-25,0.20394548808956978
2012-06-26,0.1829399785595079
2012-06-27,0.1827648856232454
2012-06-28,0.17976071542362088
2012-06-29,0.18047623579707564
2012-07-02,0.1793707258233081
2012-07-03,0.17657107475025524
2012-07-04,0.16989598411242507
2012-07-05,0.16511714891367318
2012-07-06,0.1684714250333632
2012-07-09,0.1624995085192699
2012-07-10,0.162281727001038
2012-07-11,0.16123669681966443
2012-07-12,0.15828008064243337
2012-07-13,0.166153827619109
2012-07-16,0.14679494453396366
2012-07-17,0.14567676633593216
2012-07-18,0.1360894742792235
2012-07-19,0.13481045709721315
2012-07-20,0.1387309339894748
2012-07-23,0.14408419653494434
2012-07-24,0.12388044576962928
2012-07-25,0.12120680583533296
2012-07-26,0.13037341308521883
2012-07-27,0.1440694315877522
2012-07-30,0.1416320847329746
2012-07-31,0.13874040169864515
2012-08-01,0.13870557907904138
2012-08-02,0.13940941865620946
2012-08-03,0.1524195388542444
2012-08-06,0.15078614406785576
2012-08-07,0.1406859060953754
2012-08-08,0.13937342869618133
2012-08-09,0.13689976136412826
2012-08-10,0.1344768067497618
2012-08-13,0.1338761627811028
2012-08-14,0.12894224082119468
2012-08-15,0.12505350017131348
2012-08-16,0.12308631636777492
2012-08-17,0.12308071331829597
2012-08-20,0.10917715909613425
2012-08-21,0.08997031210791781
2012-08-22,0.08937514988350255
2012-08-23,0.09568877235953414
2012-08-24,0.09726347877042126
2012-08-27,0.0929501666892804
2012-08-28,0.06670927427515212
2012-08-29,0.06592847052050775
2012-08-30,0.0727729022413906
2012-08-31,0.07414386002049003
2012-09-03,0.07344171484669418
2012-09-04,0.07176479491806916
2012-09-05,0.07120862548528642
2012-09-06,0.09870097249158692
2012-09-07,0.09875388065182777
2012-09-10,0.10031642395885428
2012-09-11,0.09950297212408048
2012-09-12,0.09958156377290604
2012-09-13,0.11260434366263317
2012-09-14,0.11258789256548485
2012-09-17,0.11035559366707388
2012-09-18,0.10782338091185219
2012-09-19,0.10762394750318803
2012-09-20,0.10724937559312918
2012-09-21,0.10717327542430452
2012-09-24,0.10427357432798767
2012-09-25,0.1141743152182757
2012-09-26,0.11612283477905655
2012-09-27,0.11978920700105519
2012-09-28,0.12115608302827181
2012-10-01,0.09899455361251072
2012-10-02,0.09753738392074483
2012-10-03,0.09479230421962694
2012-10-04,0.09688912286042424
2012-10-05,0.09622800688251963
2012-10-08,0.08019431031833014
2012-10-09,0.09128209444667001
2012-10-10,0.09380126586099599
2012-10-11,0.0930479141112531
2012-10-12,0.0926358231772231
2012-10-15,0.09529158965799109
2012-10-16,0.10053834109371103
2012-10-17,0.10055180944963356
2012-10-18,0.09379549832169712
2012-10-19,0.11991372543385984
2012-10-22,0.11486885981934399
2012-10-23,0.1307339666687823
2012-10-24,0.1287133939242294
2012-10-25,0.12704874051244153
2012-10-26,0.12441620936611479
2012-10-29,0.12005751989575522
2012-10-30,0.11848819441610933
2012-10-31,0.11642070769074157
2012-11-01,0.11571615564723793
2012-11-02,0.1213191855695215
2012-11-05,0.11974489172670862
2012-11-06,0.1209626724911434
2012-11-07,0.16257002856270225
2012-11-08,0.167006016047525
2012-11-09,0.16337786112545155
2012-11-12,0.15977959093119673
2012-11-13,0.14689062335353487
2012-11-14,0.15947335758197762
2012-11-15,0.14866259779276383
2012-11-16,0.14703675872450786
2012-11-19,0.15855400322321098
2012-11-20,0.15625918451258078
2012-11-21,0.15453750594269103
2012-11-22,0.15358928777394654
2012-11-23,0.15777759718473378
2012-11-26,0.15219021018916265
2012-11-27,0.150504557941148
2012-11-28,0.1511917661016033
2012-11-29,0.14845803085156664
2012-11-30,0.12353695529342697
2012-12-03,0.11770422878435384
2012-12-04,0.11693251260862808
2012-12-05,0.1157702950986945
2012-12-06,0.11494138416025236
2012-12-07,0.1042908940360307
2012-12-10,0.1037148211075097
2012-12-11,0.10439731132803083
2012-12-12,0.08014993187375886
2012-12-13,0.08442486264110391
2012-12-14,0.08526444251765403
2012-12-17,0.09365559905384446
2012-12-18,0.09050951462887254
2012-12-19,0.09671660986853259
2012-12-20,0.09680771645486043
2012-12-21,0.10213251027281577
2012-12-24,0.10096910911130408
2012-12-25,0.09937468373945431
2012-12-26,0.09925008082556373
2012-12-27,0.09788906534810944
2012-12-28,0.11039148316076286
2012-12-31,0.12247407708959882
2013-01-02,0.147660781577198
2013-01-03,0.14683855160290157
2013-01-04,0.14538147002944501
2013-01-07,0.145588295961579
2013-01-08,0.14419454273824936
2013-01-09,0.14311667514588075
2013-01-10,0.13935756220705914
2013-01-11,0.13339416031391926
2013-01-14,0.13048807566768442
2013-01-15,0.12881311247040964
2013-01-16,0.12423998383082056
2013-01-17,0.12520231567186665
2013-01-18,0.12529963209123207
2013-01-21,0.12419823412421457
2013-01-22,0.1247066959189465
2013-01-23,0.11867452361515975
2013-01-24,0.10399624063791835
2013-01-25,0.06257433690982513
2013-01-28,0.06270878221661332
2013-01-29,0.06253249446581963
2013-01-30,0.06392560225540302
2013-01-31,0.06405246050452465
2013-02-01,0.07139355738219624
2013-02-04,0.08684946539104699
2013-02-05,0.09198218588534235
2013-02-06,0.0904544129361849
2013-02-07,0.09024519731338118
2013-02-08,0.09125751276591529
2013-02-11,0.088740707010283
2013-02-12,0.08749064362608294
2013-02-13,0.08664332286789375
2013-02-14,0.08500778702708421
2013-02-15,0.08458924456995617
2013-02-18,0.08400667950510596
2013-02-19,0.08543517940062188
2013-02-20,0.10328744087748967
2013-02-21,0.10487354660279025
2013-02-22,0.10708798084403123
2013-02-25,0.137081144551996
2013-02-26,0.13145831261796703
2013-02-27,0.13062297654796798
2013-02-28,0.12346957441540787
2013-03-01,0.12223338428256847
2013-03-04,0.12148562272627211
2013-03-05,0.12280320300490787
2013-03-06,0.12135758304591951
2013-03-07,0.11993506569873554
2013-03-08,0.12031002459893943
2013-03-11,0.11979335017046833
2013-03-12,0.11965220261697977
2013-03-13,0.1192114196157673
2013-03-14,0.11730187732913108
2013-03-15,0.1095571476107863
2013-03-18,0.10985538649249499
2013-03-19,0.10602207360995035
2013-03-20,0.08727860050743638
2013-03-21,0.09308999674110167
2013-03-22,0.08511243288363336
2013-03-25,0.0853240242671155
2013-03-26,0.08760035666542969
2013-03-27,0.0859173868982823
2013-03-28,0.08009122992919089
2013-03-29,0.07874828284657984
2013-04-01,0.08108783422567245
2013-04-02,0.08084087901635009
2013-04-03,0.09434531124445507
2013-04-04,0.09316774477843473
2013-04-05,0.09457406150791364
2013-04-08,0.09382782807766062
2013-04-09,0.09328233850493738
2013-04-10,0.09966649667000584
2013-04-11,0.09939598662301485
2013-04-12,0.09682966736877403
2013-04-15,0.14327732225596462
2013-04-16,0.14587447706983403
2013-04-17,0.15887197994804866
2013-04-18,0.1567510615996917
2013-04-19,0.15656069639664505
2013-04-22,0.15527032046595907
2013-04-23,0.15629826280679743
2013-04-24,0.15445135585489367
2013-04-25,0.1520777961426736
2013-04-26,0.1463058396075288
2013-04-29,0.14648685358191016
2013-04-30,0.1445969892208221
2013-05-01,0.1487963324509549
2013-05-02,0.15037819339593908
2013-05-03,0.14757995802818666
2013-05-06,0.14637160643132488
2013-05-07,0.14632517417857124
2013-05-08,0.12325925759410536
2013-05-09,0.11385014976824748
2013-05-10,0.10323994134646261
2013-05-13,0.09950853819497223
2013-05-14,0.10015519572816117
2013-05-15,0.09987041692994897
2013-05-16,0.09604185063383106
2013-05-17,0.10129025575473372
2013-05-20,0.1002496582179668
2013-05-21,0.09952850389213315
2013-05-22,0.10391952221165693
2013-05-23,0.1037368535616617
2013-05-24,0.09748133828174094
2013-05-27,0.0913933167199576
2013-05-28,0.08604000145448909
2013-05-29,0.09183881378928804
2013-05-30,0.08975570160186731
2013-05-31,0.11165076897220516
2013-06-03,0.11048794637983207
2013-06-04,0.11077334698228379
2013-06-05,0.12761619596146936
2013-06-06,0.12473915604628337
2013-06-07,0.12814303102248065
2013-06-10,0.12603362248378017
2013-06-11,0.12935791710046562
2013-06-12,0.13246148419507067
2013-06-13,0.14043942314967553
2013-06-14,0.1378503454716585
2013-06-17,0.13876047330359753
2013-06-18,0.13988551414537967
2013-06-19,0.15314143194099292
2013-06-20,0.19145417445142637
2013-06-21,0.18790460183754
2013-06-24,0.19232789216692125
2013-06-25,0.1855520227483546
2013-06-26,0.1845362388759993
2013-06-27,0.1819248470933064
2013-06-28,0.17401051412945764
2013-07-01,0.1701945294278647
2013-07-02,0.16310538153000279
2013-07-03,0.1615842012914541
2013-07-04,0.15630483987809368
2013-07-05,0.15564238427850077
2013-07-08,0.14726045480785083
2013-07-09,0.14709899871413898
2013-07-10,0.14385645490931756
2013-07-11,0.1477821768753105
2013-07-12,0.13944713761581687
2013-07-15,0.10903839838963346
2013-07-16,0.10888703740135543
2013-07-17,0.10063715302434782
2013-07-18,0.09584738284157994
2013-07-19,0.08984747723169609
2013-07-22,0.08666988577911743
2013-07-23,0.0860047184090846
2013-07-24,0.08523379486335292
2013-07-25,0.08497231754888714
2013-07-26,0.08423505242071819
2013-07-29,0.08623605772606237
2013-07-30,0.07795127718228999
2013-07-31,0.07552192442783652
2013-08-01,0.08226591257301817
2013-08-02,0.08213940245115535
2013-08-05,0.06836090523597822
2013-08-06,0.0727298938661028
2013-08-07,0.07435853401061196
2013-08-08,0.07384437152529474
2013-08-09,0.07429119729362176
2013-08-12,0.07212214428501648
2013-08-13,0.07210346776432057
2013-08-14,0.07509952725731162
2013-08-15,0.10092953164515858
2013-08-16,0.09959401400533292
2013-08-19,0.10169477701212384
2013-08-20,0.09994791180193813
2013-08-21,0.10188564427336769
2013-08-22,0.10446082111194671
2013-08-23,0.10402874723980407
2013-08-26,0.09536335066441039
2013-08-27,0.12131279667476859
2013-08-28,0.11900001472805465
2013-08-29,0.11609863591340037
2013-08-30,0.11378851549209644
2013-09-02,0.11168492396494274
2013-09-03,0.11026438055974429
2013-09-04,0.11200701457744852
2013-09-05,0.11097381550932126
2013-09-06,0.10807378790358721
2013-09-09,0.10127899859724858
2013-09-10,0.10231448576099773
2013-09-11,0.10060240330530844
2013-09-12,0.10041926979540691
2013-09-13,0.09774916013973495
2013-09-16,0.0951060041375909
2013-09-17,0.09461139684744163
2013-09-18,0.10159302757837123
2013-09-19,0.08606211948478695
2013-09-20,0.09209416894330145
2013-09-23,0.09408588437443106
2013-09-24,0.09320124696645977
2013-09-25,0.09314032767365919
2013-09-26,0.09230063563914104
2013-09-27,0.0895494152026654
2013-09-30,0.09343004585347785
2013-10-01,0.09609634790377343
2013-10-02,0.08925553959366901
2013-10-03,0.09571834408096051
2013-10-04,0.09635870259527851
2013-10-07,0.10329110472439872
2013-10-08,0.11749797587173519
2013-10-09,0.11399152531596925
2013-10-10,0.13328899239354847
2013-10-11,0.12738521051640453
2013-10-14,0.12657771309172514
2013-10-15,0.12748245991837578
2013-10-16,0.1336433478751963
2013-10-17,0.1342909473381508
2013-10-18,0.13501966598547074
2013-10-21,0.1335815174215189
2013-10-22,0.13366351440128998
2013-10-23,0.13368992570744165
2013-10-24,0.13028540255149854
2013-10-25,0.13092983915032558
2013-10-28,0.12668717354011444
2013-10-29,0.12545346154984358
2013-10-30,0.12395177755037898
2013-10-31,0.11742448166255097
2013-11-01,0.11754038681547553
2013-11-04,0.09176468004427421
2013-11-05,0.08996672188973392
2013-11-06,0.0893291015226874
2013-11-07,0.1064467175355286
2013-11-08,0.1043635323518746
2013-11-11,0.10049089716701513
2013-11-12,0.09776847569494225
2013-11-13,0.09987201407237008
2013-11-14,0.09856595284916286
2013-11-15,0.09782572703093237
2013-11-18,0.09765921113255348
2013-11-19,0.09635844014601136
2013-11-20,0.09670540616674787
2013-11-21,0.09869837469426371
2013-11-22,0.09786568457546128
2013-11-25,0.09657268002128629
2013-11-26,0.09558866208972479
2013-11-27,0.09488932778135556
2013-11-28,0.09400207170069244
2013-11-29,0.09233318122839435
2013-12-02,0.08153595775157815
2013-12-03,0.06906056581351379
2013-12-04,0.06912419283102646
2013-12-05,0.07090113747241988
2013-12-06,0.07529009292047059
2013-12-09,0.07324627513398754
2013-12-10,0.07287142921747793
2013-12-11,0.08941212357856644
2013-12-12,0.08996759077062716
2013-12-13,0.08739986266908649
2013-12-16,0.08509875975776524
2013-12-17,0.08328314155156993
2013-12-18,0.09947157430857274
2013-12-19,0.09855607677687342
2013-12-20,0.09896308661721956
2013-12-23,0.09999039890494457
2013-12-24,0.1000296753343147
2013-12-25,0.09923067445808717
2013-12-26,0.09934188223572242
2013-12-27,0.09875417296877434
2013-12-30,0.09771334561405497
2013-12-31,0.09049563726017419
2014-01-02,0.09928202468171403
2014-01-03,0.09890029639185954
2014-01-06,0.09059802036329205
2014-01-07,0.09143971511036696
2014-01-08,0.09083443609031797
2014-01-09,0.0875944038435527
2014-01-10,0.08698395070303241
2014-01-13,0.08905942296793533
2014-01-14,0.0949173520933149
2014-01-15,0.09370788463921503
2014-01-16,0.09091004623886795
2014-01-17,0.09125562608337048
2014-01-20,0.09020948760226563
2014-01-21,0.08870286875168858
2014-01-22,0.08752672866640189
2014-01-23,0.09690820091262668
2014-01-24,0.13791576840485464
2014-01-27,0.13362469939315205
2014-01-28,0.13197608297594346
2014-01-29,0.13837487125188427
2014-01-30,0.13900643163052823
2014-01-31,0.1408347907400595
2014-02-03,0.17612917907251707
2014-02-04,0.1750105670768812
2014-02-05,0.16663280321263438
2014-02-06,0.16435384993730512
2014-02-07,0.16754388094303957
2014-02-10,0.1650960873110408
2014-02-11,0.1667434985593798
2014-02-12,0.16497079750153376
2014-02-13,0.16453407612265294
2014-02-14,0.16404496395646834
2014-02-17,0.15967528916409068
2014-02-18,0.14197082472901967
2014-02-19,0.14333910372521327
2014-02-20,0.14211466440182222
2014-02-21,0.13704145349284858
2014-02-24,0.13277473385124255
2014-02-25,0.1300164703521216
2014-02-26,0.10314335534426718
2014-02-27,0.10041470150801596
2014-02-28,0.09960839964539939
2014-03-03,0.09657046079519738
2014-03-04,0.09891601897010727
2014-03-05,0.09768641342781012
2014-03-06,0.08925296389631159
2014-03-07,0.08882760897658874
2014-03-10,0.08576903866763488
2014-03-11,0.08729061327597831
2014-03-12,0.08682358084211457
2014-03-13,0.10250552084013699
2014-03-14,0.09924374426707808
2014-03-17,0.10182941131968465
2014-03-18,0.10314421726546368
2014-03-19,0.10422297028378281
2014-03-20,0.10477080482918871
2014-03-21,0.10496608255868844
2014-03-24,0.10577652108802287
2014-03-25,0.10479978957946837
2014-03-26,0.10635848845866264
2014-03-27,0.09311745825273057
2014-03-28,0.09267834625023962
2014-03-31,0.09567142836317027
2014-04-01,0.09781364867922845
2014-04-02,0.09733272378687167
2014-04-03,0.0953287600921549
2014-04-04,0.11237879692328658
2014-04-07,0.11497427532295193
2014-04-08,0.11368019046297781
2014-04-09,0.11369558282195595
2014-04-10,0.14837633333946648
2014-04-11,0.14959726997145326
2014-04-14,0.14839722195579144
2014-04-15,0.147974864801563
2014-04-16,0.14843650194905356
2014-04-17,0.14554677134860652
2014-04-18,0.14173874230794956
2014-04-21,0.14040431575281587
2014-04-22,0.13887818871501056
2014-04-23,0.1352352306558973
2014-04-24,0.1320284353416807
2014-04-25,0.13655266990866394
2014-04-28,0.13574843361921463
2014-04-29,0.1283570444894198
2014-04-30,0.122426221317428
2014-05-01,0.1208905061069623
2014-05-02,0.11440279839067474
2014-05-05,0.08871166354002762
2014-05-06,0.09236399587134488
2014-05-07,0.08896291578515204
2014-05-08,0.0846714220968022
2014-05-09,0.07618732932401592
2014-05-12,0.08130871094693011
2014-05-13,0.08039017014276956
2014-05-14,0.0820567262600242
2014-05-15,0.09136694982057995
2014-05-16,0.09071677205272731
2014-05-19,0.0902366510586255
2014-05-20,0.09012433853370623
2014-05-21,0.09275348149959005
2014-05-22,0.09033796534430326
2014-05-23,0.08980789595678657
2014-05-26,0.08916149828487296
2014-05-27,0.09078353150514375
2014-05-28,0.08957610006542814
2014-05-29,0.08558277055791653
2014-05-30,0.08312828880903135
2014-06-02,0.08245789715388899
2014-06-03,0.08211682593729389
2014-06-04,0.07502369620399402
2014-06-05,0.07799260234304227
2014-06-06,0.0776619686023743
2014-06-09,0.07049903503487812
2014-06-10,0.06929235833244456
2014-06-11,0.06950713482988724
2014-06-12,0.07372770308514956
2014-06-13,0.06853738388690912
2014-06-16,0.0675732295994341
2014-06-17,0.06543761952445747
2014-06-18,0.07066885003254454
2014-06-19,0.06714839777075655
2014-06-20,0.06662215979701533
2014-06-23,0.0638803864102701
2014-06-24,0.06989533015902709
2014-06-25,0.07118705590932503
2014-06-26,0.07104187589455155
2014-06-27,0.07019959511327088
2014-06-30,0.06645277457437465
2014-07-01,0.06778880683039161
2014-07-02,0.06754875830814362
2014-07-03,0.06913982357476449
2014-07-04,0.06816788639022578
2014-07-07,0.06649632871345812
2014-07-08,0.0732947764061041
2014-07-09,0.07386106726553464
2014-07-10,0.07573540030287988
2014-07-11,0.0703502405026559
2014-07-14,0.07177105601075767
2014-07-15,0.0717104179706319
2014-07-16,0.07249537668630673
2014-07-17,0.0882180342863753
2014-07-18,0.09239593290981027
2014-07-21,0.09198193114221022
2014-07-22,0.0922469251917204
2014-07-23,0.0911230547031367
2014-07-24,0.08721632224930367
2014-07-25,0.08983648685440389
2014-07-28,0.08658679677106675
2014-07-29,0.08893110460803555
2014-07-30,0.08666635355914692
2014-07-31,0.12776300533435966
2014-08-01,0.12340094970664679
2014-08-04,0.12320505007498195
2014-08-05,0.1295520895680847
2014-08-06,0.12569600292305932
2014-08-07,0.12658137094899613
2014-08-08,0.12943918309373945
2014-08-11,0.12151859486406306
2014-08-12,0.11514105728523986
2014-08-13,0.11616516654388254
2014-08-14,0.11438338931842972
2014-08-15,0.11296932655893421
2014-08-18,0.11548408100098204
2014-08-19,0.11449917537235248
2014-08-20,0.11417188692353178
2014-08-21,0.11311623421378865
2014-08-22,0.11273776023830231
2014-08-25,0.09080805521910787
2014-08-26,0.0893699755465496
2014-08-27,0.0854062443004479
2014-08-28,0.07875834033822207
2014-08-29,0.07934428659339811
2014-09-01,0.07660287766569399
2014-09-02,0.06573488924854742
2014-09-03,0.06446622464944886
2014-09-04,0.06418122273799555
2014-09-05,0.0624005715371266
2014-09-08,0.06209322715367138
2014-09-09,0.06895255751271719
2014-09-10,0.06325096055163795
2014-09-11,0.06023738958080668
2014-09-12,0.06563074849585825
2014-09-15,0.06388530883046428
2014-09-16,0.06776385291696982
2014-09-17,0.06500928807067002
2014-09-18,0.06626593000213868
2014-09-19,0.06567238840410937
2014-09-22,0.07565397376434708
2014-09-23,0.07902921735299741
2014-09-24,0.08205621493114698
2014-09-25,0.11178787249866037
2014-09-26,0.11377039875791414
2014-09-29,0.11271734607984918
2014-09-30,0.11002674954690497
2014-10-01,0.12524035023945784
2014-10-02,0.12062548292046757
2014-10-03,0.12427446854582017
2014-10-06,0.12271275656607152
2014-10-07,0.13902937623338588
2014-10-08,0.1487396653135435
2014-10-09,0.17501783713056526
2014-10-10,0.1808881057624979
2014-10-13,0.19361769331551304
2014-10-14,0.19019756516928313
2014-10-15,0.1885425237291704
2014-10-16,0.1852103825892447
2014-10-17,0.18533254450302092
2014-10-20,0.17663451702750338
2014-10-21,0.18467934442649547
2014-10-22,0.18565380192126432
2014-10-23,0.1882662439452738
2014-10-24,0.1826531026062678
2014-10-27,0.18149924057043526
2014-10-28,0.18080755025984419
2014-10-29,0.18007807681251697
2014-10-30,0.17264153330965631
2014-10-31,0.16623624589826963
2014-11-03,0.14943697731156383
2014-11-04,0.14434778897898107
2014-11-05,0.13309021504399376
2014-11-06,0.13301077469251577
2014-11-07,0.1295698341253892
2014-11-10,0.129282504743634
2014-11-11,0.12135317695285566
2014-11-12,0.11691991143951094
2014-11-13,0.09650558848995038
2014-11-14,0.09252686601464397
2014-11-17,0.08232591919500956
2014-11-18,0.08063431304776186
2014-11-19,0.08010904632172006
2014-11-20,0.0693252902157614
2014-11-21,0.07069074457313641
2014-11-24,0.06816818963530914
2014-11-25,0.05595714597081981
2014-11-26,0.05580255681360765
2014-11-27,0.0549442071750212
2014-11-28,0.05282598318565781
2014-12-01,0.06036315636348332
2014-12-02,0.06329181433475521
2014-12-03,0.06283919197421742
2014-12-04,0.06254441966112376
2014-12-05,0.06243583424798441
2014-12-08,0.07132299035852982
2014-12-09,0.06956920093149328
2014-12-10,0.10381398568254917
2014-12-11,0.10146466241381309
2014-12-12,0.12610974673112632
2014-12-15,0.12731800529216675
2014-12-16,0.129541989734148
2014-12-17,0.14291110645478916
2014-12-18,0.16260428603258686
2014-12-19,0.16138987757499867
2014-12-22,0.16001948013587594
2014-12-23,0.15937102005260237
2014-12-24,0.1559617050347668
2014-12-25,0.15399943147616724
2014-12-26,0.15217112677244507
2014-12-29,0.1518050582786616
2014-12-30,0.15253902297562927
2014-12-31,0.15755544397987595
2015-01-02,0.1566493693504646
2015-01-05,0.16920181208654944
2015-01-06,0.17199763633980816
2015-01-07,0.1650259929284649
2015-01-08,0.1725922000549374
2015-01-09,0.17330325347900988
2015-01-12,0.162444028330056
2015-01-13,0.13912611448141846
2015-01-14,0.1405303270585252
2015-01-15,0.1438179765461582
2015-01-16,0.14863451024332539
2015-01-19,0.14714726996115102
2015-01-20,0.14537801947302548
2015-01-21,0.144657289929571
2015-01-22,0.15252510558930468
2015-01-23,0.1528861351578508
2015-01-26,0.1477940166594276
2015-01-27,0.15993180585322006
2015-01-28,0.15910291602960025
2015-01-29,0.15764089229172837
2015-01-30,0.16392977693533736
2015-02-02,0.1551742102367415
2015-02-03,0.15827081764647916
2015-02-04,0.15489926545517702
2015-02-05,0.15714081381192865
2015-02-06,0.1556679694123714
2015-02-09,0.15153052306036197
2015-02-10,0.14835419679578116
2015-02-11,0.14706754451826645
2015-02-12,0.14920036134304004
2015-02-13,0.14804089870654363
2015-02-16,0.13797843180241154
2015-02-17,0.13637233140148416
2015-02-18,0.13525571908930373
2015-02-19,0.12681674454478525
2015-02-20,0.11923924194699523
2015-02-23,0.11440410529326087
2015-02-24,0.10525720320848851
2015-02-25,0.09560298958878434
2015-02-26,0.08241073395758468
2015-02-27,0.08179618301459275
2015-03-02,0.07650400717222859
2015-03-03,0.07801894400850183
2015-03-04,0.0788791628191601
2015-03-05,0.06961744298185962
2015-03-06,0.09656707941094464
2015-03-09,0.09027441453260236
2015-03-10,0.11844159669120913
2015-03-11,0.11638039868368276
2015-03-12,0.12171061359514791
2015-03-13,0.12231272970001474
2015-03-16,0.12827623528757318
2015-03-17,0.1263941702904617
2015-03-18,0.13159966918025423
2015-03-19,0.13187459085607411
2015-03-20,0.1342137493684818
2015-03-23,0.13309575690865427
2015-03-24,0.1346418070059906
2015-03-25,0.1495282572405855
2015-03-26,0.1475342746338302
2015-03-27,0.14492800988406612
2015-03-30,0.1490938274806794
2015-03-31,0.1456040719445086
2015-04-01,0.14576433489204407
2015-04-02,0.13171790589392962
2015-04-03,0.1311575154067032
2015-04-06,0.12406642793759819
2015-04-07,0.12227102628495538
2015-04-08,0.11226586506357024
2015-04-09,0.11188652948199308
2015-04-10,0.10494751120488839
2015-04-13,0.10471460745718895
2015-04-14,0.0993293238300495
2015-04-15,0.10018255743431431
2015-04-16,0.09764375606667387
2015-04-17,0.09906417988499208
2015-04-20,0.10186691122549915
2015-04-21,0.10104758579128342
2015-04-22,0.09245745999403167
2015-04-23,0.08680706214113217
2015-04-24,0.08521296733024794
2015-04-27,0.0860100239611639
2015-04-28,0.08534789131600781
2015-04-29,0.08368837653440347
2015-04-30,0.09542893088690152
2015-05-01,0.10029778156875481
2015-05-04,0.09867756720175148
2015-05-05,0.11151079602250223
2015-05-06,0.11071449801330557
2015-05-07,0.10952105026566075
2015-05-08,0.11663876732241153
2015-05-11,0.11734763410099007
2015-05-12,0.11100235479600572
2015-05-13,0.10534255819041408
2015-05-14,0.10977303325519848
2015-05-15,0.10768850076478344
2015-05-18,0.10715010632037485
2015-05-19,0.10634895779346629
2015-05-20,0.1050558175988529
2015-05-21,0.10429417074469377
2015-05-22,0.1035436675417485
2015-05-25,0.09704522305225864
2015-05-26,0.1020781516674004
2015-05-27,0.10502651644232343
2015-05-28,0.09605470174648319
2015-05-29,0.0987927068586459
2015-06-01,0.0971193436453227
2015-06-02,0.08523255707058484
2015-06-03,0.0830057229882857
2015-06-04,0.09120201585453952
2015-06-05,0.09002925893313299
2015-06-08,0.08672654455004435
2015-06-09,0.08565628428021314
2015-06-10,0.09280576561234981
2015-06-11,0.09207041665168524
2015-06-12,0.09686799798246233
2015-06-15,0.0984447867375423
2015-06-16,0.09909885891320533
2015-06-17,0.09839675405443886
2015-06-18,0.09652003966177057
2015-06-19,0.0940717459525904
2015-06-22,0.09578659229644006
2015-06-23,0.0921476500183888
2015-06-24,0.09785320449550178
2015-06-25,0.09781400063512752
2015-06-26,0.09683272511142446
2015-06-29,0.13493980402929215
2015-06-30,0.13276127003260804
2015-07-01,0.13065504824353166
2015-07-02,0.12821326733354552
2015-07-03,0.11956063223493127
2015-07-06,0.11883594427610832
2015-07-07,0.1168870911139347
2015-07-08,0.13846800105112658
2015-07-09,0.13531786119932923
2015-07-10,0.13932144501775162
2015-07-13,0.13870341422335544
2015-07-14,0.13674345669465862
2015-07-15,0.13369936596734908
2015-07-16,0.13456469346857897
2015-07-17,0.13125646717819411
2015-07-20,0.13005683752887928
2015-07-21,0.13028173886514718
2015-07-22,0.10896443590553463
2015-07-23,0.11128236965146326
2015-07-24,0.11903842915943272
2015-07-27,0.12061451621622903
2015-07-28,0.1266489637644225
2015-07-29,0.12654038093389453
2015-07-30,0.12425492026025561
2015-07-31,0.10951554370651627
2015-08-03,0.10921299378775746
2015-08-04,0.10015151139708177
2015-08-05,0.09267293946378512
2015-08-06,0.09798040726447117
2015-08-07,0.0975989524660885
2015-08-10,0.10225424681903138
2015-08-11,0.11149827135101317
2015-08-12,0.10971100824285701
2015-08-13,0.10799113787314944
2015-08-14,0.10731894076320456
2015-08-17,0.10606689330200299
2015-08-18,0.09951406828622114
2015-08-19,0.10500390810193137
2015-08-20,0.13859022496420673
2015-08-21,0.2006623167659903
2015-08-24,0.27185202039180184
2015-08-25,0.27276662916505884
2015-08-26,0.2959180813308973
2015-08-27,0.301597088119637
2015-08-28,0.29780481724373126
2015-08-31,0.29442903428681905
2015-09-01,0.32352621088300393
2015-09-02,0.3216465508224256
2015-09-03,0.3159132471180665
2015-09-04,0.319981621116538
2015-09-07,0.3152511074668269
2015-09-08,0.32243599420578845
2015-09-09,0.3253881019890721
2015-09-10,0.3232398473182241
2015-09-11,0.32029945685298045
2015-09-14,0.3095380052545525
2015-09-15,0.2905394792881385
2015-09-16,0.25632299249650314
2015-09-17,0.2502667518659098
2015-09-18,0.22592504736310753
2015-09-21,0.20823130466688444
2015-09-22,0.21379541209475042
2015-09-23,0.20998457710149762
2015-09-24,0.18060463227029985
2015-09-25,0.16877827092653902
2015-09-28,0.20636046041611072
2015-09-29,0.19598826399865796
2015-09-30,0.20270814417873376
2015-10-01,0.1806331183585787
2015-10-02,0.1776630761956106
2015-10-05,0.1855514217865497
2015-10-06,0.1831882365470109
2015-10-07,0.18282961295565053
2015-10-08,0.17838595112216854
2015-10-09,0.1744614184261858
2015-10-12,0.17265645984468683
2015-10-13,0.16582214722921648
2015-10-14,0.16498472648429438
2015-10-15,0.1657962799458623
2015-10-16,0.16516430299785734
2015-10-19,0.16386135047154787
2015-10-20,0.1632600860565343
2015-10-21,0.13959475677201746
2015-10-22,0.14902020775904828
2015-10-23,0.13866228897580288
2015-10-26,0.13828355052326813
2015-10-27,0.12963413547388206
2015-10-28,0.12024328707780868
2015-10-29,0.11918030130273807
2015-10-30,0.11738869595366913
2015-11-02,0.11992118972154354
2015-11-03,0.11971430935770777
2015-11-04,0.1204863293396151
2015-11-05,0.11737077080738563
2015-11-06,0.11630788241689816
2015-11-09,0.11449432873609464
2015-11-10,0.11227794968063
2015-11-11,0.11264229929604104
2015-11-12,0.13032361759269112
2015-11-13,0.13775745362064382
2015-11-16,0.13425472177349113
2015-11-17,0.1264266309502547
2015-11-18,0.13626561386639863
2015-11-19,0.13460439101133742
2015-11-20,0.1278737210887821
2015-11-23,0.12685972366299134
2015-11-24,0.1247568809219916
2015-11-25,0.11756538595747622
2015-11-26,0.11633668422983598
2015-11-27,0.11451589084920483
2015-11-30,0.11646061117052467
2015-12-01,0.12083494933201801
2015-12-02,0.12686786050480844
2015-12-03,0.14280031924167905
2015-12-04,0.1566419669429791
2015-12-07,0.15141741675018888
2015-12-08,0.14835384511647876
2015-12-09,0.14272643868555826
2015-12-10,0.1413306618916275
2015-12-11,0.15912182865821728
2015-12-14,0.15605531183184007
2015-12-15,0.15717656837669025
2015-12-16,0.16237680372353966
2015-12-17,0.1759231339810119
2015-12-18,0.19346200471296357
2015-12-21,0.1918156047800688
2015-12-22,0.19153702717047216
2015-12-23,0.1933551738398012
2015-12-24,0.18779771820638058
2015-12-25,0.18197020623244414
2015-12-28,0.17404916709872514
2015-12-29,0.16172179804622142
2015-12-30,0.16258498885028047
2015-12-31,0.16567639129738468
2016-01-04,0.17804598584036088
2016-01-05,0.17615068494810304
2016-01-06,0.17253897254877545
2016-01-07,0.20287778383256755
2016-01-08,0.2031149061642802
2016-01-11,0.19343799897481467
2016-01-12,0.1849697983612454
2016-01-13,0.20898016089893878
2016-01-14,0.20905007017601104
2016-01-15,0.23021376829166712
2016-01-18,0.22178649723486837
2016-01-19,0.2154804388873235
2016-01-20,0.2182690940090602
2016-01-21,0.21653145135622887
2016-01-22,0.21995988120886348
2016-01-25,0.22850722051290018
2016-01-26,0.22878536220875345
2016-01-27,0.2252878023364511
2016-01-28,0.2238961050962993
2016-01-29,0.23178023269278739
2016-02-01,0.21525274626720028
2016-02-02,0.2286896917448434
2016-02-03,0.22622980786892008
2016-02-04,0.2217837529259289
2016-02-05,0.22115053261257747
2016-02-08,0.22208127608378395
2016-02-09,0.205917026009624
2016-02-10,0.2022443693855273
2016-02-11,0.2083403268593383
2016-02-12,0.21195589264588374
2016-02-15,0.20826221354088637
2016-02-16,0.20322409769190958
2016-02-17,0.2017680922666498
2016-02-18,0.1952573468755675
2016-02-19,0.19067498555871598
2016-02-22,0.19403574894667697
2016-02-23,0.18453210849465748
2016-02-24,0.18238503909159776
2016-02-25,0.17360201664760902
2016-02-26,0.1716568556543279
2016-02-29,0.17457267320624595
2016-03-01,0.1797183700255161
2016-03-02,0.1735380746626109
2016-03-03,0.17225273095379884
2016-03-04,0.17149122678835022
2016-03-07,0.165728788186141
2016-03-08,0.1604424547691621
2016-03-09,0.16029592564660497
2016-03-10,0.14950404687248148
2016-03-11,0.1478497377523967
2016-03-14,0.14636260238940177
2016-03-15,0.14599966331191222
2016-03-16,0.13806220946643594
2016-03-17,0.13258281998937424
2016-03-18,0.13190920723071134
2016-03-21,0.12570593066473362
2016-03-22,0.12525505769765385
2016-03-23,0.1256788465320718
2016-03-24,0.09578284846861522
2016-03-25,0.09444431856966443
2016-03-28,0.09300747289127409
2016-03-29,0.09632553194260456
2016-03-30,0.09680854891483098
2016-03-31,0.0892143093839425
2016-04-01,0.08971693446092777
2016-04-04,0.09075141478933044
2016-04-05,0.08688727350830296
2016-04-06,0.09217648278948842
2016-04-07,0.1068469547138066
2016-04-08,0.10426339800214841
2016-04-11,0.10141717967258122
2016-04-12,0.1041462900340746
2016-04-13,0.1083973014996663
2016-04-14,0.10733352105758323
2016-04-15,0.10425603037943221
2016-04-18,0.1056954081622805
2016-04-19,0.10554103335031952
2016-04-20,0.10468302525629533
2016-04-21,0.10291773887207666
2016-04-22,0.10112003692813164
2016-04-25,0.10110236274082508
2016-04-26,0.09826821780176728
2016-04-27,0.09736467054460031
2016-04-28,0.10049155916445053
2016-04-29,0.09629101289144146
2016-05-02,0.08984633287339991
2016-05-03,0.09805664350310946
2016-05-04,0.10025389153784241
2016-05-05,0.09299915130345392
2016-05-06,0.08544441571992996
2016-05-09,0.08478274679840937
2016-05-10,0.09353164929216674
2016-05-11,0.10093917225155778
2016-05-12,0.09908964557789246
2016-05-13,0.10600591592364143
2016-05-16,0.1075986086261907
2016-05-17,0.11590369279299388
2016-05-18,0.11392014778880782
2016-05-19,0.11394338143516498
2016-05-20,0.11407646387833863
2016-05-23,0.1090969063595796
2016-05-24,0.11605559901518518
2016-05-25,0.11466365370337171
2016-05-26,0.11019204241760948
2016-05-27,0.10847432801435158
2016-05-30,0.10771231228772961
2016-05-31,0.1068473229956467
2016-06-01,0.10632617045959582
2016-06-02,0.09773829290079344
2016-06-03,0.09309614649747848
2016-06-06,0.09396700790501354
2016-06-07,0.08907985578216603
2016-06-08,0.08289956125968467
2016-06-09,0.07660197337381469
2016-06-10,0.08755600382895584
2016-06-13,0.09452982215213311
2016-06-14,0.09133920992956691
2016-06-15,0.08982444173943442
2016-06-16,0.07709525884245697
2016-06-17,0.07435252688681797
2016-06-20,0.07585230226564789
2016-06-21,0.07380529266417099
2016-06-22,0.0732390967100705
2016-06-23,0.08498168793192067
2016-06-24,0.19242845341646048
2016-06-27,0.20600502065103896
2016-06-28,0.20869928745460498
2016-06-29,0.21241248205289595
2016-06-30,0.21275891562733384
2016-07-01,0.20940858298743473
2016-07-04,0.20711990811373174
2016-07-05,0.20405718868631315
2016-07-06,0.20049524288748616
2016-07-07,0.19858461120139992
2016-07-08,0.20295250739327433
2016-07-11,0.20181259310989075
2016-07-12,0.20089795382545952
2016-07-13,0.19893541158587044
2016-07-14,0.19793344792777354
2016-07-15,0.19712857633602449
2016-07-18,0.1912274418435271
2016-07-19,0.14453890700282943
2016-07-20,0.13060948400474418
2016-07-21,0.11597390592725505
2016-07-22,0.1011862602642565
2016-07-25,0.09067369473896848
2016-07-26,0.0893178914270644
2016-07-27,0.08807955659437058
2016-07-28,0.08425444635269126
2016-07-29,0.08184636905286664
2016-08-01,0.08124917334075829
2016-08-02,0.07033270803132821
2016-08-03,0.06827187169572572
2016-08-04,0.06302177994203716
2016-08-05,0.06856229613894904
2016-08-08,0.06569079948308633
2016-08-09,0.06470992620049136
2016-08-10,0.06516954789093353
2016-08-11,0.06620252860545962
2016-08-12,0.06488564036610958
2016-08-15,0.06362610140177147
2016-08-16,0.0661091616056226
2016-08-17,0.06511774451858657
2016-08-18,0.06519756177628962
2016-08-19,0.06456477617090658
2016-08-22,0.0639245303479188
2016-08-23,0.0636335166091646
2016-08-24,0.06848525650404866
2016-08-25,0.0641087738820353
2016-08-26,0.06298040271293591
2016-08-29,0.06488022756735741
2016-08-30,0.058543316578646865
2016-08-31,0.05898048056466513
2016-09-01,0.05838031584306375
2016-09-02,0.05934414179269232
2016-09-05,0.0563005645036802
2016-09-06,0.056294282162097406
2016-09-07,0.055872685029046215
2016-09-08,0.05319428019886141
2016-09-09,0.1275922343176027
2016-09-12,0.1340135152182256
2016-09-13,0.1488067013013737
2016-09-14,0.14606319390625547
2016-09-15,0.14635945629237565
2016-09-16,0.1444938207267959
2016-09-19,0.14197375255822867
2016-09-20,0.13989369872325916
2016-09-21,0.14174704465869734
2016-09-22,0.14189046558392718
2016-09-23,0.14267314005480344
2016-09-26,0.1473906549929593
2016-09-27,0.1462949462154814
2016-09-28,0.14693763976473914
2016-09-29,0.1513251199757566
2016-09-30,0.15259783144578773
2016-10-03,0.15234560169728328
2016-10-04,0.12750183283513844
2016-10-05,0.11681116692481668
2016-10-06,0.10429000590997335
2016-10-07,0.10448062413066918
2016-10-10,0.09870919056010317
2016-10-11,0.1135920414684627
2016-10-12,0.11210077421600995
2016-10-13,0.11079158777281171
2016-10-14,0.10369193929997916
2016-10-17,0.10059506751826215
2016-10-18,0.09953856173944081
2016-10-19,0.09440160448847427
2016-10-20,0.09087309261532024
2016-10-21,0.08824298763192424
2016-10-24,0.08267677705875436
2016-10-25,0.07958062212425998
2016-10-26,0.0785408919839983
2016-10-27,0.07698232093604497
2016-10-28,0.0761622019709858
2016-10-31,0.07563791939756219
2016-11-01,0.08086126460230052
2016-11-02,0.08457975460583325
2016-11-03,0.07498998092546545
2016-11-04,0.07412296691866938
2016-11-07,0.10311942526109755
2016-11-08,0.10318548150626017
2016-11-09,0.10849646407405932
2016-11-10,0.10600186099263846
2016-11-11,0.10574274355316823
2016-11-14,0.10495379712329712
2016-11-15,0.10772112407707535
2016-11-16,0.10630939604960576
2016-11-17,0.10653256263449679
2016-11-18,0.10666396129531114
2016-11-21,0.1089292441079842
2016-11-22,0.10823159255137414
2016-11-23,0.10817615077765137
2016-11-24,0.10542545662356949
2016-11-25,0.10389033921960641
2016-11-28,0.1054463993143933
2016-11-29,0.10503982914991708
2016-11-30,0.07494901366613634
2016-12-01,0.07519703167791285
2016-12-02,0.06521561028318743
2016-12-05,0.067187418695814
2016-12-06,0.06745323841744513
2016-12-07,0.08028286945223732
2016-12-08,0.07667974841993988
2016-12-09,0.07884409402358013
2016-12-12,0.07715857883077638
2016-12-13,0.07949808754150361
2016-12-14,0.08510806970328504
2016-12-15,0.08493554366873687
2016-12-16,0.08448220243418736
2016-12-19,0.0840081383668431
2016-12-20,0.08366149589786138
2016-12-21,0.08233860256429543
2016-12-22,0.08202766397925673
2016-12-23,0.08136266048707057
2016-12-26,0.0799107925249656
2016-12-27,0.08015893233468326
2016-12-28,0.08664291746237206
2016-12-29,0.08582502752398369
2016-12-30,0.07620780890342808
2017-01-02,0.07449465678485277
2017-01-03,0.0761695102696464
2017-01-04,0.07791897786273697
2017-01-05,0.07421722551652529
2017-01-06,0.06936217961862602
2017-01-09,0.06944701965865151
2017-01-10,0.06877714608244281
2017-01-11,0.06857431451090668
2017-01-12,0.06778350228491761
2017-01-13,0.06687090792507863
2017-01-16,0.06646022560024833
2017-01-17,0.06738617281268167
2017-01-18,0.06739723328059619
2017-01-19,0.06879767732608034
2017-01-20,0.06302553008095545
2017-01-23,0.06450797444570668
2017-01-24,0.06564343554213982
2017-01-25,0.07051623071552762
2017-01-26,0.06408309161709963
2017-01-27,0.060907059546896854
2017-01-30,0.06729057688822862
2017-01-31,0.06567402781659641
2017-02-01,0.06432991634404168
2017-02-02,0.06402517281744383
2017-02-03,0.0670248269631575
2017-02-06,0.06714903946804616
2017-02-07,0.06619869094788618
2017-02-08,0.06620287370901803
2017-02-09,0.06765773065853571
2017-02-10,0.06875646184915342
2017-02-13,0.0693570025250464
2017-02-14,0.06951826875307325
2017-02-15,0.07089048790593919
2017-02-16,0.06739401390410356
2017-02-17,0.0620372175320756
2017-02-20,0.061663655395743595
2017-02-21,0.06460605708446962
2017-02-22,0.06135311181177468
2017-02-23,0.0611716026467192
2017-02-24,0.061226732297325635
2017-02-27,0.06133063886692117
2017-02-28,0.05748494147252201
2017-03-01,0.07341080647533392
2017-03-02,0.07852639499332388
2017-03-03,0.07818478705776759
2017-03-06,0.07667254062423781
2017-03-07,0.07672437163901472
2017-03-08,0.0748117885695495
2017-03-09,0.07298636536513796
2017-03-10,0.07147520379306699
2017-03-13,0.07150004958224358
2017-03-14,0.07270597607834717
2017-03-15,0.0775047751180299
2017-03-16,0.0747653135597311
2017-03-17,0.0751550315391713
2017-03-20,0.07530854047405434
2017-03-21,0.09566248624340871
2017-03-22,0.09453694408270602
2017-03-23,0.09274433913657938
2017-03-24,0.08062054460989558
2017-03-27,0.07611634827436632
2017-03-28,0.0792607891478655
2017-03-29,0.07683984267119867
2017-03-30,0.07691249457641383
2017-03-31,0.07635357054770825
2017-04-03,0.07626558173401712
2017-04-04,0.07449231793673575
2017-04-05,0.0754485281623386
2017-04-06,0.07440021588200267
2017-04-07,0.06843216706450173
2017-04-10,0.06792878242448733
2017-04-11,0.06769399122640682
2017-04-12,0.06939330811308726
2017-04-13,0.06328888522660055
2017-04-14,0.06226118159741755
2017-04-17,0.06811483418911994
2017-04-18,0.06809141312608157
2017-04-19,0.06821283414005037
2017-04-20,0.06767182264412629
2017-04-21,0.06847783061969051
2017-04-24,0.07654470740453947
2017-04-25,0.0784144301418965
2017-04-26,0.07781084344805371
2017-04-27,0.07766138849705366
2017-04-28,0.0766947163342474
2017-05-01,0.07671374732920197
2017-05-02,0.07646894335170919
2017-05-03,0.07647711420916496
2017-05-04,0.07589171336069524
2017-05-05,0.0758324839583985
2017-05-08,0.07235105518915068
2017-05-09,0.07227237129069357
2017-05-10,0.06622701991791356
2017-05-11,0.0661368497661175
2017-05-12,0.06577689209239104
2017-05-15,0.06291291275424281
2017-05-16,0.06203671985588365
2017-05-17,0.09975971190376556
2017-05-18,0.09584030548756672
2017-05-19,0.09722243271912621
2017-05-22,0.09637136149846474
2017-05-23,0.09552953660926827
2017-05-24,0.09383673556611909
2017-05-25,0.09376405935076079
2017-05-26,0.0921892010965356
2017-05-29,0.0911239426722161
2017-05-30,0.08928212977128962
2017-05-31,0.08846348058078156
2017-06-01,0.09141665221278131
2017-06-02,0.09160852381649938
2017-06-05,0.09060261816061121
2017-06-06,0.09124693838735687
2017-06-07,0.08977261455332723
2017-06-08,0.08911698040112265
2017-06-09,0.06384913166699559
2017-06-12,0.062062293063522685
2017-06-13,0.05920987485850328
2017-06-14,0.056077023850414305
2017-06-15,0.056521423178324384
2017-06-16,0.0555661823609861
2017-06-19,0.05995969022885483
2017-06-20,0.06788465696587202
2017-06-21,0.06746457017681548
2017-06-22,0.06640274506673954
2017-06-23,0.0657917035625901
2017-06-26,0.06059554183983609
2017-06-27,0.07083290929916086
2017-06-28,0.07511145239639774
2017-06-29,0.08450434204913779
2017-06-30,0.08332200672142699
2017-07-03,0.08226753976346846
2017-07-04,0.08171380127028978
2017-07-05,0.08083269892347893
2017-07-06,0.08997847022781001
2017-07-07,0.09121179259085556
2017-07-10,0.09005982319921457
2017-07-11,0.08921044809702434
2017-07-12,0.08731553239051061
2017-07-13,0.0839081794856535
2017-07-14,0.08422711676564025
2017-07-17,0.08353453362223305
2017-07-18,0.08328383800808582
2017-07-19,0.08436993354619657
2017-07-20,0.07931745769601739
2017-07-21,0.07331939282306059
2017-07-24,0.06711081756728254
2017-07-25,0.06701852822465683
2017-07-26,0.0668172440830568
2017-07-27,0.06613190391978065
2017-07-28,0.06596032459381485
2017-07-31,0.05811541741587279
2017-08-01,0.053941899438256606
2017-08-02,0.05361601034926278
2017-08-03,0.054307872199590816
2017-08-04,0.048667422903457526
2017-08-07,0.0481046220255802
2017-08-08,0.04686781212889502
2017-08-09,0.04691149559269102
2017-08-10,0.08230131251677944
2017-08-11,0.07940829434980405
2017-08-14,0.08473519196289092
2017-08-15,0.08314381662396257
2017-08-16,0.08190937887508959
2017-08-17,0.10933025450748152
2017-08-18,0.10722555023717398
2017-08-21,0.10497321600096968
2017-08-22,0.10854175501022142
2017-08-23,0.10789163644211477
2017-08-24,0.10722230887710194
2017-08-25,0.10641944247310184
2017-08-28,0.10438648196386535
2017-08-29,0.10347199536320713
2017-08-30,0.10336470443265565
2017-08-31,0.10405867663067765
2017-09-01,0.10375424504443041
2017-09-04,0.09036781682322378
2017-09-05,0.09663611007077942
2017-09-06,0.09037627783567788
2017-09-07,0.08905345471738503
2017-09-08,0.08848866222672504
2017-09-11,0.0794120534684009
2017-09-12,0.07941793275955406
2017-09-13,0.07872188740481904
2017-09-14,0.07056774581071049
2017-09-15,0.07022069699700179
2017-09-18,0.0687896455020345
2017-09-19,0.06841119585311012
2017-09-20,0.06786291962731826
2017-09-21,0.06908212413042199
2017-09-22,0.06720396595785627
2017-09-25,0.0647159859995258
2017-09-26,0.06379473278937198
2017-09-27,0.06502602741006332
2017-09-28,0.060177842487408005
2017-09-29,0.05955179805936047
2017-10-02,0.06101052337662723
2017-10-03,0.06113763142624126
2017-10-04,0.04913060149778779
2017-10-05,0.05138093059481434
2017-10-06,0.0511541761510461
2017-10-09,0.051516778031392665
2017-10-10,0.05168489182629577
2017-10-11,0.05179765709043109
2017-10-12,0.051888608379130924
2017-10-13,0.05185569652846077
2017-10-16,0.05095788555915828
2017-10-17,0.050863806349654685
2017-10-18,0.04997755162840852
2017-10-19,0.05020129391761223
2017-10-20,0.05107801568969272
2017-10-23,0.05422277699009007
2017-10-24,0.05305054112354134
2017-10-25,0.05558345911364757
2017-10-26,0.05477485918246857
2017-10-27,0.06083113697339093
2017-10-30,0.05917127324227757
2017-10-31,0.05895924324325086
2017-11-01,0.058521727464308344
2017-11-02,0.057730819678185344
2017-11-03,0.058234836654672
2017-11-06,0.0578982194419978
2017-11-07,0.05710531260934922
2017-11-08,0.056688074170163534
2017-11-09,0.05943565835769639
2017-11-10,0.059346545735903464
2017-11-13,0.05981849725807813
2017-11-14,0.05751137153771915
2017-11-15,0.06182719556282314
2017-11-16,0.06661366272256396
2017-11-17,0.06587050198853893
2017-11-20,0.06507312571554362
2017-11-21,0.06261546704424283
2017-11-22,0.061281646817367086
2017-11-23,0.06075156630212
2017-11-24,0.060918589935383405
2017-11-27,0.06041537994581785
2017-11-28,0.0679342125711418
2017-11-29,0.06750522180735709
2017-11-30,0.0728357049402227
2017-12-01,0.07347893515152464
2017-12-04,0.0719065036230871
2017-12-05,0.07386691560976928
2017-12-06,0.07378803354515727
2017-12-07,0.07377524974803577
2017-12-08,0.07374254560466144
2017-12-11,0.06888026498003846
2017-12-12,0.06806661225583861
2017-12-13,0.06775343113853274
2017-12-14,0.0671696664214478
2017-12-15,0.0730811038764745
2017-12-18,0.07512191726330017
2017-12-19,0.07634628407553219
2017-12-20,0.07607376236019012
2017-12-21,0.06837877344397879
2017-12-22,0.06843085461470978
2017-12-25,0.062407225715276286
2017-12-26,0.06213528442810514
2017-12-27,0.061569872176401884
2017-12-28,0.06051582033623525
2017-12-29,0.06526928253344383
2018-01-02,0.06981526435158347
2018-01-03,0.0704713634787223
2018-01-04,0.07042981824925112
2018-01-05,0.07410570607335248
2018-01-08,0.07381126350239112
2018-01-09,0.07270912117762464
2018-01-10,0.06638063405952922
2018-01-11,0.06774244718760995
2018-01-12,0.07051821080766732
2018-01-15,0.07039189868123559
2018-01-16,0.07184548138975472
2018-01-17,0.07821372132428647
2018-01-18,0.07841993688662253
2018-01-19,0.07957545990759296
2018-01-22,0.08374252054595989
2018-01-23,0.08404482393518717
2018-01-24,0.08207297269411036
2018-01-25,0.0771491355850855
2018-01-26,0.08381609671886454
2018-01-29,0.08845905454804594
2018-01-30,0.09922165330927574
2018-01-31,0.09800053164939465
2018-02-01,0.09726134482266491
2018-02-02,0.1395063262574445
2018-02-05,0.23858056372769884
2018-02-06,0.23888721515790073
2018-02-07,0.234047639717225
2018-02-08,0.2902146570185051
2018-02-09,0.2859879260916442
2018-02-12,0.2847863288188569
2018-02-13,0.28044222255848233
2018-02-14,0.27751911365296505
2018-02-15,0.2740931235926437
2018-02-16,0.27162127104148215
2018-02-19,0.2686798476823263
2018-02-20,0.26393731357737465
2018-02-21,0.26204583491662065
2018-02-22,0.2567118362371391
2018-02-23,0.2594318997903154
2018-02-26,0.2606708529330444
2018-02-27,0.2563014542227333
2018-02-28,0.2174827495837055
2018-03-01,0.21650384079963628
2018-03-02,0.21382857607455716
2018-03-05,0.17058899933813443
2018-03-06,0.16114619920718024
2018-03-07,0.15186041666552846
2018-03-08,0.15020698429428672
2018-03-09,0.15269940291517425
2018-03-12,0.1454519166536192
2018-03-13,0.14697416622684958
2018-03-14,0.14799073490808376
2018-03-15,0.14507895667973753
2018-03-16,0.14222920361437397
2018-03-19,0.15612428189006014
2018-03-20,0.14437883966411888
2018-03-21,0.13823405477446346
2018-03-22,0.17640471844134373
2018-03-23,0.19649798296044363
2018-03-26,0.20832766907809663
2018-03-27,0.21988123010863125
2018-03-28,0.21190114037416732
2018-03-29,0.21336010825582827
2018-03-30,0.21109222914631065
2018-04-02,0.23226138915320316
2018-04-03,0.22611175461531186
2018-04-04,0.22617554789270067
2018-04-05,0.22315160217492547
2018-04-06,0.24333647703155972
2018-04-09,0.2398540659221337
2018-04-10,0.2436081929779534
2018-04-11,0.2379455030742954
2018-04-12,0.23698522690666354
2018-04-13,0.23477421584661912
2018-04-16,0.2184387286185228
2018-04-17,0.2072636100649583
2018-04-18,0.1843269099164696
2018-04-19,0.17492980465469846
2018-04-20,0.17748686068324024
2018-04-23,0.16942980512300493
2018-04-24,0.17985791148625246
2018-04-25,0.16030486814970887
2018-04-26,0.15680260894557196
2018-04-27,0.15045533451440674
2018-04-30,0.15145885314708296
2018-05-01,0.1296925752861837
2018-05-02,0.13307239226256234
2018-05-03,0.11882575155964173
2018-05-04,0.12260047571518257
2018-05-07,0.11901031068943194
2018-05-08,0.11730197204618777
2018-05-09,0.1175647516714932
2018-05-10,0.11475159091692348
2018-05-11,0.11414347784494473
2018-05-14,0.11138078835599242
2018-05-15,0.11162542035649926
2018-05-16,0.11196454374191012
2018-05-17,0.10107950840612018
2018-05-18,0.10093750803688353
2018-05-21,0.09704355467447709
2018-05-22,0.09752624078134678
2018-05-23,0.09326868727720476
2018-05-24,0.09266242575210068
2018-05-25,0.08940406720696562
2018-05-28,0.08846967942170997
2018-05-29,0.09444464548848326
2018-05-30,0.1023385247570423
2018-05-31,0.10575993611100418
2018-06-01,0.10578329235040283
2018-06-04,0.10118188563861838
2018-06-05,0.09985685133570463
2018-06-06,0.10286775733305294
2018-06-07,0.09975203414988557
2018-06-08,0.09880643079717533
2018-06-11,0.09810535649210753
2018-06-12,0.09732709993443772
2018-06-13,0.09574345449472028
2018-06-14,0.09465114635624841
2018-06-15,0.09385186243982299
2018-06-18,0.09388491484276508
2018-06-19,0.09506517914383052
2018-06-20,0.09434098386538703
2018-06-21,0.09047839858847041
2018-06-22,0.07935913995542689
2018-06-25,0.09975322930606484
2018-06-26,0.09101368336766133
2018-06-27,0.09731994343405277
2018-06-28,0.09779421275568373
2018-06-29,0.09160389628048633
2018-07-02,0.09062060385783015
2018-07-03,0.09181103112355592
2018-07-04,0.08988266474320443
2018-07-05,0.0934779853347351
2018-07-06,0.09553215597613238
2018-07-09,0.09879876449919657
2018-07-10,0.09844943781462569
2018-07-11,0.10364249548017518
2018-07-12,0.10586907393778118
2018-07-13,0.10477565469067812
2018-07-16,0.10211206606506319
2018-07-17,0.10198890308103206
2018-07-18,0.08995236294980177
2018-07-19,0.09159994202402846
2018-07-20,0.08589969299207438
2018-07-23,0.08358879994703881
2018-07-24,0.0843747700397971
2018-07-25,0.08861164658484058
2018-07-26,0.08786682454371567
2018-07-27,0.09310633545900084
2018-07-30,0.09245176010526285
2018-07-31,0.08863792208368818
2018-08-01,0.08288400989536394
2018-08-02,0.08236615269189872
2018-08-03,0.07967359530027254
2018-08-06,0.07420182554851726
2018-08-07,0.07430065622830732
2018-08-08,0.07348884820029868
2018-08-09,0.07246733513202074
2018-08-10,0.07972402841610987
2018-08-13,0.08017668517210937
2018-08-14,0.08158602428733795
2018-08-15,0.08860440499159371
2018-08-16,0.09073152842494911
2018-08-17,0.08455111272777013
2018-08-20,0.08346976738305645
2018-08-21,0.07998168132120051
2018-08-22,0.07708479132455956
2018-08-23,0.07496442174948353
2018-08-24,0.07737961569625977
2018-08-27,0.07925815359699134
2018-08-28,0.0772988601633888
2018-08-29,0.07875078776692601
2018-08-30,0.08025929232868884
2018-08-31,0.08013023634410237
2018-09-03,0.07922716970212275
2018-09-04,0.07567201048603985
2018-09-05,0.07515991805299396
2018-09-06,0.0739006949399712
2018-09-07,0.06909139085239101
2018-09-10,0.06407051172553378
2018-09-11,0.063400349073702
2018-09-12,0.06250228555036677
2018-09-13,0.06456400616244813
2018-09-14,0.06423618628717503
2018-09-17,0.06927044721068036
2018-09-18,0.0674914857721486
2018-09-19,0.061985281573314135
2018-09-20,0.06718314048496543
2018-09-21,0.06368288700334486
2018-09-24,0.064126523822342
2018-09-25,0.06398411970544511
2018-09-26,0.06541270764973915
2018-09-27,0.06527860868298697
2018-09-28,0.06441002982169086
2018-10-01,0.06443344397259157
2018-10-02,0.06293196622677387
2018-10-03,0.0627382388019109
2018-10-04,0.07252864712151454
2018-10-05,0.07637827200022562
2018-10-08,0.07312157544502458
2018-10-09,0.07246807608759163
2018-10-10,0.17193542285592836
2018-10-11,0.19376795246808645
2018-10-12,0.19427165473903324
2018-10-15,0.19000343278928053
2018-10-16,0.19908563473586716
2018-10-17,0.1954991647164211
2018-10-18,0.20488950197003813
2018-10-19,0.20078199352756718
2018-10-22,0.19839792171056198
2018-10-23,0.19775007724671165
2018-10-24,0.244156891780289
2018-10-25,0.24757956682861318
2018-10-26,0.25749855684260164
2018-10-29,0.25367268024212797
2018-10-30,0.255418417495622
2018-10-31,0.25409237872094426
2018-11-01,0.2543061744538118
2018-11-02,0.22662525630951946
2018-11-05,0.21472301174528344
2018-11-06,0.2068699987765352
2018-11-07,0.21639308532566154
2018-11-08,0.2026678388991052
2018-11-09,0.20483715268618505
2018-11-12,0.21912665182100888
2018-11-13,0.2161757339671387
2018-11-14,0.21649737385637602
2018-11-15,0.2159193460482457
2018-11-16,0.18591897354201897
2018-11-19,0.19007632216491885
2018-11-20,0.19940934322729453
2018-11-21,0.1937072486856888
2018-11-22,0.18263614233123718
2018-11-23,0.17897614482301333
2018-11-26,0.17998860523489263
2018-11-27,0.17688716705502924
2018-11-28,0.190824069740757
2018-11-29,0.18792302091487795
2018-11-30,0.17416696242825314
2018-12-03,0.17599740212561527
2018-12-04,0.2321878415320911
2018-12-05,0.2173553521020757
2018-12-06,0.212909188469477
2018-12-07,0.2354196093428591
2018-12-10,0.23044488337981048
2018-12-11,0.2274767052231429
2018-12-12,0.2163131067786759
2018-12-13,0.20438052632847317
2018-12-14,0.2197444203165843
2018-12-17,0.2387017946980661
2018-12-18,0.23421082474937296
2018-12-19,0.23522386089011021
2018-12-20,0.24350381360804552
2018-12-21,0.2471292844255449
2018-12-24,0.27609218967940985
2018-12-25,0.2682799371859557
2018-12-26,0.3075128181355798
2018-12-27,0.28392279736039944
2018-12-28,0.2808542350779308
2018-12-31,0.27872532262598404
2019-01-02,0.26392768419573137
2019-01-03,0.2871248185228891
2019-01-04,0.3053958976795259
2019-01-07,0.30394625363821487
2019-01-08,0.302194227179607
2019-01-09,0.29332535255905784
2019-01-10,0.28299838294333807
2019-01-11,0.280642967526333
2019-01-14,0.2758183785790405
2019-01-15,0.2710720079502519
2019-01-16,0.26012013596515715
2019-01-17,0.24346209602954205
2019-01-18,0.24628850255003823
2019-01-21,0.18258113790276
2019-01-22,0.19066347469027922
2019-01-23,0.18925676438643765
2019-01-24,0.18542888315501718
2019-01-25,0.18665224083146337
2019-01-28,0.16896787615449535
2019-01-29,0.12265283030784736
2019-01-30,0.1293595306912137
2019-01-31,0.12738298183204055
2019-02-01,0.12495331285300967
2019-02-04,0.12513106580309474
2019-02-05,0.12543750519963445
2019-02-06,0.12345223274324187
2019-02-07,0.12532733499768134
2019-02-08,0.12426325157459693
2019-02-11,0.12020554037790225
2019-02-12,0.11897110410537413
2019-02-13,0.11853109056646084
2019-02-14,0.10839348602844197
2019-02-15,0.11346131154029691
2019-02-18,0.11248452120448942
2019-02-19,0.10817483492770373
2019-02-20,0.10465534778256715
2019-02-21,0.10570087038734843
2019-02-22,0.0935342235421312
2019-02-25,0.08852166399333253
2019-02-26,0.08814248811918944
2019-02-27,0.08476246441399575
2019-02-28,0.08413920788464811
2019-03-01,0.08658637369629243
2019-03-04,0.08238992145818078
2019-03-05,0.08207348698749647
2019-03-06,0.08730731614421607
2019-03-07,0.08464703971598231
2019-03-08,0.08295465660369476
2019-03-11,0.09540996858022867
2019-03-12,0.08776222943695061
2019-03-13,0.0903562036612613
2019-03-14,0.08914960369127674
2019-03-15,0.09049506547221751
2019-03-18,0.0900913328046067
2019-03-19,0.08671842704915142
2019-03-20,0.08717309734556603
2019-03-21,0.09394308626362984
2019-03-22,0.13063480198522873
2019-03-25,0.12854444389759573
2019-03-26,0.12658020897411645
2019-03-27,0.12619898995920995
2019-03-28,0.12553750365776645
2019-03-29,0.12336485725967378
2019-04-01,0.12513262577657192
2019-04-02,0.12405896621805922
2019-04-03,0.11252626512087567
2019-04-04,0.11167168351716843
2019-04-05,0.10946134820518436
2019-04-08,0.10851271787244714
2019-04-09,0.11060237178284317
2019-04-10,0.10989593699816291
2019-04-11,0.10947553476589766
2019-04-12,0.11043338372240886
2019-04-15,0.10357943030036693
2019-04-16,0.08048464790581515
2019-04-17,0.08143178968295936
2019-04-18,0.0761565398239876
2019-04-19,0.07416277697081208
2019-04-22,0.07258416099791855
2019-04-23,0.07477022185462774
2019-04-24,0.06464898370509375
2019-04-25,0.06388277627078927
2019-04-26,0.06519156182386009
2019-04-29,0.06421883299729773
2019-04-30,0.06278905716039831
2019-05-01,0.07141779988003598
2019-05-02,0.0686461886042183
2019-05-03,0.07461158051408373
2019-05-06,0.07684936949674787
2019-05-07,0.10788185831008618
2019-05-08,0.10510626807873501
2019-05-09,0.1039823100771161
2019-05-10,0.10352273438242107
2019-05-13,0.15239010517939258
2019-05-14,0.1526083845416471
2019-05-15,0.14986585303057598
2019-05-16,0.1479492481894474
2019-05-17,0.14814979127837594
2019-05-20,0.14882548918117502
2019-05-21,0.1488117038834507
2019-05-22,0.14732726840842253
2019-05-23,0.1557752766672802
2019-05-24,0.1520686799197925
2019-05-27,0.14983930816042626
2019-05-28,0.14970635550235872
2019-05-29,0.15082662642826367
2019-05-30,0.13813904526515963
2019-05-31,0.1502226800373814
2019-06-03,0.14851038804181568
2019-06-04,0.1625599036714813
2019-06-05,0.14067225819959261
2019-06-06,0.1385196375075276
2019-06-07,0.13986331261443372
2019-06-10,0.13670322556805622
2019-06-11,0.13397237118408514
2019-06-12,0.13108404443443175
2019-06-13,0.12755685010096857
2019-06-14,0.12682436291091875
2019-06-17,0.1196948521120727
2019-06-18,0.12320228161165954
2019-06-19,0.12290495796837747
2019-06-20,0.12313536561152923
2019-06-21,0.12067337256067749
2019-06-24,0.12026178839586477
2019-06-25,0.12004690392466244
2019-06-26,0.11894902260037198
2019-06-27,0.09530426431188446
2019-06-28,0.0922059461754912
2019-07-01,0.09243258396215354
2019-07-02,0.08507286937684373
2019-07-03,0.08718199416189258
2019-07-04,0.08635563456891325
2019-07-05,0.08618230319273797
2019-07-08,0.08741456590074057
2019-07-09,0.08689550761710267
2019-07-10,0.08758115750230723
2019-07-11,0.08120460712030435
2019-07-12,0.08187147505537484
2019-07-15,0.07470763702479284
2019-07-16,0.07606413796201268
2019-07-17,0.08203729969984576
2019-07-18,0.07530723276640991
2019-07-19,0.08026722043978397
2019-07-22,0.07886496455316612
2019-07-23,0.0789071753286801
2019-07-24,0.07578739175684533
2019-07-25,0.07899448694873905
2019-07-26,0.07751853019235164
2019-07-29,0.07733669819525295
2019-07-30,0.07742982768487772
2019-07-31,0.09173545418077227
2019-08-01,0.09906744715240086
2019-08-02,0.10236642915787861
2019-08-05,0.17583661986778126
2019-08-06,0.17503266086957617
2019-08-07,0.17074263658220531
2019-08-08,0.1784197401969566
2019-08-09,0.17681231391221605
2019-08-12,0.18370349316735132
2019-08-13,0.18724766371683907
2019-08-14,0.23293547177016663
2019-08-15,0.22551367825742452
2019-08-16,0.22696586158915194
2019-08-19,0.2268458068659183
2019-08-20,0.22595505398774404
2019-08-21,0.22532628572958974
2019-08-22,0.22168582317820917
2019-08-23,0.24878765882030987
2019-08-26,0.2461093022578945
2019-08-27,0.24172294080536452
2019-08-28,0.21822250113665873
2019-08-29,0.21444319384882013
2019-08-30,0.21235948818621883
2019-09-02,0.2000350648792463
2019-09-03,0.19981749805898932
2019-09-04,0.19686296037405765
2019-09-05,0.19366062533268077
2019-09-06,0.16313971046098802
2019-09-09,0.16151534708529466
2019-09-10,0.15282507246605012
2019-09-11,0.1474816298156838
2019-09-12,0.14429536510232358
2019-09-13,0.14037189352241575
2019-09-16,0.14082282371641008
2019-09-17,0.10800207177321161
2019-09-18,0.10016858065212023
2019-09-19,0.0979953197460371
2019-09-20,0.09783719307652566
2019-09-23,0.08682932487861159
2019-09-24,0.0947983926649378
2019-09-25,0.0960498545666528
2019-09-26,0.09232985131932035
2019-09-27,0.08762914945384172
2019-09-30,0.07682351062600758
2019-10-01,0.09551009772198811
2019-10-02,0.12719543382454707
2019-10-03,0.12639030811976049
2019-10-04,0.1307075092110202
2019-10-07,0.12939537259754788
2019-10-08,0.14734940362431162
2019-10-09,0.14799047914823724
2019-10-10,0.14678316455371535
2019-10-11,0.14848800686103342
2019-10-14,0.14693356463068888
2019-10-15,0.14849114378063016
2019-10-16,0.14724843695629505
2019-10-17,0.14350550807898785
2019-10-18,0.14206023572035387
2019-10-21,0.1427873622041159
2019-10-22,0.1418468713528708
2019-10-23,0.1399057687034496
2019-10-24,0.13302014102988294
2019-10-25,0.11805992123501943
2019-10-28,0.11598730312390317
2019-10-29,0.10516672992007901
2019-10-30,0.10355867758416192
2019-10-31,0.08960267892469888
2019-11-01,0.08940966607802679
2019-11-04,0.08738136768364617
2019-11-05,0.07916653452644226
2019-11-06,0.07818502056460537
2019-11-07,0.07073985323766069
2019-11-08,0.06990052946389627
2019-11-11,0.07001504830817466
2019-11-12,0.06860300019338725
2019-11-13,0.0642611347168065
2019-11-14,0.06266338542387535
2019-11-15,0.06718920506879028
2019-11-18,0.06636945625933052
2019-11-19,0.06467277771954741
2019-11-20,0.06427719409404903
2019-11-21,0.06452798017398141
2019-11-22,0.06354895376084715
2019-11-25,0.06723944236703817
2019-11-26,0.05891506571836422
2019-11-27,0.05916040814794963
2019-11-28,0.05926258431086052
2019-11-29,0.06186633625074789
2019-12-02,0.07323506583211241
2019-12-03,0.07896654528790925
2019-12-04,0.0800114417532835
2019-12-05,0.07871227533087546
2019-12-06,0.08366267847759414
2019-12-09,0.0846500667974791
2019-12-10,0.0801933834612696
2019-12-11,0.07994032885935719
2019-12-12,0.08456140874842058
2019-12-13,0.08302122310352264
2019-12-16,0.0856742334283082
2019-12-17,0.08499096949748128
2019-12-18,0.08063599095653352
2019-12-19,0.08149915835442638
2019-12-20,0.08185107698483074
2019-12-23,0.0816621032677047
2019-12-24,0.08023593196059045
2019-12-25,0.07449083802937002
2019-12-26,0.07307287554872857
2019-12-27,0.06928114904417053
2019-12-30,0.07432135245569414
2019-12-31,0.0679094931658412
2020-01-02,0.07231397551691945
2020-01-03,0.0796512339465656
2020-01-06,0.07922864747819859
2020-01-07,0.07447980945949109
2020-01-08,0.0755919027845523
2020-01-09,0.0744286740306655
2020-01-10,0.0751878030308016
2020-01-13,0.07828783869638033
2020-01-14,0.07652641230415227
2020-01-15,0.0749974762740233
2020-01-16,0.07960667432093717
2020-01-17,0.08026920795075737
2020-01-20,0.08008351650520651
2020-01-21,0.07875103912516548
2020-01-22,0.07868836088063803
2020-01-23,0.07565169678177702
2020-01-24,0.08624509903470115
2020-01-27,0.11034009028800953
2020-01-28,0.11101053391994462
2020-01-29,0.10899800088946442
2020-01-30,0.10691541863426596
2020-01-31,0.13336530469371155
2020-02-03,0.13168945623012768
2020-02-04,0.13823485808307454
2020-02-05,0.13968489762266367
2020-02-06,0.13799068032133405
2020-02-07,0.1393293881807623
2020-02-10,0.13736291537543202
2020-02-11,0.13551769690250268
2020-02-12,0.1361627519294018
2020-02-13,0.13483689810657903
2020-02-14,0.13431071339263206
2020-02-17,0.13335412273789127
2020-02-18,0.1297942657204155
2020-02-19,0.11818036632831647
2020-02-20,0.11436486825908179
2020-02-21,0.12400802822762647
2020-02-24,0.20322573342393427
2020-02-25,0.23648866904717486
2020-02-26,0.2311779948984244
2020-02-27,0.30540143294084066
2020-02-28,0.2984070719191559
2020-03-02,0.3294527208706087
2020-03-03,0.34842068892837486
2020-03-04,0.36976414238466276
2020-03-05,0.3974504265835764
2020-03-06,0.3988898508578397
2020-03-09,0.5399165681303968
2020-03-10,0.5539221905011614
2020-03-11,0.5945080377016712
2020-03-12,0.7471848117598702
2020-03-13,0.7908755188511721
2020-03-16,0.9831837028000046
2020-03-17,0.9799064501404893
2020-03-18,0.9899603654282383
2020-03-19,0.9658745367180174
2020-03-20,0.9721863345659545
2020-03-23,0.9539182946929678
2020-03-24,0.988407151400994
2020-03-25,0.9628031446850862
2020-03-26,0.9707712908011237
2020-03-27,0.9657922557427768
2020-03-30,0.9584327870265599
2020-03-31,0.9478142846194844
2020-04-01,0.9283575028072242
2020-04-02,0.9102857993441917
2020-04-03,0.8897628541576358
2020-04-06,0.8461151162483088
2020-04-07,0.7845752483820347
2020-04-08,0.6581551227014876
2020-04-09,0.6249686254573839
2020-04-10,0.5912317560911826
2020-04-13,0.5877929535990761
2020-04-14,0.572199705311694
2020-04-15,0.5686547519035108
2020-04-16,0.4766737866913629
2020-04-17,0.47943298112123417
2020-04-20,0.4367082253510121
2020-04-21,0.44207088000237105
2020-04-22,0.4275208315546511
2020-04-23,0.4201051396750377
2020-04-24,0.39012626152465363
2020-04-27,0.38093184593039314
2020-04-28,0.3748426885730073
2020-04-29,0.30528037945327446
2020-04-30,0.30575155785586544
2020-05-01,0.3097192832736814
2020-05-04,0.3030675651091992
2020-05-05,0.29914407634075263
2020-05-06,0.29545600964330704
2020-05-07,0.2768337624623136
2020-05-08,0.2693513056716372
2020-05-11,0.2656068089583592
2020-05-12,0.2664517008647638
2020-05-13,0.2688110330119835
2020-05-14,0.24581591997735602
2020-05-15,0.23138343467014483
2020-05-18,0.2501599794275718
2020-05-19,0.24743602056543648
2020-05-20,0.24753580620800142
2020-05-21,0.24663818826060022
2020-05-22,0.22840077698385763
2020-05-25,0.22396428673142615
2020-05-26,0.20399786537142334
2020-05-27,0.2080878364400349
2020-05-28,0.20459561914219165
2020-05-29,0.20249066109570227
2020-06-01,0.19762947060356256
2020-06-02,0.1904803346851391
2020-06-03,0.19459406781733238
2020-06-04,0.18145164597753158
2020-06-05,0.19130691294470703
2020-06-08,0.19118599946644493
2020-06-09,0.193705734407235
2020-06-10,0.16395401492714143
2020-06-11,0.32694305502786425
2020-06-12,0.3162685115420731
2020-06-15,0.3118802004297434
2020-06-16,0.31046235039265796
2020-06-17,0.3042199520259463
2020-06-18,0.29822704402513966
2020-06-19,0.2906742500217915
2020-06-22,0.28687757770070105
2020-06-23,0.28271432240956823
2020-06-24,0.30663461775461726
2020-06-25,0.3033083356342568
2020-06-26,0.31659515788835607
2020-06-29,0.31669882324936577
2020-06-30,0.30437107914308775
2020-07-01,0.29816428594864314
2020-07-02,0.2946097052958354
2020-07-03,0.2906850924514107
2020-07-06,0.20982312636444694
2020-07-07,0.2104120862995
2020-07-08,0.20592826753724844
2020-07-09,0.19422594439788765
2020-07-10,0.19497007899695526
2020-07-13,0.1974620507500072
2020-07-14,0.19929266822231972
2020-07-15,0.19867588281620177
2020-07-16,0.1966957599433044
2020-07-17,0.17433836737086028
2020-07-20,0.17150591453576117
2020-07-21,0.14788357122816173
2020-07-22,0.1395484241365425
2020-07-23,0.14125529305323645
2020-07-24,0.1415719878820574
2020-07-27,0.1405879276716996
2020-07-28,0.14292576651998562
2020-07-29,0.13652861921131768
2020-07-30,0.1315483635228793
2020-07-31,0.1299489795163952
2020-08-03,0.12937496364300785
2020-08-04,0.12434758264420426
2020-08-05,0.12089478138713719
2020-08-06,0.11307484896147109
2020-08-07,0.10791781280025313
2020-08-10,0.10708501717191567
2020-08-11,0.11224674094954219
2020-08-12,0.11767922400416635
2020-08-13,0.11720996872498109
2020-08-14,0.11439795380851772
2020-08-17,0.10635971584197794
2020-08-18,0.10383713270569302
2020-08-19,0.10245698078485073
2020-08-20,0.1000350981400743
2020-08-21,0.09104778943879767
2020-08-24,0.09613669963604465
2020-08-25,0.0924168325569113
2020-08-26,0.0953602616843375
2020-08-27,0.09433424154112982
2020-08-28,0.09416276397079543
2020-08-31,0.09184018203562008
2020-09-01,0.09502526770103323
2020-09-02,0.10761589743907073
2020-09-03,0.1987869864483928
2020-09-04,0.19256672772516864
2020-09-07,0.188101090905261
2020-09-08,0.22739586711010595
2020-09-09,0.23085232851646667
2020-09-10,0.24151708900139462
2020-09-11,0.23654191787840043
2020-09-14,0.2361122556616042
2020-09-15,0.23346472818356082
2020-09-16,0.22889094117168954
2020-09-17,0.22853927937071433
2020-09-18,0.22986109374672983
2020-09-21,0.23328995110534403
2020-09-22,0.2327330269750198
2020-09-23,0.25670916395602145
2020-09-24,0.252056896872579
2020-09-25,0.2488892120299581
2020-09-28,0.2214652455962677
2020-09-29,0.2181586199303449
2020-09-30,0.21731863330498347
2020-10-01,0.19431580923734934
2020-10-02,0.1847424439242945
2020-10-05,0.18246679808333108
2020-10-06,0.19288180880739964
2020-10-07,0.19449329608808424
2020-10-08,0.19309897201905712
2020-10-09,0.19309481116620195
2020-10-12,0.19723066052716098
2020-10-13,0.19410160729748635
2020-10-14,0.1915503636994605
2020-10-15,0.18717619958670995
2020-10-16,0.1669071133071462
2020-10-19,0.1831473008327426
2020-10-20,0.1736067162434403
2020-10-21,0.16330824682832806
2020-10-22,0.16201795160125704
2020-10-23,0.15796087081497945
2020-10-26,0.17944677918425306
2020-10-27,0.17430239803618913
2020-10-28,0.23310574207587786
2020-10-29,0.2281431257418285
2020-10-30,0.22208653397814762
2020-11-02,0.22092611333003223
2020-11-03,0.2233392447310713
2020-11-04,0.22377657208571114
2020-11-05,0.22977010386603616
2020-11-06,0.22567320667019616
2020-11-09,0.2264612823108538
2020-11-10,0.22497772001750882
2020-11-11,0.21734848323280256
2020-11-12,0.2198937597317706
2020-11-13,0.22393758150686235
2020-11-16,0.22446782252223366
2020-11-17,0.22422316689701793
2020-11-18,0.22089073670174003
2020-11-19,0.2192975112895155
2020-11-20,0.18400425540726026
2020-11-23,0.17868100991823418
2020-11-24,0.1810730574125151
2020-11-25,0.1750338719729123
2020-11-26,0.16336077520890407
2020-11-27,0.14446740342828443
2020-11-30,0.1299577682278423
2020-12-01,0.13449993563846965
2020-12-02,0.12753124034288668
2020-12-03,0.12611589563918102
2020-12-04,0.12636384041263637
2020-12-07,0.1214534187645304
2020-12-08,0.11206654962417154
2020-12-09,0.11135665505019453
2020-12-10,0.10903685903654209
2020-12-11,0.10133252846156067
2020-12-14,0.10146840399287638
2020-12-15,0.1073478647103165
2020-12-16,0.10499667314512316
2020-12-17,0.0912729550763435
2020-12-18,0.09228605041755687
2020-12-21,0.09345781418868881
2020-12-22,0.09258172172716567
2020-12-23,0.09108335661346971
2020-12-24,0.08243029948744582
2020-12-25,0.08203162485890389
2020-12-28,0.08665251334200477
2020-12-29,0.08171882075519994
2020-12-30,0.08110778652345217
2020-12-31,0.08273701540868339
2021-01-04,0.10546584281282054
2021-01-05,0.1064748668613144
2021-01-06,0.10620291820987753
2021-01-07,0.1151315983174732
2021-01-08,0.10727870882183503
2021-01-11,0.11087651794270979
2021-01-12,0.10785541410146192
2021-01-13,0.10644871112189253
2021-01-14,0.10669824115232876
2021-01-15,0.11059553945114091
2021-01-18,0.1099609436384014
2021-01-19,0.11178645691272758
2021-01-20,0.12030747098984326
2021-01-21,0.1157901741534683
2021-01-22,0.11601837798134298
2021-01-25,0.1163064327429
2021-01-26,0.11369796575494139
2021-01-27,0.15895454495561137
2021-01-28,0.15808400357551394
2021-01-29,0.17898974480763805
2021-02-01,0.1771812846422013
2021-02-02,0.17861613574173116
2021-02-03,0.17461943458921947
2021-02-04,0.1764899443117917
2021-02-05,0.17483258637826252
2021-02-08,0.17387767611040297
2021-02-09,0.17092694725730376
2021-02-10,0.16934980961783355
2021-02-11,0.16540054998650816
2021-02-12,0.1583177563112892
2021-02-15,0.15730420700202394
2021-02-16,0.1561893111439093
2021-02-17,0.1544631748313608
2021-02-18,0.15528957948301594
2021-02-19,0.12735464220608303
2021-02-22,0.12778061820859268
2021-02-23,0.10783216189190464
2021-02-24,0.0996882223479644
2021-02-25,0.14543120794143416
2021-02-26,0.1443141467548676
2021-03-01,0.1575387820012433
2021-03-02,0.15967153173456247
2021-03-03,0.16704185687247305
2021-03-04,0.17619180854961755
2021-03-05,0.18502706487641365
2021-03-08,0.18430817797295862
2021-03-09,0.18766389514327286
2021-03-10,0.1866303941802268
2021-03-11,0.18823852559782664
2021-03-12,0.1868928013483905
2021-03-15,0.18563000527155862
2021-03-16,0.18451122541847056
2021-03-17,0.1819044581776873
2021-03-18,0.1937803027939213
2021-03-19,0.18859763469888283
2021-03-22,0.1692492764066423
2021-03-23,0.17124328540638795
2021-03-24,0.15266629991424333
2021-03-25,0.1489894016749687
2021-03-26,0.1513973133910364
2021-03-29,0.1432302311081713
2021-03-30,0.12689373217563216
2021-03-31,0.12538806968189534
2021-04-01,0.12126159973958683
2021-04-02,0.11838932577011449
2021-04-05,0.12246087762628552
2021-04-06,0.12227453783154185
2021-04-07,0.1191388609502156
2021-04-08,0.11969364586855917
2021-04-09,0.12171287094861613
2021-04-12,0.10992473896649446
2021-04-13,0.1103484742436425
2021-04-14,0.10911522309738915
2021-04-15,0.11190555662405073
2021-04-16,0.1105778477549448
2021-04-19,0.11208446904483306
2021-04-20,0.1017236207948487
2021-04-21,0.1055719943355141
2021-04-22,0.11345567216780392
2021-04-23,0.11776595522772698
2021-04-26,0.10987280096962389
2021-04-27,0.10872628564669394
2021-04-28,0.09688047992293991
2021-04-29,0.09900709751692623
2021-04-30,0.10395220641754699
2021-05-03,0.10277393238605576
2021-05-04,0.10321995751135155
2021-05-05,0.10208067482167604
2021-05-06,0.10444736024899041
2021-05-07,0.10559223984224603
2021-05-10,0.11038999706436653
2021-05-11,0.11576430663532448
2021-05-12,0.15206298283032013
2021-05-13,0.15270330306482693
2021-05-14,0.15657960430560702
2021-05-17,0.15134066343493977
2021-05-18,0.15026901714960222
2021-05-19,0.14788078219668055
2021-05-20,0.15009426959755107
2021-05-21,0.14862614522309664
2021-05-24,0.14922408800906375
2021-05-25,0.14629381506643582
2021-05-26,0.1447834331449992
2021-05-27,0.14159684616019308
2021-05-28,0.14056381671537102
2021-05-31,0.13742589060262675
2021-06-01,0.13445958900692156
2021-06-02,0.12873985347674213
2021-06-03,0.1259513315240689
2021-06-04,0.105939796982827
2021-06-07,0.09694231974651608
2021-06-08,0.08218735684972601
2021-06-09,0.08130807079530564
2021-06-10,0.07680644186325933
2021-06-11,0.07599948700350884
2021-06-14,0.06722750842093729
2021-06-15,0.0671948900018513
2021-06-16,0.06292108954460243
2021-06-17,0.061904918367812665
2021-06-18,0.0875329048352388
2021-06-21,0.09758868313887274
2021-06-22,0.09816901734902886
2021-06-23,0.0966512223176823
2021-06-24,0.09759381519338828
2021-06-25,0.0969176833360488
2021-06-28,0.09583108362189668
2021-06-29,0.089898336306871
2021-06-30,0.08950729437100757
2021-07-01,0.09029251353355655
2021-07-02,0.09335855315656054
2021-07-05,0.09145133983439667
2021-07-06,0.09179633440641995
2021-07-07,0.091637469438361
2021-07-08,0.09989313047419843
2021-07-09,0.10461475766241504
2021-07-12,0.10435691540463363
2021-07-13,0.09467396142009965
2021-07-14,0.08172220287026914
2021-07-15,0.08146174908967824
2021-07-16,0.08842804684193421
2021-07-19,0.11304018663866366
2021-07-20,0.12225732795834268
2021-07-21,0.1234110306526256
2021-07-22,0.12214480263537669
2021-07-23,0.1251708698561634
2021-07-26,0.12332072561346075
2021-07-27,0.12121637006570232
2021-07-28,0.12013941284910319
2021-07-29,0.12025121749608916
2021-07-30,0.12151632301489154
2021-08-02,0.1172878839601487
2021-08-03,0.11357785449197233
2021-08-04,0.11398502497164795
2021-08-05,0.11467013126329344
2021-08-06,0.114198094918655
2021-08-09,0.11298897443376171
2021-08-10,0.10940442686809053
2021-08-11,0.09470141422556677
2021-08-12,0.08045182549551676
2021-08-13,0.07499581565293514
2021-08-16,0.075111657636456
2021-08-17,0.0747674580954893
2021-08-18,0.08895139566947777
2021-08-19,0.08691896717967244
2021-08-20,0.08956130751316216
2021-08-23,0.09129546927179354
2021-08-24,0.08871534782531428
2021-08-25,0.08816751994526509
2021-08-26,0.08740025824193877
2021-08-27,0.09000153651212145
2021-08-30,0.08825909017637217
2021-08-31,0.08751837773361369
2021-09-01,0.08652708654150426
2021-09-02,0.08653463030421599
2021-09-03,0.08603794886378385
2021-09-06,0.08409501994039
2021-09-07,0.08540707658454734
2021-09-08,0.0847893984702991
2021-09-09,0.0838801697861688
2021-09-10,0.08280423259958689
2021-09-13,0.08295764294968462
2021-09-14,0.08151577424040375
2021-09-15,0.08051934542764937
2021-09-16,0.07982660334297308
2021-09-17,0.0897566247918391
2021-09-20,0.11780896850798349
2021-09-21,0.11209626083677038
2021-09-22,0.11369347300352665
2021-09-23,0.11873628100662682
2021-09-24,0.11659452678512273
2021-09-27,0.11583369708217554
2021-09-28,0.15100617089716584
2021-09-29,0.14736388688125607
2021-09-30,0.15486351045387273
2021-10-01,0.1571459155846546
2021-10-04,0.16614564026241452
2021-10-05,0.1649880617595236
2021-10-06,0.16331403928691912
2021-10-07,0.16249557196101092
2021-10-08,0.15802297267909884
2021-10-11,0.15909882517058485
2021-10-12,0.1555212302905485
2021-10-13,0.1430614882782064
2021-10-14,0.15225352159766944
2021-10-15,0.1501923893757578
2021-10-18,0.14380991775690793
2021-10-19,0.14478644903899815
2021-10-20,0.14400146996131702
2021-10-21,0.12597243375136996
2021-10-22,0.12522957715890548
2021-10-25,0.11897990273121979
2021-10-26,0.11180439246542827
2021-10-27,0.10505503024884205
2021-10-28,0.10331238780966487
2021-10-29,0.10179994416995043
2021-11-01,0.09753988822954253
2021-11-02,0.09784669374392206
2021-11-03,0.09690486854679041
2021-11-04,0.09716964074226227
2021-11-05,0.09688729891571238
2021-11-08,0.07818166248787996
2021-11-09,0.07532666638936314
2021-11-10,0.08402303781333748
2021-11-11,0.07922931405123587
2021-11-12,0.0810893727598377
2021-11-15,0.08005161976854967
2021-11-16,0.08023539088734341
2021-11-17,0.07858720726324622
2021-11-18,0.07931408831049105
2021-11-19,0.076578176916218
2021-11-22,0.07061733773027506
2021-11-23,0.06966452861211002
2021-11-24,0.06976277031495956
2021-11-25,0.06817614488918121
2021-11-26,0.12590215773541386
2021-11-29,0.12991331622330465
2021-11-30,0.15568990316235953
2021-12-01,0.16286709521163492
2021-12-02,0.16635935837364207
2021-12-03,0.16497008356972515
2021-12-06,0.1664708082064582
2021-12-07,0.17694548722791606
2021-12-08,0.17441105037875032
2021-12-09,0.17588730736747582
2021-12-10,0.17691798185790483
2021-12-13,0.18000697044234143
2021-12-14,0.1824492963989324
2021-12-15,0.1878482557112287
2021-12-16,0.1916112251777727
2021-12-17,0.19600642563257326
2021-12-20,0.20154622003601874
2021-12-21,0.19329348655466572
2021-12-22,0.18960732390156473
2021-12-23,0.17802959711560878
2021-12-24,0.17203211585129657
2021-12-27,0.17000081773833087
2021-12-28,0.16717713181696137
2021-12-29,0.16128018055244067
2021-12-30,0.14511785214095257
2021-12-31,0.14406944732744253
2022-01-03,0.14278279712143735
2022-01-04,0.1381592621478157
2022-01-05,0.16281634829879935
2022-01-06,0.1586110229605084
2022-01-07,0.1486917693086457
2022-01-10,0.14355712135928897
2022-01-11,0.14120644408816102
2022-01-12,0.1342531037500759
2022-01-13,0.13717734478759264
2022-01-14,0.13099349051819736
2022-01-17,0.12613198887931565
2022-01-18,0.151935931494966
2022-01-19,0.149877368215795
2022-01-20,0.15525110050628152
2022-01-21,0.17648406676918066
2022-01-24,0.17255559725448438
2022-01-25,0.17969801247381648
2022-01-26,0.17470235474852658
2022-01-27,0.17458316972068652
2022-01-28,0.1769941321928208
2022-01-31,0.18566020166003014
2022-02-01,0.1845695000759675
2022-02-02,0.18569511017508905
2022-02-03,0.21653385554029125
2022-02-04,0.21279400454554967
2022-02-07,0.20582486063492256
2022-02-08,0.20456407289691492
2022-02-09,0.20821925336045305
2022-02-10,0.21437090582994697
2022-02-11,0.22826636549330107
2022-02-14,0.222857886078822
2022-02-15,0.2160606451105396
2022-02-16,0.21316500559524856
2022-02-17,0.23042968469512584
2022-02-18,0.22900253920369035
2022-02-21,0.22668713496777654
2022-02-22,0.21360055952789128
2022-02-23,0.218731134956465
2022-02-24,0.21966537127415287
2022-02-25,0.22793636582294116
2022-02-28,0.20935559315818014
2022-03-01,0.2190966889568213
2022-03-02,0.22361223306574
2022-03-03,0.22071783408552983
2022-03-04,0.21643948501099253
2022-03-07,0.24927515296157102
2022-03-08,0.239081239918582
2022-03-09,0.25023244774733694
2022-03-10,0.24222808427609685
2022-03-11,0.24782579010455957
2022-03-14,0.23557188659361772
2022-03-15,0.24196929058639016
2022-03-16,0.2509826567781487
2022-03-17,0.2495433621303339
2022-03-18,0.24326843085135552
2022-03-21,0.23607158368342726
2022-03-22,0.22557899311758794
2022-03-23,0.23170423808802515
2022-03-24,0.22887918670393595
2022-03-25,0.21934947043051858
2022-03-28,0.21881219129915427
2022-03-29,0.21989655959882787
2022-03-30,0.19560193284665836
2022-03-31,0.2069105111001711
2022-04-01,0.1868751115946131
2022-04-04,0.18605375613307396
2022-04-05,0.18923017667010716
2022-04-06,0.19122728490439267
2022-04-07,0.1759956972365121
2022-04-08,0.15812128392586997
2022-04-11,0.1704209235219244
2022-04-12,0.16517242119075712
2022-04-13,0.16583828963985278
2022-04-14,0.16900704018935425
2022-04-15,0.16129365477867577
2022-04-18,0.15175850992350512
2022-04-19,0.15830025329065742
2022-04-20,0.15464812582210272
2022-04-21,0.16358572616033634
2022-04-22,0.2069640748885976
2022-04-25,0.1961113419336674
2022-04-26,0.23628011202071084
2022-04-27,0.22907208223180317
2022-04-28,0.2336891391504458
2022-04-29,0.28662150508179574
2022-05-02,0.28219829291265225
2022-05-03,0.2764067730693419
2022-05-04,0.2837500768912856
2022-05-05,0.32822222966282755
2022-05-06,0.31984436705997066
2022-05-09,0.3472882905235974
2022-05-10,0.34386497876403954
2022-05-11,0.34560807198788296
2022-05-12,0.3362451074499085
2022-05-13,0.3405828024918896
2022-05-16,0.3336879116742207
2022-05-17,0.32266775185190827
2022-05-18,0.3754057297003034
2022-05-19,0.35490260013620273
2022-05-20,0.35016563562466285
2022-05-23,0.3412159020804476
2022-05-24,0.3166064698766485
2022-05-25,0.3122987026779366
2022-05-26,0.31613808853686093
2022-05-27,0.30843230004894545
2022-05-30,0.27927055789799476
2022-05-31,0.2766757248719541
2022-06-01,0.2540253371449016
2022-06-02,0.2583681664348364
2022-06-03,0.2627428452917345
2022-06-06,0.25953503034004904
2022-06-07,0.24671915939741468
2022-06-08,0.2488715367771446
2022-06-09,0.26345460821654526
2022-06-10,0.25993367193751143
2022-06-13,0.3150026641745991
2022-06-14,0.307654763312406
2022-06-15,0.29862023903376356
2022-06-16,0.3327505918757898
2022-06-17,0.3219110810977319
2022-06-20,0.31002008684129445
2022-06-21,0.3051448911241474
2022-06-22,0.2996571349845898
2022-06-23,0.29652477113285547
2022-06-24,0.30928935701929555
2022-06-27,0.29853279590777293
2022-06-28,0.305684286711859
2022-06-29,0.3022180043878058
2022-06-30,0.29998428715664405
2022-07-01,0.2978301944027652
2022-07-04,0.28433359894219257
2022-07-05,0.2629916036829508
2022-07-06,0.22444231465959005
2022-07-07,0.22677076683238656
2022-07-08,0.22014595182530758
2022-07-11,0.19490173089236434
2022-07-12,0.19728141955987036
2022-07-13,0.19578388082728143
2022-07-14,0.17651464169082856
2022-07-15,0.1860613150461074
2022-07-18,0.18587203599590557
2022-07-19,0.17896277689766857
2022-07-20,0.17770268438969997
2022-07-21,0.16627794777852145
2022-07-22,0.1708127074201951
2022-07-25,0.16613887222060217
2022-07-26,0.17049481411749173
2022-07-27,0.19012296881985685
2022-07-28,0.19367320240083571
2022-07-29,0.19719732469247853
2022-08-01,0.19027612946244962
2022-08-02,0.19165005580270397
2022-08-03,0.19398870362912676
2022-08-04,0.19091845722240547
2022-08-05,0.189705117280155
2022-08-08,0.18857237121908935
2022-08-09,0.17792142384307166
2022-08-10,0.18904732992527565
2022-08-11,0.16430535634313037
2022-08-12,0.17281109102620898
2022-08-15,0.16955515746802824
2022-08-16,0.1662940569629523
2022-08-17,0.1695448965170624
2022-08-18,0.16463484621953486
2022-08-19,0.1520286864338176
2022-08-22,0.1778659507883865
2022-08-23,0.16894676466199188
2022-08-24,0.16532128878303026
2022-08-25,0.16903982604762005
2022-08-26,0.22583559392001287
2022-08-29,0.22452239001401997
2022-08-30,0.22629068800902408
2022-08-31,0.22455778259216194
2022-09-01,0.22034606885408836
2022-09-02,0.2114396238994246
2022-09-05,0.20815439711146524
2022-09-06,0.1972759037288714
2022-09-07,0.20385426551073227
2022-09-08,0.20308383920751633
2022-09-09,0.2051411453940892
2022-09-12,0.20601825819297942
2022-09-13,0.28820315011967756
2022-09-14,0.2737937005273026
2022-09-15,0.2744740899704449
2022-09-16,0.2717259041022115
2022-09-19,0.2627852647801498
2022-09-20,0.23926646390909828
2022-09-21,0.24603052295528988
2022-09-22,0.24324525247642
2022-09-23,0.251830849562237
2022-09-26,0.25067148956190227
2022-09-27,0.2441997998640023
2022-09-28,0.25070498142143943
2022-09-29,0.26645547623596744
2022-09-30,0.2645624044563652
2022-10-03,0.27490033474885567
2022-10-04,0.2850536734380088
2022-10-05,0.2809607797704302
2022-10-06,0.23821111789060734
2022-10-07,0.2698459741929845
2022-10-10,0.2670067707491747
2022-10-11,0.2624657585588258
2022-10-12,0.2583535836149626
2022-10-13,0.2678214913281961
2022-10-14,0.28155103649778673
2022-10-17,0.2905614668943917
2022-10-18,0.2842233797979947
2022-10-19,0.2812603447439738
2022-10-20,0.2803769955810432
2022-10-21,0.2816132021245742
2022-10-24,0.27281604805334997
2022-10-25,0.2717403452619655
2022-10-26,0.2585341574448806
2022-10-27,0.23721969231700551
2022-10-28,0.2497745838448763
2022-10-31,0.24817839535527383
2022-11-01,0.2282373164509021
2022-11-02,0.2545666289641612
2022-11-03,0.25734068581192765
2022-11-04,0.25736254940707454
2022-11-07,0.24327265122787503
2022-11-08,0.22607705830860914
2022-11-09,0.22866816588501482
2022-11-10,0.28761565619615687
2022-11-11,0.2862835112784063
2022-11-14,0.28607502910573307
2022-11-15,0.27447860539686886
2022-11-16,0.2729698414774808
2022-11-17,0.2655946770570755
2022-11-18,0.2640373194132275
2022-11-21,0.26233101274510534
2022-11-22,0.25167091863961216
2022-11-23,0.25021844027814355
2022-11-24,0.24895924015607512
2022-11-25,0.2328905549131614
2022-11-28,0.24050287722272504
2022-11-29,0.23502519904853023
2022-11-30,0.25348797011417923
2022-12-01,0.2517902064891719
2022-12-02,0.24047130641677233
2022-12-05,0.17770373764775743
2022-12-06,0.18598631592703443
2022-12-07,0.18075150932260395
2022-12-08,0.1774366646509131
2022-12-09,0.1770341724775446
2022-12-12,0.1806194312303044
2022-12-13,0.18039012270010993
2022-12-14,0.18046590532320522
2022-12-15,0.210302661717873
2022-12-16,0.2121304110836305
2022-12-19,0.21390972572905087
2022-12-20,0.21048319884602543
2022-12-21,0.20769954320114709
2022-12-22,0.21620692759995494
2022-12-23,0.18755232679082423
2022-12-26,0.18544741578690307
2022-12-27,0.1837692443945888
2022-12-28,0.18061956412396002
2022-12-29,0.18092032704407185
2022-12-30,0.1787274686249101
2023-01-02,0.17527694312512807
2023-01-03,0.17263573052134493
2023-01-04,0.16584973944841988
2023-01-05,0.17196462470890597
2023-01-06,0.18515064918735905
2023-01-09,0.16316656761995657
2023-01-10,0.15825520379370897
2023-01-11,0.1600411018250815
2023-01-12,0.15954904786491325
2023-01-13,0.1510299550300569
2023-01-16,0.14181516936011657
2023-01-17,0.13956613088092326
2023-01-18,0.15729025290667475
2023-01-19,0.15941533043813463
2023-01-20,0.16565189334289532
2023-01-23,0.15753755319708462
2023-01-24,0.1562955261081798
2023-01-25,0.15493006168822848
2023-01-26,0.1581068088019754
2023-01-27,0.15502271373891896
2023-01-30,0.16151534665965017
2023-01-31,0.14874492654555557
2023-02-01,0.15176677850379938
2023-02-02,0.15663779181782633
2023-02-03,0.15749341325079907
2023-02-06,0.1586636511725901
2023-02-07,0.1620727636502384
2023-02-08,0.1696990856522229
2023-02-09,0.17356974704892408
2023-02-10,0.16382572492631
2023-02-13,0.16460729614209196
2023-02-14,0.15064980825766952
2023-02-15,0.14477382541960224
2023-02-16,0.1577129638816536
2023-02-17,0.15647320347762436
2023-02-20,0.15068285801253703
2023-02-21,0.17629915786473604
2023-02-22,0.16876225113206236
2023-02-23,0.15989278435835247
2023-02-24,0.16121665941407173
2023-02-27,0.15227455398559098
2023-02-28,0.1460696543778011
2023-03-01,0.14451393820403127
2023-03-02,0.1377108391866049
2023-03-03,0.14146783089555146
2023-03-06,0.13708942018769713
2023-03-07,0.15405691641734068
2023-03-08,0.14691414023261348
2023-03-09,0.16989376141845947
2023-03-10,0.17944481019279743
2023-03-13,0.17048469180471065
2023-03-14,0.17622797183980668
2023-03-15,0.1771276828912983
2023-03-16,0.17103960252286335
2023-03-17,0.1766981092986646
2023-03-20,0.1757106854073379
2023-03-21,0.17544355008800602
2023-03-22,0.19144732055052743
2023-03-23,0.1879152492743905
2023-03-24,0.18674157188645407
2023-03-27,0.18299472355373608
2023-03-28,0.17327136906929147
2023-03-29,0.17807199204720536
2023-03-30,0.16952145648553751
2023-03-31,0.1755274367591593
2023-04-03,0.16295966503386072
2023-04-04,0.15649986600750707
2023-04-05,0.15574664697321874
2023-04-06,0.14530009419219542
2023-04-07,0.14209965459252638
2023-04-10,0.12916908203581384
2023-04-11,0.12250348363966596
2023-04-12,0.11971668274857436
2023-04-13,0.11906309926537728
2023-04-14,0.10480676237515305
2023-04-17,0.10408607256666899
2023-04-18,0.10163447119918252
2023-04-19,0.10147989232575952
2023-04-20,0.10478341571475655
2023-04-21,0.09214365633142675
2023-04-24,0.0894887404774802
2023-04-25,0.10634024938550064
2023-04-26,0.10497538534096199
2023-04-27,0.1208693834101268
2023-04-28,0.12235349407053339
2023-05-01,0.11977096215774427
2023-05-02,0.1311968649250103
2023-05-03,0.13367040047607573
2023-05-04,0.13708107419142193
2023-05-05,0.14841700614655043
2023-05-08,0.13932622378780027
2023-05-09,0.13983041278582817
2023-05-10,0.139227795076864
2023-05-11,0.13813563669591744
2023-05-12,0.1371046801921341
2023-05-15,0.13520613490193442
2023-05-16,0.13806360221815772
2023-05-17,0.1427229066631641
2023-05-18,0.1352307705867165
2023-05-19,0.13400797305365433
2023-05-22,0.11623540269090539
2023-05-23,0.12425119767907593
2023-05-24,0.12874127574611885
2023-05-25,0.12392256191797674
2023-05-26,0.12831381123851665
2023-05-29,0.12496757137657472
2023-05-30,0.10745526230290958
2023-05-31,0.11029841929036356
2023-06-01,0.11288776434721624
2023-06-02,0.12134546460408155
2023-06-05,0.12095353191533187
2023-06-06,0.12027594146331551
2023-06-07,0.12070107346607414
2023-06-08,0.11986830308056376
2023-06-09,0.11262404037286373
2023-06-12,0.11228511405005268
2023-06-13,0.11394006991112555
2023-06-14,0.11373777071574633
2023-06-15,0.11433002948504604
2023-06-16,0.11260202758539752
2023-06-19,0.10860989779680791
2023-06-20,0.10112426677197488
2023-06-21,0.10387654808118574
2023-06-22,0.10421615197488851
2023-06-23,0.10780428834092845
2023-06-26,0.10393764116594356
2023-06-27,0.09872836966075092
2023-06-28,0.09802900454555617
2023-06-29,0.09767584140931006
2023-06-30,0.10490050995414803
2023-07-03,0.10252805182707773
2023-07-04,0.10190577961009595
2023-07-05,0.09669375512578612
2023-07-06,0.10082813034952721
2023-07-07,0.10089976416674001
2023-07-10,0.09220402734095183
2023-07-11,0.09333153721907939
2023-07-12,0.09575117906453086
2023-07-13,0.09811127349823287
2023-07-14,0.09625545591031583
2023-07-17,0.09616142498804932
2023-07-18,0.0952120242710428
2023-07-19,0.09381826071565319
2023-07-20,0.09145156272300917
2023-07-21,0.09043772347728309
2023-07-24,0.08967770877318341
2023-07-25,0.07985182296340985
2023-07-26,0.07911545096993645
2023-07-27,0.0846001987297561
2023-07-28,0.09041812863762809
2023-07-31,0.0853050862933874
2023-08-01,0.08552473253004154
2023-08-02,0.10740901117811452
2023-08-03,0.10392778818265505
2023-08-04,0.10241455283255424
2023-08-07,0.10180271653259808
2023-08-08,0.10191065315035386
2023-08-09,0.10558007007472003
2023-08-10,0.10086496323077478
2023-08-11,0.10016175580173264
2023-08-14,0.0979810914436313
2023-08-15,0.11167010011784818
2023-08-16,0.11533757872747369
2023-08-17,0.11858478188858228
2023-08-18,0.11689623110991591
2023-08-21,0.11532034354167191
2023-08-22,0.11017719052241487
2023-08-23,0.11408388523535257
2023-08-24,0.1304243521519148
2023-08-25,0.12135904748170961
2023-08-28,0.12094461453438961
2023-08-29,0.1276049657649032
2023-08-30,0.12345152428055714
2023-08-31,0.12144909964070487
2023-09-01,0.11832310471772498
2023-09-04,0.11730878151773236
2023-09-05,0.11862591793024792
2023-09-06,0.12060584078328496
2023-09-07,0.11418831922895463
2023-09-08,0.11021140157833927
2023-09-11,0.10842559431166013
2023-09-12,0.11086876804039471
2023-09-13,0.10790209730062167
2023-09-14,0.11018818081501863
2023-09-15,0.11769965887686573
2023-09-18,0.1078649950729205
2023-09-19,0.10386114483941747
2023-09-20,0.10995552441008634
2023-09-21,0.12453104621314907
2023-09-22,0.1214850701474306
2023-09-25,0.11991499852860034
2023-09-26,0.1367327768267622
2023-09-27,0.1332443239050544
2023-09-28,0.13242679107562488
2023-09-29,0.12852767010772265
2023-10-02,0.1263022515017744
2023-10-03,0.14121723251636642
2023-10-04,0.1385125947792741
2023-10-05,0.13569006057083827
2023-10-06,0.13955512639001405
2023-10-09,0.1369132049937717
2023-10-10,0.12980026757856897
2023-10-11,0.12895926788908593
2023-10-12,0.13138745531526874
2023-10-13,0.1287030833325846
2023-10-16,0.11963218233671856
2023-10-17,0.11849992240105661
2023-10-18,0.13244013858714662
2023-10-19,0.12720485450668853
2023-10-20,0.1384521617125256
2023-10-23,0.13567141925384885
2023-10-24,0.13529520457616054
2023-10-25,0.14947523002467436
2023-10-26,0.1503519666047064
2023-10-27,0.14670089663508346
2023-10-30,0.15106694653707184
2023-10-31,0.1443264969916114
2023-11-01,0.14488666790209476
2023-11-02,0.1557458975088294
2023-11-03,0.15663201190216244
2023-11-06,0.15447737706572315
2023-11-07,0.15237929018554036
2023-11-08,0.1467851685526358
2023-11-09,0.151318216884419
2023-11-10,0.152173091909647
2023-11-13,0.14863125893410517
2023-11-14,0.15504783602517141
2023-11-15,0.1543132349150052
2023-11-16,0.15180346817639034
2023-11-17,0.1432057118590413
2023-11-20,0.1392608320972819
2023-11-21,0.1379748275223515
2023-11-22,0.13240642592547713
2023-11-23,0.1300239171336359
2023-11-24,0.1249605846807063
2023-11-27,0.10751411262620053
2023-11-28,0.10282128804182065
2023-11-29,0.10208697429242669
2023-11-30,0.10230281141319035
2023-12-01,0.10372795680348149
2023-12-04,0.10304982257607052
2023-12-05,0.0885108830692225
2023-12-06,0.08971813484269373
2023-12-07,0.06807212984531003
2023-12-08,0.068518764265443
2023-12-11,0.06940310385438449
2023-12-12,0.07062860562067837
2023-12-13,0.08017400861232979
2023-12-14,0.079910827696059
2023-12-15,0.07845852865732338
2023-12-18,0.07974673895435401
2023-12-19,0.08186729184421937
2023-12-20,0.10711517392393125
2023-12-21,0.11116515631541267
2023-12-22,0.11021644780005253
2023-12-25,0.1083872611016902
2023-12-26,0.10662172427502281
2023-12-27,0.10396139016322961
2023-12-28,0.10319146270967224
2023-12-29,0.10286760533664388
2024-01-02,0.10195385700547512
2024-01-03,0.10738197624197089
2024-01-04,0.10712376406147796
2024-01-05,0.1051232776731645
2024-01-08,0.1045839021787192
2024-01-09,0.10379247478916653
2024-01-10,0.10460540966807404
2024-01-11,0.10292916907071582
2024-01-12,0.10056348845866586
2024-01-15,0.08635693919588548
2024-01-16,0.08143382982126057
2024-01-17,0.08474085938827736
2024-01-18,0.08884867427677665
2024-01-19,0.09619518847040179
2024-01-22,0.09583276149486024
2024-01-23,0.09581877539553883
2024-01-24,0.09491793054086246
2024-01-25,0.09469216381168201
2024-01-26,0.08992065167594246
2024-01-29,0.09231617509932112
2024-01-30,0.09211897094487652
2024-01-31,0.10966232474115596
2024-02-01,0.11561889698424338
2024-02-02,0.11842108981897344
2024-02-05,0.11850259492017128
2024-02-06,0.11729049577161028
2024-02-07,0.11952260866037126
2024-02-08,0.11805038537266381
2024-02-09,0.11726229435905314
2024-02-12,0.11235193448709997
2024-02-13,0.12235666314831765
2024-02-14,0.12508324695554068
2024-02-15,0.12506799418065545
2024-02-16,0.12616293762549316
2024-02-19,0.12336092855659248
2024-02-20,0.12558558100348524
2024-02-21,0.12244876413819872
2024-02-22,0.14037573590155172
2024-02-23,0.12819825732329537
2024-02-26,0.12176918697822604
2024-02-27,0.11579533482754745
2024-02-28,0.11489328747750982
2024-02-29,0.1151610687809032
2024-03-01,0.11435003215838314
2024-03-04,0.11439493827079557
2024-03-05,0.12213382311725322
2024-03-06,0.12260602155665608
2024-03-07,0.11764249889714234
2024-03-08,0.11630469112078796
2024-03-11,0.11431825465190355
2024-03-12,0.11818617065043248
2024-03-13,0.11810869599137455
2024-03-14,0.11646562460860685
2024-03-15,0.11965627374447418
2024-03-18,0.09821869399104283
2024-03-19,0.09867096003766623
2024-03-20,0.10166754907531221
2024-03-21,0.10159494411526579
2024-03-22,0.10099045400676539
2024-03-25,0.10002384135593409
2024-03-26,0.09692352331023434
2024-03-27,0.10069351995138254
2024-03-28,0.09388680980354798
2024-03-29,0.09213910882651123
2024-04-01,0.085224956930241
2024-04-02,0.08930095867836614
2024-04-03,0.08821172321430334
2024-04-04,0.09914318128621315
2024-04-05,0.10411671215670659
2024-04-08,0.10160810972317309
2024-04-09,0.09849256475915624
2024-04-10,0.1055610055186718
2024-04-11,0.10534996694282713
2024-04-12,0.12115453087154886
2024-04-15,0.1317239013730352
2024-04-16,0.1290812494481713
2024-04-17,0.12920460318969526
2024-04-18,0.12767617363593373
2024-04-19,0.129417942153098
2024-04-22,0.13063788148803682
2024-04-23,0.13516824015711076
2024-04-24,0.13307679814031437
2024-04-25,0.13144958141380159
2024-04-26,0.13423647786779536
2024-04-29,0.12699937529751984
2024-04-30,0.14221582321922327
2024-05-01,0.14073059031341179
2024-05-02,0.1417906597967917
2024-05-03,0.14270633672465216
2024-05-06,0.14352842594314805
2024-05-07,0.13344279244608295
2024-05-08,0.12597544092930976
2024-05-09,0.1259168661695138
2024-05-10,0.12349352973457614
2024-05-13,0.12237580865712698
2024-05-14,0.11918729894696514
2024-05-15,0.12123838160892603
2024-05-16,0.11400220364251185
2024-05-17,0.11359561390130883
2024-05-20,0.11194559726191376
2024-05-21,0.10646823711982856
2024-05-22,0.1066585700766144
2024-05-23,0.09828217385850757
2024-05-24,0.09916062301348476
2024-05-27,0.09361139246232365
2024-05-28,0.08323111028640832
2024-05-29,0.08259588387208758
2024-05-30,0.08610858394635186
2024-05-31,0.0896237031113018
2024-06-03,0.0868103501870769
2024-06-04,0.08587671082116498
2024-06-05,0.09395749088726156
2024-06-06,0.09199728924121638
2024-06-07,0.08219563498050077
2024-06-10,0.08207965967078562
2024-06-11,0.08213889608113559
2024-06-12,0.0866403467260282
2024-06-13,0.08628519934183167
2024-06-14,0.08523834525566082
2024-06-17,0.08528732358242365
2024-06-18,0.08181222935657588
2024-06-19,0.08194095754547588
2024-06-20,0.08264704053024038
2024-06-21,0.0789107910455273
2024-06-24,0.07724155808234155
2024-06-25,0.07329451548987946
2024-06-26,0.07342410144467808
2024-06-27,0.07273634446292859
2024-06-28,0.06406311262669427
2024-07-01,0.06377650258575955
2024-07-02,0.06672632412339508
2024-07-03,0.06814430536909882
2024-07-04,0.06760510208193717
2024-07-05,0.06346161211246854
2024-07-08,0.06284937324787358
2024-07-09,0.06252022385486532
2024-07-10,0.06639905130044432
2024-07-11,0.07774011864379753
2024-07-12,0.07934298755723708
2024-07-15,0.07904667893254926
2024-07-16,0.08103178062553502
2024-07-17,0.10367000132211258
2024-07-18,0.10798013530532322
2024-07-19,0.11147104970423902
2024-07-22,0.11520717900213838
2024-07-23,0.11368977213224164
2024-07-24,0.15769777856230727
2024-07-25,0.15463700777452116
2024-07-26,0.15487400124761241
2024-07-29,0.15250286793085804
2024-07-30,0.15114565754744727
2024-07-31,0.1578937092602212
2024-08-01,0.16925430269745748
2024-08-02,0.18543403255453556
2024-08-05,0.229719637997441
2024-08-06,0.22744971615636253
2024-08-07,0.22520921167461536
2024-08-08,0.23412172061262468
2024-08-09,0.22652890676453513
2024-08-12,0.2211667281464561
2024-08-13,0.22388529144158284
2024-08-14,0.21912286968370182
2024-08-15,0.22350747567114007
2024-08-16,0.2082381619931332
2024-08-19,0.2078760152365134
2024-08-20,0.20311756731467256
2024-08-21,0.20241894559761733
2024-08-22,0.20486286598869122
2024-08-23,0.20004222742619096
2024-08-26,0.19405030967511838
2024-08-27,0.1825984530909592
2024-08-28,0.15181212512308553
2024-08-29,0.1465169040994709
2024-08-30,0.147236150369459
2024-09-02,0.12440824061371182
2024-09-03,0.15916596574495168
2024-09-04,0.15596220635455016
2024-09-05,0.1437033806927738
2024-09-06,0.16324885871724004
2024-09-09,0.15628480045479048
2024-09-10,0.15375932925399544
2024-09-11,0.15142753497731615
2024-09-12,0.15123331970920992
2024-09-13,0.14981876734594737
2024-09-16,0.14524012732336344
2024-09-17,0.13838772153503304
2024-09-18,0.1372440892058242
2024-09-19,0.1467166477644182
2024-09-20,0.14468924279401726
2024-09-23,0.1442766875425962
2024-09-24,0.13956594305137496
2024-09-25,0.13885366098577884
2024-09-26,0.11866007662967311
2024-09-27,0.11763375661329623
2024-09-30,0.1175610499825668
2024-10-01,0.11009022561565167
2024-10-02,0.10180241131472945
2024-10-03,0.1003682607421729
2024-10-04,0.09752319345641398
2024-10-07,0.10419418856688034
2024-10-08,0.10597684899473928
2024-10-09,0.10784303131402083
2024-10-10,0.10741232219687082
2024-10-11,0.10785216086306645
2024-10-14,0.09425936222565283
2024-10-15,0.10030722404997734
2024-10-16,0.10016864288479095
2024-10-17,0.09853582062307718
2024-10-18,0.09879527435311526
2024-10-21,0.09713618397127348
2024-10-22,0.09645460681910227
2024-10-23,0.10465490867898149
2024-10-24,0.09916954500940452
2024-10-25,0.09782424954773437
2024-10-28,0.09729436143770712
2024-10-29,0.09198815532186201
2024-10-30,0.08670063942660221
2024-10-31,0.11922994284505599
2024-11-01,0.11483310746845797
2024-11-04,0.11347431136083062
2024-11-05,0.11679037405700918
2024-11-06,0.1403549909433915
2024-11-07,0.13898521674180253
2024-11-08,0.13781565563293638
2024-11-11,0.13668939634104083
2024-11-12,0.13574567305237065
2024-11-13,0.13482345057606127
2024-11-14,0.13718389127300684
2024-11-15,0.1468202422633292
2024-11-18,0.14521226254386427
2024-11-19,0.1448041106819223
2024-11-20,0.1433140470183488
2024-11-21,0.1439379360402129
2024-11-22,0.1429067041884792
2024-11-25,0.12718755789373387
2024-11-26,0.12731968940622723
2024-11-27,0.12774579399294084
2024-11-28,0.12001050795685479
2024-11-29,0.08661221972546135
2024-12-02,0.08261350202122508
2024-12-03,0.08083415862728048
2024-12-04,0.08257874719224731
2024-12-05,0.0819291288317259
2024-12-06,0.08197900502570858
2024-12-09,0.08418945834525905
2024-12-10,0.07138686361426844
2024-12-11,0.07504481248125437
2024-12-12,0.077215105269837
2024-12-13,0.07681024435189664
2024-12-16,0.07491731234739252
2024-12-17,0.07554849249564984
2024-12-18,0.15858341504098641
2024-12-19,0.15374178566449676
2024-12-20,0.1553352413603856
2024-12-23,0.1537000583612619
2024-12-24,0.1539777968152675
2024-12-25,0.1513399905647537
2024-12-26,0.14892135000404141
2024-12-27,0.15492527892258545
2024-12-30,0.15999772418908137
2024-12-31,0.159306376632266
2025-01-02,0.1566799821682281
2025-01-03,0.1593001395927634
2025-01-06,0.15690070503902862
2025-01-07,0.16272655369403696
2025-01-08,0.16114109331297538
2025-01-09,0.15900717050878907
2025-01-10,0.17375648861493584
2025-01-13,0.13789656018371232
2025-01-14,0.13636552270785607
2025-01-15,0.14330490852989508
2025-01-16,0.13916395178016466
2025-01-17,0.13656785873532204
2025-01-20,0.13582101475814107
2025-01-21,0.1371884587798089
2025-01-22,0.1329305961964475
2025-01-23,0.12774389634944588
2025-01-24,0.12673135419540282
2025-01-27,0.14354356426238668
2025-01-28,0.13935683165642065
2025-01-29,0.13846862160507178
2025-01-30,0.13304846964369282
2025-01-31,0.13322771814877138
2025-02-03,0.13755953113513059
2025-02-04,0.12717884649465133
2025-02-05,0.12649763261605332
2025-02-06,0.1257602780819263
2025-02-07,0.117329380932949
2025-02-10,0.1181628365846888
2025-02-11,0.11240251565749623
2025-02-12,0.11226009700563644
2025-02-13,0.1122676259561999
2025-02-14,0.10948630106872674
2025-02-17,0.10707450643958111
2025-02-18,0.10604126316288656
2025-02-19,0.09342288032067156
2025-02-20,0.0900113960151201
2025-02-21,0.11934663800699417
2025-02-24,0.11831880570438322
2025-02-25,0.11759211386317081
2025-02-26,0.11186283892453316
2025-02-27,0.1315706571337502
2025-02-28,0.13857776005391978
2025-03-03,0.15984782046618207
2025-03-04,0.1641478475285303
2025-03-05,0.16400489095256315
2025-03-06,0.18194658504346592
2025-03-07,0.17960419297675262
2025-03-10,0.21529404551219036
2025-03-11,0.21418671985054316
2025-03-12,0.210698559334518
2025-03-13,0.2158682052989692
2025-03-14,0.2250873874414534
2025-03-17,0.22217568195461002
2025-03-18,0.21794389023579455
2025-03-19,0.21687869515668307
2025-03-20,0.2139569315715484
2025-03-21,0.21172146033182407
2025-03-24,0.21131775703275352
2025-03-25,0.20257282131295531
2025-03-26,0.1990307490771004
2025-03-27,0.19335251289233793
2025-03-28,0.210903173588029
2025-03-31,0.19909550693521466
2025-04-01,0.19650927915439564
2025-04-02,0.17164193675442468
2025-04-03,0.28798174409288413
2025-04-04,0.4013953871606789
2025-04-07,0.39269620132112565
2025-04-08,0.38172167751031993
2025-04-09,0.48300388541744926
2025-04-10,0.5008138084646854
2025-04-11,0.49903775660884103
2025-04-14,0.4931692043316058
2025-04-15,0.48771991901585404
2025-04-16,0.49025121119215526
2025-04-17,0.48602738208588836
2025-04-18,0.48088100158155583
2025-04-21,0.48917502181506106
2025-04-22,0.48844231931350757
2025-04-23,0.48790231399860656
2025-04-24,0.4894141825409565
2025-04-25,0.4860821842743307
2025-04-28,0.45397934106043325
2025-04-29,0.40066629407793397
2025-04-30,0.3987636489987965
2025-05-01,0.3933430160187977
2025-05-02,0.2478260081359075
2025-05-05,0.21679298916198525
2025-05-06,0.20697920448055704
2025-05-07,0.20375948981174857
2025-05-08,0.20257618118576406
2025-05-09,0.18537681960331065
2025-05-12,0.21277146229531227
2025-05-13,0.21286704748011706
2025-05-14,0.19555852522734407
2025-05-15,0.1755768376747188
2025-05-16,0.1668192629023335
2025-05-19,0.15106721025466388
2025-05-20,0.149206321201686
2025-05-21,0.16660160398841078
2025-05-22,0.1634644934904023
2025-05-23,0.16572489361043408
2025-05-26,0.16206895413037992
2025-05-27,0.16747123393634847
2025-05-28,0.1673526207314719
2025-05-29,0.1643674119077268
2025-05-30,0.1620212893930781
2025-06-02,0.16105566946797079
2025-06-03,0.16083972291371038
2025-06-04,0.11789851002116546
2025-06-05,0.11707767025265536
2025-06-06,0.12131076780662015
2025-06-09,0.11985347988326689
2025-06-10,0.11831690091338909
2025-06-11,0.11794483183553964
2025-06-12,0.1172963909471975
2025-06-13,0.11636018108641556
2025-06-16,0.11920268643343665
2025-06-17,0.12268152815665218
2025-06-18,0.12089473819659564
2025-06-19,0.09885889455212854
2025-06-20,0.09606005779083097
2025-06-23,0.09984178463708755
2025-06-24,0.10550370873559793
2025-06-25,0.10355257009552028
2025-06-26,0.10460777453036599
2025-06-27,0.10591961625112929
2025-06-30,0.10482355018977438
2025-07-01,0.09882764167958435
2025-07-02,0.09946243973640033
2025-07-03,0.10104558422025972
2025-07-04,0.10054521893545867
2025-07-07,0.10605010835567487
2025-07-08,0.09848126348329583
2025-07-09,0.09481632481406357
2025-07-10,0.09076610213965765
2025-07-11,0.09118229112346013
2025-07-14,0.09038235976714702
2025-07-15,0.0918215428700856
2025-07-16,0.08622769024592171
2025-07-17,0.07907137140793934
2025-07-18,0.07867315963043357
2025-07-21,0.07374242631808861
2025-07-22,0.07093339481934734
2025-07-23,0.07333625722704985
2025-07-24,0.072722888166274
2025-07-25,0.07227435467606728
2025-07-28,0.06640399738367453
2025-07-29,0.06744773693388265
2025-07-30,0.06226944271160236
2025-07-31,0.06428453186641318
2025-08-01,0.09709681134245673
2025-08-04,0.1077520123964637
2025-08-05,0.10777476475619127
2025-08-06,0.10812831692557957
2025-08-07,0.10656598072933084
2025-08-08,0.10820033247917368
2025-08-11,0.10550263747990889
2025-08-12,0.11184175223581068
2025-08-13,0.11099699073918921
2025-08-14,0.11059732921603291
2025-08-15,0.107511879038784
2025-08-18,0.10682662164113507
2025-08-19,0.1091269959581061
2025-08-20,0.10885762769835867
2025-08-21,0.10995488217793223
2025-08-22,0.1202904231524208
2025-08-25,0.12098952273859946
2025-08-26,0.10783618784912047
2025-08-27,0.09563567476333168
2025-08-28,0.09434438678931088
2025-08-29,0.09566029986313855
2025-09-01,0.09465399136210241
2025-09-02,0.09640397527631475
2025-09-03,0.09657424886421744
2025-09-04,0.09233198374812827
2025-09-05,0.09226550149279009
2025-09-08,0.0914241101852952
2025-09-09,0.09110283134604426
2025-09-10,0.09083942378818673
2025-09-11,0.09299013276314542
2025-09-12,0.09170011020342912
2025-09-15,0.09233092465306453
2025-09-16,0.0764551166751425
2025-09-17,0.07451375345473604
2025-09-18,0.07480785009408766
2025-09-19,0.07582629717965039
2025-09-22,0.07649025873294574
2025-09-23,0.07753563242632168
2025-09-24,0.07831199400477863
2025-09-25,0.07794160964840105
2025-09-26,0.07789056277775112
2025-09-29,0.07310984789148293
2025-09-30,0.07303827120959983
2025-10-01,0.07280627726331591
2025-10-02,0.07185321841318539
2025-10-03,0.0706456660627444
2025-10-06,0.06547212244884969
2025-10-07,0.06740065238029606
2025-10-08,0.06859685233390261
2025-10-09,0.06963302120887951
2025-10-10,0.1463022499133504
2025-10-13,0.15170850641330091
2025-10-14,0.14764430852800506
2025-10-15,0.14453327979448663
2025-10-16,0.14447324503840658
2025-10-17,0.14265898248877515
2025-10-20,0.14438416776001045
2025-10-21,0.1411487246794646
2025-10-22,0.14139397941777782
2025-10-23,0.14044769611718394
2025-10-24,0.14123984900020006
2025-10-27,0.14623391558528964
2025-10-28,0.145470772624395
2025-10-29,0.14375072857327167
2025-10-30,0.15010983152121424
2025-10-31,0.14749161685652418
2025-11-03,0.14651812347276977
2025-11-04,0.12506926320519152
2025-11-05,0.11259427308032342
2025-11-06,0.12290505025103622
2025-11-07,0.1209396713990609
2025-11-10,0.127464537659146
2025-11-11,0.12511838156667793
2025-11-12,0.11830006122413557
2025-11-13,0.140666237865691
2025-11-14,0.13795168524893273
2025-11-17,0.14085277472206273
2025-11-18,0.14239717530152618
2025-11-19,0.13388800208174748
2025-11-20,0.15171368387606118
2025-11-21,0.15287187879458622
2025-11-24,0.15546231134416286
2025-11-25,0.1566001288986251
2025-11-26,0.15632070407810733
2025-11-27,0.1490592553935289
2025-11-28,0.1483668311201235
2025-12-01,0.1445754842801789
2025-12-02,0.1433979820235343
2025-12-03,0.13265160399161136
2025-12-04,0.13127352753723784
2025-12-05,0.13078293721103723
2025-12-08,0.11824483796180518
2025-12-09,0.11735097589287916
2025-12-10,0.11460183023633655
2025-12-11,0.11098758997208918
2025-12-12,0.12038888124533956
2025-12-15,0.10765315677743595
2025-12-16,0.10131559320662335
2025-12-17,0.10184241460900331
2025-12-18,0.09887995890292194
2025-12-19,0.09890015021426514
2025-12-22,0.09970722917216211
2025-12-23,0.0979992673648959
2025-12-24,0.09611672862950238
2025-12-25,0.09464406514292859
2025-12-26,0.09279405369330994
2025-12-29,0.09374945576202424
