Date,gjr_garch_forecast_h1
2005-03-08,0.09845685919013328
2005-03-09,0.1053540596300708
2005-03-10,0.10113305827591991
2005-03-11,0.10379009649932541
2005-03-14,0.10258220244517692
2005-03-15,0.10606386593253733
2005-03-16,0.10940203400921773
2005-03-17,0.10921946141807186
2005-03-18,0.10554783969570654
2005-03-21,0.10684294762120612
2005-03-22,0.11315359446773028
2005-03-23,0.10139951110165692
2005-03-24,0.09932364598090032
2005-03-25,0.0953604660542663
2005-03-28,0.09012715178234974
2005-03-29,0.09166781967093914
2005-03-30,0.10060700692886378
2005-03-31,0.10037842376762825
2005-04-01,0.10303547800242095
2005-04-04,0.09796621430107018
2005-04-05,0.09849814002999334
2005-04-06,0.09723525279815756
2005-04-07,0.09286661193114236
2005-04-08,0.09758447755172721
2005-04-11,0.09386845221425039
2005-04-12,0.09359050478384744
2005-04-13,0.09998170239530929
2005-04-14,0.10277729807229202
2005-04-15,0.11975715901062095
2005-04-18,0.11949231129914979
2005-04-19,0.11941060120976482
2005-04-20,0.12402598877713533
2005-04-21,0.13997874380407313
2005-04-22,0.1417026538290503
2005-04-25,0.1442098968997431
2005-04-26,0.14729851537849728
2005-04-27,0.1451966321996992
2005-04-28,0.14363711678188745
2005-04-29,0.14866182479779058
2005-05-02,0.14742983529399842
2005-05-03,0.14682456292974091
2005-05-04,0.15164458627316962
2005-05-05,0.1514925519399784
2005-05-06,0.14996234035941283
2005-05-09,0.14861081069695833
2005-05-10,0.15370299574330928
2005-05-11,0.1529457352712122
2005-05-12,0.15204669425057818
2005-05-13,0.14886730064015294
2005-05-16,0.1413181230035074
2005-05-17,0.14263871356181318
2005-05-18,0.1449678327539074
2005-05-19,0.13843414122789469
2005-05-20,0.12153020933777237
2005-05-23,0.119861272149263
2005-05-24,0.1160777039152209
2005-05-25,0.11268452849491417
2005-05-26,0.11379821150176474
2005-05-27,0.10690786435915782
2005-05-30,0.09896085891411116
2005-05-31,0.10021565317165324
2005-06-01,0.10450842466098048
2005-06-02,0.09575341258121499
2005-06-03,0.09861666917767598
2005-06-06,0.09845846818833852
2005-06-07,0.0959095739918241
2005-06-08,0.08894337541153194
2005-06-09,0.08943003630259032
2005-06-10,0.0829983097339958
2005-06-13,0.08175762688014752
2005-06-14,0.07474931472756562
2005-06-15,0.0712493055047918
2005-06-16,0.06382749213275206
2005-06-17,0.063982851859811
2005-06-20,0.0637498458891286
2005-06-21,0.06280445681646472
2005-06-22,0.06272413407589006
2005-06-23,0.07366724292522848
2005-06-24,0.07569888393661872
2005-06-27,0.07533065254738767
2005-06-28,0.08108901271984573
2005-06-29,0.07835032009492757
2005-06-30,0.07671399457910764
2005-07-01,0.07669300424371292
2005-07-04,0.07277768479583521
2005-07-05,0.0782829145445574
2005-07-06,0.08404845603981426
2005-07-07,0.08385092916111085
2005-07-08,0.09066510701247212
2005-07-11,0.09254747993137535
2005-07-12,0.09237365686385862
2005-07-13,0.09185583502980964
2005-07-14,0.09184091243276053
2005-07-15,0.09098109250555338
2005-07-18,0.09167761690859928
2005-07-19,0.09427891527234719
2005-07-20,0.09526598792171045
2005-07-21,0.09829986444753822
2005-07-22,0.09277445451156331
2005-07-25,0.0900429282311769
2005-07-26,0.09004439776276127
2005-07-27,0.08587349816945053
2005-07-28,0.08767492117390163
2005-07-29,0.08891308145784158
2005-08-01,0.08834234515409121
2005-08-02,0.09136784822556511
2005-08-03,0.08627060088514052
2005-08-04,0.0858684489198038
2005-08-05,0.08989603476987855
2005-08-08,0.08118036544242381
2005-08-09,0.08134988884266776
2005-08-10,0.08103885493366313
2005-08-11,0.08420172716986518
2005-08-12,0.0864917147571315
2005-08-15,0.08671088545423343
2005-08-16,0.0952116605300409
2005-08-17,0.09212541878162142
2005-08-18,0.09046158503333686
2005-08-19,0.08735108226455832
2005-08-22,0.0853283039035307
2005-08-23,0.08507343365454145
2005-08-24,0.08811756126047804
2005-08-25,0.08682753251163895
2005-08-26,0.0874117156358548
2005-08-29,0.08554866569345562
2005-08-30,0.0860814634669001
2005-08-31,0.0888862075485217
2005-09-01,0.08872337301047996
2005-09-02,0.0856397544175065
2005-09-05,0.08143238869343972
2005-09-06,0.09123470548601278
2005-09-07,0.08859763531120345
2005-09-08,0.08940239164351817
2005-09-09,0.09013547950175269
2005-09-12,0.08774596021690569
2005-09-13,0.09156085958392841
2005-09-14,0.08304021540604023
2005-09-15,0.08282972292526992
2005-09-16,0.08719516565807912
2005-09-19,0.08948377949619876
2005-09-20,0.09384363344180416
2005-09-21,0.09893653656978568
2005-09-22,0.09685042911314795
2005-09-23,0.09626966548219458
2005-09-26,0.0938393057371444
2005-09-27,0.09142783512707774
2005-09-28,0.0906430865476208
2005-09-29,0.08928744264604511
2005-09-30,0.0891112335532679
2005-10-03,0.08865427344563798
2005-10-04,0.096021969572835
2005-10-05,0.1022913514433222
2005-10-06,0.10259770059464543
2005-10-07,0.10207442945820515
2005-10-10,0.10162375386744317
2005-10-11,0.10144782357984497
2005-10-12,0.10033383566699833
2005-10-13,0.09934300274021847
2005-10-14,0.10281502570038054
2005-10-17,0.09913377685215365
2005-10-18,0.10402492089128053
2005-10-19,0.11204353766724638
2005-10-20,0.12113104990852823
2005-10-21,0.12009563663827366
2005-10-24,0.13221734425221537
2005-10-25,0.1321526361333734
2005-10-26,0.1328101877439644
2005-10-27,0.13810821537624993
2005-10-28,0.1454810331465007
2005-10-31,0.1471415579768456
2005-11-01,0.14734871196445415
2005-11-02,0.14702799867517866
2005-11-03,0.13850364081085723
2005-11-04,0.137601033103136
2005-11-07,0.13705003591477577
2005-11-08,0.13532823224462373
2005-11-09,0.13511138306628184
2005-11-10,0.13639684032088276
2005-11-11,0.1366468308292975
2005-11-14,0.13370285333668433
2005-11-15,0.13400638484925467
2005-11-16,0.12961100474436624
2005-11-17,0.12351831437118846
2005-11-18,0.11328563014353842
2005-11-21,0.11448003454041229
2005-11-22,0.10106186934473138
2005-11-23,0.1013547549554202
2005-11-24,0.10023299272313449
2005-11-25,0.0938901423701233
2005-11-28,0.0820213817262109
2005-11-29,0.07818410619056769
2005-11-30,0.08067557804608218
2005-12-01,0.08377245174436054
2005-12-02,0.08234949961821045
2005-12-05,0.08266657936933405
2005-12-06,0.08229532382052569
2005-12-07,0.08344955867106174
2005-12-08,0.08322226383741971
2005-12-09,0.07862393260239019
2005-12-12,0.0778592266078377
2005-12-13,0.07992387314841033
2005-12-14,0.0800075916273263
2005-12-15,0.07986967585105116
2005-12-16,0.073990360977219
2005-12-19,0.07559537339896308
2005-12-20,0.07332520430715786
2005-12-21,0.07165495919689736
2005-12-22,0.07198938019502124
2005-12-23,0.07189697111466758
2005-12-26,0.07145663082083666
2005-12-27,0.07435475500457393
2005-12-28,0.07423811995737369
2005-12-29,0.07167755254433289
2005-12-30,0.06138028197493155
2006-01-02,0.06109073351158201
2006-01-03,0.08173096550636473
2006-01-04,0.08239376110761731
2006-01-05,0.08047775701427066
2006-01-06,0.08626561730949736
2006-01-09,0.0865221165094542
2006-01-10,0.08639660289932075
2006-01-11,0.0850729094726185
2006-01-12,0.0870256510390395
2006-01-13,0.08686092506451074
2006-01-16,0.08620986723088546
2006-01-17,0.08489600832455181
2006-01-18,0.08602462634963284
2006-01-19,0.08751561285079253
2006-01-20,0.11016637839481874
2006-01-23,0.10982753282030128
2006-01-24,0.10968262012024649
2006-01-25,0.10455245123956215
2006-01-26,0.10691411522043685
2006-01-27,0.1092996709339517
2006-01-30,0.10783049750790563
2006-01-31,0.10861325139101263
2006-02-01,0.09350774802637143
2006-02-02,0.09842955749346405
2006-02-03,0.10013239456733361
2006-02-06,0.09469717427577183
2006-02-07,0.09834396256862937
2006-02-08,0.10224711033156415
2006-02-09,0.10143013433423194
2006-02-10,0.09927174163917217
2006-02-13,0.09970406902941105
2006-02-14,0.10506239648921416
2006-02-15,0.10482120639665514
2006-02-16,0.10672050054059556
2006-02-17,0.10510084208360233
2006-02-20,0.08426256952261386
2006-02-21,0.0847787024710665
2006-02-22,0.08796966084353852
2006-02-23,0.08878583971006768
2006-02-24,0.08534032658388802
2006-02-27,0.08202678783045904
2006-02-28,0.0905642996264385
2006-03-01,0.09353499604779972
2006-03-02,0.09330770825944612
2006-03-03,0.08804626187335744
2006-03-06,0.08980276295567513
2006-03-07,0.08979836224530674
2006-03-08,0.08552736991011468
2006-03-09,0.08222470316008071
2006-03-10,0.08539251219511972
2006-03-13,0.08506729314975083
2006-03-14,0.09116320368158805
2006-03-15,0.08574265239917037
2006-03-16,0.08500168074191104
2006-03-17,0.08136227198319718
2006-03-20,0.0813056834369823
2006-03-21,0.08425463902283577
2006-03-22,0.08581315834973227
2006-03-23,0.08242938438767192
2006-03-24,0.08136688380368423
2006-03-27,0.08123437202450659
2006-03-28,0.08371825331461005
2006-03-29,0.07977533887144958
2006-03-30,0.07499080726205547
2006-03-31,0.07622814738701585
2006-04-03,0.07628790787436562
2006-04-04,0.07539034759092222
2006-04-05,0.07639957151976647
2006-04-06,0.07632690248339204
2006-04-07,0.08381822455404986
2006-04-10,0.07997556237412637
2006-04-11,0.08451218373156097
2006-04-12,0.07669366064479811
2006-04-13,0.07506936563868521
2006-04-14,0.0745631098116658
2006-04-17,0.07497707667150721
2006-04-18,0.09402544284157922
2006-04-19,0.09187680607395282
2006-04-20,0.08954519579075731
2006-04-21,0.08899170897363626
2006-04-24,0.08928153034080671
2006-04-25,0.09094349818184476
2006-04-26,0.08865351523473043
2006-04-27,0.0856052395090029
2006-04-28,0.08525105285610678
2006-05-01,0.08540345138568958
2006-05-02,0.08743621675418012
2006-05-03,0.08598090139565812
2006-05-04,0.08529278298266241
2006-05-05,0.09174369561130295
2006-05-08,0.08469832541026939
2006-05-09,0.08457597152985723
2006-05-10,0.08056294804400983
2006-05-11,0.09351718840548431
2006-05-12,0.10218653465476653
2006-05-15,0.10212304803022128
2006-05-16,0.101510519909608
2006-05-17,0.10448381540843708
2006-05-18,0.10656279877513467
2006-05-19,0.10676938876257239
2006-05-22,0.10721497811295044
2006-05-23,0.10762565478054623
2006-05-24,0.10600618192868523
2006-05-25,0.11189880438116737
2006-05-26,0.11265415285968819
2006-05-29,0.11232469200898255
2006-05-30,0.12596927949736209
2006-05-31,0.12673510930031442
2006-06-01,0.1322545267147955
2006-06-02,0.13162477876037984
2006-06-05,0.1430761227872244
2006-06-06,0.14254246404610646
2006-06-07,0.14384015302565784
2006-06-08,0.1433217713732084
2006-06-09,0.13711255109912845
2006-06-12,0.13851259890964537
2006-06-13,0.14385441499251883
2006-06-14,0.14423553482169715
2006-06-15,0.14973063877222084
2006-06-16,0.14822371990268138
2006-06-19,0.1510682247595323
2006-06-20,0.15008170408777086
2006-06-21,0.15256771054297655
2006-06-22,0.15343556377072634
2006-06-23,0.14832308117380164
2006-06-26,0.14770860230222518
2006-06-27,0.15131651096832677
2006-06-28,0.14223500883053494
2006-06-29,0.15691589446763757
2006-06-30,0.15135410504855273
2006-07-03,0.15332416594993664
2006-07-04,0.14057597381190853
2006-07-05,0.1429433044787323
2006-07-06,0.14149452929475004
2006-07-07,0.1434703155652848
2006-07-10,0.1425550412589955
2006-07-11,0.13720247401390415
2006-07-12,0.13782773964518
2006-07-13,0.14478263481443598
2006-07-14,0.12699692366832613
2006-07-17,0.12607962146333412
2006-07-18,0.12200405286037384
2006-07-19,0.13665856078885064
2006-07-20,0.13611900543084007
2006-07-21,0.13719563157911852
2006-07-24,0.14778387447058974
2006-07-25,0.14814669774425407
2006-07-26,0.14466615022500512
2006-07-27,0.14408639820812713
2006-07-28,0.13099718095520374
2006-07-31,0.1307320027977311
2006-08-01,0.12893905900872396
2006-08-02,0.1299104937910891
2006-08-03,0.12762279243658378
2006-08-04,0.12723589793781617
2006-08-07,0.1254724474864928
2006-08-08,0.12588680682282394
2006-08-09,0.12608794309904223
2006-08-10,0.12141889223905689
2006-08-11,0.1139554830314776
2006-08-14,0.11267690979816998
2006-08-15,0.12152367520599534
2006-08-16,0.12397773750696536
2006-08-17,0.10727254141724618
2006-08-18,0.10400532597403776
2006-08-21,0.10204331587047936
2006-08-22,0.08539625654257903
2006-08-23,0.08428448964438337
2006-08-24,0.08453978238874883
2006-08-25,0.08333620640119818
2006-08-28,0.07458182946274239
2006-08-29,0.0746054368508888
2006-08-30,0.07300301520121555
2006-08-31,0.07101013039628239
2006-09-01,0.07295089526684964
2006-09-04,0.07285324785853421
2006-09-05,0.07240851531784168
2006-09-06,0.08042831765783297
2006-09-07,0.08086380837727372
2006-09-08,0.0801354438780306
2006-09-11,0.07879973924712907
2006-09-12,0.08591838629462982
2006-09-13,0.0735361870133426
2006-09-14,0.06888561996556748
2006-09-15,0.06908041300873763
2006-09-18,0.06791443869231578
2006-09-19,0.06740585887260912
2006-09-20,0.06992337448474556
2006-09-21,0.07106159821656874
2006-09-22,0.0710676987230792
2006-09-25,0.07685246956792349
2006-09-26,0.07891840582280031
2006-09-27,0.07855400669278598
2006-09-28,0.0786295588447343
2006-09-29,0.07891184283385137
2006-10-02,0.0776521972821997
2006-10-03,0.07788283687184723
2006-10-04,0.08755572624384263
2006-10-05,0.0811184794126467
2006-10-06,0.0800437723776961
2006-10-09,0.0789920151056519
2006-10-10,0.07921706049343764
2006-10-11,0.07171958595230186
2006-10-12,0.07744015299103398
2006-10-13,0.07755913514410454
2006-10-16,0.07749375173952738
2006-10-17,0.07855863152286753
2006-10-18,0.078090223796813
2006-10-19,0.0756625645406185
2006-10-20,0.07347449821479718
2006-10-23,0.07584845227749787
2006-10-24,0.06975424099705181
2006-10-25,0.06601395469149435
2006-10-26,0.06807159361403758
2006-10-27,0.0747707625517166
2006-10-30,0.07422901973693982
2006-10-31,0.07319005301703026
2006-11-01,0.0777213084133749
2006-11-02,0.06606425376685308
2006-11-03,0.06594935439510208
2006-11-06,0.07548784503557822
2006-11-07,0.07565880746326477
2006-11-08,0.07553637261442282
2006-11-09,0.07751884272699369
2006-11-10,0.07065350401059131
2006-11-13,0.07068980451124905
2006-11-14,0.07325164938749253
2006-11-15,0.07253655286156047
2006-11-16,0.07271848637141808
2006-11-17,0.07265814521400436
2006-11-20,0.0724961569373848
2006-11-21,0.0696132489408145
2006-11-22,0.06999290178287677
2006-11-23,0.0689242582152578
2006-11-24,0.06819428505726269
2006-11-27,0.07986091336202888
2006-11-28,0.08031309107822458
2006-11-29,0.08577696033950226
2006-11-30,0.0818216502851095
2006-12-01,0.08223506355238532
2006-12-04,0.08696796260013656
2006-12-05,0.07908236129759828
2006-12-06,0.07869587663334007
2006-12-07,0.07960708332511247
2006-12-08,0.07758128138990117
2006-12-11,0.07754347563859208
2006-12-12,0.07702605092048986
2006-12-13,0.07395288314116696
2006-12-14,0.07901307986581689
2006-12-15,0.07862965633816334
2006-12-18,0.07939652131777093
2006-12-19,0.07961899833452543
2006-12-20,0.07952343378111529
2006-12-21,0.08023989624055505
2006-12-22,0.08257006648920155
2006-12-25,0.08150336570905321
2006-12-26,0.06860303017976392
2006-12-27,0.07151315351115724
2006-12-28,0.06457665000226812
2006-12-29,0.06658449259084921
2007-01-02,0.06576901630826786
2007-01-03,0.05860355097157048
2007-01-04,0.0570469208475895
2007-01-05,0.06113738775670334
2007-01-08,0.059922991494101775
2007-01-09,0.05948238228146844
2007-01-10,0.05920424256460119
2007-01-11,0.06272940999151473
2007-01-12,0.06461100411771085
2007-01-15,0.05749450437346036
2007-01-16,0.05734644639711378
2007-01-17,0.056317668558012
2007-01-18,0.05687238839998128
2007-01-19,0.057420936853610854
2007-01-22,0.05934529937268131
2007-01-23,0.05765073159731422
2007-01-24,0.06426860275672537
2007-01-25,0.07530795212215916
2007-01-26,0.07131490270974213
2007-01-29,0.07096890286677993
2007-01-30,0.07172448034102008
2007-01-31,0.07487515149427422
2007-02-01,0.07673082238796293
2007-02-02,0.07666764255574632
2007-02-05,0.07377651366557052
2007-02-06,0.0732961195402408
2007-02-07,0.07330793075910721
2007-02-08,0.0730482190259331
2007-02-09,0.07457933915989085
2007-02-12,0.07359482689511007
2007-02-13,0.07775265896336839
2007-02-14,0.08172154128629588
2007-02-15,0.08161371155303182
2007-02-16,0.08094802143036427
2007-02-19,0.08025327173344911
2007-02-20,0.07872632387515058
2007-02-21,0.07791397273980026
2007-02-22,0.07244954705884599
2007-02-23,0.06280919133492702
2007-02-26,0.06275265981247544
2007-02-27,0.14504405092300116
2007-02-28,0.14372687822703448
2007-03-01,0.14123612996811435
2007-03-02,0.14545666198126256
2007-03-05,0.14858872572876405
2007-03-06,0.15654275697039802
2007-03-07,0.15604143772824858
2007-03-08,0.157143292387175
2007-03-09,0.15652020285763535
2007-03-12,0.15440378750673292
2007-03-13,0.17143733224638716
2007-03-14,0.17029850839793645
2007-03-15,0.16816436478336236
2007-03-16,0.1681820059969342
2007-03-19,0.17161734272918075
2007-03-20,0.1725130963840354
2007-03-21,0.18117338370695
2007-03-22,0.1808005405378633
2007-03-23,0.1805365706967654
2007-03-26,0.17991597333736203
2007-03-27,0.18112715743447236
2007-03-28,0.13893569570367992
2007-03-29,0.13792157843264063
2007-03-30,0.13743309997946274
2007-04-02,0.13187063425603734
2007-04-03,0.13146728744259864
2007-04-04,0.12057052593136314
2007-04-05,0.12052893422038916
2007-04-06,0.11793589967351764
2007-04-09,0.11777822498560515
2007-04-10,0.11762799520826138
2007-04-11,0.09777412427891273
2007-04-12,0.09722091485652642
2007-04-13,0.09697148885303791
2007-04-16,0.10243595863581459
2007-04-17,0.09579049772809671
2007-04-18,0.0932885028108488
2007-04-19,0.07361272039055437
2007-04-20,0.07983256226313307
2007-04-23,0.08012124520093254
2007-04-24,0.0799724173341042
2007-04-25,0.0843028545184757
2007-04-26,0.07982319096973935
2007-04-27,0.07875200535775048
2007-04-30,0.08384773081745314
2007-05-01,0.08371186118037216
2007-05-02,0.08052458335131477
2007-05-03,0.08162913889652619
2007-05-04,0.08119288079610293
2007-05-07,0.0815591003762812
2007-05-08,0.08157357746833697
2007-05-09,0.08174457662049846
2007-05-10,0.0942875802067362
2007-05-11,0.09716706246686545
2007-05-14,0.09639305496552554
2007-05-15,0.08932266749009564
2007-05-16,0.09341024569391401
2007-05-17,0.09323376601000803
2007-05-18,0.09559124824316066
2007-05-21,0.09033481865340949
2007-05-22,0.08988015065485173
2007-05-23,0.08985573344839017
2007-05-24,0.09053809894885044
2007-05-25,0.09210130138628168
2007-05-28,0.0918804587225671
2007-05-29,0.08790094915846866
2007-05-30,0.09131947899228371
2007-05-31,0.08851944255354036
2007-06-01,0.08807684916511949
2007-06-04,0.08787791970942387
2007-06-05,0.08959725471923649
2007-06-06,0.0952942174160276
2007-06-07,0.11504398809031512
2007-06-08,0.11095262070008446
2007-06-11,0.10561976875905414
2007-06-12,0.11229533101426721
2007-06-13,0.1227762148039742
2007-06-14,0.11995629532940444
2007-06-15,0.12154604999580179
2007-06-18,0.1192376087910145
2007-06-19,0.1189692384382645
2007-06-20,0.12909916215214287
2007-06-21,0.1302977787561001
2007-06-22,0.13458394109012717
2007-06-25,0.13337475213060251
2007-06-26,0.13348716728122254
2007-06-27,0.13640263450191062
2007-06-28,0.13338237553452478
2007-06-29,0.1332039338368392
2007-07-02,0.13714014895738014
2007-07-03,0.13729685783257975
2007-07-04,0.13588548821378058
2007-07-05,0.13232040347486276
2007-07-06,0.11828200594444303
2007-07-09,0.11179371978314662
2007-07-10,0.1235357296299172
2007-07-11,0.11927403216246528
2007-07-12,0.12502002235382634
2007-07-13,0.12413141485680186
2007-07-16,0.12213819168815382
2007-07-17,0.12185397529043374
2007-07-18,0.12177207634666735
2007-07-19,0.11342763970933999
2007-07-20,0.120313026916042
2007-07-23,0.112874655847806
2007-07-24,0.13435585680805004
2007-07-25,0.1342032191731177
2007-07-26,0.15682815580830906
2007-07-27,0.16697687413064755
2007-07-30,0.16947976405773482
2007-07-31,0.17138670015248672
2007-08-01,0.17184240466585887
2007-08-02,0.17172190986461064
2007-08-03,0.19804501919600281
2007-08-06,0.2126533850310786
2007-08-07,0.21282173464513765
2007-08-08,0.21185776863115413
2007-08-09,0.23804477616323877
2007-08-10,0.22825259390789573
2007-08-13,0.22708140157434387
2007-08-14,0.23613657214026967
2007-08-15,0.2409053569316473
2007-08-16,0.24016737585072362
2007-08-17,0.25263557056373503
2007-08-20,0.24852571830841683
2007-08-21,0.2474246819148903
2007-08-22,0.24069654012320052
2007-08-23,0.23975059308046973
2007-08-24,0.22891602044590534
2007-08-27,0.2241867564562408
2007-08-28,0.2379887318393498
2007-08-29,0.24466789964371916
2007-08-30,0.24339381755043193
2007-08-31,0.2453703275785921
2007-09-03,0.22732557907073794
2007-09-04,0.2149622272843462
2007-09-05,0.2178423190153033
2007-09-06,0.21270344727313187
2007-09-07,0.19672955323848346
2007-09-10,0.196222268920739
2007-09-11,0.20101089424707208
2007-09-12,0.1907571954622664
2007-09-13,0.18653725070669358
2007-09-14,0.18585978869084632
2007-09-17,0.16747168075800994
2007-09-18,0.19346851193305706
2007-09-19,0.19427254493854382
2007-09-20,0.191659708443991
2007-09-21,0.19202819059596654
2007-09-24,0.1888826737766364
2007-09-25,0.18646050614598303
2007-09-26,0.1690317704400755
2007-09-27,0.15264635961640036
2007-09-28,0.15224001896637748
2007-10-01,0.15394887940222915
2007-10-02,0.153815967093496
2007-10-03,0.15056400076215118
2007-10-04,0.14542625226109462
2007-10-05,0.14813993973088505
2007-10-08,0.13685689960688702
2007-10-09,0.1393787707182338
2007-10-10,0.13169075796026591
2007-10-11,0.13300356199869307
2007-10-12,0.1308187665613348
2007-10-15,0.1344087347506968
2007-10-16,0.13536346767120738
2007-10-17,0.09388724319386929
2007-10-18,0.09142116269186575
2007-10-19,0.13052648180083337
2007-10-22,0.12938336944215048
2007-10-23,0.1308010058904505
2007-10-24,0.1304703462981924
2007-10-25,0.12865574877856306
2007-10-26,0.13562124263390643
2007-10-29,0.13538348039949955
2007-10-30,0.1296599629674977
2007-10-31,0.13541174658190308
2007-11-01,0.16687358434734542
2007-11-02,0.16591237944572065
2007-11-05,0.16306421287703093
2007-11-06,0.16701402728923537
2007-11-07,0.19784709526918834
2007-11-08,0.19672496101775222
2007-11-09,0.20218332395976776
2007-11-12,0.20403858898117866
2007-11-13,0.2233388895700218
2007-11-14,0.22307276129778433
2007-11-15,0.2277440889629902
2007-11-16,0.2277409416836534
2007-11-19,0.21942329027290317
2007-11-20,0.2188346802127806
2007-11-21,0.22420606989969122
2007-11-22,0.22333635613100122
2007-11-23,0.2297819800187563
2007-11-26,0.24081615317489727
2007-11-27,0.24490961478038314
2007-11-28,0.2612603767874293
2007-11-29,0.25757760008484615
2007-11-30,0.24200695654199794
2007-12-03,0.24253401078328118
2007-12-04,0.2427595861594621
2007-12-05,0.244337627963541
2007-12-06,0.22782756214618802
2007-12-07,0.22759397060501005
2007-12-10,0.22346657022201638
2007-12-11,0.2401202954061313
2007-12-12,0.21993765229261053
2007-12-13,0.2180959680170402
2007-12-14,0.21899267133522404
2007-12-17,0.22483592014655693
2007-12-18,0.2171806670955033
2007-12-19,0.21614817530843974
2007-12-20,0.20934520026862902
2007-12-21,0.21625598896791118
2007-12-24,0.21006650302190555
2007-12-25,0.19403356867840152
2007-12-26,0.18711566869691082
2007-12-27,0.16929974389316113
2007-12-28,0.16890436634198402
2007-12-31,0.16839953466064525
2008-01-02,0.17530806370399868
2008-01-03,0.1733849917022182
2008-01-04,0.18916307522058595
2008-01-07,0.18177581558336936
2008-01-08,0.1935183949300278
2008-01-09,0.19640107387900618
2008-01-10,0.17746808532504532
2008-01-11,0.18275528981915362
2008-01-14,0.18558998257048437
2008-01-15,0.20186038644296106
2008-01-16,0.19537950217865238
2008-01-17,0.22210067118519664
2008-01-18,0.22196459874214433
2008-01-21,0.22023178136892185
2008-01-22,0.21598619229105584
2008-01-23,0.2250537092524401
2008-01-24,0.22678771961522423
2008-01-25,0.2337164359706233
2008-01-28,0.23530116172759188
2008-01-29,0.2355053655656955
2008-01-30,0.23444843638982935
2008-01-31,0.2355131842837878
2008-02-01,0.23863147970813883
2008-02-04,0.22627777428581858
2008-02-05,0.25570677179319173
2008-02-06,0.24859823516083027
2008-02-07,0.24491978796290736
2008-02-08,0.24319136285918241
2008-02-11,0.23886732229512384
2008-02-12,0.23669890867446833
2008-02-13,0.22486228348514495
2008-02-14,0.22909925234092296
2008-02-15,0.20557329167901778
2008-02-18,0.20401022199748212
2008-02-19,0.20356736211377122
2008-02-20,0.20158663411360864
2008-02-21,0.19401221318198722
2008-02-22,0.19240691760465684
2008-02-25,0.18996769410497322
2008-02-26,0.18173736614370434
2008-02-27,0.18024592056954475
2008-02-28,0.18230261773576056
2008-02-29,0.20073935063640289
2008-03-03,0.19569164672469638
2008-03-04,0.19215307680722132
2008-03-05,0.15773449327419165
2008-03-06,0.1754943939609456
2008-03-07,0.17536289671316113
2008-03-10,0.18325577571490842
2008-03-11,0.2192635826404863
2008-03-12,0.21979027949134478
2008-03-13,0.21501989785235134
2008-03-14,0.22349635380912616
2008-03-17,0.22521108675452006
2008-03-18,0.2648757788663996
2008-03-19,0.27957736089335566
2008-03-20,0.2887417136530987
2008-03-21,0.2847564181242769
2008-03-24,0.28759084478131014
2008-03-25,0.283429450454037
2008-03-26,0.2839197590875864
2008-03-27,0.2866902212061146
2008-03-28,0.28618108636941425
2008-03-31,0.27091116139279064
2008-04-01,0.29568450693369347
2008-04-02,0.29523580710584735
2008-04-03,0.294465296085754
2008-04-04,0.28442892280128856
2008-04-07,0.28281847586869935
2008-04-08,0.2783130733665943
2008-04-09,0.2510809748104828
2008-04-10,0.2494486807652805
2008-04-11,0.26009024833253064
2008-04-14,0.2501061429380423
2008-04-15,0.24836592020860745
2008-04-16,0.2180195712488601
2008-04-17,0.20117831010829929
2008-04-18,0.19400531289999895
2008-04-21,0.1938168913430438
2008-04-22,0.1894773967677642
2008-04-23,0.18929015985537415
2008-04-24,0.18794094004503606
2008-04-25,0.18492676334671615
2008-04-28,0.1827905560843967
2008-04-29,0.18218683161936838
2008-04-30,0.13817338014303968
2008-05-01,0.14933109908529013
2008-05-02,0.14949639403311388
2008-05-05,0.150281728296993
2008-05-06,0.15223981149489788
2008-05-07,0.16561479962858172
2008-05-08,0.16339543845344426
2008-05-09,0.16427932802590017
2008-05-12,0.15296550913619192
2008-05-13,0.15222099902815472
2008-05-14,0.15174550276293275
2008-05-15,0.13584512076278094
2008-05-16,0.13564922907673338
2008-05-19,0.12103652354689899
2008-05-20,0.12557078643789144
2008-05-21,0.1356514107375304
2008-05-22,0.13508987644314002
2008-05-23,0.1417473333703731
2008-05-26,0.13949639048650153
2008-05-27,0.14087317757329132
2008-05-28,0.1404718616813734
2008-05-29,0.14065091162834908
2008-05-30,0.1280982094486063
2008-06-02,0.13321436002870388
2008-06-03,0.13369638844483392
2008-06-04,0.13081158401064774
2008-06-05,0.13216349701802596
2008-06-06,0.17532293655741293
2008-06-09,0.17287568409541207
2008-06-10,0.1682182981276626
2008-06-11,0.17894886507190605
2008-06-12,0.17790752346312824
2008-06-13,0.18072754856651602
2008-06-16,0.180012168708256
2008-06-17,0.181170408201175
2008-06-18,0.18150156504770573
2008-06-19,0.17292111913540986
2008-06-20,0.18563017966753717
2008-06-23,0.1793883437849332
2008-06-24,0.17908051660259058
2008-06-25,0.1781231092106191
2008-06-26,0.20870929085626366
2008-06-27,0.20744256833992483
2008-06-30,0.20657169512998974
2008-07-01,0.20310756786370698
2008-07-02,0.2126761623942128
2008-07-03,0.21192194220148433
2008-07-04,0.20086876731615955
2008-07-07,0.17260845421366028
2008-07-08,0.18117990134797518
2008-07-09,0.19956983125162914
2008-07-10,0.1916303082479558
2008-07-11,0.19497959819216198
2008-07-14,0.19053198028352697
2008-07-15,0.1941013748451331
2008-07-16,0.2094851430718053
2008-07-17,0.21018748716156604
2008-07-18,0.20928825044150418
2008-07-21,0.1990034817890401
2008-07-22,0.2036951288185182
2008-07-23,0.20357195110689677
2008-07-24,0.22008188608590407
2008-07-25,0.1954321007610654
2008-07-28,0.2065005646530632
2008-07-29,0.22006263318443398
2008-07-30,0.2261101000814104
2008-07-31,0.222340591443315
2008-08-01,0.2227145030844519
2008-08-04,0.22469690241776671
2008-08-05,0.24214112956636707
2008-08-06,0.23510792854800078
2008-08-07,0.23134240446480014
2008-08-08,0.24311490283028042
2008-08-11,0.24085997760683595
2008-08-12,0.24270573846503754
2008-08-13,0.2396712691772873
2008-08-14,0.2249124468611635
2008-08-15,0.22131314909745592
2008-08-18,0.22807463926414723
2008-08-19,0.2302886620003554
2008-08-20,0.22632078728978108
2008-08-21,0.22568878925063726
2008-08-22,0.21441134406610823
2008-08-25,0.22591918251559387
2008-08-26,0.21664566255152382
2008-08-27,0.20336671670811463
2008-08-28,0.20134572816741697
2008-08-29,0.20251083515471555
2008-09-01,0.20116193455386633
2008-09-02,0.19901708220603562
2008-09-03,0.17416957007873957
2008-09-04,0.20671740188058926
2008-09-05,0.19706661765006958
2008-09-08,0.1919531374657069
2008-09-09,0.22924821852385363
2008-09-10,0.22521157459495864
2008-09-11,0.2286166033474835
2008-09-12,0.2269824145932182
2008-09-15,0.28789217282772567
2008-09-16,0.2875839956438439
2008-09-17,0.33584069488434587
2008-09-18,0.3627350238942091
2008-09-19,0.38486621521179654
2008-09-22,0.40795332351407876
2008-09-23,0.4049400117601011
2008-09-24,0.40325071844623855
2008-09-25,0.40634205815962277
2008-09-26,0.40221956876412773
2008-09-29,0.5245057482711369
2008-09-30,0.5512923574863156
2008-10-01,0.5489315260582692
2008-10-02,0.5675272709896779
2008-10-03,0.5581337775277373
2008-10-06,0.5745862056010602
2008-10-07,0.6089782526330539
2008-10-08,0.5964339506666335
2008-10-09,0.6621962723710028
2008-10-10,0.6589018652209261
2008-10-13,0.7536314000231317
2008-10-14,0.7337804863872386
2008-10-15,0.8092729385646392
2008-10-16,0.8019569132925954
2008-10-17,0.7865888626810065
2008-10-20,0.788619102261172
2008-10-21,0.7839513579705379
2008-10-22,0.8141303977032792
2008-10-23,0.8128135489000707
2008-10-24,0.8184182892922753
2008-10-27,0.8249949197841758
2008-10-28,0.8368274806181691
2008-10-29,0.8168660275228959
2008-10-30,0.819719406262026
2008-10-31,0.8080905988835642
2008-11-03,0.8056253313870224
2008-11-04,0.804974749046755
2008-11-05,0.8041016003653157
2008-11-06,0.8242623599215242
2008-11-07,0.7837041471007391
2008-11-10,0.7826523576586755
2008-11-11,0.69267223065439
2008-11-12,0.7186381288183118
2008-11-13,0.6801122501632987
2008-11-14,0.6821978047008499
2008-11-17,0.6869684305650972
2008-11-18,0.6677320092908828
2008-11-19,0.6979844626817286
2008-11-20,0.7106666717763526
2008-11-21,0.7365424564006563
2008-11-24,0.7550191711294346
2008-11-25,0.7454206092883993
2008-11-26,0.6682953453257892
2008-11-27,0.6655197182426504
2008-11-28,0.6591913862715084
2008-12-01,0.7415565448539889
2008-12-02,0.7506507422786229
2008-12-03,0.7410403869212576
2008-12-04,0.724364683402842
2008-12-05,0.7113763888718501
2008-12-08,0.7144854141198459
2008-12-09,0.716867505092968
2008-12-10,0.7125241385040443
2008-12-11,0.6962672002981001
2008-12-12,0.6574060754283808
2008-12-15,0.6418764388812986
2008-12-16,0.6568259215950446
2008-12-17,0.6559710100479245
2008-12-18,0.6243323027573427
2008-12-19,0.5774362713732947
2008-12-22,0.5422372249817319
2008-12-23,0.499296088507977
2008-12-24,0.4982911387553561
2008-12-25,0.48342646358268776
2008-12-26,0.4830501043298368
2008-12-29,0.4815452334086439
2008-12-30,0.371203662631477
2008-12-31,0.3493065656404984
2009-01-02,0.35389198638162567
2009-01-05,0.339181295833905
2009-01-06,0.31731824543349746
2009-01-07,0.31126083750916267
2009-01-08,0.3004026993714556
2009-01-09,0.3075075175802321
2009-01-12,0.3026524744813551
2009-01-13,0.30078523933049567
2009-01-14,0.3224259951570216
2009-01-15,0.27288145002996295
2009-01-16,0.27085797954353136
2009-01-19,0.2598476254402354
2009-01-20,0.3274628199671026
2009-01-21,0.3504498573817606
2009-01-22,0.3518777512751939
2009-01-23,0.35031804054608495
2009-01-26,0.34950934807977296
2009-01-27,0.34982373629786156
2009-01-28,0.36602659597134796
2009-01-29,0.3771578830580283
2009-01-30,0.38265009567552427
2009-02-02,0.36665149348551185
2009-02-03,0.36907821883666936
2009-02-04,0.3682533805986129
2009-02-05,0.35688714522718873
2009-02-06,0.3670898182848384
2009-02-09,0.3591453315739191
2009-02-10,0.3966811844037081
2009-02-11,0.3961992731839338
2009-02-12,0.37789589075095087
2009-02-13,0.3786214738224304
2009-02-16,0.3767665673820898
2009-02-17,0.4136287857116826
2009-02-18,0.3690554673849243
2009-02-19,0.34121091834836886
2009-02-20,0.3385530193937415
2009-02-23,0.36127377379840403
2009-02-24,0.38310740790664677
2009-02-25,0.3821378790203586
2009-02-26,0.3689745156818812
2009-02-27,0.36069941160863894
2009-03-02,0.39287091712665256
2009-03-03,0.39179190126116725
2009-03-04,0.39462771007473785
2009-03-05,0.4241115917598488
2009-03-06,0.4187883804688933
2009-03-09,0.40915658685558814
2009-03-10,0.45808437967642857
2009-03-11,0.4240484483870436
2009-03-12,0.4432223416662735
2009-03-13,0.4430524616600244
2009-03-16,0.44114908914160017
2009-03-17,0.45327328022876545
2009-03-18,0.4299868982783141
2009-03-19,0.4321451590276699
2009-03-20,0.4359831672164487
2009-03-23,0.49151734080112125
2009-03-24,0.48237736195444286
2009-03-25,0.46423058604253425
2009-03-26,0.4688555642442644
2009-03-27,0.4714989326999863
2009-03-30,0.48223263495958335
2009-03-31,0.4556675403446512
2009-04-01,0.4578035711301894
2009-04-02,0.4603001522592188
2009-04-03,0.43680611271847836
2009-04-06,0.4373771998641237
2009-04-07,0.444657914546645
2009-04-08,0.39387068142077586
2009-04-09,0.4130140265352662
2009-04-10,0.3897688870694816
2009-04-13,0.3885302359464997
2009-04-14,0.3951478541893066
2009-04-15,0.3821930314399791
2009-04-16,0.3789088058396122
2009-04-17,0.3762954118632132
2009-04-20,0.4037060168540263
2009-04-21,0.33727062855465095
2009-04-22,0.3302073580235319
2009-04-23,0.32939763943950784
2009-04-24,0.3241411155375135
2009-04-27,0.3181045231600319
2009-04-28,0.2940659753146514
2009-04-29,0.29895949005105643
2009-04-30,0.2931951377377699
2009-05-01,0.2771452729715713
2009-05-04,0.29695321323251367
2009-05-05,0.2955523546737494
2009-05-06,0.2896176292703198
2009-05-07,0.29078481998921063
2009-05-08,0.2735872962771731
2009-05-11,0.2848856338698547
2009-05-12,0.28426951428114056
2009-05-13,0.2933329660998884
2009-05-14,0.2916294121950802
2009-05-15,0.28941372006119187
2009-05-18,0.30557410561901627
2009-05-19,0.26681050425692604
2009-05-20,0.25730145038036734
2009-05-21,0.2630378323477502
2009-05-22,0.26038020573781756
2009-05-25,0.25367145732779217
2009-05-26,0.2658193885530302
2009-05-27,0.2745977635877581
2009-05-28,0.26937885794656563
2009-05-29,0.27273937637208584
2009-06-01,0.2850921276634624
2009-06-02,0.26157586777978
2009-06-03,0.26593186589822837
2009-06-04,0.2619165073783534
2009-06-05,0.2578535162897747
2009-06-08,0.2446745061063424
2009-06-09,0.23334263333268984
2009-06-10,0.23342056614467763
2009-06-11,0.21513952651845636
2009-06-12,0.2121192235847247
2009-06-15,0.22658765468376663
2009-06-16,0.2075975709053049
2009-06-17,0.206971701994051
2009-06-18,0.20764183633318692
2009-06-19,0.19939656601704422
2009-06-22,0.22979987256307302
2009-06-23,0.22902550124293994
2009-06-24,0.21178003684192262
2009-06-25,0.21327018669017173
2009-06-26,0.20628081048108435
2009-06-29,0.20286323278151552
2009-06-30,0.18575722039416123
2009-07-01,0.18564733337997644
2009-07-02,0.20996479555279013
2009-07-03,0.20539542456402576
2009-07-06,0.20453451086818736
2009-07-07,0.216651493274499
2009-07-08,0.2155318559617255
2009-07-09,0.21475620793010447
2009-07-10,0.21359852872693194
2009-07-13,0.22865633387038428
2009-07-14,0.21387781648259474
2009-07-15,0.231143840120977
2009-07-16,0.23253688285340826
2009-07-17,0.2304646682123608
2009-07-20,0.2331178640889396
2009-07-21,0.20810633450321545
2009-07-22,0.2077126810021844
2009-07-23,0.22053781881234263
2009-07-24,0.2085734220488692
2009-07-27,0.2085818404106763
2009-07-28,0.2064108199472863
2009-07-29,0.20493204279179844
2009-07-30,0.2081449223681847
2009-07-31,0.18237062895505007
2009-08-03,0.189393618770198
2009-08-04,0.18936541442414195
2009-08-05,0.1772501644923352
2009-08-06,0.17830880734524696
2009-08-07,0.1834491654333852
2009-08-10,0.18327896850781927
2009-08-11,0.1698375366076328
2009-08-12,0.17306782792501105
2009-08-13,0.14373351630033812
2009-08-14,0.1441077369343541
2009-08-17,0.17021110288527852
2009-08-18,0.16861215496088167
2009-08-19,0.16915734635785762
2009-08-20,0.17260476928074317
2009-08-21,0.16572730050035922
2009-08-24,0.1650096727248814
2009-08-25,0.16453206883965088
2009-08-26,0.16397420646979147
2009-08-27,0.16322906386932268
2009-08-28,0.1581673756573538
2009-08-31,0.16076680896789092
2009-09-01,0.1731435520117262
2009-09-02,0.1726754099610008
2009-09-03,0.17423515880873758
2009-09-04,0.17825015010612683
2009-09-07,0.17200649575361987
2009-09-08,0.17383310293796925
2009-09-09,0.17010142657456287
2009-09-10,0.1690058633287032
2009-09-11,0.1672250854022418
2009-09-14,0.16584286132475304
2009-09-15,0.14366373391466497
2009-09-16,0.14853186572145807
2009-09-17,0.1469891329993681
2009-09-18,0.14240191460193882
2009-09-21,0.12844731634846912
2009-09-22,0.13017689480901556
2009-09-23,0.13511934027538808
2009-09-24,0.1394837817092961
2009-09-25,0.14073046107154621
2009-09-28,0.15247502980024147
2009-09-29,0.14998399883509397
2009-09-30,0.12982221034711808
2009-10-01,0.16128950728847422
2009-10-02,0.1588424743073232
2009-10-05,0.15989383746400143
2009-10-06,0.16582555078353886
2009-10-07,0.16286975236258358
2009-10-08,0.16225170060129657
2009-10-09,0.1591462391092702
2009-10-12,0.15941332102004288
2009-10-13,0.15800369353347432
2009-10-14,0.16801306614241218
2009-10-15,0.16030432970865624
2009-10-16,0.16258367573235988
2009-10-19,0.16516011891083873
2009-10-20,0.1661825955601977
2009-10-21,0.16775859661726383
2009-10-22,0.16783078521393704
2009-10-23,0.17062165765280363
2009-10-26,0.17460811215594804
2009-10-27,0.16412862368761566
2009-10-28,0.17918640898409502
2009-10-29,0.19351088233433836
2009-10-30,0.2014248362982067
2009-11-02,0.2010574481994603
2009-11-03,0.1940426758451661
2009-11-04,0.18772985500962888
2009-11-05,0.19761856261069438
2009-11-06,0.195598433796589
2009-11-09,0.2079289882641256
2009-11-10,0.2069700199638421
2009-11-11,0.20707223611564257
2009-11-12,0.20184439734162554
2009-11-13,0.20191062825856715
2009-11-16,0.20552634090230293
2009-11-17,0.20280582328093175
2009-11-18,0.20145117123571804
2009-11-19,0.2051830416124733
2009-11-20,0.20206684920251317
2009-11-23,0.2027027516130878
2009-11-24,0.19848983610105095
2009-11-25,0.1985245401020858
2009-11-26,0.18673830818965803
2009-11-27,0.1824070950951032
2009-11-30,0.15494851855247124
2009-12-01,0.1582936726432556
2009-12-02,0.15772932460026567
2009-12-03,0.16046848115712192
2009-12-04,0.1477520453786161
2009-12-07,0.14748287451705056
2009-12-08,0.13262154271743254
2009-12-09,0.1328079718138477
2009-12-10,0.13283834559282154
2009-12-11,0.12846068364438684
2009-12-14,0.12886879287699496
2009-12-15,0.12087509267158311
2009-12-16,0.12063157843024437
2009-12-17,0.12820705245657668
2009-12-18,0.12100603453466036
2009-12-21,0.1252846848560574
2009-12-22,0.1169513990816602
2009-12-23,0.11693807729721473
2009-12-24,0.11706860285162662
2009-12-25,0.116870370576341
2009-12-28,0.10085425074255536
2009-12-29,0.09999983227181747
2009-12-30,0.0912025169793443
2009-12-31,0.09846054185786869
2010-01-04,0.1082908514881551
2010-01-05,0.10698007260413783
2010-01-06,0.10647384691709934
2010-01-07,0.10132424233514357
2010-01-08,0.1008737299681439
2010-01-11,0.09896416427089054
2010-01-12,0.10411351412777174
2010-01-13,0.10502008233894623
2010-01-14,0.10344489795426937
2010-01-15,0.11082201685808697
2010-01-18,0.1029539723442738
2010-01-19,0.10919106565212812
2010-01-20,0.11038946447761311
2010-01-21,0.13034350977120165
2010-01-22,0.15376052771785667
2010-01-25,0.15258499648890095
2010-01-26,0.15257052404483784
2010-01-27,0.15266838673865185
2010-01-28,0.15821553201599275
2010-01-29,0.16174813165260718
2010-02-01,0.16454868841850284
2010-02-02,0.16089703951856812
2010-02-03,0.1613328936662133
2010-02-04,0.19898482566719036
2010-02-05,0.19772956725945343
2010-02-08,0.19933527939935564
2010-02-09,0.2031808005150769
2010-02-10,0.2000923997087096
2010-02-11,0.20012151268296188
2010-02-12,0.19963896644577403
2010-02-15,0.19568659295964497
2010-02-16,0.2043477172285285
2010-02-17,0.20009046520043566
2010-02-18,0.19771077573963633
2010-02-19,0.18663065344820717
2010-02-22,0.17028538133367424
2010-02-23,0.17521991427161576
2010-02-24,0.17732847548003344
2010-02-25,0.17642413804232132
2010-02-26,0.1715548894163112
2010-03-01,0.17145665862510354
2010-03-02,0.16457606705784647
2010-03-03,0.15848593606924619
2010-03-04,0.1577132428668809
2010-03-05,0.12479781864470695
2010-03-08,0.1242345976904037
2010-03-09,0.12049984420398968
2010-03-10,0.11311984793011236
2010-03-11,0.11355438155064083
2010-03-12,0.10865342220693897
2010-03-15,0.10815588553102021
2010-03-16,0.11119666269307597
2010-03-17,0.09532328230655042
2010-03-18,0.094167479282563
2010-03-19,0.09338654573853693
2010-03-22,0.0945627711774294
2010-03-23,0.09745099374939555
2010-03-24,0.09057417331605358
2010-03-25,0.08456295765322352
2010-03-26,0.08418173459815644
2010-03-29,0.08610189933379456
2010-03-30,0.0789138013036219
2010-03-31,0.07938323228605257
2010-04-01,0.083119113856532
2010-04-02,0.08207172666497926
2010-04-05,0.07225974258809244
2010-04-06,0.07240760099481254
2010-04-07,0.07537495241146483
2010-04-08,0.07456223625759394
2010-04-09,0.07658552524951485
2010-04-12,0.07672211492456735
2010-04-13,0.07666055518782033
2010-04-14,0.08115677133949437
2010-04-15,0.07873339242043322
2010-04-16,0.09910801809696258
2010-04-19,0.09836995966071321
2010-04-20,0.1002372008196982
2010-04-21,0.09703375472250862
2010-04-22,0.09524297147983968
2010-04-23,0.09780813350689224
2010-04-26,0.09887203684932928
2010-04-27,0.13056692387803823
2010-04-28,0.13164643568177278
2010-04-29,0.1375978806483311
2010-04-30,0.14843533765008565
2010-05-03,0.15417737696561531
2010-05-04,0.17567638224986581
2010-05-05,0.17638743258472697
2010-05-06,0.21272482570895074
2010-05-07,0.21871826661951613
2010-05-10,0.26074538698556754
2010-05-11,0.2600520898303863
2010-05-12,0.26329243430999183
2010-05-13,0.26380058767684944
2010-05-14,0.2723144132368002
2010-05-17,0.26591745709586506
2010-05-18,0.270024673968836
2010-05-19,0.26861546010560067
2010-05-20,0.30570904936836263
2010-05-21,0.3085570767749499
2010-05-24,0.31032826908234673
2010-05-25,0.30899000276639466
2010-05-26,0.2982731714296244
2010-05-27,0.3162130081130172
2010-05-28,0.31591652084117755
2010-05-31,0.31009076344137193
2010-06-01,0.312987861832625
2010-06-02,0.313597928660456
2010-06-03,0.3125276529646103
2010-06-04,0.3190337624154437
2010-06-07,0.317802668136073
2010-06-08,0.28383175493510127
2010-06-09,0.2835527325452496
2010-06-10,0.29578760981074476
2010-06-11,0.2925576785998281
2010-06-14,0.28487118828421304
2010-06-15,0.294954537846094
2010-06-16,0.2904882620946113
2010-06-17,0.28957683509387305
2010-06-18,0.25603833876390025
2010-06-21,0.25105377238612503
2010-06-22,0.25403171392384194
2010-06-23,0.25383757600911405
2010-06-24,0.26040823231032056
2010-06-25,0.2359369605614551
2010-06-28,0.2317884615754134
2010-06-29,0.2591203698167519
2010-06-30,0.25433727525661304
2010-07-01,0.23865701618612956
2010-07-02,0.2381184900875382
2010-07-05,0.20571909076661435
2010-07-06,0.20056799753434712
2010-07-07,0.2224994963337759
2010-07-08,0.22333356951750857
2010-07-09,0.20145098970793582
2010-07-12,0.20048668272016104
2010-07-13,0.2065716443816362
2010-07-14,0.19068343467671447
2010-07-15,0.19040566794454425
2010-07-16,0.21877167910349066
2010-07-19,0.2189109897715949
2010-07-20,0.22122415157366684
2010-07-21,0.21902629849292932
2010-07-22,0.23082394948023652
2010-07-23,0.22477172861020284
2010-07-26,0.22725093825739928
2010-07-27,0.2267818274047806
2010-07-28,0.20140875860380575
2010-07-29,0.19866912633423203
2010-07-30,0.1980095693999375
2010-08-02,0.21040229133300709
2010-08-03,0.2109065168302498
2010-08-04,0.2108760784476891
2010-08-05,0.18303156919783437
2010-08-06,0.1805762291791942
2010-08-09,0.17968256778212052
2010-08-10,0.1808613691372225
2010-08-11,0.20293453849083384
2010-08-12,0.20322799092535532
2010-08-13,0.2031100891020392
2010-08-16,0.1767111732790982
2010-08-17,0.17971645768411565
2010-08-18,0.17512342008632364
2010-08-19,0.18059139732290516
2010-08-20,0.16402617698214325
2010-08-23,0.1617678820018271
2010-08-24,0.16585892030034627
2010-08-25,0.16554255866408302
2010-08-26,0.165784261030734
2010-08-27,0.17378667515596946
2010-08-30,0.1818356845778649
2010-08-31,0.16561245814784178
2010-09-01,0.1914923414184876
2010-09-02,0.19243640774325513
2010-09-03,0.19710681917218684
2010-09-06,0.19639892332711062
2010-09-07,0.19989233437676773
2010-09-08,0.19971883257513887
2010-09-09,0.17515816715866317
2010-09-10,0.1746878616131361
2010-09-13,0.17788883604228548
2010-09-14,0.1776912051777577
2010-09-15,0.17310808390611632
2010-09-16,0.17286764230624865
2010-09-17,0.16277643986125587
2010-09-20,0.17001579487133425
2010-09-21,0.1696159413582192
2010-09-22,0.16312178130711597
2010-09-23,0.1655628987835087
2010-09-24,0.1780794331083891
2010-09-27,0.1703276644346317
2010-09-28,0.1634278509825176
2010-09-29,0.16357135414811078
2010-09-30,0.1310032978914657
2010-10-01,0.12809333544952142
2010-10-04,0.1236763652195994
2010-10-05,0.14187671269608512
2010-10-06,0.13626267054104008
2010-10-07,0.13452144551012526
2010-10-08,0.13498765926591857
2010-10-11,0.13387182034728745
2010-10-12,0.12906457420004638
2010-10-13,0.1311675075581948
2010-10-14,0.13125144905422437
2010-10-15,0.1313395729220855
2010-10-18,0.13348916838044977
2010-10-19,0.13679564811401673
2010-10-20,0.14073569520073598
2010-10-21,0.13963721160282103
2010-10-22,0.13673080276266003
2010-10-25,0.11683727978588752
2010-10-26,0.11501976665889044
2010-10-27,0.11409781646096875
2010-10-28,0.11363897520346157
2010-10-29,0.1130080043024092
2010-11-01,0.11191977523972856
2010-11-02,0.11151788507398167
2010-11-03,0.08765016972712883
2010-11-04,0.10878285313754828
2010-11-05,0.1093561476589641
2010-11-08,0.10760558469476404
2010-11-09,0.11164657707545941
2010-11-10,0.11173077790112478
2010-11-11,0.11013453236857701
2010-11-12,0.11785149283671818
2010-11-15,0.11745938941898533
2010-11-16,0.12965175105245072
2010-11-17,0.11725862598791609
2010-11-18,0.1226526683030983
2010-11-19,0.12240852245408959
2010-11-22,0.12193699561034997
2010-11-23,0.13261419397321916
2010-11-24,0.1413332499387668
2010-11-25,0.14065015467846406
2010-11-26,0.1429978944513709
2010-11-29,0.14273409101181359
2010-11-30,0.14417744591825335
2010-12-01,0.1589113004535729
2010-12-02,0.16394627875105663
2010-12-03,0.15069357443972772
2010-12-06,0.14999019676678113
2010-12-07,0.14964861819590877
2010-12-08,0.1474962354715996
2010-12-09,0.14718612425279684
2010-12-10,0.147751239840527
2010-12-13,0.1420641380926983
2010-12-14,0.1419386594954238
2010-12-15,0.13202454191320318
2010-12-16,0.13355134712048122
2010-12-17,0.12311558462726478
2010-12-20,0.12302495384273285
2010-12-21,0.12450171046444769
2010-12-22,0.1150762764451139
2010-12-23,0.10369501329599606
2010-12-24,0.10362556785114015
2010-12-27,0.10042935948120534
2010-12-28,0.10029876374605176
2010-12-29,0.09816819248153699
2010-12-30,0.06649818452716734
2010-12-31,0.0505577306272268
2011-01-03,0.06261997569183952
2011-01-04,0.06261369848767855
2011-01-05,0.06478269931474485
2011-01-06,0.06402259664185957
2011-01-07,0.06302873137052845
2011-01-10,0.05985948850059037
2011-01-11,0.06111300218474851
2011-01-12,0.06812122837361663
2011-01-13,0.06614540966253511
2011-01-14,0.06748484903595128
2011-01-17,0.06739010085082191
2011-01-18,0.06696711268118549
2011-01-19,0.07410554211518008
2011-01-20,0.07316484565075669
2011-01-21,0.07320786228014824
2011-01-24,0.07564125855896338
2011-01-25,0.0754687101725217
2011-01-26,0.07662965764296867
2011-01-27,0.0768153466739304
2011-01-28,0.10157467950694458
2011-01-31,0.10431170545966166
2011-02-01,0.11171204727057817
2011-02-02,0.11173420143684881
2011-02-03,0.11040639741410575
2011-02-04,0.11031376506966067
2011-02-07,0.1118809964311054
2011-02-08,0.1124553423788634
2011-02-09,0.11204504724775485
2011-02-10,0.10769873381902127
2011-02-11,0.10897452570609636
2011-02-14,0.1062506119976536
2011-02-15,0.10681229627338876
2011-02-16,0.10865346301817701
2011-02-17,0.10346745032664469
2011-02-18,0.10347721115866713
2011-02-21,0.10306576295094766
2011-02-22,0.1269884778581127
2011-02-23,0.12850135655159453
2011-02-24,0.12726346602629013
2011-02-25,0.13148088781072323
2011-02-28,0.11757267596672279
2011-03-01,0.12856401115656452
2011-03-02,0.11520530857122946
2011-03-03,0.12805048936752678
2011-03-04,0.13030128535820892
2011-03-07,0.13317968887696105
2011-03-08,0.13444772908565553
2011-03-09,0.13340477724871305
2011-03-10,0.15032902998309003
2011-03-11,0.15158892690294928
2011-03-14,0.15160018899900532
2011-03-15,0.15656552034053073
2011-03-16,0.1718901252103311
2011-03-17,0.17570786079991627
2011-03-18,0.17536243478215652
2011-03-21,0.18178623954843873
2011-03-22,0.18179480192828684
2011-03-23,0.167516018722619
2011-03-24,0.16877124383418135
2011-03-25,0.1687178053509964
2011-03-28,0.1649375242201734
2011-03-29,0.16529793990555894
2011-03-30,0.15768577001165157
2011-03-31,0.1575088361928986
2011-04-01,0.14725879553475327
2011-04-04,0.14491506935160656
2011-04-05,0.14193847503144724
2011-04-06,0.13875286671693407
2011-04-07,0.13865453861944135
2011-04-08,0.12351823270780135
2011-04-11,0.1214932681463655
2011-04-12,0.12307252990940017
2011-04-13,0.11681883023313434
2011-04-14,0.09573590338465048
2011-04-15,0.08529685442849845
2011-04-18,0.09339341589390919
2011-04-19,0.08061753026805268
2011-04-20,0.09145128591955137
2011-04-21,0.09238569888308672
2011-04-22,0.08661680778825909
2011-04-25,0.08595017262345384
2011-04-26,0.09045600832643486
2011-04-27,0.08961191696784604
2011-04-28,0.08740733478844863
2011-04-29,0.08740253905017
2011-05-02,0.08592058733467645
2011-05-03,0.08673287845246799
2011-05-04,0.09031496276670313
2011-05-05,0.0960014015313928
2011-05-06,0.09646346171444099
2011-05-09,0.09649546338528264
2011-05-10,0.09961459434725478
2011-05-11,0.1044510567279879
2011-05-12,0.10543801594156436
2011-05-13,0.1093871518910185
2011-05-16,0.11071037040495037
2011-05-17,0.10383118366669203
2011-05-18,0.10594009797677545
2011-05-19,0.09569424543162205
2011-05-20,0.09805136522625457
2011-05-23,0.1074036837250314
2011-05-24,0.10688057592884659
2011-05-25,0.10267164851254641
2011-05-26,0.10100902778415083
2011-05-27,0.10092081677487719
2011-05-30,0.10034361275125953
2011-05-31,0.10609589744755192
2011-06-01,0.13554954062371238
2011-06-02,0.13292526418092818
2011-06-03,0.13369663482001246
2011-06-06,0.1383864635079974
2011-06-07,0.1369182932360715
2011-06-08,0.13450116777480692
2011-06-09,0.1308928627723161
2011-06-10,0.1394900288213764
2011-06-13,0.1361715025832895
2011-06-14,0.14053571719422686
2011-06-15,0.15449269612804484
2011-06-16,0.1510731573568032
2011-06-17,0.15066199845176353
2011-06-20,0.14897641519400096
2011-06-21,0.1498207819359516
2011-06-22,0.15133481152810782
2011-06-23,0.15093838248104682
2011-06-24,0.1562514779534208
2011-06-27,0.15827320416407512
2011-06-28,0.16379728809683544
2011-06-29,0.16197405136872128
2011-06-30,0.14568001783964016
2011-07-01,0.1532047173613264
2011-07-04,0.14935532790878275
2011-07-05,0.14467835167033208
2011-07-06,0.14449569145757366
2011-07-07,0.14788141829328366
2011-07-08,0.14793043963586128
2011-07-11,0.15537451712528463
2011-07-12,0.1558012556331722
2011-07-13,0.14986260137787705
2011-07-14,0.1394056821658566
2011-07-15,0.14014161489170654
2011-07-18,0.1426775527661119
2011-07-19,0.15138874840349797
2011-07-20,0.14421241705179208
2011-07-21,0.14935813391636202
2011-07-22,0.14884377045750738
2011-07-25,0.1447156135634182
2011-07-26,0.14197487693276317
2011-07-27,0.15485947027238503
2011-07-28,0.1522452878979847
2011-07-29,0.14981383901338993
2011-08-01,0.14209851996260728
2011-08-02,0.17103965961083697
2011-08-03,0.1709344026878871
2011-08-04,0.24868334545523038
2011-08-05,0.2443783640437368
2011-08-08,0.3514404709754556
2011-08-09,0.3772065656305209
2011-08-10,0.4101984500669284
2011-08-11,0.4353395838958154
2011-08-12,0.4329928111998672
2011-08-15,0.43685334487566857
2011-08-16,0.435870729715146
2011-08-17,0.4309592976611056
2011-08-18,0.4616534556661146
2011-08-19,0.4611353564476724
2011-08-22,0.45957878422173726
2011-08-23,0.4718168480124748
2011-08-24,0.4725082970941205
2011-08-25,0.46995698377956024
2011-08-26,0.4715957052323029
2011-08-29,0.4796097620433583
2011-08-30,0.47873199035157876
2011-08-31,0.47027805602017436
2011-09-01,0.4714787082611173
2011-09-02,0.45084988105160617
2011-09-05,0.45013836441278615
2011-09-06,0.3851821427140112
2011-09-07,0.3638973376176601
2011-09-08,0.3319427948183092
2011-09-09,0.3104186749705186
2011-09-12,0.3098741154010487
2011-09-13,0.30189685515078285
2011-09-14,0.3027459762766459
2011-09-15,0.30754164616817115
2011-09-16,0.2660322671948683
2011-09-19,0.26304171406849397
2011-09-20,0.262561093193687
2011-09-21,0.2605192565649655
2011-09-22,0.28258032461902843
2011-09-23,0.27704224701012775
2011-09-26,0.28222597253381587
2011-09-27,0.2673885673806705
2011-09-28,0.2774179045375211
2011-09-29,0.27729775730229494
2011-09-30,0.28907545375016136
2011-10-03,0.2947704607406714
2011-10-04,0.302994838010142
2011-10-05,0.3067596757664459
2011-10-06,0.2969081404654834
2011-10-07,0.2954158928385241
2011-10-10,0.30217539163226287
2011-10-11,0.3005870792315987
2011-10-12,0.3002291731547998
2011-10-13,0.2964674046088305
2011-10-14,0.29612075359088563
2011-10-17,0.30385069260556974
2011-10-18,0.30914655535124724
2011-10-19,0.3122295212921904
2011-10-20,0.29535828223976074
2011-10-21,0.28094348170373223
2011-10-24,0.28311696046380486
2011-10-25,0.28194111137928207
2011-10-26,0.2813643179192201
2011-10-27,0.29483317549090876
2011-10-28,0.2931851247637163
2011-10-31,0.2950339340738249
2011-11-01,0.2969427282815724
2011-11-02,0.2913926603311107
2011-11-03,0.29124529556985185
2011-11-04,0.28495740175017253
2011-11-07,0.2837527979763896
2011-11-08,0.26240276957206987
2011-11-09,0.2961915897172324
2011-11-10,0.2947108256306721
2011-11-11,0.30076883300072776
2011-11-14,0.2963840180411131
2011-11-15,0.2885678090021857
2011-11-16,0.2864452438328846
2011-11-17,0.28932836609620144
2011-11-18,0.28813316370013814
2011-11-21,0.2889810483805653
2011-11-22,0.2853514488696113
2011-11-23,0.28841137639098885
2011-11-24,0.28536417103835493
2011-11-25,0.26092586113628996
2011-11-28,0.2778754250878988
2011-11-29,0.26410120310655527
2011-11-30,0.28434443630394696
2011-12-01,0.2787867030605535
2011-12-02,0.2711626748890704
2011-12-05,0.2721655513537279
2011-12-06,0.2710367792712773
2011-12-07,0.26794337800056656
2011-12-08,0.24883214183327182
2011-12-09,0.25305741526561343
2011-12-12,0.25032653292972185
2011-12-13,0.2498128585617958
2011-12-14,0.252373663861899
2011-12-15,0.24565427070239362
2011-12-16,0.23865435731002516
2011-12-19,0.24223681909366132
2011-12-20,0.2535826477313597
2011-12-21,0.2529164109086123
2011-12-22,0.24261758714471365
2011-12-23,0.24422984737106293
2011-12-26,0.24380519130304018
2011-12-27,0.22319700987835236
2011-12-28,0.22767275657146835
2011-12-29,0.1800265970245453
2011-12-30,0.18031163717309256
2012-01-02,0.18001906757047562
2012-01-03,0.1838907190464967
2012-01-04,0.18363350108501442
2012-01-05,0.18358252464977676
2012-01-06,0.16882174794146487
2012-01-09,0.15903291746800588
2012-01-10,0.1534650481448861
2012-01-11,0.1504555739729219
2012-01-12,0.14549417436906714
2012-01-13,0.14613817636394005
2012-01-16,0.1456066125902947
2012-01-17,0.14041808776814188
2012-01-18,0.10579576236816127
2012-01-19,0.10678078909247872
2012-01-20,0.1030000654395472
2012-01-23,0.09831304902244027
2012-01-24,0.09830553874590303
2012-01-25,0.10248855501215562
2012-01-26,0.09563468266509291
2012-01-27,0.0886658382787212
2012-01-30,0.08786255805170923
2012-01-31,0.08777087433192521
2012-02-01,0.07671227250674761
2012-02-02,0.07670001012063142
2012-02-03,0.09043670736538204
2012-02-06,0.08997871761957499
2012-02-07,0.08985595912572397
2012-02-08,0.08498136020224491
2012-02-09,0.0850737623385259
2012-02-10,0.08847932163341819
2012-02-13,0.08973766608943703
2012-02-14,0.08971314307099808
2012-02-15,0.09106501784171944
2012-02-16,0.09082881621751059
2012-02-17,0.08952758749138146
2012-02-20,0.08940270661871694
2012-02-21,0.08933639271713453
2012-02-22,0.09006795642809563
2012-02-23,0.08631197065043093
2012-02-24,0.08418395136236993
2012-02-27,0.08406585261133927
2012-02-28,0.08433446128585609
2012-02-29,0.08610631133319677
2012-03-01,0.08325930297451851
2012-03-02,0.08398546992515504
2012-03-05,0.0695736932598367
2012-03-06,0.09010879822190718
2012-03-07,0.09237078435958954
2012-03-08,0.09746918906774549
2012-03-09,0.09778796718602163
2012-03-12,0.09465805445504058
2012-03-13,0.10992583704757189
2012-03-14,0.10977948808460623
2012-03-15,0.10993149637924335
2012-03-16,0.1033843649514545
2012-03-19,0.10380690582727406
2012-03-20,0.10429117496845243
2012-03-21,0.10437959543981036
2012-03-22,0.10708121648102663
2012-03-23,0.10645504056209373
2012-03-26,0.11596326875486095
2012-03-27,0.1162352927290812
2012-03-28,0.11703039460679947
2012-03-29,0.11594904906318308
2012-03-30,0.11463213678967568
2012-04-02,0.11676956776576239
2012-04-03,0.11689333699184194
2012-04-04,0.11109192994967867
2012-04-05,0.10842136116894538
2012-04-06,0.10303975177787675
2012-04-09,0.11056488681267385
2012-04-10,0.1274049574404801
2012-04-11,0.11410184829893706
2012-04-12,0.12255873980890049
2012-04-13,0.12912118728415947
2012-04-16,0.1285280269069956
2012-04-17,0.13754687051970205
2012-04-18,0.13760715349664882
2012-04-19,0.13886933193921502
2012-04-20,0.13638685467181696
2012-04-23,0.13923885712775688
2012-04-24,0.13140132280297068
2012-04-25,0.13854045571341225
2012-04-26,0.13908629227800412
2012-04-27,0.13898179164897786
2012-04-30,0.13897161591897572
2012-05-01,0.13777498046249353
2012-05-02,0.13725296667259687
2012-05-03,0.13566737357689257
2012-05-04,0.1482808600573454
2012-05-07,0.14786931933427433
2012-05-08,0.14324222497610076
2012-05-09,0.1328279000333568
2012-05-10,0.13031985433176296
2012-05-11,0.12210606807158436
2012-05-14,0.12142089401025521
2012-05-15,0.12285481959036955
2012-05-16,0.11205059466112237
2012-05-17,0.12422388568529556
2012-05-18,0.12504547780758685
2012-05-21,0.135545710335947
2012-05-22,0.1320211657236659
2012-05-23,0.1311272147959196
2012-05-24,0.12252591844667032
2012-05-25,0.12034901529687303
2012-05-28,0.11974505617005798
2012-05-29,0.12444682734184306
2012-05-30,0.13389884734130422
2012-05-31,0.13348928923296774
2012-06-01,0.15995639243066215
2012-06-04,0.14930374282699307
2012-06-05,0.14978690227544764
2012-06-06,0.16725340411993259
2012-06-07,0.16516780184783988
2012-06-08,0.16673849373695132
2012-06-11,0.17249417090124666
2012-06-12,0.17232618247210427
2012-06-13,0.17279624788947295
2012-06-14,0.17555502327888547
2012-06-15,0.17109232660656892
2012-06-18,0.16899012164781496
2012-06-19,0.16326613282465388
2012-06-20,0.1631252578737467
2012-06-21,0.18292016102547398
2012-06-22,0.18389586236047134
2012-06-25,0.19271445143983307
2012-06-26,0.19278940560255292
2012-06-27,0.19102597071673097
2012-06-28,0.1843587470671909
2012-06-29,0.2017693055444701
2012-07-02,0.18305728304234892
2012-07-03,0.18392946967128596
2012-07-04,0.18261855542999875
2012-07-05,0.16617522055431233
2012-07-06,0.16959827781321457
2012-07-09,0.1671831269653462
2012-07-10,0.1641025329125409
2012-07-11,0.1590371146271817
2012-07-12,0.1580604762935147
2012-07-13,0.16321756144766708
2012-07-16,0.15946769730143984
2012-07-17,0.16113117551483766
2012-07-18,0.15912024071470957
2012-07-19,0.1591200385274892
2012-07-20,0.14449108888945572
2012-07-23,0.14604224146980133
2012-07-24,0.139355311833397
2012-07-25,0.13807730672681676
2012-07-26,0.14541943986729144
2012-07-27,0.15847104829598793
2012-07-30,0.13457752501057177
2012-07-31,0.13507350361256917
2012-08-01,0.1336594493024054
2012-08-02,0.13636964258920697
2012-08-03,0.14952139947277493
2012-08-06,0.14606571387520498
2012-08-07,0.14681151521661123
2012-08-08,0.144060247893367
2012-08-09,0.14393851628273438
2012-08-10,0.14301818902754354
2012-08-13,0.13183956427381485
2012-08-14,0.13151030370992203
2012-08-15,0.12908505353533017
2012-08-16,0.1292621919327687
2012-08-17,0.1290232697301177
2012-08-20,0.12433995128333697
2012-08-21,0.12124883664826955
2012-08-22,0.11722387971015631
2012-08-23,0.12097017565850698
2012-08-24,0.10951787064778155
2012-08-27,0.08876330381348742
2012-08-28,0.0886689823523074
2012-08-29,0.0873763931083227
2012-08-30,0.09147471538965239
2012-08-31,0.08931440223374122
2012-09-03,0.062227929154399494
2012-09-04,0.06167610063563528
2012-09-05,0.059160150972260864
2012-09-06,0.09034310537062838
2012-09-07,0.09126002870171036
2012-09-10,0.09372312844696594
2012-09-11,0.09408936420052276
2012-09-12,0.09423538853498752
2012-09-13,0.10882936682698509
2012-09-14,0.10692032384989641
2012-09-17,0.10730354189593219
2012-09-18,0.10733841789291262
2012-09-19,0.10668644106994028
2012-09-20,0.10664380946321896
2012-09-21,0.10299986046771462
2012-09-24,0.10097138373913085
2012-09-25,0.10824799025756653
2012-09-26,0.11012769619905045
2012-09-27,0.1145886975480567
2012-09-28,0.11254928715018318
2012-10-01,0.11141403507114034
2012-10-02,0.11129045260690214
2012-10-03,0.11175004839613091
2012-10-04,0.11415968037429666
2012-10-05,0.09122577044601615
2012-10-08,0.0910004323864041
2012-10-09,0.0958379017607919
2012-10-10,0.09776693872449944
2012-10-11,0.0972389774533498
2012-10-12,0.08083578160322295
2012-10-15,0.08398281111985291
2012-10-16,0.08998978449711278
2012-10-17,0.09076798680620245
2012-10-18,0.09098072544519288
2012-10-19,0.10992530998578927
2012-10-22,0.10946862780170336
2012-10-23,0.12143889799443995
2012-10-24,0.11604547773610045
2012-10-25,0.11430482832995953
2012-10-26,0.10912513320712952
2012-10-29,0.10761755772454332
2012-10-30,0.10684958707927003
2012-10-31,0.10646203259594159
2012-11-01,0.1116769609649424
2012-11-02,0.11425342548321059
2012-11-05,0.11415170928529099
2012-11-06,0.11630910393621746
2012-11-07,0.1422558621665609
2012-11-08,0.1471777289313373
2012-11-09,0.14651638309890566
2012-11-12,0.14548866678374592
2012-11-13,0.14308343353442207
2012-11-14,0.1476309473393245
2012-11-15,0.14643894665462392
2012-11-16,0.1465323602277091
2012-11-19,0.15017879453805053
2012-11-20,0.14974795865343027
2012-11-21,0.1412277168917087
2012-11-22,0.1404781048155264
2012-11-23,0.14649478298362492
2012-11-26,0.1464057501398958
2012-11-27,0.1474630694424132
2012-11-28,0.14958863668589734
2012-11-29,0.15007628417107796
2012-11-30,0.14531490224105198
2012-12-03,0.14271035385262415
2012-12-04,0.14249993845556475
2012-12-05,0.13996592723713355
2012-12-06,0.11438714283933525
2012-12-07,0.10686871767486025
2012-12-10,0.1065818667903778
2012-12-11,0.10872721502913187
2012-12-12,0.10778886390357269
2012-12-13,0.09963188144380021
2012-12-14,0.10053564164726873
2012-12-17,0.10679230948605678
2012-12-18,0.09187456368747182
2012-12-19,0.09598963945589582
2012-12-20,0.0972522001699774
2012-12-21,0.10319661772528133
2012-12-24,0.09359996121859628
2012-12-25,0.09308168605559827
2012-12-26,0.09287735093375579
2012-12-27,0.08888954429956165
2012-12-28,0.09671562498877433
2012-12-31,0.11187679025715026
2013-01-02,0.139298764950513
2013-01-03,0.13920622364570615
2013-01-04,0.13989441254975152
2013-01-07,0.13978471014950317
2013-01-08,0.13981846727945052
2013-01-09,0.13996175115123838
2013-01-10,0.140438541111859
2013-01-11,0.14032334912757982
2013-01-14,0.13862306252711795
2013-01-15,0.13787858349960358
2013-01-16,0.1318900840389084
2013-01-17,0.1274566985760493
2013-01-18,0.1252859447479625
2013-01-21,0.12385248197279877
2013-01-22,0.12055517777268882
2013-01-23,0.12033389057446914
2013-01-24,0.12029449834981625
2013-01-25,0.12056679924713175
2013-01-28,0.12066824602950746
2013-01-29,0.11591388486462892
2013-01-30,0.10202615522423913
2013-01-31,0.05729882648000302
2013-02-01,0.06608977831206189
2013-02-04,0.07709026446544813
2013-02-05,0.0837506285930618
2013-02-06,0.08279963564544278
2013-02-07,0.08237599335065668
2013-02-08,0.08038322382063019
2013-02-11,0.08023966155212847
2013-02-12,0.0802002654124293
2013-02-13,0.07999453607829224
2013-02-14,0.07990285274328478
2013-02-15,0.07759276467373091
2013-02-18,0.07663491538777968
2013-02-19,0.0804437896903578
2013-02-20,0.09154199387115561
2013-02-21,0.09409156049069026
2013-02-22,0.09832446346703878
2013-02-25,0.11818981448677478
2013-02-26,0.1192225181032683
2013-02-27,0.12500075884955303
2013-02-28,0.12390764267254036
2013-03-01,0.12346565853715895
2013-03-04,0.11939912007513406
2013-03-05,0.11695190920257731
2013-03-06,0.11133892645251273
2013-03-07,0.1112370972542131
2013-03-08,0.11187159864067138
2013-03-11,0.11057674578673751
2013-03-12,0.11075287916271284
2013-03-13,0.11054887009982346
2013-03-14,0.11199635473017101
2013-03-15,0.11201684940874122
2013-03-18,0.11372585686888355
2013-03-19,0.11395423412168533
2013-03-20,0.11337853168184503
2013-03-21,0.10954222276959683
2013-03-22,0.10992987725437518
2013-03-25,0.1064437054581337
2013-03-26,0.08984133854194341
2013-03-27,0.08729398997242195
2013-03-28,0.07712443986073816
2013-03-29,0.07690958432936107
2013-04-01,0.07817580979146493
2013-04-02,0.07841473777133569
2013-04-03,0.08147078582543428
2013-04-04,0.08221878820235391
2013-04-05,0.0832785826857686
2013-04-08,0.08434168565593533
2013-04-09,0.08424283067979858
2013-04-10,0.09315127442341524
2013-04-11,0.0936532481231842
2013-04-12,0.09219537938147751
2013-04-15,0.12591032956647077
2013-04-16,0.1328284158829067
2013-04-17,0.14244043812637103
2013-04-18,0.14217447179792755
2013-04-19,0.14187806969347072
2013-04-22,0.1401178756401306
2013-04-23,0.14351307201944646
2013-04-24,0.14065814155875098
2013-04-25,0.14092127817692573
2013-04-26,0.1400893003334518
2013-04-29,0.14187330771474146
2013-04-30,0.14104716812404836
2013-05-01,0.1439812166098829
2013-05-02,0.1427076076829913
2013-05-03,0.1461657424074512
2013-05-06,0.14536358889457276
2013-05-07,0.144687736212725
2013-05-08,0.14469886772617913
2013-05-09,0.13929869272012022
2013-05-10,0.13939606966439036
2013-05-13,0.13893221928152186
2013-05-14,0.1193851884009121
2013-05-15,0.11050298203591194
2013-05-16,0.10075116448594276
2013-05-17,0.10395406148306256
2013-05-20,0.09949620035252996
2013-05-21,0.09829929255138521
2013-05-22,0.09677272114244287
2013-05-23,0.09720074769050763
2013-05-24,0.09608097410690224
2013-05-27,0.09571481919166412
2013-05-28,0.09488998328694892
2013-05-29,0.09798533121902259
2013-05-30,0.09336719910511039
2013-05-31,0.10265345109332231
2013-06-03,0.09795626859659273
2013-06-04,0.09950994398255737
2013-06-05,0.11029042375423205
2013-06-06,0.11255024879395145
2013-06-07,0.11944926796094193
2013-06-10,0.11817287365749772
2013-06-11,0.12377005312597442
2013-06-12,0.1225845233325449
2013-06-13,0.13071832107450573
2013-06-14,0.13109388083431864
2013-06-17,0.12860657512122442
2013-06-18,0.13092421744061222
2013-06-19,0.14039523511494859
2013-06-20,0.166147985244721
2013-06-21,0.16525063981437652
2013-06-24,0.1706261228220827
2013-06-25,0.17285320683408778
2013-06-26,0.1738879647206212
2013-06-27,0.1729221480186805
2013-06-28,0.17271486729601307
2013-07-01,0.16620734219592206
2013-07-02,0.16458510120599976
2013-07-03,0.16316544205722291
2013-07-04,0.15591480284376646
2013-07-05,0.15676610203699934
2013-07-08,0.15147346932046984
2013-07-09,0.15317898841709002
2013-07-10,0.1490191513529864
2013-07-11,0.15302648550194078
2013-07-12,0.14494459818136857
2013-07-15,0.1434843489371218
2013-07-16,0.14174321020095854
2013-07-17,0.13946730858282394
2013-07-18,0.13220411528026255
2013-07-19,0.10064711804157671
2013-07-22,0.10034897323978186
2013-07-23,0.09157520643380086
2013-07-24,0.08686225490787054
2013-07-25,0.0809521687419607
2013-07-26,0.0781242058779337
2013-07-29,0.07790807834674156
2013-07-30,0.07562257243483993
2013-07-31,0.07548824861436884
2013-08-01,0.08633915479398953
2013-08-02,0.08643932771953457
2013-08-05,0.07944485762342415
2013-08-06,0.08026675230747121
2013-08-07,0.07766489991932723
2013-08-08,0.07862688199135465
2013-08-09,0.06531329267113663
2013-08-12,0.06446716447240722
2013-08-13,0.06483719836686529
2013-08-14,0.06635811219720855
2013-08-15,0.08449275436739631
2013-08-16,0.08322492662791185
2013-08-19,0.08550271503102114
2013-08-20,0.08577395787627616
2013-08-21,0.08786069507081802
2013-08-22,0.09126941727975127
2013-08-23,0.09151565063885755
2013-08-26,0.09243752541385139
2013-08-27,0.1088766666047119
2013-08-28,0.10873711311920448
2013-08-29,0.10847387215884481
2013-08-30,0.10020193126006073
2013-09-02,0.09964259942866924
2013-09-03,0.10015014091242075
2013-09-04,0.10167939944422334
2013-09-05,0.10066719990625536
2013-09-06,0.09956606839776837
2013-09-09,0.10419657734290999
2013-09-10,0.10685485845732165
2013-09-11,0.10678739177700518
2013-09-12,0.1059560018703273
2013-09-13,0.0944028637076871
2013-09-16,0.09555223511696945
2013-09-17,0.09439147014278376
2013-09-18,0.1019891447713617
2013-09-19,0.10024136228937976
2013-09-20,0.09956740856522837
2013-09-23,0.10008846871439511
2013-09-24,0.09946282213829624
2013-09-25,0.08387560068871108
2013-09-26,0.08401297635903966
2013-09-27,0.08497416587297202
2013-09-30,0.0870851088034702
2013-10-01,0.09097157071293659
2013-10-02,0.08974500388027881
2013-10-03,0.09165612421745746
2013-10-04,0.09435504788344448
2013-10-07,0.09934201803039827
2013-10-08,0.10391670721903427
2013-10-09,0.10047605122214387
2013-10-10,0.12348697487318816
2013-10-11,0.12448056108445124
2013-10-14,0.1246486613537687
2013-10-15,0.12572741393748968
2013-10-16,0.13304622168633454
2013-10-17,0.12839346455364165
2013-10-18,0.1299424105337245
2013-10-21,0.12744123139173225
2013-10-22,0.12775787617329631
2013-10-23,0.12854284020667034
2013-10-24,0.1285396745534544
2013-10-25,0.12873456238081982
2013-10-28,0.12796209145355952
2013-10-29,0.12761780155482816
2013-10-30,0.12597606909809267
2013-10-31,0.1266711099782389
2013-11-01,0.12321818272275942
2013-11-04,0.1214022259313078
2013-11-05,0.11829023380048236
2013-11-06,0.11142456941575023
2013-11-07,0.12172258909022336
2013-11-08,0.10698925781521608
2013-11-11,0.10461998804843632
2013-11-12,0.10385090916594047
2013-11-13,0.10444051119378067
2013-11-14,0.09472979222165626
2013-11-15,0.0928650151924161
2013-11-18,0.09108381336875253
2013-11-19,0.09123529253243307
2013-11-20,0.09002801326515664
2013-11-21,0.09256948968292157
2013-11-22,0.09328626505244877
2013-11-25,0.09209971523484019
2013-11-26,0.09187824487912827
2013-11-27,0.09021476084937911
2013-11-28,0.08859521635325188
2013-11-29,0.08760638044066267
2013-12-02,0.08758001585798718
2013-12-03,0.08749041113597772
2013-12-04,0.08702788657452007
2013-12-05,0.08726874169432529
2013-12-06,0.08373348722020317
2013-12-09,0.07067901685931939
2013-12-10,0.0715396858135646
2013-12-11,0.08259670716406967
2013-12-12,0.07891099786703008
2013-12-13,0.07689217733403171
2013-12-16,0.07823931058532976
2013-12-17,0.0778603176927925
2013-12-18,0.09540049506185036
2013-12-19,0.09446301918829957
2013-12-20,0.09170333443912276
2013-12-23,0.09179771037798026
2013-12-24,0.09210980438467967
2013-12-25,0.0920069561508173
2013-12-26,0.09292430362073523
2013-12-27,0.09285699162430365
2013-12-30,0.09275367150464867
2013-12-31,0.09319811035502211
2014-01-02,0.0982451341928924
2014-01-03,0.0979963827991934
2014-01-06,0.09720230392507731
2014-01-07,0.09172037948840855
2014-01-08,0.09139335100508003
2014-01-09,0.09065111248068673
2014-01-10,0.0823212663026375
2014-01-13,0.09381981814015519
2014-01-14,0.10034677361613278
2014-01-15,0.09933471149414948
2014-01-16,0.09868102414514852
2014-01-17,0.08238541728200409
2014-01-20,0.08211841014297311
2014-01-21,0.08081644413081542
2014-01-22,0.07862445452225672
2014-01-23,0.08460260432861096
2014-01-24,0.11498607249198196
2014-01-27,0.11459962560004376
2014-01-28,0.1158009626639689
2014-01-29,0.12135904563094317
2014-01-30,0.12585924486629854
2014-01-31,0.1240429502832982
2014-02-03,0.15027437600566512
2014-02-04,0.15138161161145144
2014-02-05,0.1494251327031604
2014-02-06,0.15452571058383643
2014-02-07,0.1603162501509398
2014-02-10,0.15973213233673814
2014-02-11,0.15789373440770416
2014-02-12,0.1532533307475537
2014-02-13,0.15317370219259016
2014-02-14,0.15366541440828327
2014-02-17,0.15283295480964404
2014-02-18,0.15265082561085935
2014-02-19,0.15409443103184625
2014-02-20,0.15520404527993614
2014-02-21,0.15221202524941882
2014-02-24,0.135842290898454
2014-02-25,0.1347558508377027
2014-02-26,0.13299729070095134
2014-02-27,0.12932334505984192
2014-02-28,0.1238664871689118
2014-03-03,0.12486327241473115
2014-03-04,0.1098619394974897
2014-03-05,0.10663240057753395
2014-03-06,0.10642206345980154
2014-03-07,0.09772740641789535
2014-03-10,0.08677463837411829
2014-03-11,0.0885483138647871
2014-03-12,0.08018138124572534
2014-03-13,0.09117313483612166
2014-03-14,0.08933636099522828
2014-03-17,0.09333372955146883
2014-03-18,0.09620752869414098
2014-03-19,0.09860175616406834
2014-03-20,0.09797362166185672
2014-03-21,0.09624717412989542
2014-03-24,0.09752903478075178
2014-03-25,0.0962046461879708
2014-03-26,0.09939851114076548
2014-03-27,0.09942291666338168
2014-03-28,0.09904083189522012
2014-03-31,0.10196616715377682
2014-04-01,0.10148827134618352
2014-04-02,0.08794501799316341
2014-04-03,0.08790778415373861
2014-04-04,0.09930888493269396
2014-04-07,0.10678906557989154
2014-04-08,0.10710891623863356
2014-04-09,0.11156570665393328
2014-04-10,0.1359890303695687
2014-04-11,0.13407168756462912
2014-04-14,0.13588049465020646
2014-04-15,0.13330355374652966
2014-04-16,0.13520154509720173
2014-04-17,0.1331929759426917
2014-04-18,0.13119996602021874
2014-04-21,0.13106939409257573
2014-04-22,0.13042875596721676
2014-04-23,0.12955444638720043
2014-04-24,0.1272189962431523
2014-04-25,0.130368817446032
2014-04-28,0.12960949297714594
2014-04-29,0.127595548812954
2014-04-30,0.12555503499459506
2014-05-01,0.12499264044331367
2014-05-02,0.12486958336804069
2014-05-05,0.11735004582939394
2014-05-06,0.11629355369813414
2014-05-07,0.11692034431401394
2014-05-08,0.11090907948163464
2014-05-09,0.08475474256534919
2014-05-12,0.08466259506067908
2014-05-13,0.07981710844226768
2014-05-14,0.07830703917096034
2014-05-15,0.07793568066467066
2014-05-16,0.07848801578871199
2014-05-19,0.07926465981841453
2014-05-20,0.08165815445237372
2014-05-21,0.08472021574644667
2014-05-22,0.08451578564009846
2014-05-23,0.08531158273279302
2014-05-26,0.08055237074234428
2014-05-27,0.08215100161850342
2014-05-28,0.08052056386898074
2014-05-29,0.08177392984411674
2014-05-30,0.08188894299722796
2014-06-02,0.08169214848417368
2014-06-03,0.08136808644915584
2014-06-04,0.07559321604738403
2014-06-05,0.07633937494828232
2014-06-06,0.07771613688891603
2014-06-09,0.07755194521940181
2014-06-10,0.07032788812691036
2014-06-11,0.07150080084817403
2014-06-12,0.07448330272558286
2014-06-13,0.06799316010227353
2014-06-16,0.06671001513814785
2014-06-17,0.06570668100873364
2014-06-18,0.06702093609380119
2014-06-19,0.061221223694489346
2014-06-20,0.06087859960551767
2014-06-23,0.05907650307208874
2014-06-24,0.06369868578398333
2014-06-25,0.06246775832265836
2014-06-26,0.06237289508587251
2014-06-27,0.05989655026523858
2014-06-30,0.059470862428568326
2014-07-01,0.06344616506724247
2014-07-02,0.06338436264468557
2014-07-03,0.06564229171570377
2014-07-04,0.06177260014703719
2014-07-07,0.06147919391082955
2014-07-08,0.06671011958235161
2014-07-09,0.06834520708832433
2014-07-10,0.06888135477090497
2014-07-11,0.06454193533255077
2014-07-14,0.06557293559971425
2014-07-15,0.0657765264112028
2014-07-16,0.06675611310181495
2014-07-17,0.0755976482488892
2014-07-18,0.08268998727139194
2014-07-21,0.08266102488019819
2014-07-22,0.08412169586364798
2014-07-23,0.08121867376916471
2014-07-24,0.079326159686121
2014-07-25,0.08109230475038404
2014-07-28,0.08063847459516335
2014-07-29,0.08221235117956685
2014-07-30,0.07886865107381638
2014-07-31,0.1085923424000816
2014-08-01,0.10690342226434632
2014-08-04,0.10905526908498142
2014-08-05,0.11363983460771089
2014-08-06,0.11054014482686995
2014-08-07,0.11089089413575004
2014-08-08,0.11620292705505213
2014-08-11,0.11608073880481562
2014-08-12,0.1147441167463998
2014-08-13,0.11646608739816512
2014-08-14,0.11625902184451292
2014-08-15,0.1088042102569187
2014-08-18,0.10687520108611599
2014-08-19,0.10771848828261653
2014-08-20,0.10653422093919279
2014-08-21,0.10668236951231225
2014-08-22,0.10680055443470102
2014-08-25,0.1066326476438522
2014-08-26,0.1065782941318306
2014-08-27,0.10536929068531307
2014-08-28,0.10547825839768174
2014-08-29,0.08099342777609064
2014-09-01,0.08032059841888176
2014-09-02,0.07652050112202545
2014-09-03,0.0690508982291332
2014-09-04,0.06922102656599394
2014-09-05,0.06866534255726607
2014-09-08,0.05773436050656222
2014-09-09,0.0619062944836535
2014-09-10,0.06270160658236469
2014-09-11,0.05838925684145324
2014-09-12,0.060601989609004064
2014-09-15,0.0604568776371585
2014-09-16,0.05867489962214036
2014-09-17,0.056189113701490795
2014-09-18,0.057813853160616865
2014-09-19,0.056846878975660535
2014-09-22,0.06376912040213058
2014-09-23,0.06511550709470101
2014-09-24,0.06991505335171982
2014-09-25,0.09224044163713924
2014-09-26,0.0959617630538454
2014-09-29,0.09531409640507543
2014-09-30,0.09546378923810653
2014-10-01,0.10716272073491857
2014-10-02,0.10659543003311864
2014-10-03,0.11246014340520176
2014-10-06,0.11092894321618003
2014-10-07,0.12374300809248909
2014-10-08,0.13460050537885143
2014-10-09,0.15438011854508968
2014-10-10,0.1594593616673658
2014-10-13,0.16903623256672926
2014-10-14,0.16826709889231062
2014-10-15,0.1683525482137707
2014-10-16,0.16759159629515352
2014-10-17,0.1717077489379559
2014-10-20,0.17391679153845538
2014-10-21,0.18343835756843285
2014-10-22,0.18402762230602035
2014-10-23,0.1863932085754671
2014-10-24,0.17928254734989513
2014-10-27,0.17672583982353549
2014-10-28,0.1807643177946145
2014-10-29,0.18036278584912752
2014-10-30,0.17567252750947218
2014-10-31,0.17987153030609362
2014-11-03,0.175740360353291
2014-11-04,0.1758383079108297
2014-11-05,0.16906054814500687
2014-11-06,0.15896686022927936
2014-11-07,0.1422775322541403
2014-11-10,0.13712395498820562
2014-11-11,0.1249893597639246
2014-11-12,0.12480753026011318
2014-11-13,0.12165799364555016
2014-11-14,0.12158119862855218
2014-11-17,0.1135524258929568
2014-11-18,0.1105938633833561
2014-11-19,0.08914066601519978
2014-11-20,0.08580978748876783
2014-11-21,0.07715114243822277
2014-11-24,0.07396416339886304
2014-11-25,0.07386463153937764
2014-11-26,0.062647244933429
2014-11-27,0.06241754430304937
2014-11-28,0.059493539687462405
2014-12-01,0.05122127142369801
2014-12-02,0.05538362077462115
2014-12-03,0.05585232594074146
2014-12-04,0.052475709498006395
2014-12-05,0.051074711639587975
2014-12-08,0.05768986665898363
2014-12-09,0.056497052807987745
2014-12-10,0.0830594771826187
2014-12-11,0.08385684002696421
2014-12-12,0.10303997002625806
2014-12-15,0.10501807577101441
2014-12-16,0.1090127672475007
2014-12-17,0.1268375838435139
2014-12-18,0.1496161873143287
2014-12-19,0.1498885530425164
2014-12-22,0.14906735125043707
2014-12-23,0.14857847602903598
2014-12-24,0.14827259039685925
2014-12-25,0.14774301212379207
2014-12-26,0.14796695932460074
2014-12-29,0.147569678371581
2014-12-30,0.14672156976776582
2014-12-31,0.14998901509677007
2015-01-02,0.1492157696904975
2015-01-05,0.1638953256634445
2015-01-06,0.16667726303828553
2015-01-07,0.16897003001852706
2015-01-08,0.17892877919652211
2015-01-09,0.17252935690059368
2015-01-12,0.17412311186354548
2015-01-13,0.1649952374207494
2015-01-14,0.1646682840233621
2015-01-15,0.1654166358915073
2015-01-16,0.1569313227848593
2015-01-19,0.13442209405240685
2015-01-20,0.13328294960810927
2015-01-21,0.1333081698057833
2015-01-22,0.14245701178501843
2015-01-23,0.14370279309317796
2015-01-26,0.14373864570409098
2015-01-27,0.15158489968234426
2015-01-28,0.15940003011481366
2015-01-29,0.16132057417252108
2015-01-30,0.16438892642200223
2015-02-02,0.16960568845970686
2015-02-03,0.16457527978497644
2015-02-04,0.16214802354038801
2015-02-05,0.16077984436139123
2015-02-06,0.14938428435713483
2015-02-09,0.14718270145012924
2015-02-10,0.14870741286495234
2015-02-11,0.14820217893352694
2015-02-12,0.15021640605365366
2015-02-13,0.1473385012192653
2015-02-16,0.14007802636276476
2015-02-17,0.14002517686858817
2015-02-18,0.1397952843849972
2015-02-19,0.1388168189557433
2015-02-20,0.13052396961700666
2015-02-23,0.12908986929618305
2015-02-24,0.12904363822750736
2015-02-25,0.1206634470836315
2015-02-26,0.11161544757837528
2015-02-27,0.107390147892187
2015-03-02,0.09991615510785759
2015-03-03,0.09140908448562157
2015-03-04,0.07906248921487799
2015-03-05,0.07775199009728122
2015-03-06,0.08733296331064754
2015-03-09,0.08715179568227144
2015-03-10,0.10650665068574906
2015-03-11,0.0998270632172738
2015-03-12,0.10788085914235591
2015-03-13,0.10482797434433265
2015-03-16,0.11297513012292397
2015-03-17,0.11324770027926435
2015-03-18,0.11993119894985169
2015-03-19,0.12099165825081862
2015-03-20,0.12439965189140922
2015-03-23,0.12258705439827411
2015-03-24,0.12447699836315991
2015-03-25,0.13529264559281437
2015-03-26,0.13514243886488714
2015-03-27,0.13490966002192048
2015-03-30,0.14037456168259646
2015-03-31,0.142394774943339
2015-04-01,0.14201429796166595
2015-04-02,0.14143420433392306
2015-04-03,0.14111223238977558
2015-04-06,0.1342003594438362
2015-04-07,0.13354798715189461
2015-04-08,0.1204702283923835
2015-04-09,0.12104413782589733
2015-04-10,0.1145585511973456
2015-04-13,0.11382602582662942
2015-04-14,0.1043045711915086
2015-04-15,0.10498570619327534
2015-04-16,0.0965892108150051
2015-04-17,0.10398502121013896
2015-04-20,0.10392217136164572
2015-04-21,0.10365695643325855
2015-04-22,0.10275725332539921
2015-04-23,0.09010094853830883
2015-04-24,0.08986420493747282
2015-04-27,0.09066475889799742
2015-04-28,0.08112059063738586
2015-04-29,0.0765102928887123
2015-04-30,0.08409525244184256
2015-05-01,0.09069949839946244
2015-05-04,0.09097578337365024
2015-05-05,0.09843425405566701
2015-05-06,0.09920028206730977
2015-05-07,0.09923248065701379
2015-05-08,0.10771524316521604
2015-05-11,0.1076969225478228
2015-05-12,0.10687298383427675
2015-05-13,0.1064876916221924
2015-05-14,0.11093789522071659
2015-05-15,0.1107503612215165
2015-05-18,0.10417811493582832
2015-05-19,0.0992955217110393
2015-05-20,0.09909146407590773
2015-05-21,0.09778246604155358
2015-05-22,0.09770666869424986
2015-05-25,0.09730167305622675
2015-05-26,0.10355647348562065
2015-05-27,0.10743726518149835
2015-05-28,0.10660426853397359
2015-05-29,0.1034267583127128
2015-06-01,0.09669518869880765
2015-06-02,0.09606173852101363
2015-06-03,0.08729688450793524
2015-06-04,0.09163785540578777
2015-06-05,0.09064808256208873
2015-06-08,0.08192312161905771
2015-06-09,0.07978351805429676
2015-06-10,0.08867408707927729
2015-06-11,0.08864642756742773
2015-06-12,0.0847883222020017
2015-06-15,0.08623819573554342
2015-06-16,0.08749138449529303
2015-06-17,0.08749472790009012
2015-06-18,0.09339686926391318
2015-06-19,0.09498686041567148
2015-06-22,0.09671117465374353
2015-06-23,0.09657562892962851
2015-06-24,0.09396373120089414
2015-06-25,0.08922619009462242
2015-06-26,0.08892724531006194
2015-06-29,0.11627647281176622
2015-06-30,0.11576064503065585
2015-07-01,0.11748463364888274
2015-07-02,0.11677236097992709
2015-07-03,0.11257730276000635
2015-07-06,0.11299697741322964
2015-07-07,0.11234722597503302
2015-07-08,0.12814669208066803
2015-07-09,0.1212244669197113
2015-07-10,0.12750461610054747
2015-07-13,0.13026828779742897
2015-07-14,0.12981866801864939
2015-07-15,0.1280899819031329
2015-07-16,0.13044889689633188
2015-07-17,0.1259069100959763
2015-07-20,0.12440810157976659
2015-07-21,0.12352115116678136
2015-07-22,0.12362564199854763
2015-07-23,0.12272963485139496
2015-07-24,0.12847765409647766
2015-07-27,0.12997384200240544
2015-07-28,0.11601093200449843
2015-07-29,0.11797957244146194
2015-07-30,0.11537992400392907
2015-07-31,0.11546591226883371
2015-08-03,0.11572374492823294
2015-08-04,0.11510029463613815
2015-08-05,0.11356629039734857
2015-08-06,0.10231505358745654
2015-08-07,0.10236060928880673
2015-08-10,0.10278666549771882
2015-08-11,0.10202736716130632
2015-08-12,0.10066076672290311
2015-08-13,0.1004806310845205
2015-08-14,0.097433091588188
2015-08-17,0.09872520704516578
2015-08-18,0.0989965823598327
2015-08-19,0.10249603611055921
2015-08-20,0.1289736754850167
2015-08-21,0.17453283763416846
2015-08-24,0.22552703945335925
2015-08-25,0.2284777022402805
2015-08-26,0.2578441571255033
2015-08-27,0.26794254799514866
2015-08-28,0.2668282704794634
2015-08-31,0.2675654221930753
2015-09-01,0.28876181646712534
2015-09-02,0.29396779087820196
2015-09-03,0.2927988431015858
2015-09-04,0.2963097240811287
2015-09-07,0.2952664426172214
2015-09-08,0.30314695961763627
2015-09-09,0.30517660445200673
2015-09-10,0.30500969944052975
2015-09-11,0.3047664881622288
2015-09-14,0.3043460154976485
2015-09-15,0.3064256523750898
2015-09-16,0.30729475066654893
2015-09-17,0.30580688861826977
2015-09-18,0.30292744308985925
2015-09-21,0.2824130181794679
2015-09-22,0.25126893216073803
2015-09-23,0.2466604692912373
2015-09-24,0.2097632490559556
2015-09-25,0.1929224356535106
2015-09-28,0.21524405254788898
2015-09-29,0.21261744145823994
2015-09-30,0.19668114762842007
2015-10-01,0.18630874864333938
2015-10-02,0.19180037620606874
2015-10-05,0.19396225152522947
2015-10-06,0.1939856864185754
2015-10-07,0.17657722945466003
2015-10-08,0.17228796462070148
2015-10-09,0.1710333578364783
2015-10-12,0.17010758007037818
2015-10-13,0.17117540693645397
2015-10-14,0.1662988102881617
2015-10-15,0.1708653601893357
2015-10-16,0.1711113082712342
2015-10-19,0.16176767189333924
2015-10-20,0.1609333601529558
2015-10-21,0.1567122382025639
2015-10-22,0.16603630999734414
2015-10-23,0.16960531685124505
2015-10-26,0.169621125369165
2015-10-27,0.14518712368375794
2015-10-28,0.1503708961078303
2015-10-29,0.13598506069078722
2015-10-30,0.1368994984192189
2015-11-02,0.13412996613322856
2015-11-03,0.11951801078790031
2015-11-04,0.11953188058661625
2015-11-05,0.11639210083060361
2015-11-06,0.11244139996414415
2015-11-09,0.11815235516854529
2015-11-10,0.11799093841613068
2015-11-11,0.11615065972444905
2015-11-12,0.12620206854640925
2015-11-13,0.12287158066374866
2015-11-16,0.13134601006455157
2015-11-17,0.13105985465769085
2015-11-18,0.1414541435398248
2015-11-19,0.1398528494729159
2015-11-20,0.1286095169885569
2015-11-23,0.12297804984276522
2015-11-24,0.1226573382904325
2015-11-25,0.12216002439623425
2015-11-26,0.11530232084918206
2015-11-27,0.1151511140296192
2015-11-30,0.11516220254820443
2015-12-01,0.11368614408721264
2015-12-02,0.12038720072746881
2015-12-03,0.13103468524716136
2015-12-04,0.14755231122260196
2015-12-07,0.1495059757826545
2015-12-08,0.14738321289778367
2015-12-09,0.14976209018129413
2015-12-10,0.14920082991138212
2015-12-11,0.1586744519538754
2015-12-14,0.15424664736699684
2015-12-15,0.1496589550844233
2015-12-16,0.1568776547398181
2015-12-17,0.15715030269796493
2015-12-18,0.17010578199281784
2015-12-21,0.17092012866851067
2015-12-22,0.17281261548350632
2015-12-23,0.1772096496557577
2015-12-24,0.17684514297529377
2015-12-25,0.17643098930813425
2015-12-28,0.17624596814180984
2015-12-29,0.1788318270954657
2015-12-30,0.1769538875509085
2015-12-31,0.1761877489903739
2016-01-04,0.17831082602428389
2016-01-05,0.16414600923265915
2016-01-06,0.1692059797872351
2016-01-07,0.18937304888910372
2016-01-08,0.19102627959525456
2016-01-11,0.19008025207992385
2016-01-12,0.17928391828368548
2016-01-13,0.20103775549264347
2016-01-14,0.20467480505420307
2016-01-15,0.2138200474604293
2016-01-18,0.2065382218274638
2016-01-19,0.19644190014983556
2016-01-20,0.19868261868746703
2016-01-21,0.19638998340308092
2016-01-22,0.20286120775492802
2016-01-25,0.21043586458433125
2016-01-26,0.21505685992584497
2016-01-27,0.21813040176119808
2016-01-28,0.21537942466084564
2016-01-29,0.22893493137238394
2016-02-01,0.2262507277571063
2016-02-02,0.23066452757902042
2016-02-03,0.2306286950408216
2016-02-04,0.22582377186362276
2016-02-05,0.22133736829236259
2016-02-08,0.2239552758258532
2016-02-09,0.2232968168501654
2016-02-10,0.2211620756747459
2016-02-11,0.20850280833137275
2016-02-12,0.2106443687590365
2016-02-15,0.1967158997763288
2016-02-16,0.2039225789567901
2016-02-17,0.21089755303798915
2016-02-18,0.2074920886499249
2016-02-19,0.20642781598560647
2016-02-22,0.20058817036702914
2016-02-23,0.19861810283658934
2016-02-24,0.19308028116250905
2016-02-25,0.19301278109545303
2016-02-26,0.19196890954146567
2016-02-29,0.17557210760930506
2016-03-01,0.19260498386438915
2016-03-02,0.18193193885817624
2016-03-03,0.1813220496482451
2016-03-04,0.18140547155889478
2016-03-07,0.16991578013711398
2016-03-08,0.16808105446391652
2016-03-09,0.1686864475150907
2016-03-10,0.1684724314051254
2016-03-11,0.17202967723735343
2016-03-14,0.15900258524526334
2016-03-15,0.1589988479802293
2016-03-16,0.15006444112016554
2016-03-17,0.1411188486224985
2016-03-18,0.14089337228465243
2016-03-21,0.14082546712997474
2016-03-22,0.13212804622040591
2016-03-23,0.1272920676269907
2016-03-24,0.12628630746629113
2016-03-25,0.1202535868774416
2016-03-28,0.11999518543155525
2016-03-29,0.12040588456653765
2016-03-30,0.09121627275597978
2016-03-31,0.09039493338787266
2016-04-01,0.09203930554501066
2016-04-04,0.0920688302746266
2016-04-05,0.0994220502872334
2016-04-06,0.09812877681890324
2016-04-07,0.10629500973959871
2016-04-08,0.10636140566555713
2016-04-11,0.09123598787804701
2016-04-12,0.0964632126886015
2016-04-13,0.10176998872919955
2016-04-14,0.09977033430959918
2016-04-15,0.09712384499055057
2016-04-18,0.09829853650078736
2016-04-19,0.09863326259119337
2016-04-20,0.09848128349977461
2016-04-21,0.09788016201765828
2016-04-22,0.09772182689377797
2016-04-25,0.09782982929083286
2016-04-26,0.09789543110825658
2016-04-27,0.09333303459254429
2016-04-28,0.09830086076489868
2016-04-29,0.09966208005625828
2016-05-02,0.10062938742762888
2016-05-03,0.10496678683708201
2016-05-04,0.10130861541958035
2016-05-05,0.09462727452703315
2016-05-06,0.08576159400844421
2016-05-09,0.08501456781455678
2016-05-10,0.09415123429965372
2016-05-11,0.09509555846489254
2016-05-12,0.08856476969672933
2016-05-13,0.09377638789808286
2016-05-16,0.09902973701984244
2016-05-17,0.10245147899600297
2016-05-18,0.10155214865293917
2016-05-19,0.10214037030437617
2016-05-20,0.10233405196321238
2016-05-23,0.10236877361399241
2016-05-24,0.11183569447287574
2016-05-25,0.11391643771386659
2016-05-26,0.11361575024790757
2016-05-27,0.10999724351341356
2016-05-30,0.10851183297009907
2016-05-31,0.10521676159523814
2016-06-01,0.10095631143109038
2016-06-02,0.09928115992547987
2016-06-03,0.09978781904587712
2016-06-06,0.10048617925955915
2016-06-07,0.10046788539297195
2016-06-08,0.09187794279545251
2016-06-09,0.08610501092110104
2016-06-10,0.09259447387163705
2016-06-13,0.09287354495882567
2016-06-14,0.08679668829039412
2016-06-15,0.08070527653081669
2016-06-16,0.08114560576998783
2016-06-17,0.08087258465594266
2016-06-20,0.08048333345565663
2016-06-21,0.08050727564399496
2016-06-22,0.06617364680250942
2016-06-23,0.07628916526028466
2016-06-24,0.1553826506881317
2016-06-27,0.16772168409162508
2016-06-28,0.1767861332495574
2016-06-29,0.18474417407976798
2016-06-30,0.1893739310474696
2016-07-01,0.1884740828729265
2016-07-04,0.18753246811700822
2016-07-05,0.1879429503699157
2016-07-06,0.18819718068013883
2016-07-07,0.18739918469044287
2016-07-08,0.19376729304605209
2016-07-11,0.19121003498929745
2016-07-12,0.19035013749727858
2016-07-13,0.18996105967220916
2016-07-14,0.19043086209184593
2016-07-15,0.18994473302104303
2016-07-18,0.1895948469067942
2016-07-19,0.18848171620758733
2016-07-20,0.18865357827477008
2016-07-21,0.1889178214389445
2016-07-22,0.18400543096074137
2016-07-25,0.13643345895695028
2016-07-26,0.12146563646975073
2016-07-27,0.10575866792320922
2016-07-28,0.08896457851950097
2016-07-29,0.07640162036779273
2016-08-01,0.0761075228435767
2016-08-02,0.07958474300592096
2016-08-03,0.07663860007383054
2016-08-04,0.07429493370446698
2016-08-05,0.07954401151376683
2016-08-08,0.060771292811966485
2016-08-09,0.05952367130871366
2016-08-10,0.05552504045155375
2016-08-11,0.05762787917126066
2016-08-12,0.05477341632555661
2016-08-15,0.055367981113737384
2016-08-16,0.05837338304375503
2016-08-17,0.05834628601697189
2016-08-18,0.05687271232725939
2016-08-19,0.05567299746833418
2016-08-22,0.0534238005038527
2016-08-23,0.052735508162670974
2016-08-24,0.056143748377529445
2016-08-25,0.05608008626472179
2016-08-26,0.055992029880728315
2016-08-29,0.05831768251303557
2016-08-30,0.058511357120048124
2016-08-31,0.05499104083174544
2016-09-01,0.05384033695728495
2016-09-02,0.05556889253586931
2016-09-05,0.04729835233917672
2016-09-06,0.04816852700556487
2016-09-07,0.04807391190770369
2016-09-08,0.04774927128526122
2016-09-09,0.10235111058387553
2016-09-12,0.11279856698315463
2016-09-13,0.12469600860511453
2016-09-14,0.12251574941077331
2016-09-15,0.12631060990665327
2016-09-16,0.12627354676751168
2016-09-19,0.12562707527216735
2016-09-20,0.1251289349533195
2016-09-21,0.1298333796374065
2016-09-22,0.1301034611453225
2016-09-23,0.13145912701721854
2016-09-26,0.13489657614285702
2016-09-27,0.13514636486406675
2016-09-28,0.1358603812342992
2016-09-29,0.13975184371495478
2016-09-30,0.14199852159774098
2016-10-03,0.14154140602862395
2016-10-04,0.142496563286027
2016-10-05,0.14263277414540654
2016-10-06,0.14242490158172605
2016-10-07,0.14255773059766705
2016-10-10,0.1159867779726971
2016-10-11,0.11461064361752683
2016-10-12,0.10251856755346632
2016-10-13,0.10280106734263991
2016-10-14,0.09665576671883395
2016-10-17,0.0961743483374135
2016-10-18,0.09811581391365552
2016-10-19,0.09814496234914837
2016-10-20,0.09092376415530576
2016-10-21,0.08802704906588343
2016-10-24,0.08714077262912105
2016-10-25,0.08315215935140773
2016-10-26,0.08034281001060009
2016-10-27,0.07895202280656945
2016-10-28,0.07305981993332061
2016-10-31,0.0677494538865622
2016-11-01,0.0713155612134989
2016-11-02,0.07322845235499854
2016-11-03,0.07336928098052235
2016-11-04,0.0733292595907163
2016-11-07,0.1036857334537471
2016-11-08,0.10313628116725042
2016-11-09,0.10099688879464805
2016-11-10,0.10100745934003602
2016-11-11,0.10048552380316612
2016-11-14,0.10038056290266166
2016-11-15,0.1028978286277118
2016-11-16,0.10087470902424671
2016-11-17,0.10175921956290612
2016-11-18,0.1019833101998299
2016-11-21,0.10497580362869503
2016-11-22,0.1039441565507978
2016-11-23,0.10312880286977676
2016-11-24,0.10291603149005232
2016-11-25,0.10322766591498919
2016-11-28,0.10451361332472152
2016-11-29,0.1045413250020655
2016-11-30,0.10239345428540542
2016-12-01,0.1007645052378419
2016-12-02,0.0995720515071413
2016-12-05,0.10126686603683346
2016-12-06,0.06958263079204036
2016-12-07,0.08141097556500108
2016-12-08,0.07267529619131465
2016-12-09,0.07504449804309711
2016-12-12,0.07497404985121434
2016-12-13,0.0781080582602009
2016-12-14,0.0798495510139048
2016-12-15,0.08059180159790805
2016-12-16,0.07917278424994893
2016-12-19,0.07891601559772976
2016-12-20,0.07568616382492817
2016-12-21,0.07579579070539452
2016-12-22,0.07597214101511482
2016-12-23,0.07599342301686685
2016-12-26,0.07474882235266436
2016-12-27,0.07291006636328534
2016-12-28,0.07910556975202757
2016-12-29,0.07841908144356043
2016-12-30,0.07926216557918948
2017-01-02,0.07906968552135232
2017-01-03,0.08160160051478514
2017-01-04,0.08292596677047646
2017-01-05,0.07005214042804817
2017-01-06,0.07055326305514334
2017-01-09,0.06882939922235952
2017-01-10,0.06859620755940003
2017-01-11,0.06553584605504185
2017-01-12,0.059883745969185484
2017-01-13,0.058650125588509704
2017-01-16,0.05825044584048397
2017-01-17,0.05884093950292923
2017-01-18,0.05774960618250855
2017-01-19,0.0586346364340688
2017-01-20,0.05928275506848439
2017-01-23,0.05989296422352769
2017-01-24,0.06375842156833936
2017-01-25,0.06876367010082761
2017-01-26,0.06261391414089768
2017-01-27,0.0626268729249016
2017-01-30,0.06457650583536895
2017-01-31,0.06453231827444805
2017-02-01,0.0577201995530469
2017-02-02,0.0543004519508907
2017-02-03,0.05941142574086653
2017-02-06,0.05866407963147097
2017-02-07,0.05732724860875314
2017-02-08,0.05729174889644111
2017-02-09,0.05966039210429106
2017-02-10,0.0603681656048766
2017-02-13,0.06254816290532024
2017-02-14,0.06395140926180051
2017-02-15,0.065327400581508
2017-02-16,0.06510706895235967
2017-02-17,0.06416541367308734
2017-02-20,0.0631211200638511
2017-02-21,0.06568399478030147
2017-02-22,0.06195486509762629
2017-02-23,0.05572647899900307
2017-02-24,0.05587607952789456
2017-02-27,0.05588463542592629
2017-02-28,0.05290426031378268
2017-03-01,0.06999037959995588
2017-03-02,0.07330019547302719
2017-03-03,0.07320512610808225
2017-03-06,0.06998727403583771
2017-03-07,0.07037737699907835
2017-03-08,0.07079475321926999
2017-03-09,0.07070544753365066
2017-03-10,0.06878706823153918
2017-03-13,0.0676527567079242
2017-03-14,0.06643688887624165
2017-03-15,0.0708181182712444
2017-03-16,0.06898204828621661
2017-03-17,0.06902743477643007
2017-03-20,0.06914064170619225
2017-03-21,0.08316423788363513
2017-03-22,0.08054945299657701
2017-03-23,0.08028278895080587
2017-03-24,0.08008206799833414
2017-03-27,0.07979206954294005
2017-03-28,0.08319028733904375
2017-03-29,0.0826401759355486
2017-03-30,0.06921051333062607
2017-03-31,0.06666883257597667
2017-04-03,0.06678088194433301
2017-04-04,0.06573072691659347
2017-04-05,0.06585883461247388
2017-04-06,0.0655912602364227
2017-04-07,0.0654947324697895
2017-04-10,0.06448971286934652
2017-04-11,0.06461260590681471
2017-04-12,0.06503913614200334
2017-04-13,0.06376309484853467
2017-04-14,0.0633183682395825
2017-04-17,0.06934589915571257
2017-04-18,0.06972064182724265
2017-04-19,0.055651450812318044
2017-04-20,0.06071660361120234
2017-04-21,0.06153497444006526
2017-04-24,0.0713607108260124
2017-04-25,0.07407656479209274
2017-04-26,0.06985435983544246
2017-04-27,0.06969645506311514
2017-04-28,0.06928831312121098
2017-05-01,0.06903804682213144
2017-05-02,0.0688637729870655
2017-05-03,0.06894968949106832
2017-05-04,0.068139198648159
2017-05-05,0.06916846174116044
2017-05-08,0.06906909157931164
2017-05-09,0.06910440973815915
2017-05-10,0.06900289265423705
2017-05-11,0.06827068458443414
2017-05-12,0.0644314933900508
2017-05-15,0.06637713311822356
2017-05-16,0.059713916490490626
2017-05-17,0.08993284092252746
2017-05-18,0.09006603833574676
2017-05-19,0.08887161624464644
2017-05-22,0.08955796808221793
2017-05-23,0.08161925589581281
2017-05-24,0.0790706156755261
2017-05-25,0.08014691328365714
2017-05-26,0.07985224582265935
2017-05-29,0.07934217114090523
2017-05-30,0.07904143581542404
2017-05-31,0.07876514350769107
2017-06-01,0.08252140080547826
2017-06-02,0.08329957221884882
2017-06-05,0.08215065652208031
2017-06-06,0.082695712759135
2017-06-07,0.08267676380335684
2017-06-08,0.08249099760188848
2017-06-09,0.08213797394340751
2017-06-12,0.08199078133002988
2017-06-13,0.0817458521098782
2017-06-14,0.08173778190298552
2017-06-15,0.0537346858201449
2017-06-16,0.05218230506416065
2017-06-19,0.054629975201198576
2017-06-20,0.05742659188166515
2017-06-21,0.05696105204458315
2017-06-22,0.05620900528833327
2017-06-23,0.05428250962247597
2017-06-26,0.05415552019455744
2017-06-27,0.061870948973442336
2017-06-28,0.06828481700111882
2017-06-29,0.07526062270878138
2017-06-30,0.0706779917979812
2017-07-03,0.06971981864214488
2017-07-04,0.0693541659411378
2017-07-05,0.0686701703066195
2017-07-06,0.0767024259564888
2017-07-07,0.07937814013866314
2017-07-10,0.07912329601878541
2017-07-11,0.07887725418301182
2017-07-12,0.08101531443395595
2017-07-13,0.08101439355730367
2017-07-14,0.08203251495397351
2017-07-17,0.0818918577331432
2017-07-18,0.07680635556583695
2017-07-19,0.07545648543465644
2017-07-20,0.07533406622318525
2017-07-21,0.07524509387848638
2017-07-24,0.07509214315642665
2017-07-25,0.07565994253765013
2017-07-26,0.07045024317761119
2017-07-27,0.06393772717974336
2017-07-28,0.057025370929411
2017-07-31,0.05679484239327398
2017-08-01,0.056800949210371175
2017-08-02,0.05677266955387288
2017-08-03,0.0571092043949414
2017-08-04,0.047761242614089344
2017-08-07,0.04289600976363694
2017-08-08,0.0436804356121469
2017-08-09,0.0435563601368536
2017-08-10,0.06487158865418295
2017-08-11,0.06420760765421553
2017-08-14,0.07043610946875391
2017-08-15,0.0701123826861789
2017-08-16,0.06993631520721509
2017-08-17,0.08860767464879742
2017-08-18,0.0883069277907289
2017-08-21,0.0878751544666037
2017-08-22,0.09354566719562561
2017-08-23,0.09354769366709455
2017-08-24,0.09352438911276524
2017-08-25,0.09332571636668707
2017-08-28,0.09295471950795887
2017-08-29,0.09272354706485132
2017-08-30,0.09344764345202584
2017-08-31,0.095224685509379
2017-09-01,0.09501284338061962
2017-09-04,0.09465711080372251
2017-09-05,0.09848487912720441
2017-09-06,0.098523715200796
2017-09-07,0.09835381154564954
2017-09-08,0.08509821695323297
2017-09-11,0.09234928935951826
2017-09-12,0.08654875025253911
2017-09-13,0.08645395228829966
2017-09-14,0.08632146858454096
2017-09-15,0.06857151908259003
2017-09-18,0.06836362524267453
2017-09-19,0.06826326369743616
2017-09-20,0.05943781431853656
2017-09-21,0.059302610976843036
2017-09-22,0.05882960088942089
2017-09-25,0.05906870788895837
2017-09-26,0.05895906164292109
2017-09-27,0.06040968381770161
2017-09-28,0.0584387616835951
2017-09-29,0.0564975157529418
2017-10-02,0.05755100164607479
2017-10-03,0.057965270061256825
2017-10-04,0.05210522210895355
2017-10-05,0.05442597898010321
2017-10-06,0.05454503181406718
2017-10-09,0.05470508760665659
2017-10-10,0.041455624502518995
2017-10-11,0.04028326919864785
2017-10-12,0.040665212160547894
2017-10-13,0.04055413571063606
2017-10-16,0.04046235377824749
2017-10-17,0.04018811558086227
2017-10-18,0.04005757940253645
2017-10-19,0.039986007997097305
2017-10-20,0.04229176585609322
2017-10-23,0.044754255150837634
2017-10-24,0.04438244908645419
2017-10-25,0.04762277225329138
2017-10-26,0.04565725007109632
2017-10-27,0.052900685797024186
2017-10-30,0.05269037151890208
2017-10-31,0.05103234031320451
2017-11-01,0.05069920700287661
2017-11-02,0.050444057517516586
2017-11-03,0.047786267012056245
2017-11-06,0.04777323417498803
2017-11-07,0.047328604638591766
2017-11-08,0.04687345673335808
2017-11-09,0.04851607656188857
2017-11-10,0.04821819297154549
2017-11-13,0.04816277274974945
2017-11-14,0.04851372449266864
2017-11-15,0.05259909888498816
2017-11-16,0.059227245289898374
2017-11-17,0.059918759782893245
2017-11-20,0.05741230041887149
2017-11-21,0.059908423967417544
2017-11-22,0.05963743782355618
2017-11-23,0.05741545377415592
2017-11-24,0.05759864464966795
2017-11-27,0.05071366169401527
2017-11-28,0.05956552568463013
2017-11-29,0.05944886351230386
2017-11-30,0.06528423362816421
2017-12-01,0.06569064863887684
2017-12-04,0.06493491153439548
2017-12-05,0.0662474669688663
2017-12-06,0.06617988798336388
2017-12-07,0.06668018935190304
2017-12-08,0.0679851991143728
2017-12-11,0.06872930308023435
2017-12-12,0.06880936872804719
2017-12-13,0.06835530670699305
2017-12-14,0.06744226770394311
2017-12-15,0.06848946001648175
2017-12-18,0.07022517175552502
2017-12-19,0.07108341928447234
2017-12-20,0.06758028242406644
2017-12-21,0.06780362005349981
2017-12-22,0.0677748274665277
2017-12-25,0.06736928809594986
2017-12-26,0.06743638461781666
2017-12-27,0.05872904609818653
2017-12-28,0.059000974588753134
2017-12-29,0.05558322589257941
2018-01-02,0.06175718002930483
2018-01-03,0.06524543101753989
2018-01-04,0.06536282443652895
2018-01-05,0.06947612972712745
2018-01-08,0.06894444386412468
2018-01-09,0.06649227730146878
2018-01-10,0.06570365178440456
2018-01-11,0.06962057203555032
2018-01-12,0.07319975050597437
2018-01-15,0.0718588052581167
2018-01-16,0.06648385178954398
2018-01-17,0.07135381118115337
2018-01-18,0.07073139054576795
2018-01-19,0.07216711544097433
2018-01-22,0.07679123642940724
2018-01-23,0.0770952053386275
2018-01-24,0.07709987936633293
2018-01-25,0.07701809160454963
2018-01-26,0.08665136194014157
2018-01-29,0.08999040277580816
2018-01-30,0.09709527795526943
2018-01-31,0.0927318252148182
2018-02-01,0.08998726797917114
2018-02-02,0.11909928842254595
2018-02-05,0.19354288570037265
2018-02-06,0.20058066873500488
2018-02-07,0.2000462677716069
2018-02-08,0.24409989406668203
2018-02-09,0.24639929241401684
2018-02-12,0.2483041324943247
2018-02-13,0.24717318342140196
2018-02-14,0.24984250629097476
2018-02-15,0.25014257762887393
2018-02-16,0.24921900994759263
2018-02-19,0.24801348689311517
2018-02-20,0.24680549342676267
2018-02-21,0.24693484574053934
2018-02-22,0.24639099792451488
2018-02-23,0.2517113152999862
2018-02-26,0.25124404168271575
2018-02-27,0.2542928392510086
2018-02-28,0.2545469385451601
2018-03-01,0.2589353377239545
2018-03-02,0.2590223448746267
2018-03-05,0.25098607015790975
2018-03-06,0.20695705973851625
2018-03-07,0.19810506983306342
2018-03-08,0.19758479702866352
2018-03-09,0.1598313402527461
2018-03-12,0.15145983528209778
2018-03-13,0.14566428011802232
2018-03-14,0.1466228478191298
2018-03-15,0.13921512296440575
2018-03-16,0.13296790764883604
2018-03-19,0.14289547017301474
2018-03-20,0.14255341272807331
2018-03-21,0.1409578355216753
2018-03-22,0.16833702997253253
2018-03-23,0.18500894673938173
2018-03-26,0.19799180931164892
2018-03-27,0.2037078743196116
2018-03-28,0.19845619542989346
2018-03-29,0.1994577659973081
2018-03-30,0.19350280273444181
2018-04-02,0.20954827736031267
2018-04-03,0.20970306161770744
2018-04-04,0.2123621125880714
2018-04-05,0.2129689882182765
2018-04-06,0.22722430608287633
2018-04-09,0.21911111190497784
2018-04-10,0.22547168631160575
2018-04-11,0.22478423416286183
2018-04-12,0.2251197251469528
2018-04-13,0.22488695433883527
2018-04-16,0.2260452454144821
2018-04-17,0.22332045834297404
2018-04-18,0.22295046119497122
2018-04-19,0.22359592439460824
2018-04-20,0.2084378538216549
2018-04-23,0.19538045598430628
2018-04-24,0.17981137255646837
2018-04-25,0.16953148529274506
2018-04-26,0.17246681787506082
2018-04-27,0.1658318503656266
2018-04-30,0.1683185629572779
2018-05-01,0.14983474728439553
2018-05-02,0.1458681412707055
2018-05-03,0.14048253235275954
2018-05-04,0.14479898515968076
2018-05-07,0.12408902182605941
2018-05-08,0.12330323104658265
2018-05-09,0.11425727803241184
2018-05-10,0.11681822349247456
2018-05-11,0.11340129819558716
2018-05-14,0.11283670679527895
2018-05-15,0.1122545480221056
2018-05-16,0.10703128705369873
2018-05-17,0.10686012343422445
2018-05-18,0.10537548468999182
2018-05-21,0.10416019953389735
2018-05-22,0.10468272555820886
2018-05-23,0.09471897128500538
2018-05-24,0.09469015867640848
2018-05-25,0.08824549618947528
2018-05-28,0.08803823911074701
2018-05-29,0.0939141682002159
2018-05-30,0.10253448806096105
2018-05-31,0.1025902646885938
2018-06-01,0.10836832523441454
2018-06-04,0.10033277272736225
2018-06-05,0.09945945824725504
2018-06-06,0.10337629536074118
2018-06-07,0.09796586420825847
2018-06-08,0.09318042650906422
2018-06-11,0.0929306887736173
2018-06-12,0.09294575479012768
2018-06-13,0.09113553435768791
2018-06-14,0.0903587036925557
2018-06-15,0.09028675208115666
2018-06-18,0.09010259161420366
2018-06-19,0.08779193344499937
2018-06-20,0.0872231684565262
2018-06-21,0.0896148963775282
2018-06-22,0.08942156424944624
2018-06-25,0.10264369778498353
2018-06-26,0.10255155918518163
2018-06-27,0.0996612978094928
2018-06-28,0.09200603376361813
2018-06-29,0.08863760437499531
2018-07-02,0.08105271082500168
2018-07-03,0.08141904379414726
2018-07-04,0.08105139234924996
2018-07-05,0.08082128305880308
2018-07-06,0.08544826167238534
2018-07-09,0.08964900948268809
2018-07-10,0.09016255880530576
2018-07-11,0.09363262378834676
2018-07-12,0.09700664806015899
2018-07-13,0.09653539613616514
2018-07-16,0.09639687398840609
2018-07-17,0.09691947385302417
2018-07-18,0.09610741939334931
2018-07-19,0.09695833055893237
2018-07-20,0.09448249901305399
2018-07-23,0.09436714033673595
2018-07-24,0.08342561639697305
2018-07-25,0.08847921384042207
2018-07-26,0.08419330885054008
2018-07-27,0.08507982070061192
2018-07-30,0.08756532749546848
2018-07-31,0.08831547394251611
2018-08-01,0.08663296171678722
2018-08-02,0.08807007876653153
2018-08-03,0.08447360819617067
2018-08-06,0.08026167380140706
2018-08-07,0.07504551389509213
2018-08-08,0.07402854588950686
2018-08-09,0.0701160528963141
2018-08-10,0.06884256639371002
2018-08-13,0.07017776677516521
2018-08-14,0.07314333108018856
2018-08-15,0.07713850571248419
2018-08-16,0.08106669132997284
2018-08-17,0.08052860484721511
2018-08-20,0.08070086217714059
2018-08-21,0.08060516408467122
2018-08-22,0.07884619671445901
2018-08-23,0.0727839444026984
2018-08-24,0.07490501461384165
2018-08-27,0.07593917020573221
2018-08-28,0.07329273355907458
2018-08-29,0.07387495857180067
2018-08-30,0.07555442726920504
2018-08-31,0.0735966149378813
2018-09-03,0.0718119648205896
2018-09-04,0.07100233703253848
2018-09-05,0.07105969165002794
2018-09-06,0.07227095786886215
2018-09-07,0.07248181091681485
2018-09-10,0.06852721411019706
2018-09-11,0.06824860268958134
2018-09-12,0.06467716913963861
2018-09-13,0.061837283925115234
2018-09-14,0.055705039331037154
2018-09-17,0.058324918621295255
2018-09-18,0.060388940748344125
2018-09-19,0.060014950683793006
2018-09-20,0.06546973778786765
2018-09-21,0.06515328242614317
2018-09-24,0.06301827644217173
2018-09-25,0.057576154969829894
2018-09-26,0.05877726492089575
2018-09-27,0.05619920089370205
2018-09-28,0.054045084754394124
2018-10-01,0.05533183084636262
2018-10-02,0.05527376005891346
2018-10-03,0.05496798520971532
2018-10-04,0.062074722227110954
2018-10-05,0.06403623408369583
2018-10-08,0.06336909034371144
2018-10-09,0.0630545481180668
2018-10-10,0.1382139436655117
2018-10-11,0.15718415302710398
2018-10-12,0.16205018591220954
2018-10-15,0.16244102858518636
2018-10-16,0.17574352279111582
2018-10-17,0.1739914031745816
2018-10-18,0.18136763129715025
2018-10-19,0.1786579198283284
2018-10-22,0.17869055015143823
2018-10-23,0.1788599353680556
2018-10-24,0.2127147299122202
2018-10-25,0.22039867834754134
2018-10-26,0.22867552675341962
2018-10-29,0.2290437888668014
2018-10-30,0.23385192390317328
2018-10-31,0.2359568471721196
2018-11-01,0.23797366259321096
2018-11-02,0.23696311074283644
2018-11-05,0.23645754112651304
2018-11-06,0.23694189175837355
2018-11-07,0.24693085203344567
2018-11-08,0.21933364892699542
2018-11-09,0.21020902406383266
2018-11-12,0.2172372420048642
2018-11-13,0.21581706700800712
2018-11-14,0.20488350497666713
2018-11-15,0.2074661796995693
2018-11-16,0.20127169165760395
2018-11-19,0.2102870256429792
2018-11-20,0.21999884673316883
2018-11-21,0.21879340244675202
2018-11-22,0.1906886063821914
2018-11-23,0.18121865336817136
2018-11-26,0.1784827940390671
2018-11-27,0.17692031017104157
2018-11-28,0.18515869179686104
2018-11-29,0.18132217792278407
2018-11-30,0.1795792844581599
2018-12-03,0.1817586466860159
2018-12-04,0.21777571831656015
2018-12-05,0.21586873343588192
2018-12-06,0.2031076060865954
2018-12-07,0.22028951133648242
2018-12-10,0.21719105121894158
2018-12-11,0.205612066552223
2018-12-12,0.2055896950266427
2018-12-13,0.20329074925715543
2018-12-14,0.21191996538910404
2018-12-17,0.22491193006262808
2018-12-18,0.21669558215575113
2018-12-19,0.21463868611364392
2018-12-20,0.22149696289410156
2018-12-21,0.23366939457327757
2018-12-24,0.2529783433416598
2018-12-25,0.246279957728169
2018-12-26,0.29465460011381595
2018-12-27,0.28506724058151733
2018-12-28,0.28426850337929493
2018-12-31,0.28372069321216403
2019-01-02,0.28077176933160053
2019-01-03,0.27344238681473043
2019-01-04,0.2956352515056266
2019-01-07,0.2959038042233939
2019-01-08,0.28621580337523583
2019-01-09,0.285984683438349
2019-01-10,0.2859463150391053
2019-01-11,0.28497143483970544
2019-01-14,0.28530412727434684
2019-01-15,0.279762886126492
2019-01-16,0.27040314480085154
2019-01-17,0.2713559062300006
2019-01-18,0.2696652635296668
2019-01-21,0.26404025448026697
2019-01-22,0.2597347772902348
2019-01-23,0.24233043088753145
2019-01-24,0.24212207954531484
2019-01-25,0.18027025228969037
2019-01-28,0.18007588062661836
2019-01-29,0.17983162300922353
2019-01-30,0.18481841990295833
2019-01-31,0.18681630592462584
2019-02-01,0.1662596934486149
2019-02-04,0.12267587811029994
2019-02-05,0.12120162667093848
2019-02-06,0.11682010711821304
2019-02-07,0.12096112817652703
2019-02-08,0.11975549392868427
2019-02-11,0.1195485438240361
2019-02-12,0.12571486811499824
2019-02-13,0.12067896344103782
2019-02-14,0.12070198527278553
2019-02-15,0.12336857896205064
2019-02-18,0.11499721391868653
2019-02-19,0.1149912939633059
2019-02-20,0.10443460016972142
2019-02-21,0.10490343902945151
2019-02-22,0.10690516892349593
2019-02-25,0.10299591099820199
2019-02-26,0.09944681520734816
2019-02-27,0.09927112163029547
2019-02-28,0.08500989346098704
2019-03-01,0.0831481909615499
2019-03-04,0.08427683758071468
2019-03-05,0.08113695334416385
2019-03-06,0.08312096075972907
2019-03-07,0.08801416372935887
2019-03-08,0.08220513385530888
2019-03-11,0.09561912455750027
2019-03-12,0.09593680493784813
2019-03-13,0.08857345298896127
2019-03-14,0.08790154808869213
2019-03-15,0.08891821721944022
2019-03-18,0.08186713389522268
2019-03-19,0.08176301800454458
2019-03-20,0.08225677352001805
2019-03-21,0.08971262344152794
2019-03-22,0.11371792908596236
2019-03-25,0.11117695606392126
2019-03-26,0.11326518875425971
2019-03-27,0.11416989093947554
2019-03-28,0.11443014381954787
2019-03-29,0.11595085084032306
2019-04-01,0.11980902019177984
2019-04-02,0.11884475073253158
2019-04-03,0.11879393938035622
2019-04-04,0.11673418485216719
2019-04-05,0.11432742012108382
2019-04-08,0.11400504889948317
2019-04-09,0.10512975719706363
2019-04-10,0.10513651075602974
2019-04-11,0.10233206840237778
2019-04-12,0.10455479133073152
2019-04-15,0.103099701251266
2019-04-16,0.10224243075775806
2019-04-17,0.10250420177690235
2019-04-18,0.1020644264506535
2019-04-19,0.09521604866005016
2019-04-22,0.0697107591493081
2019-04-23,0.0756717644691093
2019-04-24,0.07208644092397264
2019-04-25,0.07027879144682918
2019-04-26,0.07093759984705414
2019-04-29,0.06723347198455777
2019-04-30,0.05483972547958168
2019-05-01,0.06151571854622317
2019-05-02,0.06142654485017922
2019-05-03,0.06896605468870036
2019-05-06,0.06908023892366102
2019-05-07,0.09244994281667886
2019-05-08,0.08979480535090999
2019-05-09,0.08926180868830969
2019-05-10,0.08970672176223396
2019-05-13,0.12517867414060438
2019-05-14,0.12716286733504484
2019-05-15,0.12789873057403398
2019-05-16,0.13047410921484454
2019-05-17,0.1315960929745702
2019-05-20,0.13344697409718717
2019-05-21,0.13592799364171756
2019-05-22,0.1325842867585867
2019-05-23,0.13925125661217244
2019-05-24,0.13882703649575281
2019-05-27,0.1374849534816374
2019-05-28,0.14056879958961702
2019-05-29,0.1424826067436331
2019-05-30,0.1399592556334245
2019-05-31,0.1478678050229748
2019-06-03,0.14415911294887165
2019-06-04,0.15993773706998066
2019-06-05,0.15183487107995164
2019-06-06,0.15283350556483452
2019-06-07,0.15626622935224402
2019-06-10,0.15631905037393706
2019-06-11,0.13243553249682624
2019-06-12,0.12965959386489057
2019-06-13,0.12870047687588287
2019-06-14,0.12513178495777125
2019-06-17,0.1234300420732035
2019-06-18,0.12548073272779195
2019-06-19,0.12245918414079876
2019-06-20,0.12607677702118794
2019-06-21,0.1193689453612933
2019-06-24,0.1193703989998645
2019-06-25,0.12443768900921971
2019-06-26,0.12105014282726233
2019-06-27,0.11928991903337677
2019-06-28,0.12051218712297222
2019-07-01,0.11463545577171017
2019-07-02,0.1145647156988964
2019-07-03,0.09284445474607116
2019-07-04,0.08856091478867559
2019-07-05,0.08627444631167845
2019-07-08,0.0806463559794533
2019-07-09,0.07906955815275826
2019-07-10,0.0803959229213792
2019-07-11,0.08036637933684687
2019-07-12,0.08059701486464456
2019-07-15,0.08033365040663211
2019-07-16,0.08120871551263167
2019-07-17,0.07813041682425233
2019-07-18,0.07826019607955925
2019-07-19,0.07494575292737381
2019-07-22,0.07523354403212107
2019-07-23,0.07831187614060842
2019-07-24,0.07291982983418999
2019-07-25,0.07527235731367049
2019-07-26,0.07806182920180087
2019-07-29,0.07570202479647319
2019-07-30,0.07165618660729474
2019-07-31,0.08164818861295603
2019-08-01,0.0840995467222978
2019-08-02,0.08799128974150408
2019-08-05,0.14199763694628414
2019-08-06,0.1466029919763036
2019-08-07,0.14561106791678466
2019-08-08,0.15710915745379106
2019-08-09,0.15817111451511395
2019-08-12,0.16336197412028997
2019-08-13,0.17043998421446388
2019-08-14,0.20210507485492435
2019-08-15,0.20002730676639327
2019-08-16,0.20457631620232414
2019-08-19,0.20676438068483075
2019-08-20,0.20797161001615014
2019-08-21,0.20791166970052166
2019-08-22,0.2067577603812901
2019-08-23,0.22739464487205083
2019-08-26,0.2282212523491834
2019-08-27,0.22775998271828315
2019-08-28,0.22802945970342017
2019-08-29,0.22845690475162095
2019-08-30,0.2259175614496149
2019-09-02,0.22412354100011456
2019-09-03,0.20063560039638262
2019-09-04,0.19876116802337024
2019-09-05,0.20314612884467698
2019-09-06,0.19285431355822896
2019-09-09,0.19125011107116602
2019-09-10,0.18633340988607044
2019-09-11,0.18067853197134126
2019-09-12,0.15013011163984696
2019-09-13,0.1497035580409351
2019-09-16,0.14191836396507665
2019-09-17,0.1360284173626398
2019-09-18,0.13316828244500653
2019-09-19,0.13007331736372185
2019-09-20,0.13120112146375817
2019-09-23,0.09621888920820534
2019-09-24,0.09403520522283126
2019-09-25,0.0954223926141742
2019-09-26,0.09304052876697429
2019-09-27,0.08478721625178166
2019-09-30,0.08619652621617366
2019-10-01,0.09738968113179096
2019-10-02,0.11550888066864969
2019-10-03,0.1121341885842708
2019-10-04,0.11315398040434069
2019-10-07,0.1138088099391165
2019-10-08,0.12735884267723346
2019-10-09,0.13035279621223222
2019-10-10,0.12929886799158952
2019-10-11,0.13360226228168792
2019-10-14,0.13325707554306743
2019-10-15,0.13662990817301116
2019-10-16,0.13623492128344242
2019-10-17,0.13625934998384598
2019-10-18,0.13679246490689106
2019-10-21,0.13750521821017267
2019-10-22,0.13794357097649015
2019-10-23,0.1350853506048401
2019-10-24,0.1334555213698777
2019-10-25,0.13375217205332046
2019-10-28,0.13372331156814332
2019-10-29,0.13254972295686734
2019-10-30,0.1261695664571234
2019-10-31,0.11083175764608252
2019-11-01,0.11222943758688218
2019-11-04,0.10221147702512894
2019-11-05,0.1010820372201552
2019-11-06,0.08595476833220525
2019-11-07,0.08072771763628812
2019-11-08,0.07816521559447999
2019-11-11,0.06926009131001529
2019-11-12,0.06921766262193099
2019-11-13,0.06051766891018126
2019-11-14,0.06012826704402754
2019-11-15,0.06475625097115353
2019-11-18,0.06334501927142805
2019-11-19,0.05894717902787988
2019-11-20,0.059333827001062024
2019-11-21,0.05877706392226322
2019-11-22,0.05880164391418479
2019-11-25,0.06245999068354572
2019-11-26,0.05995455421454974
2019-11-27,0.06147576717001095
2019-11-28,0.06044149558387509
2019-11-29,0.06138995206424811
2019-12-02,0.06113600348170566
2019-12-03,0.06454078376326142
2019-12-04,0.06757144536976373
2019-12-05,0.06746881477203857
2019-12-06,0.07337861813847253
2019-12-09,0.07364760611415774
2019-12-10,0.07328949225973294
2019-12-11,0.07359687268441052
2019-12-12,0.07890021855501587
2019-12-13,0.07873529347428686
2019-12-16,0.07804645182339208
2019-12-17,0.07794655940529502
2019-12-18,0.07786198015876164
2019-12-19,0.07820569746409455
2019-12-20,0.07972771390339144
2019-12-23,0.07938900512640629
2019-12-24,0.07520177176307546
2019-12-25,0.07479161963596459
2019-12-26,0.0754250927385768
2019-12-27,0.07539218734863079
2019-12-30,0.0772037397136065
2019-12-31,0.0720074131157701
2020-01-02,0.07390774351328858
2020-01-03,0.07543696670519079
2020-01-06,0.07605061381467541
2020-01-07,0.07018725476220031
2020-01-08,0.07116454337848872
2020-01-09,0.07440603734875625
2020-01-10,0.07442088136586501
2020-01-13,0.07238922921092546
2020-01-14,0.07251585012879208
2020-01-15,0.06858377379806004
2020-01-16,0.07406436681430918
2020-01-17,0.07511982935192231
2020-01-20,0.07353249671947507
2020-01-21,0.0722458337877931
2020-01-22,0.07212750540176045
2020-01-23,0.07217013455954178
2020-01-24,0.07962088689878156
2020-01-27,0.09729286237975861
2020-01-28,0.10254684676866546
2020-01-29,0.10028747216510993
2020-01-30,0.09998007830092887
2020-01-31,0.1162658052947373
2020-02-03,0.11573716290731759
2020-02-04,0.12512685990502975
2020-02-05,0.1299514341365079
2020-02-06,0.1289983684621626
2020-02-07,0.12828266362089746
2020-02-10,0.12995400075875577
2020-02-11,0.1276411708625943
2020-02-12,0.12913403508180732
2020-02-13,0.12890355118830601
2020-02-14,0.12573064626548408
2020-02-17,0.12487093031084848
2020-02-18,0.1251918387986407
2020-02-19,0.12572578485959124
2020-02-20,0.12639963815610225
2020-02-21,0.13217058158103245
2020-02-24,0.17998854194964856
2020-02-25,0.20520834365059976
2020-02-26,0.2014388656565066
2020-02-27,0.26078360367156445
2020-02-28,0.260435289147119
2020-03-02,0.2940527529493894
2020-03-03,0.3101917140843427
2020-03-04,0.33516023733210554
2020-03-05,0.3555489101118491
2020-03-06,0.3596013031987927
2020-03-09,0.46202789692230406
2020-03-10,0.48673699584123026
2020-03-11,0.5186660326603355
2020-03-12,0.6345336361481141
2020-03-13,0.6984846098568751
2020-03-16,0.8405151223149567
2020-03-17,0.8584684097488339
2020-03-18,0.876561066382682
2020-03-19,0.8724425623522563
2020-03-20,0.8840753149622487
2020-03-23,0.8867561001568324
2020-03-24,0.9271231033531313
2020-03-25,0.9194105846144828
2020-03-26,0.9395838920918597
2020-03-27,0.9336776505280076
2020-03-30,0.9379562681864065
2020-03-31,0.9257021360158236
2020-04-01,0.9341577893821953
2020-04-02,0.9251025015031112
2020-04-03,0.9179583680778847
2020-04-06,0.9432482802206832
2020-04-07,0.9033762683381135
2020-04-08,0.8946561019330557
2020-04-09,0.8788389693409453
2020-04-10,0.8102310811850683
2020-04-13,0.7525080186526136
2020-04-14,0.6235736159899893
2020-04-15,0.5964926938043709
2020-04-16,0.5680762952391172
2020-04-17,0.5740728135962451
2020-04-20,0.5574300814704412
2020-04-21,0.559575580457721
2020-04-22,0.47531248474943133
2020-04-23,0.4728383295340714
2020-04-24,0.4278267656300511
2020-04-27,0.41397753943111415
2020-04-28,0.3984217654179211
2020-04-29,0.4038925368788563
2020-04-30,0.37485376145208227
2020-05-01,0.3812760866391932
2020-05-04,0.3772560044907715
2020-05-05,0.29969118467230804
2020-05-06,0.30001343658580604
2020-05-07,0.2797242810328446
2020-05-08,0.2805674851050902
2020-05-11,0.2799972017019062
2020-05-12,0.2877972234921909
2020-05-13,0.2762934385941607
2020-05-14,0.267862710063274
2020-05-15,0.2668017338939811
2020-05-18,0.2718074235791216
2020-05-19,0.26721695226518777
2020-05-20,0.25126962346289367
2020-05-21,0.24051936844781355
2020-05-22,0.24016785471051397
2020-05-25,0.23514080157484998
2020-05-26,0.2331939772659504
2020-05-27,0.23746402639510553
2020-05-28,0.22007064281937705
2020-05-29,0.21815734417648697
2020-06-01,0.19587919877519874
2020-06-02,0.19706595935645774
2020-06-03,0.19982518651970912
2020-06-04,0.19863366658668946
2020-06-05,0.21344305326589483
2020-06-08,0.2096040629632028
2020-06-09,0.21149199879890496
2020-06-10,0.2003627693839988
2020-06-11,0.29510298668221063
2020-06-12,0.29402099006342824
2020-06-15,0.29346934115201817
2020-06-16,0.2798711802107627
2020-06-17,0.2766172496832702
2020-06-18,0.26974195763847875
2020-06-19,0.268232962093711
2020-06-22,0.26807643692125716
2020-06-23,0.26765030318280597
2020-06-24,0.28099193086595
2020-06-25,0.27804219993709556
2020-06-26,0.29162772518521174
2020-06-29,0.29435298030228096
2020-06-30,0.29775468698680896
2020-07-01,0.29620371337105506
2020-07-02,0.2923657029824953
2020-07-03,0.291557385997846
2020-07-06,0.28263236448141266
2020-07-07,0.2821458640363349
2020-07-08,0.2816653393681762
2020-07-09,0.2814633045771914
2020-07-10,0.19486382886254103
2020-07-13,0.19255018467577853
2020-07-14,0.19527388386430378
2020-07-15,0.18670586413653747
2020-07-16,0.18634947414800385
2020-07-17,0.18623153704553236
2020-07-20,0.1870851559651927
2020-07-21,0.1856089013173962
2020-07-22,0.1858099175686689
2020-07-23,0.16941553040459764
2020-07-24,0.16662018283065413
2020-07-27,0.14623371495932325
2020-07-28,0.1394161135073193
2020-07-29,0.1356780610599775
2020-07-30,0.13502897396251848
2020-07-31,0.13633478113816117
2020-08-03,0.13821709316195657
2020-08-04,0.12785817120666443
2020-08-05,0.12413366616002883
2020-08-06,0.12302762505540273
2020-08-07,0.1213753869455342
2020-08-10,0.1163601662542956
2020-08-11,0.11566454801758558
2020-08-12,0.11624681894963419
2020-08-13,0.1122313488073256
2020-08-14,0.11147179113541991
2020-08-17,0.11128510779021467
2020-08-18,0.10776544506263556
2020-08-19,0.10875237392992564
2020-08-20,0.10740933537595049
2020-08-21,0.09943368145253688
2020-08-24,0.10279934515180324
2020-08-25,0.1003716561974874
2020-08-26,0.10369815401298403
2020-08-27,0.09498973026853949
2020-08-28,0.09676864347685926
2020-08-31,0.09355457502147967
2020-09-01,0.09379880655010621
2020-09-02,0.10631431939998026
2020-09-03,0.16838445926028525
2020-09-04,0.16865871529513882
2020-09-07,0.1676529195512146
2020-09-08,0.19646366445866387
2020-09-09,0.20480650404399897
2020-09-10,0.2089008908341853
2020-09-11,0.20770254366277216
2020-09-14,0.21113289330572624
2020-09-15,0.21083868129439298
2020-09-16,0.2106712032987207
2020-09-17,0.2118191284712078
2020-09-18,0.2150151881179805
2020-09-21,0.218390305326611
2020-09-22,0.218016821179276
2020-09-23,0.23463592211295567
2020-09-24,0.2315332286015022
2020-09-25,0.2369149809699624
2020-09-28,0.24135772109366174
2020-09-29,0.24139412798908993
2020-09-30,0.24119330640208253
2020-10-01,0.23586090120809083
2020-10-02,0.2051497478474673
2020-10-05,0.21160555073198142
2020-10-06,0.2175830644722735
2020-10-07,0.20366438548595303
2020-10-08,0.19359989535525543
2020-10-09,0.18602021978188188
2020-10-12,0.19366277523551098
2020-10-13,0.19001963254773782
2020-10-14,0.1905118188601908
2020-10-15,0.18965894002011943
2020-10-16,0.18722626879808282
2020-10-19,0.19298571501637576
2020-10-20,0.18919409895272638
2020-10-21,0.18567481522276863
2020-10-22,0.16752474293412445
2020-10-23,0.16731260447638094
2020-10-26,0.17280187902108676
2020-10-27,0.16396684851729748
2020-10-28,0.21012821652675015
2020-10-29,0.2109543460327166
2020-10-30,0.21400676166464003
2020-11-02,0.21455051537118655
2020-11-03,0.21352078460608262
2020-11-04,0.22009957140382297
2020-11-05,0.221369813758089
2020-11-06,0.2191462656418186
2020-11-09,0.2201715085203986
2020-11-10,0.21277345569608555
2020-11-11,0.2128567548269842
2020-11-12,0.21456432172616766
2020-11-13,0.21896001328623232
2020-11-16,0.22212186260686656
2020-11-17,0.2154750582529905
2020-11-18,0.21891031955844106
2020-11-19,0.2188701460382473
2020-11-20,0.21934793695601668
2020-11-23,0.21958676196794327
2020-11-24,0.21684725123761006
2020-11-25,0.21647166240067794
2020-11-26,0.17886622277741906
2020-11-27,0.174269808494968
2020-11-30,0.16998503583934757
2020-12-01,0.16897979448187633
2020-12-02,0.15801993137636025
2020-12-03,0.13957267271011928
2020-12-04,0.12676518606257658
2020-12-07,0.12682417429814086
2020-12-08,0.12078494360166787
2020-12-09,0.12416194801683396
2020-12-10,0.12136714182011622
2020-12-11,0.11645346966017393
2020-12-14,0.10815807934022015
2020-12-15,0.10960354902337256
2020-12-16,0.1084068447164948
2020-12-17,0.10271991149765505
2020-12-18,0.10257466721198526
2020-12-21,0.10088266223469666
2020-12-22,0.09924372608333872
2020-12-23,0.08298150173347559
2020-12-24,0.08353146618034302
2020-12-25,0.0834143802240773
2020-12-28,0.08797137393983291
2020-12-29,0.0868975521337537
2020-12-30,0.07821663523433245
2020-12-31,0.08086932188303682
2021-01-04,0.09778690081357574
2021-01-05,0.09578357081121827
2021-01-06,0.09715827654929127
2021-01-07,0.10855270701198434
2021-01-08,0.10653160922857953
2021-01-11,0.10902220473027392
2021-01-12,0.10871685954214459
2021-01-13,0.10777703795933107
2021-01-14,0.09943167652397228
2021-01-15,0.10262733859178598
2021-01-18,0.10053010176789764
2021-01-19,0.10331516997867245
2021-01-20,0.11249394234987538
2021-01-21,0.11213258735136547
2021-01-22,0.11254317641582336
2021-01-25,0.11244605350095001
2021-01-26,0.11247784572229058
2021-01-27,0.1450849571003568
2021-01-28,0.1478755059837592
2021-01-29,0.16397597220518195
2021-02-01,0.17045952570395112
2021-02-02,0.16874619334468163
2021-02-03,0.16646992123601176
2021-02-04,0.16880865180408813
2021-02-05,0.16131963492988746
2021-02-08,0.16175463686057223
2021-02-09,0.15989318670665956
2021-02-10,0.15955766420784837
2021-02-11,0.15917509197435628
2021-02-12,0.15920068336185758
2021-02-15,0.1570850259463118
2021-02-16,0.15689758948910046
2021-02-17,0.15430535141488258
2021-02-18,0.14778114875200868
2021-02-19,0.14777634088806266
2021-02-22,0.15007216841778032
2021-02-23,0.14944563482280668
2021-02-24,0.15400772437054117
2021-02-25,0.1560529590883765
2021-02-26,0.15290330523415893
2021-03-01,0.1586407204807041
2021-03-02,0.15167461681426597
2021-03-03,0.15178438218508486
2021-03-04,0.1591981117099807
2021-03-05,0.16750772115856827
2021-03-08,0.16760736243175112
2021-03-09,0.17191181466917443
2021-03-10,0.172616088916868
2021-03-11,0.1757326531565189
2021-03-12,0.17533068531329504
2021-03-15,0.1756726707170587
2021-03-16,0.17550714802909734
2021-03-17,0.17552952119790674
2021-03-18,0.1837858326185566
2021-03-19,0.18284621822890598
2021-03-22,0.18396702320252498
2021-03-23,0.184030079401705
2021-03-24,0.1848341235136668
2021-03-25,0.18143428134032555
2021-03-26,0.17003673127425742
2021-03-29,0.16907965041247627
2021-03-30,0.14942747400488138
2021-03-31,0.14718037244568316
2021-04-01,0.1456330169925708
2021-04-02,0.1380978229885287
2021-04-05,0.1308137452249601
2021-04-06,0.12945465875142992
2021-04-07,0.12036424900242602
2021-04-08,0.11936393961834658
2021-04-09,0.11693862987566979
2021-04-12,0.11679618277326287
2021-04-13,0.11517790148019995
2021-04-14,0.11599254203689056
2021-04-15,0.12138235895309378
2021-04-16,0.11104748512933928
2021-04-19,0.11271492323109766
2021-04-20,0.11298561581062179
2021-04-21,0.11420861902475601
2021-04-22,0.11769262278932878
2021-04-23,0.12182873136179521
2021-04-26,0.1082520793492213
2021-04-27,0.10803931254151529
2021-04-28,0.10740082740574933
2021-04-29,0.1089750724072829
2021-04-30,0.10481938096268287
2021-05-03,0.1050486812674455
2021-05-04,0.09627666947046871
2021-05-05,0.09602893825423409
2021-05-06,0.09958374081128997
2021-05-07,0.10148476467864978
2021-05-10,0.10540160528191293
2021-05-11,0.11000045024973881
2021-05-12,0.1354978038680693
2021-05-13,0.1401855783763905
2021-05-14,0.14352779711556013
2021-05-17,0.1428061269993088
2021-05-18,0.14472979078049272
2021-05-19,0.14282079137750092
2021-05-20,0.1433677050831651
2021-05-21,0.13955096618681925
2021-05-24,0.1383469086440125
2021-05-25,0.138144459086748
2021-05-26,0.13801606505061106
2021-05-27,0.137803157967774
2021-05-28,0.13571322665039698
2021-05-31,0.13330411247949966
2021-06-01,0.1328264069869693
2021-06-02,0.1308166232747376
2021-06-03,0.13136696326829836
2021-06-04,0.13172434061832974
2021-06-07,0.12927650744781577
2021-06-08,0.12419847579695328
2021-06-09,0.12074703572604391
2021-06-10,0.09705361532669932
2021-06-11,0.0881281743302778
2021-06-14,0.07263387109006494
2021-06-15,0.07242213772458779
2021-06-16,0.06926587281783379
2021-06-17,0.0684114602101289
2021-06-18,0.07615936464319889
2021-06-21,0.08912114180847133
2021-06-22,0.08408457754546417
2021-06-23,0.08357747945660807
2021-06-24,0.08535046298696874
2021-06-25,0.0857696851033784
2021-06-28,0.08588557008399732
2021-06-29,0.08571364371495288
2021-06-30,0.08565943074836363
2021-07-01,0.0871827496425446
2021-07-02,0.08982420402395119
2021-07-05,0.08464227857669739
2021-07-06,0.08484907025163296
2021-07-07,0.08551294909473225
2021-07-08,0.09100074210108397
2021-07-09,0.09717044313829488
2021-07-12,0.09749727273085337
2021-07-13,0.09806207268896529
2021-07-14,0.09777066542068884
2021-07-15,0.09670103889691951
2021-07-16,0.10058229668223685
2021-07-19,0.10769415304999813
2021-07-20,0.10896558565034645
2021-07-21,0.110701106901103
2021-07-22,0.11048818738737881
2021-07-23,0.11366538815760341
2021-07-26,0.11312022113426663
2021-07-27,0.11397739509923319
2021-07-28,0.11373821323245498
2021-07-29,0.11432494352528558
2021-07-30,0.11456529191651477
2021-08-02,0.11175282462224935
2021-08-03,0.11494386615692169
2021-08-04,0.11588290287197511
2021-08-05,0.1169293984352419
2021-08-06,0.11324423039242507
2021-08-09,0.10661749201850679
2021-08-10,0.10590718491827862
2021-08-11,0.10521264357675952
2021-08-12,0.10597176758459827
2021-08-13,0.10544878482861803
2021-08-16,0.1025978445063969
2021-08-17,0.09097086918902883
2021-08-18,0.08522944994001755
2021-08-19,0.08033752923748906
2021-08-20,0.08432854694903172
2021-08-23,0.08201147859825364
2021-08-24,0.08153805926676769
2021-08-25,0.08009795259277853
2021-08-26,0.08281832062158874
2021-08-27,0.08661428131244217
2021-08-30,0.08570580006971631
2021-08-31,0.0854709460496569
2021-09-01,0.08072693535350459
2021-09-02,0.07962561184427962
2021-09-03,0.07689153518913408
2021-09-06,0.07657222575372447
2021-09-07,0.07746031472086598
2021-09-08,0.07744283994495924
2021-09-09,0.07911916720217393
2021-09-10,0.08291114153442658
2021-09-13,0.08288107941615061
2021-09-14,0.08497533976584991
2021-09-15,0.08616754099654776
2021-09-16,0.07803703924208585
2021-09-17,0.08484295622302757
2021-09-20,0.10210287988487028
2021-09-21,0.09739097657882172
2021-09-22,0.10187117397720497
2021-09-23,0.10904717079339746
2021-09-24,0.10695763639758797
2021-09-27,0.10292384387877046
2021-09-28,0.12699017729297682
2021-09-29,0.1263210394793592
2021-09-30,0.13333032429652825
2021-10-01,0.13785249872546856
2021-10-04,0.14559443012505036
2021-10-05,0.1492279193883341
2021-10-06,0.14888438880709973
2021-10-07,0.15095249611704112
2021-10-08,0.14989959485590396
2021-10-11,0.14942221410868856
2021-10-12,0.1491282198057305
2021-10-13,0.1478629704907654
2021-10-14,0.15568963496125238
2021-10-15,0.15737705528217116
2021-10-18,0.15450063097649527
2021-10-19,0.14516938657813874
2021-10-20,0.14549111555400268
2021-10-21,0.14211302728688113
2021-10-22,0.1360382147674394
2021-10-25,0.1367596338215223
2021-10-26,0.13645901177866682
2021-10-27,0.1187472426694597
2021-10-28,0.12303161946022988
2021-10-29,0.11622364660246721
2021-11-01,0.10965844393997592
2021-11-02,0.10099973430168897
2021-11-03,0.09696163481067144
2021-11-04,0.09691413301321007
2021-11-05,0.09356511999875884
2021-11-08,0.09331962421887534
2021-11-09,0.0912433648536252
2021-11-10,0.09584675065587095
2021-11-11,0.0951535614303853
2021-11-12,0.07962907970110523
2021-11-15,0.07539097512014838
2021-11-16,0.07551721108320258
2021-11-17,0.07182033034996585
2021-11-18,0.07153346807323406
2021-11-19,0.07089761572356837
2021-11-22,0.07170660981775696
2021-11-23,0.06999799688928177
2021-11-24,0.07005352701145398
2021-11-25,0.0678314083704591
2021-11-26,0.10366799162195119
2021-11-29,0.1118829671400023
2021-11-30,0.13182410520590934
2021-12-01,0.1376457824464045
2021-12-02,0.14322111382558672
2021-12-03,0.1452601363776776
2021-12-06,0.1493250798072214
2021-12-07,0.1640842172164538
2021-12-08,0.16351174234055574
2021-12-09,0.16289910152171294
2021-12-10,0.1656267969169832
2021-12-13,0.16698033566070916
2021-12-14,0.1689125004061944
2021-12-15,0.17676084454947996
2021-12-16,0.1792145037280021
2021-12-17,0.18259105711321774
2021-12-20,0.18704772126745672
2021-12-21,0.19562512209259242
2021-12-22,0.19817889011240372
2021-12-23,0.19883260142442374
2021-12-24,0.19856480091297257
2021-12-27,0.18826977227839936
2021-12-28,0.18278000658979618
2021-12-29,0.170764780466187
2021-12-30,0.16614598987195908
2021-12-31,0.1592717049018159
2022-01-03,0.15796008679242596
2022-01-04,0.1528142002917262
2022-01-05,0.15416148456873216
2022-01-06,0.1533881338872892
2022-01-07,0.15177815421073898
2022-01-10,0.14804190911888043
2022-01-11,0.14765329040776368
2022-01-12,0.14545843934371372
2022-01-13,0.14456002232149767
2022-01-14,0.14104969549324833
2022-01-17,0.1362305469813116
2022-01-18,0.14727468833230714
2022-01-19,0.13877508198700605
2022-01-20,0.13997797076713367
2022-01-21,0.1548005077580612
2022-01-24,0.15419319325411646
2022-01-25,0.15308320228795017
2022-01-26,0.15231690004565368
2022-01-27,0.15283268016330345
2022-01-28,0.17227281303316172
2022-01-31,0.18283225986165816
2022-02-01,0.18259841607890545
2022-02-02,0.18494743998684635
2022-02-03,0.19508478996353926
2022-02-04,0.195127404896949
2022-02-07,0.19451442196055774
2022-02-08,0.19595082738701866
2022-02-09,0.19908074538524248
2022-02-10,0.20968197903121405
2022-02-11,0.21542326805940878
2022-02-14,0.21515987174970982
2022-02-15,0.2209481211478948
2022-02-16,0.2112735567875636
2022-02-17,0.2227627823358858
2022-02-18,0.2204806747051578
2022-02-21,0.210101427751081
2022-02-22,0.21267494251994773
2022-02-23,0.21909332760317704
2022-02-24,0.224011345858509
2022-02-25,0.234891561661815
2022-02-28,0.21996156330119399
2022-03-01,0.21794010886588225
2022-03-02,0.22496707622550083
2022-03-03,0.22306872120273624
2022-03-04,0.2084290745548123
2022-03-07,0.2350564575845964
2022-03-08,0.2353698230601473
2022-03-09,0.24816213072471502
2022-03-10,0.24315066848748995
2022-03-11,0.23943987193771807
2022-03-14,0.23147713681453272
2022-03-15,0.2413686745150242
2022-03-16,0.24659988957110268
2022-03-17,0.24960305779111128
2022-03-18,0.24165483630675358
2022-03-21,0.24006928055885302
2022-03-22,0.2427492196890853
2022-03-23,0.24433786932760918
2022-03-24,0.24063933593756168
2022-03-25,0.23565552433039655
2022-03-28,0.2244593463179771
2022-03-29,0.22782465753606684
2022-03-30,0.22265314681332285
2022-03-31,0.2213412953784001
2022-04-01,0.22057465095622789
2022-04-04,0.22030716919897705
2022-04-05,0.20082137658896165
2022-04-06,0.2022156553566515
2022-04-07,0.1832075904802238
2022-04-08,0.18252044607771564
2022-04-11,0.18767390142829607
2022-04-12,0.18590430637121716
2022-04-13,0.17511461015785637
2022-04-14,0.16418786446276457
2022-04-15,0.1583016835189585
2022-04-18,0.15286659214130105
2022-04-19,0.1616757880560598
2022-04-20,0.15678084402519324
2022-04-21,0.16052354317316678
2022-04-22,0.1847935149286415
2022-04-25,0.18404973831086605
2022-04-26,0.21015719835980737
2022-04-27,0.2049902831562713
2022-04-28,0.21903030105461624
2022-04-29,0.25192776015249607
2022-05-02,0.2509811926212096
2022-05-03,0.24877820853004634
2022-05-04,0.2635011469817979
2022-05-05,0.2931300886870416
2022-05-06,0.2922051254490036
2022-05-09,0.31487173575805594
2022-05-10,0.3082047930217922
2022-05-11,0.31280793316705163
2022-05-12,0.3093285143401525
2022-05-13,0.3157005795601058
2022-05-16,0.31509772511858325
2022-05-17,0.3214393631770216
2022-05-18,0.3510762828367011
2022-05-19,0.3504998260089899
2022-05-20,0.34574809388292044
2022-05-23,0.33714159997152293
2022-05-24,0.3370640123471563
2022-05-25,0.3236391609545148
2022-05-26,0.32962366545964034
2022-05-27,0.3289791664205986
2022-05-30,0.3036610992514609
2022-05-31,0.3034240455569219
2022-06-01,0.30377866915604324
2022-06-02,0.2930982431710626
2022-06-03,0.27258472595165234
2022-06-06,0.2715769859215172
2022-06-07,0.24976741103270728
2022-06-08,0.2524156852330861
2022-06-09,0.2613229147833467
2022-06-10,0.2826297547332001
2022-06-13,0.3072106024090589
2022-06-14,0.3057465443585531
2022-06-15,0.30084325738627193
2022-06-16,0.29206072717437515
2022-06-17,0.28989190447300267
2022-06-20,0.2884860894158599
2022-06-21,0.2921246500806416
2022-06-22,0.2897800163046803
2022-06-23,0.28885649155568677
2022-06-24,0.29815259274980316
2022-06-27,0.285921227502919
2022-06-28,0.2950594623657555
2022-06-29,0.2935444749152168
2022-06-30,0.29359578365643424
2022-07-01,0.28857254075181676
2022-07-04,0.28256080427618097
2022-07-05,0.2819117220782774
2022-07-06,0.2798973667075469
2022-07-07,0.2816070028003554
2022-07-08,0.2692133129169084
2022-07-11,0.25330091387119624
2022-07-12,0.21738640770352113
2022-07-13,0.21721618999825917
2022-07-14,0.21150502965838253
2022-07-15,0.19029248311585553
2022-07-18,0.19234130095107183
2022-07-19,0.2129900717253615
2022-07-20,0.19733362940640006
2022-07-21,0.19979342091342384
2022-07-22,0.20001305463889638
2022-07-25,0.17186011215014554
2022-07-26,0.1766248576727667
2022-07-27,0.18430692431272944
2022-07-28,0.18847599195977488
2022-07-29,0.1918936103193884
2022-08-01,0.18865610374001202
2022-08-02,0.1900920606700864
2022-08-03,0.19694182450405368
2022-08-04,0.19641971003020048
2022-08-05,0.18981755441371057
2022-08-08,0.18971257913240278
2022-08-09,0.18615918747772145
2022-08-10,0.19673147461934629
2022-08-11,0.19606202758825766
2022-08-12,0.20415268280447368
2022-08-15,0.19411841794200108
2022-08-16,0.19205596124720792
2022-08-17,0.17053410766944865
2022-08-18,0.16943308527042084
2022-08-19,0.1728919870629431
2022-08-22,0.18770522002950904
2022-08-23,0.1873189920414868
2022-08-24,0.18294121125076118
2022-08-25,0.16709613377724136
2022-08-26,0.2054816425615865
2022-08-29,0.200304835024755
2022-08-30,0.20328552041294892
2022-08-31,0.20317070009081148
2022-09-01,0.1956177143302558
2022-09-02,0.19887598254685035
2022-09-05,0.19802397307780936
2022-09-06,0.19788906172819265
2022-09-07,0.20613923452491978
2022-09-08,0.1941483651901466
2022-09-09,0.2003289394546748
2022-09-12,0.1945722368429978
2022-09-13,0.25358847289125325
2022-09-14,0.2524613742464429
2022-09-15,0.2536451473282762
2022-09-16,0.2538673632500438
2022-09-19,0.25011449865348817
2022-09-20,0.24193355336834843
2022-09-21,0.24930261497397557
2022-09-22,0.2501860156678145
2022-09-23,0.253152100384469
2022-09-26,0.22731910592351692
2022-09-27,0.22538859062977587
2022-09-28,0.23100500295433743
2022-09-29,0.24204999229329757
2022-09-30,0.24746505544062058
2022-10-03,0.25875676967703704
2022-10-04,0.2774405129263775
2022-10-05,0.27659893429181626
2022-10-06,0.27183139507783316
2022-10-07,0.2901288280129499
2022-10-10,0.2860966939698211
2022-10-11,0.2841497055656515
2022-10-12,0.24108825115146526
2022-10-13,0.25528690174946117
2022-10-14,0.2669308918452935
2022-10-17,0.27938206042415836
2022-10-18,0.28039857011212943
2022-10-19,0.27828416966632774
2022-10-20,0.27314026484733916
2022-10-21,0.2824870506499006
2022-10-24,0.278723081777552
2022-10-25,0.28144664832436656
2022-10-26,0.2823616966106807
2022-10-27,0.27515761813051953
2022-10-28,0.2776602696357658
2022-10-31,0.274001425525015
2022-11-01,0.26015787029866727
2022-11-02,0.25680187548235417
2022-11-03,0.25916085684613616
2022-11-04,0.26029376536321863
2022-11-07,0.24352311021311113
2022-11-08,0.24245967460783022
2022-11-09,0.25328168024838327
2022-11-10,0.3115664501652384
2022-11-11,0.3004257025797759
2022-11-14,0.29080889738205146
2022-11-15,0.2781796443799373
2022-11-16,0.2768689661641181
2022-11-17,0.2758351279839765
2022-11-18,0.2746657665149072
2022-11-21,0.2630661738009819
2022-11-22,0.2637279035377972
2022-11-23,0.2585494134298251
2022-11-24,0.2571227772676728
2022-11-25,0.2561135001191522
2022-11-28,0.2491252993288241
2022-11-29,0.24762710366712923
2022-11-30,0.267662117346222
2022-12-01,0.2533820922849242
2022-12-02,0.2506600723283066
2022-12-05,0.25520440460720717
2022-12-06,0.25847441612855715
2022-12-07,0.25748440815887663
2022-12-08,0.24841826121171084
2022-12-09,0.17018529139618455
2022-12-12,0.17361456050847565
2022-12-13,0.1723011794480541
2022-12-14,0.17092979060055516
2022-12-15,0.19249719901123585
2022-12-16,0.19595013979970966
2022-12-19,0.19745681973627904
2022-12-20,0.1963669221976732
2022-12-21,0.19681296318066002
2022-12-22,0.2025941338533348
2022-12-23,0.20296693442101515
2022-12-26,0.20244286026311908
2022-12-27,0.1955805191141147
2022-12-28,0.20016943562321077
2022-12-29,0.18075007497321974
2022-12-30,0.18051927641550905
2023-01-02,0.18006393857479186
2023-01-03,0.16965440730799825
2023-01-04,0.16401256488906188
2023-01-05,0.16924887383548226
2023-01-06,0.18361272842181298
2023-01-09,0.1816168262774624
2023-01-10,0.17645106226621088
2023-01-11,0.17974763201250685
2023-01-12,0.1787240571185088
2023-01-13,0.15735418148575056
2023-01-16,0.15252342452755807
2023-01-17,0.14943715887947986
2023-01-18,0.1601669585618524
2023-01-19,0.1544678586124668
2023-01-20,0.15919298981876537
2023-01-23,0.16262881115593497
2023-01-24,0.16238207609268585
2023-01-25,0.161562865255378
2023-01-26,0.1604120028540609
2023-01-27,0.14936803537364657
2023-01-30,0.15661695089612288
2023-01-31,0.1638758978209098
2023-02-01,0.1668147879412498
2023-02-02,0.1718941847417283
2023-02-03,0.17147950744389706
2023-02-06,0.15492570014300047
2023-02-07,0.16056771655877472
2023-02-08,0.16389555819742269
2023-02-09,0.1611760336348155
2023-02-10,0.16058449969413854
2023-02-13,0.1642890485167349
2023-02-14,0.16402979013540428
2023-02-15,0.16392115882443514
2023-02-16,0.1632089950094632
2023-02-17,0.16111823471617973
2023-02-20,0.14776455991804313
2023-02-21,0.16054760144025312
2023-02-22,0.16004273679387285
2023-02-23,0.16052291883004435
2023-02-24,0.16060003178182264
2023-02-27,0.1602083764321302
2023-02-28,0.1539545765115744
2023-03-01,0.14651050779383562
2023-03-02,0.1440872068921291
2023-03-03,0.14545256564302653
2023-03-06,0.14081479275843628
2023-03-07,0.1503105820110461
2023-03-08,0.14354347527596995
2023-03-09,0.1543711512764763
2023-03-10,0.1601626236877908
2023-03-13,0.1593508202776452
2023-03-14,0.16357976512821856
2023-03-15,0.16508295897406502
2023-03-16,0.1745299556768445
2023-03-17,0.17259626020897842
2023-03-20,0.17445443986478454
2023-03-21,0.1794174339736899
2023-03-22,0.17649922349880381
2023-03-23,0.17616266080033713
2023-03-24,0.1757932823058743
2023-03-27,0.171757562436833
2023-03-28,0.1711675047843175
2023-03-29,0.17710551885530745
2023-03-30,0.177144489470397
2023-03-31,0.18163406301214452
2023-04-03,0.1735790536376474
2023-04-04,0.1747116734080758
2023-04-05,0.16676087711632864
2023-04-06,0.16693960771146213
2023-04-07,0.15439109492839595
2023-04-10,0.14615922440759702
2023-04-11,0.14592247572437161
2023-04-12,0.13577726024634998
2023-04-13,0.14079505931667963
2023-04-14,0.12797876882093703
2023-04-17,0.12274282814253873
2023-04-18,0.11892763343316597
2023-04-19,0.1105182343914248
2023-04-20,0.09762448373745472
2023-04-21,0.09700081644390775
2023-04-24,0.09502470401426587
2023-04-25,0.1116592891034075
2023-04-26,0.11205230066613579
2023-04-27,0.12034748546050578
2023-04-28,0.1217030097043696
2023-05-01,0.11133802375183108
2023-05-02,0.11854639528437164
2023-05-03,0.11941489694896001
2023-05-04,0.1217476149090037
2023-05-05,0.13571702280060935
2023-05-08,0.1354153924041925
2023-05-09,0.1361805285967845
2023-05-10,0.1367595777183022
2023-05-11,0.1359605868964475
2023-05-12,0.12836266253504808
2023-05-15,0.12836550260488577
2023-05-16,0.12990645080964333
2023-05-17,0.13571043621959394
2023-05-18,0.13923051821479218
2023-05-19,0.13772471799969063
2023-05-22,0.1375646574385624
2023-05-23,0.14366342427555873
2023-05-24,0.1356936191650973
2023-05-25,0.13799703558628237
2023-05-26,0.12886194483907717
2023-05-29,0.1256067020622662
2023-05-30,0.12540904154053997
2023-05-31,0.12103565732351407
2023-06-01,0.12303725185531278
2023-06-02,0.1299223572519903
2023-06-05,0.11428641345280477
2023-06-06,0.11440482011999517
2023-06-07,0.11410949368346734
2023-06-08,0.11487863786464596
2023-06-09,0.11468334923001196
2023-06-12,0.11868407665712047
2023-06-13,0.12046546861028533
2023-06-14,0.11845879659504956
2023-06-15,0.11871931409252914
2023-06-16,0.11513879887026932
2023-06-19,0.11496342258612759
2023-06-20,0.11625411453992382
2023-06-21,0.11144787043822695
2023-06-22,0.10924509934764477
2023-06-23,0.10889523028729008
2023-06-26,0.10088521408093645
2023-06-27,0.1078238331224955
2023-06-28,0.10767886087878818
2023-06-29,0.10659938318791391
2023-06-30,0.109267410114375
2023-07-03,0.097710005968174
2023-07-04,0.09737201851075239
2023-07-05,0.09724031177183992
2023-07-06,0.10072598442051525
2023-07-07,0.09895750120562846
2023-07-10,0.09905634262868267
2023-07-11,0.09651799732536442
2023-07-12,0.09679501651713318
2023-07-13,0.10077278052074247
2023-07-14,0.09205236564180813
2023-07-17,0.09204009279373998
2023-07-18,0.09504043027096604
2023-07-19,0.09394223561899163
2023-07-20,0.09556597362433938
2023-07-21,0.09462325689504875
2023-07-24,0.09187838403800432
2023-07-25,0.09100807358284799
2023-07-26,0.0823470231103297
2023-07-27,0.08567821476695989
2023-07-28,0.09052584783055984
2023-07-31,0.08059110802287635
2023-08-01,0.08099862690862368
2023-08-02,0.09598767810947131
2023-08-03,0.09586541608988401
2023-08-04,0.09377182871141332
2023-08-07,0.09776767326602268
2023-08-08,0.09840959399554991
2023-08-09,0.09900442354236387
2023-08-10,0.09547265499187767
2023-08-11,0.09089363097512031
2023-08-14,0.09261273459617347
2023-08-15,0.10110964081356388
2023-08-16,0.10181346439125695
2023-08-17,0.10510731633971906
2023-08-18,0.10213381953432159
2023-08-21,0.10435094808318446
2023-08-22,0.10364628918181595
2023-08-23,0.10940939848508613
2023-08-24,0.12016624983199856
2023-08-25,0.11990429062594343
2023-08-28,0.11674226645053791
2023-08-29,0.1261072962985732
2023-08-30,0.12617833586216065
2023-08-31,0.11693212159197197
2023-09-01,0.11654211261198424
2023-09-04,0.1149421179289725
2023-09-05,0.11176786059611826
2023-09-06,0.11367801559428127
2023-09-07,0.11155916208981181
2023-09-08,0.11144623259335665
2023-09-11,0.11348805803950783
2023-09-12,0.11365948000912034
2023-09-13,0.1065271823432785
2023-09-14,0.10704930397695513
2023-09-15,0.11314120508952213
2023-09-18,0.11285464814731427
2023-09-19,0.1104612084599171
2023-09-20,0.11526475363307914
2023-09-21,0.12485213288542453
2023-09-22,0.11583811270220078
2023-09-25,0.11385789486513088
2023-09-26,0.1242427516745193
2023-09-27,0.11358514427514259
2023-09-28,0.11397352200688556
2023-09-29,0.11376218155841192
2023-10-02,0.11311492868343631
2023-10-03,0.12382693428037156
2023-10-04,0.1254576126596662
2023-10-05,0.12280929006762184
2023-10-06,0.12820458213497118
2023-10-09,0.12950309704910112
2023-10-10,0.12838550651615624
2023-10-11,0.12746146029339672
2023-10-12,0.12926137304544186
2023-10-13,0.1272214615062244
2023-10-16,0.12520421428904385
2023-10-17,0.1249467631002555
2023-10-18,0.13420423741910606
2023-10-19,0.13377458554203134
2023-10-20,0.12986738188639285
2023-10-23,0.12926051299990757
2023-10-24,0.13039226935117054
2023-10-25,0.13130194014839192
2023-10-26,0.13797860947543264
2023-10-27,0.13707969992060695
2023-10-30,0.1420552794077867
2023-10-31,0.14323664960580407
2023-11-01,0.13946681229125274
2023-11-02,0.1503125798208298
2023-11-03,0.15323440647306988
2023-11-06,0.14782503674378705
2023-11-07,0.1463515116458996
2023-11-08,0.14510986916748939
2023-11-09,0.1473089215766428
2023-11-10,0.15470001028060879
2023-11-13,0.15359833042132431
2023-11-14,0.1623476043315549
2023-11-15,0.16229314435421277
2023-11-16,0.15565858003912242
2023-11-17,0.1529085512628671
2023-11-20,0.14877153823157224
2023-11-21,0.14876397608796235
2023-11-22,0.1472844267217775
2023-11-23,0.1388544701896449
2023-11-24,0.13282234135145524
2023-11-27,0.13196025370235423
2023-11-28,0.1255994709774255
2023-11-29,0.12368013551185959
2023-11-30,0.11914600316761972
2023-12-01,0.10285316075401647
2023-12-04,0.09987620659777496
2023-12-05,0.09963741957554507
2023-12-06,0.10016751015369581
2023-12-07,0.10356197678703348
2023-12-08,0.10072547044579147
2023-12-11,0.08692923384100948
2023-12-12,0.08818957209725717
2023-12-13,0.0760423244220637
2023-12-14,0.07631305959574237
2023-12-15,0.0761530234174511
2023-12-18,0.07750384357744407
2023-12-19,0.07596831574368824
2023-12-20,0.09342310744800378
2023-12-21,0.09837048540664835
2023-12-22,0.09823530044006705
2023-12-25,0.09795498951966061
2023-12-26,0.09854317890517297
2023-12-27,0.0984061502364132
2023-12-28,0.09818584652484816
2023-12-29,0.0977716112593639
2024-01-02,0.09789782788828968
2024-01-03,0.1005317567846241
2024-01-04,0.10108669977731059
2024-01-05,0.10017047202467985
2024-01-08,0.10733817412298398
2024-01-09,0.10642084889930793
2024-01-10,0.10715706297919458
2024-01-11,0.10592305176119593
2024-01-12,0.09536784752312304
2024-01-15,0.09483005812229592
2024-01-16,0.09575059926611744
2024-01-17,0.096709919237846
2024-01-18,0.09906075411996884
2024-01-19,0.09485348676169061
2024-01-22,0.08847196393688352
2024-01-23,0.0887362276056278
2024-01-24,0.08868403333402751
2024-01-25,0.08922524577825254
2024-01-26,0.08905826163633294
2024-01-29,0.09256025629890056
2024-01-30,0.09203864122080783
2024-01-31,0.10824308083730262
2024-02-01,0.11251229201586212
2024-02-02,0.1172441579873361
2024-02-05,0.11742233656535093
2024-02-06,0.10742644748731922
2024-02-07,0.11061538975389924
2024-02-08,0.10876026989026101
2024-02-09,0.11027065286188124
2024-02-12,0.11014457287675065
2024-02-13,0.12127997282468031
2024-02-14,0.12453832884342961
2024-02-15,0.12434565427135302
2024-02-16,0.1218272595966575
2024-02-19,0.11430279844896606
2024-02-20,0.11601277617535546
2024-02-21,0.11542056590109817
2024-02-22,0.13516052704077666
2024-02-23,0.1338274600803716
2024-02-26,0.13441217079057882
2024-02-27,0.13195406293829737
2024-02-28,0.13195875152256165
2024-02-29,0.12113593651607993
2024-03-01,0.11665989831529973
2024-03-04,0.1109626463720199
2024-03-05,0.11671020437116247
2024-03-06,0.1175281388928127
2024-03-07,0.11917333564825358
2024-03-08,0.12146951468309408
2024-03-11,0.11980157624803872
2024-03-12,0.12539176800568294
2024-03-13,0.11648605694524969
2024-03-14,0.11230108380704945
2024-03-15,0.11304904520200904
2024-03-18,0.11370707975719276
2024-03-19,0.11514346138792163
2024-03-20,0.11709833475847127
2024-03-21,0.11741591782504032
2024-03-22,0.09373672212568313
2024-03-25,0.09431378357313182
2024-03-26,0.09390952625412946
2024-03-27,0.09803067358827382
2024-03-28,0.09784552146728974
2024-03-29,0.09615410073326489
2024-04-01,0.09252043856577861
2024-04-02,0.09622485946057964
2024-04-03,0.08968144226398092
2024-04-04,0.09918406349382007
2024-04-05,0.09982324313957117
2024-04-08,0.09705105893748256
2024-04-09,0.09684206161272231
2024-04-10,0.09569871242992584
2024-04-11,0.09839567511890604
2024-04-12,0.11173710460435024
2024-04-15,0.11791874597949195
2024-04-16,0.11564326677018327
2024-04-17,0.11555832752617658
2024-04-18,0.11138123546802942
2024-04-19,0.11510731269461327
2024-04-22,0.11823285139396798
2024-04-23,0.12406499987234137
2024-04-24,0.12334817088077628
2024-04-25,0.12076581733856542
2024-04-26,0.12521121313227168
2024-04-29,0.12541185919423037
2024-04-30,0.13813160454006296
2024-05-01,0.13609246039805703
2024-05-02,0.13908312343570237
2024-05-03,0.1388069625280789
2024-05-06,0.1378271675600943
2024-05-07,0.13762732436315522
2024-05-08,0.13730412238814
2024-05-09,0.13437409537563366
2024-05-10,0.13193593472670787
2024-05-13,0.12207851666865109
2024-05-14,0.11599858439532604
2024-05-15,0.12217638517873662
2024-05-16,0.12072192334113874
2024-05-17,0.12043898077441409
2024-05-20,0.11663743360542499
2024-05-21,0.11308713189128707
2024-05-22,0.10607970362892173
2024-05-23,0.10950833900616631
2024-05-24,0.11079814042579575
2024-05-27,0.10519556981010621
2024-05-28,0.10452970624950708
2024-05-29,0.09370484958553281
2024-05-30,0.09543358043608863
2024-05-31,0.09408929165606292
2024-06-03,0.0839474225750607
2024-06-04,0.07636931644807884
2024-06-05,0.08586414642253808
2024-06-06,0.08572602007213319
2024-06-07,0.08396572337004948
2024-06-10,0.08411738246724726
2024-06-11,0.08450951077223741
2024-06-12,0.08764320061165295
2024-06-13,0.07859309155110182
2024-06-14,0.07821871159636419
2024-06-17,0.08221975124566425
2024-06-18,0.08254729360453111
2024-06-19,0.08206521321136283
2024-06-20,0.08205982852356265
2024-06-21,0.0783079169116485
2024-06-24,0.07548985299466675
2024-06-25,0.07658465777809544
2024-06-26,0.07670689866945166
2024-06-27,0.07252119976457946
2024-06-28,0.0712357080136526
2024-07-01,0.0664299494314992
2024-07-02,0.06946887586197242
2024-07-03,0.07131753977518357
2024-07-04,0.059074780445530994
2024-07-05,0.061814329886790524
2024-07-08,0.06174776761746963
2024-07-09,0.0611382491469435
2024-07-10,0.06950569472079661
2024-07-11,0.07123796874658588
2024-07-12,0.07302902505501453
2024-07-15,0.07348655910475003
2024-07-16,0.07195469133351082
2024-07-17,0.0882801568618005
2024-07-18,0.09259505270546543
2024-07-19,0.09555773894965353
2024-07-22,0.10167909336211584
2024-07-23,0.10095275699431089
2024-07-24,0.13220458353427889
2024-07-25,0.13270077967717728
2024-07-26,0.13711928736694654
2024-07-29,0.13582698512561633
2024-07-30,0.13624491187162718
2024-07-31,0.14422556275042758
2024-08-01,0.1516608438575459
2024-08-02,0.16604306445889294
2024-08-05,0.19923476961842604
2024-08-06,0.20108970998208672
2024-08-07,0.20213547127214831
2024-08-08,0.21271764949637162
2024-08-09,0.2104340550738725
2024-08-12,0.2089208343303717
2024-08-13,0.21564099493362476
2024-08-14,0.21443178535421661
2024-08-15,0.21556091355071919
2024-08-16,0.21362330130098847
2024-08-19,0.21440226460186496
2024-08-20,0.21112147776270934
2024-08-21,0.21126247211537869
2024-08-22,0.19838331693418682
2024-08-23,0.20107478699334774
2024-08-26,0.19768064027149826
2024-08-27,0.1975052215650016
2024-08-28,0.19784610391198515
2024-08-29,0.19039436869090318
2024-08-30,0.18750130171969812
2024-09-02,0.17649889569755675
2024-09-03,0.1636069947015166
2024-09-04,0.15941903720036302
2024-09-05,0.1571558205370124
2024-09-06,0.1509319326982402
2024-09-09,0.15441635226952202
2024-09-10,0.15456990477810117
2024-09-11,0.1477326326229854
2024-09-12,0.14885357334314225
2024-09-13,0.13940607967305887
2024-09-16,0.1389217494799911
2024-09-17,0.13465971168778865
2024-09-18,0.13462242917312425
2024-09-19,0.14521959265629775
2024-09-20,0.14196414325413667
2024-09-23,0.13671506778412673
2024-09-24,0.13636856627779756
2024-09-25,0.13627464078993526
2024-09-26,0.13529122740882324
2024-09-27,0.13524074080362863
2024-09-30,0.1315555510225879
2024-10-01,0.1359724301318661
2024-10-02,0.11490708657201527
2024-10-03,0.114763601677231
2024-10-04,0.11806698225802624
2024-10-07,0.10822182984603376
2024-10-08,0.10583773353418274
2024-10-09,0.10723321227833378
2024-10-10,0.10112804380571541
2024-10-11,0.09982531993190137
2024-10-14,0.10135096362183284
2024-10-15,0.10502038219980891
2024-10-16,0.10599143735496733
2024-10-17,0.10535617027551683
2024-10-18,0.08944147841262873
2024-10-21,0.08929869148356451
2024-10-22,0.08865928267785712
2024-10-23,0.09455369827159268
2024-10-24,0.09438127150556613
2024-10-25,0.0931851257005853
2024-10-28,0.09333068240220317
2024-10-29,0.09222150956900349
2024-10-30,0.08732402201662125
2024-10-31,0.11157046398596736
2024-11-01,0.11173541006116892
2024-11-04,0.1075909753363327
2024-11-05,0.11008605290633973
2024-11-06,0.13460113248684216
2024-11-07,0.13451898762812867
2024-11-08,0.13469148612178347
2024-11-11,0.13295887363896658
2024-11-12,0.13065290890045117
2024-11-13,0.12788839828694562
2024-11-14,0.12874257547153106
2024-11-15,0.1376882944549653
2024-11-18,0.13734068891912724
2024-11-19,0.13756392139865997
2024-11-20,0.13730001399812558
2024-11-21,0.13467752273541073
2024-11-22,0.13479099885375012
2024-11-25,0.13499728098087344
2024-11-26,0.13592320449843212
2024-11-27,0.1364226160175622
2024-11-28,0.13582876233056462
2024-11-29,0.12137223803295373
2024-12-02,0.12074923080567586
2024-12-03,0.12027897127468107
2024-12-04,0.1147159720279054
2024-12-05,0.07773138802675399
2024-12-06,0.07394183235682378
2024-12-09,0.07626676773011469
2024-12-10,0.07684140633812413
2024-12-11,0.08087867899446458
2024-12-12,0.0832342059539398
2024-12-13,0.0804895559070783
2024-12-16,0.06778876677857242
2024-12-17,0.0678816406344203
2024-12-18,0.12921846725747108
2024-12-19,0.12822600964748046
2024-12-20,0.13122857315518585
2024-12-23,0.13221716023121727
2024-12-24,0.13629968032789075
2024-12-25,0.13433432231988998
2024-12-26,0.13320121035040255
2024-12-27,0.13900408464878827
2024-12-30,0.14288522556191846
2024-12-31,0.1429906600412959
2025-01-02,0.14272259358989314
2025-01-03,0.14703397667053475
2025-01-06,0.1477000510371362
2025-01-07,0.15284740076670802
2025-01-08,0.15110516996894635
2025-01-09,0.15041450444664248
2025-01-10,0.1583950554180083
2025-01-13,0.15693835147062585
2025-01-14,0.15656551198175916
2025-01-15,0.16734498827716787
2025-01-16,0.16671634866284465
2025-01-17,0.13627179671352038
2025-01-20,0.13594727401322834
2025-01-21,0.13396195694070948
2025-01-22,0.1330758038855835
2025-01-23,0.12882220536922148
2025-01-24,0.1290832097050801
2025-01-27,0.13993938205567175
2025-01-28,0.13795827183657625
2025-01-29,0.13388459534527927
2025-01-30,0.13396964390550092
2025-01-31,0.13480957825995865
2025-02-03,0.13081749249877628
2025-02-04,0.13144468793428749
2025-02-05,0.12630835886933775
2025-02-06,0.12655423471211813
2025-02-07,0.1311834472594769
2025-02-10,0.1220057277703361
2025-02-11,0.12163077653972049
2025-02-12,0.12176716655742474
2025-02-13,0.11061375826787516
2025-02-14,0.1101760621580345
2025-02-17,0.10472178669426507
2025-02-18,0.10487935736654345
2025-02-19,0.10079813290261821
2025-02-20,0.09983403239465613
2025-02-21,0.11698825053100569
2025-02-24,0.11759701205653303
2025-02-25,0.10752368438248477
2025-02-26,0.10247242467844495
2025-02-27,0.11695803728985797
2025-02-28,0.12669048825750973
2025-03-03,0.14127890457581763
2025-03-04,0.14552540364696878
2025-03-05,0.14756845384163178
2025-03-06,0.16078488171989094
2025-03-07,0.1605902703343222
2025-03-10,0.18650452208701082
2025-03-11,0.18618210892711878
2025-03-12,0.18590952813650535
2025-03-13,0.19194176860700757
2025-03-14,0.2008466373995688
2025-03-17,0.20126439184863704
2025-03-18,0.2045091783871746
2025-03-19,0.20691253359691905
2025-03-20,0.20635857121747164
2025-03-21,0.20535327240874948
2025-03-24,0.2051851996831964
2025-03-25,0.20417251086462868
2025-03-26,0.20743403136213157
2025-03-27,0.2074232177869009
2025-03-28,0.21309710186999284
2025-03-31,0.20661747804873848
2025-04-01,0.19757863861131486
2025-04-02,0.19399807535054295
2025-04-03,0.26416470265913117
2025-04-04,0.34243538203823026
2025-04-07,0.3394760742114235
2025-04-08,0.32952264156010425
2025-04-09,0.44848628356641684
2025-04-10,0.4654331645999742
2025-04-11,0.46543864916299016
2025-04-14,0.45936547342296274
2025-04-15,0.45769260404547374
2025-04-16,0.4628652242167684
2025-04-17,0.4603746366863943
2025-04-18,0.4593617810498972
2025-04-21,0.46694947410957494
2025-04-22,0.4698428697539605
2025-04-23,0.4723548850700076
2025-04-24,0.47501752278478626
2025-04-25,0.4749409275979019
2025-04-28,0.4696010316571225
2025-04-29,0.46917256406939345
2025-04-30,0.46861664879091564
2025-05-01,0.46818958402441074
2025-05-02,0.4395077505800127
2025-05-05,0.3872943689191147
2025-05-06,0.38796704475159827
2025-05-07,0.38423583102604114
2025-05-08,0.23061611080701813
2025-05-09,0.19699305462537856
2025-05-12,0.21616550613422986
2025-05-13,0.21557273654847306
2025-05-14,0.21524361490330507
2025-05-15,0.20133620500271168
2025-05-16,0.20244029184899462
2025-05-19,0.20226171888260167
2025-05-20,0.18583350385924258
2025-05-21,0.17622434315261443
2025-05-22,0.16672778857060278
2025-05-23,0.15394997392167836
2025-05-26,0.15154865504141923
2025-05-27,0.16600911279542582
2025-05-28,0.1658893573763281
2025-05-29,0.1661031661123186
2025-05-30,0.16450533481786497
2025-06-02,0.15728416336787593
2025-06-03,0.1568203041943982
2025-06-04,0.1544583084005597
2025-06-05,0.1548699748323171
2025-06-06,0.15732594113721485
2025-06-09,0.15720279853427876
2025-06-10,0.1151476642585518
2025-06-11,0.11284892277882964
2025-06-12,0.11339445127900868
2025-06-13,0.12005665079606638
2025-06-16,0.12163890884236385
2025-06-17,0.12532062958946608
2025-06-18,0.12436673250809083
2025-06-19,0.11125424468051072
2025-06-20,0.11131509717704054
2025-06-23,0.1134556662244955
2025-06-24,0.11929880277273307
2025-06-25,0.09745681125364283
2025-06-26,0.09919369959808927
2025-06-27,0.09969069559477824
2025-06-30,0.10108178912082667
2025-07-01,0.10011190649301502
2025-07-02,0.09938050482074924
2025-07-03,0.10319529086355114
2025-07-04,0.10155620306008936
2025-07-07,0.09981374261113925
2025-07-08,0.09965697254266788
2025-07-09,0.0999065401415879
2025-07-10,0.09978998637057032
2025-07-11,0.09961892310159297
2025-07-14,0.09190821726877689
2025-07-15,0.08744511875463076
2025-07-16,0.08328437825790944
2025-07-17,0.08512179412867484
2025-07-18,0.08502827804931956
2025-07-21,0.08475506414773155
2025-07-22,0.07828475888943676
2025-07-23,0.07355153406376697
2025-07-24,0.07352359594969665
2025-07-25,0.06961681636217265
2025-07-28,0.06729794513608503
2025-07-29,0.06589272438284254
2025-07-30,0.06589202365954293
2025-07-31,0.06533273841570182
2025-08-01,0.08390242945221532
2025-08-04,0.09699951366961862
2025-08-05,0.0946177760984153
2025-08-06,0.09736077525486637
2025-08-07,0.09491260726341866
2025-08-08,0.09777005995058008
2025-08-11,0.09733782835594179
2025-08-12,0.10423818731581556
2025-08-13,0.10375858095512043
2025-08-14,0.10303533781548158
2025-08-15,0.1018603582078001
2025-08-18,0.10171914672362838
2025-08-19,0.10381379875509074
2025-08-20,0.10403778896333209
2025-08-21,0.1016084028298356
2025-08-22,0.11353067019622202
2025-08-25,0.1137356945036372
2025-08-26,0.11445734262853641
2025-08-27,0.11418803562241166
2025-08-28,0.11450632174599412
2025-08-29,0.11621037548318575
2025-09-01,0.1024605340385822
2025-09-02,0.09320859598071606
2025-09-03,0.09314345866180355
2025-09-04,0.09397668776063751
2025-09-05,0.09453410172775953
2025-09-08,0.09092730206360768
2025-09-09,0.09084915348534682
2025-09-10,0.08291936305866887
2025-09-11,0.0869212039209423
2025-09-12,0.08684047931375757
2025-09-15,0.08765000440543573
2025-09-16,0.08771261005762655
2025-09-17,0.08544000665658258
2025-09-18,0.08650165608825408
2025-09-19,0.08695121884924716
2025-09-22,0.07191402457316998
2025-09-23,0.07332821758438415
2025-09-24,0.07266909206828755
2025-09-25,0.07449536854524709
2025-09-26,0.07622812193356743
2025-09-29,0.07347855704624476
2025-09-30,0.07465434170549146
2025-10-01,0.07167860989287361
2025-10-02,0.06951872299383881
2025-10-03,0.06348429617600301
2025-10-06,0.06369399456947843
2025-10-07,0.06481522650239144
2025-10-08,0.06703049087644204
2025-10-09,0.06699175951675886
2025-10-10,0.11841710762260928
2025-10-13,0.12863120496001615
2025-10-14,0.12703151363533652
2025-10-15,0.12701822094334697
2025-10-16,0.12855433925811788
2025-10-17,0.12821492932566522
2025-10-20,0.13165452428353694
2025-10-21,0.1303896068337601
2025-10-22,0.1302067572768458
2025-10-23,0.1309743603263192
2025-10-24,0.13226223708011703
2025-10-27,0.13687181135452597
2025-10-28,0.13656939582785485
2025-10-29,0.13566499179948502
2025-10-30,0.13996516561944475
2025-10-31,0.13997593502856354
2025-11-03,0.13987415005545104
2025-11-04,0.1458682980667451
2025-11-05,0.14551836482343208
2025-11-06,0.1498421163198511
2025-11-07,0.1492671984079281
2025-11-10,0.1273272763285846
2025-11-11,0.11592136847664941
2025-11-12,0.1155180338300138
2025-11-13,0.13011141982677674
2025-11-14,0.12784748147341488
2025-11-17,0.13069647913070842
2025-11-18,0.12889586086750088
2025-11-19,0.12901525611743983
2025-11-20,0.13995289782743264
2025-11-21,0.1418650644954918
2025-11-24,0.14820978827684508
2025-11-25,0.14511645469107204
2025-11-26,0.1463800001703371
2025-11-27,0.14603628080316142
2025-11-28,0.14293322384484533
2025-12-01,0.14376831586468136
2025-12-02,0.14362399955991467
2025-12-03,0.13807727157445945
2025-12-04,0.13735798586267192
2025-12-05,0.13194968389817863
2025-12-08,0.1323501863299469
2025-12-09,0.12169070836721893
2025-12-10,0.12344592052459434
2025-12-11,0.12348955779670273
2025-12-12,0.1166642051723379
2025-12-15,0.11655713859496848
2025-12-16,0.1124414307655726
2025-12-17,0.11696088639823224
2025-12-18,0.11897069916887243
2025-12-19,0.1102112812923437
2025-12-22,0.10705815952356369
2025-12-23,0.09457530408670713
2025-12-24,0.08990520071890488
2025-12-25,0.08659281337544346
2025-12-26,0.08638881290183155
2025-12-29,0.08529300856029928
