Date,gjr_garch_forecast_h22
2005-02-08,0.11003264941203612
2005-02-09,0.12456681622189286
2005-02-10,0.12080801100202987
2005-02-11,0.11802242649783909
2005-02-14,0.11107479121183488
2005-02-15,0.11271495455940869
2005-02-16,0.11128370660458911
2005-02-17,0.11707053967059172
2005-02-18,0.11529240844109911
2005-02-21,0.11215453822174962
2005-02-22,0.14571657441206998
2005-02-23,0.13901194148729246
2005-02-24,0.13129271957168687
2005-02-25,0.12597024901461554
2005-02-28,0.12899016131255592
2005-03-01,0.1276298328253634
2005-03-02,0.12557245366074604
2005-03-03,0.12112463377488493
2005-03-04,0.12193704295279419
2005-03-07,0.11411893784017066
2005-03-08,0.11665542660851849
2005-03-09,0.12950361469242733
2005-03-10,0.12773516432773882
2005-03-11,0.13142029693141002
2005-03-14,0.13301210970586813
2005-03-15,0.13272276409702116
2005-03-16,0.13853695862350243
2005-03-17,0.1325145566904296
2005-03-18,0.1297594938667656
2005-03-21,0.13046308077061358
2005-03-22,0.1388927612739471
2005-03-23,0.13598855597643214
2005-03-24,0.13033945307677663
2005-03-25,0.12751985519027897
2005-03-28,0.12285883104666899
2005-03-29,0.1330315337338262
2005-03-30,0.12286806229225848
2005-03-31,0.1231708084337113
2005-04-01,0.1268061257890364
2005-04-04,0.12339406713831103
2005-04-05,0.12030212448955983
2005-04-06,0.11222583754229193
2005-04-07,0.11539218951868614
2005-04-08,0.12327763434909529
2005-04-11,0.11955347897418529
2005-04-12,0.11907045206322321
2005-04-13,0.13255725737097035
2005-04-14,0.14463148794659875
2005-04-15,0.17215395261250652
2005-04-18,0.17369091425280633
2005-04-19,0.16311839638365877
2005-04-20,0.17640214779132124
2005-04-21,0.17045489581196074
2005-04-22,0.17047105266729565
2005-04-25,0.16240450470964748
2005-04-26,0.16285042403574523
2005-04-27,0.15874725280917643
2005-04-28,0.1623282262375201
2005-04-29,0.15922739735531818
2005-05-02,0.15192031337963394
2005-05-03,0.14406062837712935
2005-05-04,0.1408414757745747
2005-05-05,0.13355050955585365
2005-05-06,0.132195794467673
2005-05-09,0.12621924706406584
2005-05-10,0.14212648524968344
2005-05-11,0.13916489121576903
2005-05-12,0.14610944719511101
2005-05-13,0.14569220322254794
2005-05-16,0.14018018311535577
2005-05-17,0.13292246212928185
2005-05-18,0.12643009383457937
2005-05-19,0.12703515741371274
2005-05-20,0.12347748349939197
2005-05-23,0.11544803367763551
2005-05-24,0.11524704335560754
2005-05-25,0.11622774997724794
2005-05-26,0.11439973336634483
2005-05-27,0.11020008669959357
2005-05-30,0.11039102935694112
2005-05-31,0.1121466731320744
2005-06-01,0.10979496452786555
2005-06-02,0.10993848444516058
2005-06-03,0.11634487343419729
2005-06-06,0.11469233290549166
2005-06-07,0.11186719729366341
2005-06-08,0.10745933942342249
2005-06-09,0.1099847070217978
2005-06-10,0.10672825236818793
2005-06-13,0.10396208349386306
2005-06-14,0.10438571816632099
2005-06-15,0.10055491290111905
2005-06-16,0.10227094614180551
2005-06-17,0.09973550180244409
2005-06-20,0.09961618427211563
2005-06-21,0.09849881811998817
2005-06-22,0.09650451314400646
2005-06-23,0.11885970395817742
2005-06-24,0.12866063066297845
2005-06-27,0.12372889416938777
2005-06-28,0.1193438222772129
2005-06-29,0.1160612208837423
2005-06-30,0.12430827323364309
2005-07-01,0.11959128397604765
2005-07-04,0.1166942776137759
2005-07-05,0.11021985810808609
2005-07-06,0.12456915220137466
2005-07-07,0.11750904304167192
2005-07-08,0.11653695272567953
2005-07-11,0.11735201339954313
2005-07-12,0.11075421398389745
2005-07-13,0.11070252254397779
2005-07-14,0.10682500581018937
2005-07-15,0.11021933220976184
2005-07-18,0.11094681904710996
2005-07-19,0.11056353559066612
2005-07-20,0.1082917691152471
2005-07-21,0.1161300099645733
2005-07-22,0.10908267086220937
2005-07-25,0.11064327547328555
2005-07-26,0.10873084024761888
2005-07-27,0.10701739706570808
2005-07-28,0.10330224963535813
2005-07-29,0.11301112711305215
2005-08-01,0.11508692013917265
2005-08-02,0.1098697570978135
2005-08-03,0.10948248265321979
2005-08-04,0.11849973329496542
2005-08-05,0.121432464223516
2005-08-08,0.12120503251981998
2005-08-09,0.11507347435494959
2005-08-10,0.1157622434038312
2005-08-11,0.11430286503955457
2005-08-12,0.11818696359325746
2005-08-15,0.11769683547498026
2005-08-16,0.1344878764189606
2005-08-17,0.1306824451351779
2005-08-18,0.12794993291870901
2005-08-19,0.1204886615526503
2005-08-22,0.12205278948594081
2005-08-23,0.12137825462477456
2005-08-24,0.12663149392469145
2005-08-25,0.12597139105723026
2005-08-26,0.12329025201042515
2005-08-29,0.11960194028598786
2005-08-30,0.11985994460023228
2005-08-31,0.11573380040001212
2005-09-01,0.1113111175888859
2005-09-02,0.11112973478432678
2005-09-05,0.10902722920990728
2005-09-06,0.1096782147946967
2005-09-07,0.10847881801433773
2005-09-08,0.1077610294545756
2005-09-09,0.10583903679053042
2005-09-12,0.10548173956847973
2005-09-13,0.10990888624548241
2005-09-14,0.11656408526694016
2005-09-15,0.11002633231530938
2005-09-16,0.10512270061759565
2005-09-19,0.11301544959199432
2005-09-20,0.12049256442920171
2005-09-21,0.12926361943179984
2005-09-22,0.12570776165442374
2005-09-23,0.12214590718597411
2005-09-26,0.12109575354427461
2005-09-27,0.11586988227262711
2005-09-28,0.11859035528736973
2005-09-29,0.1138679760735296
2005-09-30,0.10836396463239659
2005-10-03,0.10764427741384656
2005-10-04,0.12752989593625677
2005-10-05,0.15547433151328022
2005-10-06,0.1519963624856621
2005-10-07,0.1425155330847951
2005-10-10,0.14289950110672986
2005-10-11,0.14166959574176186
2005-10-12,0.14041793102575023
2005-10-13,0.1367167692298136
2005-10-14,0.1305911999372041
2005-10-17,0.12894682709069025
2005-10-18,0.13985285609643328
2005-10-19,0.13350779774233468
2005-10-20,0.16043321712201755
2005-10-21,0.15484733371177573
2005-10-24,0.1500890836322057
2005-10-25,0.14356054140656502
2005-10-26,0.1445413541520706
2005-10-27,0.152540213977841
2005-10-28,0.1484786049983852
2005-10-31,0.14343541966762732
2005-11-01,0.1371917001872855
2005-11-02,0.14066767934962232
2005-11-03,0.12246291096030301
2005-11-04,0.12297910341135469
2005-11-07,0.1204478000595384
2005-11-08,0.11933109473273161
2005-11-09,0.11746457902825465
2005-11-10,0.1148473525594393
2005-11-11,0.11336978359841669
2005-11-14,0.10809957527389032
2005-11-15,0.1120297833625699
2005-11-16,0.1080330828286271
2005-11-17,0.10648298282034582
2005-11-18,0.10526582204038316
2005-11-21,0.10187365192512333
2005-11-22,0.10096684354197023
2005-11-23,0.10122575007222007
2005-11-24,0.09989869615360297
2005-11-25,0.09984004188299624
2005-11-28,0.11477808662151216
2005-11-29,0.1107667793964929
2005-11-30,0.1153792513765427
2005-12-01,0.11365684155604674
2005-12-02,0.10996894002888007
2005-12-05,0.11049406269637606
2005-12-06,0.10637555589300884
2005-12-07,0.11276172347766693
2005-12-08,0.1088430287690984
2005-12-09,0.10706530556682481
2005-12-12,0.1039314405890005
2005-12-13,0.10574640879687398
2005-12-14,0.10254837466388005
2005-12-15,0.10209073980957349
2005-12-16,0.10183660307083135
2005-12-19,0.10898093491415821
2005-12-20,0.1073750634745975
2005-12-21,0.1041870747290295
2005-12-22,0.10528722250269897
2005-12-23,0.1043128547908296
2005-12-26,0.10057107024318065
2005-12-27,0.11441443457685586
2005-12-28,0.1164549540124549
2005-12-29,0.11339386577152415
2005-12-30,0.11904743184852071
2006-01-02,0.11146934056835964
2006-01-03,0.10890815963650437
2006-01-04,0.10492879754386161
2006-01-05,0.10946767131704337
2006-01-06,0.10360372642143001
2006-01-09,0.10136105057904454
2006-01-10,0.10218400126051688
2006-01-11,0.09877832371017413
2006-01-12,0.1070932224642432
2006-01-13,0.10748837495653374
2006-01-16,0.10407709721000456
2006-01-17,0.10676576230290716
2006-01-18,0.1041032263885099
2006-01-19,0.1052079935588629
2006-01-20,0.15593407423339498
2006-01-23,0.145798883824608
2006-01-24,0.1473752718004917
2006-01-25,0.137693683691471
2006-01-26,0.13534331265763022
2006-01-27,0.12693835346908533
2006-01-30,0.12291636213344027
2006-01-31,0.12412519084514897
2006-02-01,0.12364945785791638
2006-02-02,0.12972288123923806
2006-02-03,0.13454442248145676
2006-02-06,0.12753980796404168
2006-02-07,0.13326093993984717
2006-02-08,0.1274414764404278
2006-02-09,0.13379089517301543
2006-02-10,0.12038879864972221
2006-02-13,0.12257195534378972
2006-02-14,0.12655344538888902
2006-02-15,0.11478156882204892
2006-02-16,0.11028842735519478
2006-02-17,0.10980749400803515
2006-02-20,0.1085163841795293
2006-02-21,0.10858878033452304
2006-02-22,0.10587078295198346
2006-02-23,0.10749607039807248
2006-02-24,0.10700837346843634
2006-02-27,0.1055342713247204
2006-02-28,0.12037913081763284
2006-03-01,0.11663722495984237
2006-03-02,0.11607988596176502
2006-03-03,0.11396803416500427
2006-03-06,0.11656127341340797
2006-03-07,0.11764975417206727
2006-03-08,0.11268419278523621
2006-03-09,0.11692660721816582
2006-03-10,0.11260378729331137
2006-03-13,0.10903219778867482
2006-03-14,0.1102545264524729
2006-03-15,0.10805893127342805
2006-03-16,0.10524483644323254
2006-03-17,0.1053410546537318
2006-03-20,0.10470122038442471
2006-03-21,0.11043720593217876
2006-03-22,0.1068931137179637
2006-03-23,0.10444198178869359
2006-03-24,0.10330239784859876
2006-03-27,0.10156063877713802
2006-03-28,0.11196719183256011
2006-03-29,0.11016015510004912
2006-03-30,0.10766960591351554
2006-03-31,0.10917620793717805
2006-04-03,0.10770486534958909
2006-04-04,0.10873811869506061
2006-04-05,0.10476694535340758
2006-04-06,0.10255946866843528
2006-04-07,0.12312144083105732
2006-04-10,0.11701094821880761
2006-04-11,0.12432204635239183
2006-04-12,0.12759788241003575
2006-04-13,0.11761920765665623
2006-04-14,0.11395351010259525
2006-04-17,0.11442502136129411
2006-04-18,0.11294928138786901
2006-04-19,0.1144542942299013
2006-04-20,0.10892352047841844
2006-04-21,0.10745786635624371
2006-04-24,0.10533370207675338
2006-04-25,0.10839099944815764
2006-04-26,0.10544325911974695
2006-04-27,0.10657903952972397
2006-04-28,0.10155657565333359
2006-05-01,0.10289564544057082
2006-05-02,0.10412157948745053
2006-05-03,0.10338337044450419
2006-05-04,0.10453905836816338
2006-05-05,0.1036754198160731
2006-05-08,0.10314564413432781
2006-05-09,0.10230991034142085
2006-05-10,0.10073420101172978
2006-05-11,0.12602852192482386
2006-05-12,0.14845965063711392
2006-05-15,0.13832598825059925
2006-05-16,0.13327742342611454
2006-05-17,0.1626653846182023
2006-05-18,0.16860315188595246
2006-05-19,0.16091715916166663
2006-05-22,0.1562630592164454
2006-05-23,0.14724687033055667
2006-05-24,0.14882110674517307
2006-05-25,0.1355943561269296
2006-05-26,0.13160207355236736
2006-05-29,0.13313940971441066
2006-05-30,0.16458679249433197
2006-05-31,0.15511892090789256
2006-06-01,0.14711623542830565
2006-06-02,0.14402858945366812
2006-06-05,0.17889581667530505
2006-06-06,0.16990502429497212
2006-06-07,0.16695763459481203
2006-06-08,0.15817667212314115
2006-06-09,0.1586794780546451
2006-06-12,0.1698507993978475
2006-06-13,0.17648323837506238
2006-06-14,0.16785776148619275
2006-06-15,0.1608543485608733
2006-06-16,0.1564814349040844
2006-06-19,0.1614844368807826
2006-06-20,0.14816717299350096
2006-06-21,0.14472968415071405
2006-06-22,0.14393943603393541
2006-06-23,0.1435659799692899
2006-06-26,0.13552336137570042
2006-06-27,0.1473267425791519
2006-06-28,0.13337740559959263
2006-06-29,0.13545675907286128
2006-06-30,0.12968121615139938
2006-07-03,0.12316687254746503
2006-07-04,0.12160961121978205
2006-07-05,0.12899423661481565
2006-07-06,0.12391643607344636
2006-07-07,0.12685886942293723
2006-07-10,0.12902480404033598
2006-07-11,0.12220394857810866
2006-07-12,0.13529785890478377
2006-07-13,0.1578646268362281
2006-07-14,0.1558433518351144
2006-07-17,0.14861707343804803
2006-07-18,0.14199105808157034
2006-07-19,0.13729480171776115
2006-07-20,0.13889721716765305
2006-07-21,0.140786429283828
2006-07-24,0.1429611629395927
2006-07-25,0.13783431795350665
2006-07-26,0.13336399560743978
2006-07-27,0.1320580377167517
2006-07-28,0.1274500567111757
2006-07-31,0.11989829717631836
2006-08-01,0.11942977192547928
2006-08-02,0.1205696614128454
2006-08-03,0.11710822935088634
2006-08-04,0.116680804683658
2006-08-07,0.1143071185570303
2006-08-08,0.11547981632801221
2006-08-09,0.11161336483027368
2006-08-10,0.11135382639699454
2006-08-11,0.11172299027298715
2006-08-14,0.10950998832469072
2006-08-15,0.10901808080863683
2006-08-16,0.10685229935361995
2006-08-17,0.10383567288472649
2006-08-18,0.10102517269606771
2006-08-21,0.10348838400817521
2006-08-22,0.10221181878191163
2006-08-23,0.106503662984493
2006-08-24,0.1025239727043582
2006-08-25,0.1030278915976895
2006-08-28,0.10180693638075224
2006-08-29,0.09950975838984447
2006-08-30,0.10184589828057918
2006-08-31,0.09503370921850346
2006-09-01,0.10056506566168094
2006-09-04,0.09691770819542167
2006-09-05,0.09787541660565023
2006-09-06,0.11748394549568064
2006-09-07,0.11623038926102794
2006-09-08,0.11280541005855806
2006-09-11,0.11149739443415695
2006-09-12,0.10704465574453027
2006-09-13,0.10631858031203462
2006-09-14,0.10523013877906653
2006-09-15,0.1026057319943808
2006-09-18,0.10009540672837632
2006-09-19,0.10310255104265262
2006-09-20,0.1025851474613433
2006-09-21,0.10477814769798426
2006-09-22,0.10489084770585365
2006-09-25,0.10365264588616337
2006-09-26,0.10660322625247876
2006-09-27,0.10129348412505776
2006-09-28,0.10237598554104212
2006-09-29,0.10095229360745503
2006-10-02,0.10118439509208312
2006-10-03,0.10267888691502429
2006-10-04,0.1009168519765602
2006-10-05,0.09756759039812912
2006-10-06,0.09912144555101227
2006-10-09,0.09866663029642922
2006-10-10,0.10015112173202424
2006-10-11,0.0966209169323406
2006-10-12,0.09732235967819404
2006-10-13,0.09942703775981636
2006-10-16,0.09830077308941747
2006-10-17,0.10133860955630639
2006-10-18,0.09907295253698728
2006-10-19,0.09804358039836629
2006-10-20,0.0980049852476745
2006-10-23,0.09899241703876231
2006-10-24,0.09752786214455365
2006-10-25,0.09658032130115793
2006-10-26,0.09665737255025447
2006-10-27,0.11014185835529555
2006-10-30,0.11083205447160481
2006-10-31,0.10505663869891543
2006-11-01,0.1129204848574658
2006-11-02,0.11140277086149045
2006-11-03,0.11110412106176898
2006-11-06,0.10700573143274979
2006-11-07,0.10759341688742083
2006-11-08,0.10541966410997575
2006-11-09,0.10622766131925244
2006-11-10,0.10556889436561882
2006-11-13,0.10654428222295899
2006-11-14,0.10338349197067358
2006-11-15,0.098886103808548
2006-11-16,0.10200611909111847
2006-11-17,0.09954118076658344
2006-11-20,0.100004062157754
2006-11-21,0.09790075845610238
2006-11-22,0.101261931495457
2006-11-23,0.09664590572017921
2006-11-24,0.10117516538072008
2006-11-27,0.13046900940650774
2006-11-28,0.13039748351581706
2006-11-29,0.12092194718668832
2006-11-30,0.12034512865370205
2006-12-01,0.11606058142230523
2006-12-04,0.11770630866220078
2006-12-05,0.11704535725414766
2006-12-06,0.11308669797159769
2006-12-07,0.11211493166735947
2006-12-08,0.11191415384906554
2006-12-11,0.10727491161779695
2006-12-12,0.10672298565082355
2006-12-13,0.10421030408889143
2006-12-14,0.10458464732171138
2006-12-15,0.10015654481659239
2006-12-18,0.10110546128261269
2006-12-19,0.10238304038692614
2006-12-20,0.10121038645516524
2006-12-21,0.10556501452660295
2006-12-22,0.10829923202826855
2006-12-25,0.10413396377100104
2006-12-26,0.10556055120736371
2006-12-27,0.10772810312244575
2006-12-28,0.0999254723126236
2006-12-29,0.10639392592840569
2007-01-02,0.10442672822690777
2007-01-03,0.1046635916219978
2007-01-04,0.10247694684335118
2007-01-05,0.10488946489648007
2007-01-08,0.10547905447932368
2007-01-09,0.10199032045951344
2007-01-10,0.10285552677798138
2007-01-11,0.10406021726266268
2007-01-12,0.100501174886187
2007-01-15,0.09786681435168106
2007-01-16,0.09840654283620093
2007-01-17,0.09764030676939332
2007-01-18,0.09647825528630949
2007-01-19,0.09574650009778463
2007-01-22,0.10352147264070903
2007-01-23,0.10207435366607495
2007-01-24,0.09889728412607118
2007-01-25,0.12368844718370317
2007-01-26,0.1199673737807861
2007-01-29,0.1165785905096411
2007-01-30,0.11615714227794578
2007-01-31,0.11101233065878645
2007-02-01,0.11190727268633054
2007-02-02,0.10629906762112375
2007-02-05,0.10774215150922734
2007-02-06,0.1052033131145625
2007-02-07,0.1047942213227109
2007-02-08,0.10415753609573862
2007-02-09,0.11124506289863624
2007-02-12,0.10958777022914475
2007-02-13,0.10801418699381242
2007-02-14,0.10762729636530541
2007-02-15,0.10623997113855277
2007-02-16,0.10220586475243937
2007-02-19,0.10265385021935106
2007-02-20,0.10000198276118419
2007-02-21,0.10180273998472336
2007-02-22,0.09932902063963293
2007-02-23,0.1007807943725209
2007-02-26,0.1015451814716471
2007-02-27,0.23960697569364733
2007-02-28,0.22829967725577235
2007-03-01,0.22322804682353534
2007-03-02,0.22426358068873015
2007-03-05,0.22165107000066134
2007-03-06,0.19850817968039108
2007-03-07,0.19818035865112948
2007-03-08,0.18280199267296318
2007-03-09,0.1748607759112107
2007-03-12,0.17560273863355705
2007-03-13,0.20362052340351675
2007-03-14,0.1960273456893935
2007-03-15,0.194018033611857
2007-03-16,0.17896766608568307
2007-03-19,0.17481112580710792
2007-03-20,0.16401093893009483
2007-03-21,0.15596736135122338
2007-03-22,0.15574796547973602
2007-03-23,0.15102809446052223
2007-03-26,0.13671312751598597
2007-03-27,0.14079258869791755
2007-03-28,0.13926359628897486
2007-03-29,0.13615538273333597
2007-03-30,0.13477194880575186
2007-04-02,0.13236784865202011
2007-04-03,0.12669394753715943
2007-04-04,0.12223409550948935
2007-04-05,0.12043973366093381
2007-04-06,0.11450366709404353
2007-04-09,0.1153361548012766
2007-04-10,0.11270503511536974
2007-04-11,0.12018541676183762
2007-04-12,0.11459560448505161
2007-04-13,0.11269368832848835
2007-04-16,0.11411033525723166
2007-04-17,0.1063159937583952
2007-04-18,0.10545625464629038
2007-04-19,0.10700241727904751
2007-04-20,0.10409716422933134
2007-04-23,0.10311094348432556
2007-04-24,0.1018604039188546
2007-04-25,0.10144263919450607
2007-04-26,0.0991131697169543
2007-04-27,0.09964801797821152
2007-04-30,0.10924294247626751
2007-05-01,0.11169055477756001
2007-05-02,0.10626092577137564
2007-05-03,0.10780106306358883
2007-05-04,0.10303309258244811
2007-05-07,0.10350253363451711
2007-05-08,0.10089053452682696
2007-05-09,0.09876891715845214
2007-05-10,0.13765806262455574
2007-05-11,0.12816175998639623
2007-05-14,0.12294779314999377
2007-05-15,0.1241050798534616
2007-05-16,0.11688977101951434
2007-05-17,0.11566518479889508
2007-05-18,0.11695872904692632
2007-05-21,0.11058821904305322
2007-05-22,0.10775021010975522
2007-05-23,0.10834735746832426
2007-05-24,0.12276614368299087
2007-05-25,0.12175473986451242
2007-05-28,0.11697677976940396
2007-05-29,0.10974925829188253
2007-05-30,0.11307309138705533
2007-05-31,0.10954099946593983
2007-06-01,0.11027715323112883
2007-06-04,0.10609831603238153
2007-06-05,0.11067778658171375
2007-06-06,0.11913786321553729
2007-06-07,0.16368796550451264
2007-06-08,0.15371996096851992
2007-06-11,0.15088891301831972
2007-06-12,0.16198438572566584
2007-06-13,0.15489347047483637
2007-06-14,0.1467580525291563
2007-06-15,0.13989024794707877
2007-06-18,0.13748919141484925
2007-06-19,0.1339211783532818
2007-06-20,0.15043065223338634
2007-06-21,0.1496846864243561
2007-06-22,0.1632017860874052
2007-06-25,0.1575264482422586
2007-06-26,0.15103678905857965
2007-06-27,0.14772973284696173
2007-06-28,0.14282892061067887
2007-06-29,0.13852247321113495
2007-07-02,0.133564133504866
2007-07-03,0.12788919801128704
2007-07-04,0.12488375931812419
2007-07-05,0.12404094262121274
2007-07-06,0.11900945961451667
2007-07-09,0.1125489169027504
2007-07-10,0.15139630769733833
2007-07-11,0.1376437913239337
2007-07-12,0.13313245717156794
2007-07-13,0.1327610747712138
2007-07-16,0.12472302206445003
2007-07-17,0.12167522759890104
2007-07-18,0.11894282588512686
2007-07-19,0.11441381159472178
2007-07-20,0.13811604910977376
2007-07-23,0.13389457988680334
2007-07-24,0.18199923689147707
2007-07-25,0.1746303811020888
2007-07-26,0.21731449972022537
2007-07-27,0.2296787849259362
2007-07-30,0.23075578393628726
2007-07-31,0.22164900524093803
2007-08-01,0.2105230201086343
2007-08-02,0.20275640276465412
2007-08-03,0.25437932715617073
2007-08-06,0.24368776247064122
2007-08-07,0.22658346849969102
2007-08-08,0.2159184659170853
2007-08-09,0.28503141225286155
2007-08-10,0.26033467230588697
2007-08-13,0.2450528723923116
2007-08-14,0.25216488780000124
2007-08-15,0.25790914619494654
2007-08-16,0.24219369792028733
2007-08-17,0.22979282447331958
2007-08-20,0.22149607646631628
2007-08-21,0.20630966944029588
2007-08-22,0.19758312824760588
2007-08-23,0.1928852295999334
2007-08-24,0.18384649685002225
2007-08-27,0.1828092564135315
2007-08-28,0.22785221340573333
2007-08-29,0.21255747535633623
2007-08-30,0.20571405479114585
2007-08-31,0.19441989630458656
2007-09-03,0.18954962780678428
2007-09-04,0.1824777898320265
2007-09-05,0.1817574745625224
2007-09-06,0.17805669885620393
2007-09-07,0.19303015994544423
2007-09-10,0.18456366290361623
2007-09-11,0.17839719969552945
2007-09-12,0.16747327128246597
2007-09-13,0.1715767801523073
2007-09-14,0.1570245696085746
2007-09-17,0.15534003414941533
2007-09-18,0.15294589187074856
2007-09-19,0.1390514703219754
2007-09-20,0.14307625597941492
2007-09-21,0.13815355995535794
2007-09-24,0.1429335905263991
2007-09-25,0.13794355034270211
2007-09-26,0.12893284122076787
2007-09-27,0.12635062392090313
2007-09-28,0.12635018068539283
2007-10-01,0.11916940230636444
2007-10-02,0.1169764901972691
2007-10-03,0.12009008507711981
2007-10-04,0.11645737709332643
2007-10-05,0.11365215771460016
2007-10-08,0.11047647953233374
2007-10-09,0.11161990528089871
2007-10-10,0.10731562054622511
2007-10-11,0.1141692430601596
2007-10-12,0.10996066909013649
2007-10-15,0.12147854718307298
2007-10-16,0.12427578975093544
2007-10-17,0.12203809788685839
2007-10-18,0.11833099121267115
2007-10-19,0.1987001012523941
2007-10-22,0.1937646788884281
2007-10-23,0.1786357775549309
2007-10-24,0.1734406401287546
2007-10-25,0.16332895064209485
2007-10-26,0.16120617729393047
2007-10-29,0.1489419299369788
2007-10-30,0.1524998075826578
2007-10-31,0.1438055141081357
2007-11-01,0.20963417594669212
2007-11-02,0.20567528595594003
2007-11-05,0.19375366511565478
2007-11-06,0.19597143578198176
2007-11-07,0.2542129672304229
2007-11-08,0.25388135616642216
2007-11-09,0.2497701849227152
2007-11-12,0.2429732856577184
2007-11-13,0.22493708315770564
2007-11-14,0.22135012058551298
2007-11-15,0.23378137468367108
2007-11-16,0.22091422038069702
2007-11-19,0.22772150615010503
2007-11-20,0.2261084457710707
2007-11-21,0.23158222217926713
2007-11-22,0.22128764933214673
2007-11-23,0.2107275416367165
2007-11-26,0.24884556903069271
2007-11-27,0.2296536630468355
2007-11-28,0.22557998465015486
2007-11-29,0.21950961143259606
2007-11-30,0.19306969969133783
2007-12-03,0.195548790063277
2007-12-04,0.19231425099978688
2007-12-05,0.17974455423133795
2007-12-06,0.16858962936306848
2007-12-07,0.16636516053808942
2007-12-10,0.15341645862805828
2007-12-11,0.2230679992622475
2007-12-12,0.21190535018266377
2007-12-13,0.20018388173080948
2007-12-14,0.20088202512661668
2007-12-17,0.2154987808601446
2007-12-18,0.20891033631995512
2007-12-19,0.1933333352229906
2007-12-20,0.19067186782454534
2007-12-21,0.1822733682016642
2007-12-24,0.17506236281451482
2007-12-25,0.16737898475451088
2007-12-26,0.15486726428653774
2007-12-27,0.1778446328485275
2007-12-28,0.16766848387297764
2007-12-31,0.16612753189904314
2008-01-02,0.18536018938852375
2008-01-03,0.1716934049061899
2008-01-04,0.22556243215085725
2008-01-07,0.21375517869419508
2008-01-08,0.2387653186106073
2008-01-09,0.22728179807060803
2008-01-10,0.21825849669548686
2008-01-11,0.2155699718268574
2008-01-14,0.20891851070045822
2008-01-15,0.25296311072917177
2008-01-16,0.24052089497231066
2008-01-17,0.2910641514445857
2008-01-18,0.30084575227706273
2008-01-21,0.26020253952775163
2008-01-22,0.261253870356739
2008-01-23,0.2401467617786311
2008-01-24,0.24407774200282942
2008-01-25,0.2325589847257828
2008-01-28,0.2230917044902729
2008-01-29,0.21114551830759168
2008-01-30,0.20915681847776146
2008-01-31,0.19633385684548257
2008-02-01,0.18635882013387273
2008-02-04,0.18616078553949686
2008-02-05,0.28151131199378077
2008-02-06,0.2621192918128319
2008-02-07,0.2500278973863634
2008-02-08,0.22248905359714174
2008-02-11,0.22250525096549584
2008-02-12,0.2134936515171813
2008-02-13,0.1973918872326688
2008-02-14,0.20712697981314554
2008-02-15,0.20165560856961964
2008-02-18,0.18911866840486574
2008-02-19,0.18241523693963824
2008-02-20,0.17194140285106368
2008-02-21,0.18399650464334616
2008-02-22,0.17536021445415947
2008-02-25,0.16998375536891383
2008-02-26,0.15774370124315815
2008-02-27,0.1529752353314909
2008-02-28,0.15805509408497087
2008-02-29,0.2225349447081228
2008-03-03,0.221098649708449
2008-03-04,0.2031661554724063
2008-03-05,0.19307433786925612
2008-03-06,0.2424651438108042
2008-03-07,0.22355681959130516
2008-03-10,0.23390226359996463
2008-03-11,0.22542553130442744
2008-03-12,0.2226258617185384
2008-03-13,0.20937859410910273
2008-03-14,0.24188789138493055
2008-03-17,0.22509947265377897
2008-03-18,0.22178497851328768
2008-03-19,0.25293732203685276
2008-03-20,0.24754647040292005
2008-03-21,0.226499264204707
2008-03-24,0.22525930763244256
2008-03-25,0.21915327271877916
2008-03-26,0.20281912873433364
2008-03-27,0.20567613462635034
2008-03-28,0.21042837255083055
2008-03-31,0.19423349637640724
2008-04-01,0.18373089307676518
2008-04-02,0.1740478017803937
2008-04-03,0.1679988595031248
2008-04-04,0.16155925443984462
2008-04-07,0.15669903030322488
2008-04-08,0.15836976996407304
2008-04-09,0.14947520131568318
2008-04-10,0.14394760725403002
2008-04-11,0.19367345824280355
2008-04-14,0.18303280695880655
2008-04-15,0.17321817549846727
2008-04-16,0.16524157993822963
2008-04-17,0.15874105001447608
2008-04-18,0.15733796673220687
2008-04-21,0.15001583070960586
2008-04-22,0.1547809085585935
2008-04-23,0.14657796723735042
2008-04-24,0.14492000063977659
2008-04-25,0.13897356091986715
2008-04-28,0.13222233159297178
2008-04-29,0.13115050468641518
2008-04-30,0.1307698075569769
2008-05-01,0.12377031190573269
2008-05-02,0.11770284898982974
2008-05-05,0.12111682349254996
2008-05-06,0.12036200506589428
2008-05-07,0.1631546767054517
2008-05-08,0.1549294563178388
2008-05-09,0.1549608621956779
2008-05-12,0.1537691921002012
2008-05-13,0.14462560554935114
2008-05-14,0.13636567670105848
2008-05-15,0.13297945516017523
2008-05-16,0.13168793378026106
2008-05-19,0.12680796487143525
2008-05-20,0.13588893834756588
2008-05-21,0.16003122469506345
2008-05-22,0.15447185609366
2008-05-23,0.17046888294745816
2008-05-26,0.16582708025542958
2008-05-27,0.15921058260271276
2008-05-28,0.1497519274724812
2008-05-29,0.14640288335184432
2008-05-30,0.13955552277486832
2008-06-02,0.14968004891774153
2008-06-03,0.14480635260187427
2008-06-04,0.14723166047347225
2008-06-05,0.1423911955430459
2008-06-06,0.23335979423298733
2008-06-09,0.21844184254947988
2008-06-10,0.21306496731505611
2008-06-11,0.22993433420316584
2008-06-12,0.21757877106949847
2008-06-13,0.20512276926377057
2008-06-16,0.19245049408069773
2008-06-17,0.191362485627931
2008-06-18,0.1964187028760148
2008-06-19,0.18379644704803477
2008-06-20,0.20789651102827802
2008-06-23,0.1994488654826536
2008-06-24,0.19011985769135173
2008-06-25,0.18347993420024886
2008-06-26,0.24465064850786863
2008-06-27,0.23948748308614723
2008-06-30,0.22574572075343252
2008-07-01,0.21244285096692475
2008-07-02,0.23667818709583305
2008-07-03,0.22542825388290158
2008-07-04,0.2168838155113381
2008-07-07,0.21400976977248418
2008-07-08,0.20586386472384388
2008-07-09,0.23156365783012806
2008-07-10,0.22933801763409334
2008-07-11,0.2160734691456559
2008-07-14,0.2251718895596787
2008-07-15,0.222691464873929
2008-07-16,0.2064900152591458
2008-07-17,0.20065093543646417
2008-07-18,0.18540446923343565
2008-07-21,0.18043450984874354
2008-07-22,0.17380170015558624
2008-07-23,0.16585712248895695
2008-07-24,0.21399347675611186
2008-07-25,0.2001806559341348
2008-07-28,0.22560761088504755
2008-07-29,0.21473812670612497
2008-07-30,0.2062452831175885
2008-07-31,0.20321032453995114
2008-08-01,0.20496559458881025
2008-08-04,0.1987611091348552
2008-08-05,0.19387780292783438
2008-08-06,0.18744526784059373
2008-08-07,0.2088897788106748
2008-08-08,0.194398422415307
2008-08-11,0.19446923069409178
2008-08-12,0.19417419805691233
2008-08-13,0.1837910477426389
2008-08-14,0.1774743402810591
2008-08-15,0.16979096629120374
2008-08-18,0.18897101726113963
2008-08-19,0.19304803431845619
2008-08-20,0.1879896112625514
2008-08-21,0.17096984575073088
2008-08-22,0.15681635763397994
2008-08-25,0.2053755254532752
2008-08-26,0.19250594259086945
2008-08-27,0.17864157194449612
2008-08-28,0.1707882620025854
2008-08-29,0.1850664983312301
2008-09-01,0.177153469617497
2008-09-02,0.1731624395904819
2008-09-03,0.16789628677851487
2008-09-04,0.25434347943299984
2008-09-05,0.23614084199935795
2008-09-08,0.22271293954611607
2008-09-09,0.3049650932484251
2008-09-10,0.2900360296133435
2008-09-11,0.266869312075615
2008-09-12,0.25667627815265
2008-09-15,0.3845645929830527
2008-09-16,0.3780132272267434
2008-09-17,0.4512449198457632
2008-09-18,0.4201533805366228
2008-09-19,0.40517673216058425
2008-09-22,0.44368977853132124
2008-09-23,0.42169443493524666
2008-09-24,0.39864266359928596
2008-09-25,0.38019879581875127
2008-09-26,0.36530485229298576
2008-09-29,0.6627687290394594
2008-09-30,0.6028989670642716
2008-10-01,0.6000149827551838
2008-10-02,0.5960292535882741
2008-10-03,0.5733383801979918
2008-10-06,0.6097434597555191
2008-10-07,0.6763076852044904
2008-10-08,0.6368897475647333
2008-10-09,0.7734123650383214
2008-10-10,0.7491273977791119
2008-10-13,0.6988901266416007
2008-10-14,0.6557896518258806
2008-10-15,0.8388743087436644
2008-10-16,0.7749716053564826
2008-10-17,0.7265506123920322
2008-10-20,0.7129526059596745
2008-10-21,0.6688244522008383
2008-10-22,0.7450357979436494
2008-10-23,0.7139367823231778
2008-10-24,0.6865404125678322
2008-10-27,0.6893485953017495
2008-10-28,0.6295815051282585
2008-10-29,0.6180545424097356
2008-10-30,0.5642744908978269
2008-10-31,0.5438896564607121
2008-11-03,0.49961951523540593
2008-11-04,0.47432425919618815
2008-11-05,0.5520775340112432
2008-11-06,0.5950984904839486
2008-11-07,0.5872718688630479
2008-11-10,0.5487038926181556
2008-11-11,0.5408707696173745
2008-11-12,0.5847479108653569
2008-11-13,0.5672269133376796
2008-11-14,0.5850626198721652
2008-11-17,0.5793780249799736
2008-11-18,0.5375019365026192
2008-11-19,0.6537811850751551
2008-11-20,0.7504049773223961
2008-11-21,0.668827681419959
2008-11-24,0.6833538647000073
2008-11-25,0.6162322235743074
2008-11-26,0.5834299925960431
2008-11-27,0.5351116529361858
2008-11-28,0.5059016569814357
2008-12-01,0.7574069427766414
2008-12-02,0.6964878944159668
2008-12-03,0.6483201486733433
2008-12-04,0.6435746297730414
2008-12-05,0.5921472333975002
2008-12-08,0.5604935150521931
2008-12-09,0.5296803737001067
2008-12-10,0.5433424242780917
2008-12-11,0.5172775757930248
2008-12-12,0.4690912849429297
2008-12-15,0.46142088597425235
2008-12-16,0.41943825633918336
2008-12-17,0.42607018687117687
2008-12-18,0.4183928083143638
2008-12-19,0.4150658615007753
2008-12-22,0.40964377398153634
2008-12-23,0.35761642092395307
2008-12-24,0.34246413265275943
2008-12-25,0.32984309078477214
2008-12-26,0.30228841156580055
2008-12-29,0.29263372957453376
2008-12-30,0.27182483455325807
2008-12-31,0.25779045890700564
2009-01-02,0.25440442947980124
2009-01-05,0.2305623559173976
2009-01-06,0.21924699043894524
2009-01-07,0.2856828082219661
2009-01-08,0.2614650874522738
2009-01-09,0.2926782897964467
2009-01-12,0.29531092112902446
2009-01-13,0.28687137614863106
2009-01-14,0.3401108103816371
2009-01-15,0.32972980936498375
2009-01-16,0.3054808094789442
2009-01-19,0.2729733167934684
2009-01-20,0.4249492921120743
2009-01-21,0.40248502860878144
2009-01-22,0.3834238057233609
2009-01-23,0.3814685663586746
2009-01-26,0.35483228888664353
2009-01-27,0.33062798569015256
2009-01-28,0.32156986969708434
2009-01-29,0.36663885146454045
2009-01-30,0.3722488528607478
2009-02-02,0.3354295271786944
2009-02-03,0.33790303755935813
2009-02-04,0.30433727470719074
2009-02-05,0.3024764164709049
2009-02-06,0.2802152424850285
2009-02-09,0.2651795683860879
2009-02-10,0.3920078055268954
2009-02-11,0.37295149664589017
2009-02-12,0.3541357492652813
2009-02-13,0.3295914110632592
2009-02-16,0.32080749835677586
2009-02-17,0.39706433413058095
2009-02-18,0.3850451526746503
2009-02-19,0.3792267407933306
2009-02-20,0.3687732678355131
2009-02-23,0.41714716627515264
2009-02-24,0.3780387911244526
2009-02-25,0.3580378290788654
2009-02-26,0.35337808535809007
2009-02-27,0.37248934882682316
2009-03-02,0.4348068391370051
2009-03-03,0.4426622235360813
2009-03-04,0.4127544067701517
2009-03-05,0.4589415506180414
2009-03-06,0.44465516293867474
2009-03-09,0.4376773690913439
2009-03-10,0.38672866210547274
2009-03-11,0.3804214859519318
2009-03-12,0.3445697918796279
2009-03-13,0.3286969657532399
2009-03-16,0.30818934256866876
2009-03-17,0.288565125592059
2009-03-18,0.26755481761620814
2009-03-19,0.2692343050326171
2009-03-20,0.2927035653160057
2009-03-23,0.26626621216135987
2009-03-24,0.2827686783237843
2009-03-25,0.27016494119181916
2009-03-26,0.25153050388683573
2009-03-27,0.27709749014336216
2009-03-30,0.33591773400967023
2009-03-31,0.3199519078136549
2009-04-01,0.30622446733959496
2009-04-02,0.2901569307067336
2009-04-03,0.270312501625908
2009-04-06,0.25943561977547036
2009-04-07,0.2927224410363091
2009-04-08,0.2685417558239544
2009-04-09,0.24950918603209674
2009-04-10,0.23846593334224797
2009-04-13,0.23827086628262018
2009-04-14,0.2493327838040919
2009-04-15,0.23630558238977148
2009-04-16,0.22579612554116163
2009-04-17,0.2133107958354971
2009-04-20,0.33803949829122154
2009-04-21,0.3163571352433076
2009-04-22,0.3022903301759759
2009-04-23,0.285568574100916
2009-04-24,0.27046648653099353
2009-04-27,0.26544270854888863
2009-04-28,0.24885152057603488
2009-04-29,0.24715637867799092
2009-04-30,0.23280222628692343
2009-05-01,0.21721264449914743
2009-05-04,0.20145964182449508
2009-05-05,0.18824695076313863
2009-05-06,0.1821733092320886
2009-05-07,0.19327246580523041
2009-05-08,0.18734470349029583
2009-05-11,0.22059194471664598
2009-05-12,0.2101622352171577
2009-05-13,0.2581006004540959
2009-05-14,0.25382923059654416
2009-05-15,0.24184436169785703
2009-05-18,0.23700670185930933
2009-05-19,0.21691838063890248
2009-05-20,0.2178199510732761
2009-05-21,0.23243484540472567
2009-05-22,0.2165054807135715
2009-05-25,0.2006453083083922
2009-05-26,0.1984274760237545
2009-05-27,0.22772063839636947
2009-05-28,0.21166511334896543
2009-05-29,0.1956442806451225
2009-06-01,0.18507636972109517
2009-06-02,0.1780172764505049
2009-06-03,0.19103138079220805
2009-06-04,0.1904850020523511
2009-06-05,0.1803711116739793
2009-06-08,0.16607228167654184
2009-06-09,0.158946754509762
2009-06-10,0.15747305877849863
2009-06-11,0.15207520132509875
2009-06-12,0.14421834161910613
2009-06-15,0.2028922508152575
2009-06-16,0.20492531439906445
2009-06-17,0.20178209328049998
2009-06-18,0.1956432998734236
2009-06-19,0.17637675283159265
2009-06-22,0.2559621382829214
2009-06-23,0.24230745710158152
2009-06-24,0.2370761087394089
2009-06-25,0.2232115504349265
2009-06-26,0.2098462152977375
2009-06-29,0.19481369579968155
2009-06-30,0.2029220783238716
2009-07-01,0.18879504482263554
2009-07-02,0.2563066254936246
2009-07-03,0.24117080235038524
2009-07-06,0.230904830946301
2009-07-07,0.24158901926316695
2009-07-08,0.23090131598263844
2009-07-09,0.22292292249397916
2009-07-10,0.21694366097247095
2009-07-13,0.20263258690605482
2009-07-14,0.20094784944311567
2009-07-15,0.18292948443575321
2009-07-16,0.17590270353634246
2009-07-17,0.16536386242922194
2009-07-20,0.16000778525298404
2009-07-21,0.1544758247575919
2009-07-22,0.14790579266095416
2009-07-23,0.14178169820674058
2009-07-24,0.1386512019408248
2009-07-27,0.13449460098897767
2009-07-28,0.13448782835075376
2009-07-29,0.1306762545148295
2009-07-30,0.12173098033878808
2009-07-31,0.12352464139217963
2009-08-03,0.11760621523021174
2009-08-04,0.11709531967749848
2009-08-05,0.11451037009217115
2009-08-06,0.11913613039398403
2009-08-07,0.1139228649166278
2009-08-10,0.11486380935551065
2009-08-11,0.13704430027613804
2009-08-12,0.1335781976117933
2009-08-13,0.13075535624232196
2009-08-14,0.13769235790713832
2009-08-17,0.20613381262892208
2009-08-18,0.20625419773757644
2009-08-19,0.17995004190175365
2009-08-20,0.17638234194850605
2009-08-21,0.1656343177047518
2009-08-24,0.15745394360158904
2009-08-25,0.1608763415344164
2009-08-26,0.14483783475512169
2009-08-27,0.14063096830199862
2009-08-28,0.1357038705103704
2009-08-31,0.14197536309936817
2009-09-01,0.19595096846848767
2009-09-02,0.18607486775728035
2009-09-03,0.18172373146493145
2009-09-04,0.16845378565893626
2009-09-07,0.15738336692650232
2009-09-08,0.1557306513154359
2009-09-09,0.14682815498207033
2009-09-10,0.1439796649889004
2009-09-11,0.14047189424865808
2009-09-14,0.1349398125709954
2009-09-15,0.12995641036123812
2009-09-16,0.1275444043587581
2009-09-17,0.12590416040657
2009-09-18,0.1234232086723734
2009-09-21,0.12065545140718703
2009-09-22,0.11877314444991678
2009-09-23,0.13180844669929576
2009-09-24,0.13801551770943998
2009-09-25,0.13867113828014735
2009-09-28,0.13378951766375893
2009-09-29,0.1298300480438304
2009-09-30,0.1294628902688499
2009-10-01,0.20380193566125987
2009-10-02,0.19344950167937142
2009-10-05,0.1880834548908381
2009-10-06,0.17612707449080822
2009-10-07,0.1668023075120201
2009-10-08,0.16616119507150706
2009-10-09,0.1581457340103066
2009-10-12,0.15033850539160035
2009-10-13,0.14661356529789346
2009-10-14,0.13697496325808342
2009-10-15,0.1336693398585099
2009-10-16,0.13791259607560127
2009-10-19,0.1370149866820925
2009-10-20,0.13422404762828502
2009-10-21,0.14518199274806778
2009-10-22,0.13955411542898852
2009-10-23,0.15218589777626298
2009-10-26,0.16467408881637144
2009-10-27,0.1588948322570056
2009-10-28,0.20205644458233718
2009-10-29,0.18139205636945893
2009-10-30,0.2572040890063038
2009-11-02,0.24261807588700432
2009-11-03,0.22041310186806837
2009-11-04,0.21447904529316594
2009-11-05,0.19669829380271422
2009-11-06,0.19637702064851076
2009-11-09,0.18362194093165427
2009-11-10,0.18203849157938
2009-11-11,0.16554425693352887
2009-11-12,0.1733306827194723
2009-11-13,0.1684321119386142
2009-11-16,0.15830592982930144
2009-11-17,0.15065666176790513
2009-11-18,0.14939984264554437
2009-11-19,0.17042502771386453
2009-11-20,0.1561252564716714
2009-11-23,0.1475103820159515
2009-11-24,0.14733833804287153
2009-11-25,0.14192981380891392
2009-11-26,0.13582178707448617
2009-11-27,0.1687907170992482
2009-11-30,0.16300668984789263
2009-12-01,0.1573686141618232
2009-12-02,0.1522091700807828
2009-12-03,0.15057086537695863
2009-12-04,0.1464358433958932
2009-12-07,0.14448130154182193
2009-12-08,0.15200952077263374
2009-12-09,0.1528864229010931
2009-12-10,0.13987423887563358
2009-12-11,0.13410989343893567
2009-12-14,0.12950300319040506
2009-12-15,0.1328469927820665
2009-12-16,0.12581971197863287
2009-12-17,0.1434819130232057
2009-12-18,0.1548659844474702
2009-12-21,0.13415480967423396
2009-12-22,0.12905778709152868
2009-12-23,0.12730009771304676
2009-12-24,0.1207209422969672
2009-12-25,0.12152146402842538
2009-12-28,0.119680086688539
2009-12-29,0.11471488945658118
2009-12-30,0.10933928662430743
2009-12-31,0.12493805821940313
2010-01-04,0.1213639426134945
2010-01-05,0.12097540869304521
2010-01-06,0.115607710659895
2010-01-07,0.11896373708616483
2010-01-08,0.11424380396486493
2010-01-11,0.11017901212591223
2010-01-12,0.12492343129008532
2010-01-13,0.11748562573895358
2010-01-14,0.11414751825116816
2010-01-15,0.1338425190976129
2010-01-18,0.1305744079850257
2010-01-19,0.1284821660408999
2010-01-20,0.14380909252255838
2010-01-21,0.17334698850737407
2010-01-22,0.21913482486454586
2010-01-25,0.2126289474082751
2010-01-26,0.20443180272496142
2010-01-27,0.18735763413072576
2010-01-28,0.19910262577503637
2010-01-29,0.19558090531967684
2010-02-01,0.1949145123308304
2010-02-02,0.17924498796823865
2010-02-03,0.17114301979539273
2010-02-04,0.2525209960418715
2010-02-05,0.24457116515109834
2010-02-08,0.24332594175177133
2010-02-09,0.22257271935143114
2010-02-10,0.22328887651042656
2010-02-11,0.19640086431219286
2010-02-12,0.1950791809589639
2010-02-15,0.18883380125067714
2010-02-16,0.1775107309195215
2010-02-17,0.16694761775315245
2010-02-18,0.16443102167182244
2010-02-19,0.15194526367915506
2010-02-22,0.14316476012546478
2010-02-23,0.1630046083136296
2010-02-24,0.1567921010106066
2010-02-25,0.1507767221791537
2010-02-26,0.13915228929618448
2010-03-01,0.13390988712825713
2010-03-02,0.1346524729139251
2010-03-03,0.12496879482306779
2010-03-04,0.12854144041126794
2010-03-05,0.12411607680783471
2010-03-08,0.1249359118800361
2010-03-09,0.11790882921042284
2010-03-10,0.10858563840381188
2010-03-11,0.10899712368277706
2010-03-12,0.10948283816956728
2010-03-15,0.10681551007477968
2010-03-16,0.10271481827887483
2010-03-17,0.10278972086265863
2010-03-18,0.10043772012272889
2010-03-19,0.1058273965758978
2010-03-22,0.10446274571533447
2010-03-23,0.10332329689138056
2010-03-24,0.10888411181717868
2010-03-25,0.10687589601760729
2010-03-26,0.10575127937875355
2010-03-29,0.1032198742786042
2010-03-30,0.10205648666166574
2010-03-31,0.10231757601036227
2010-04-01,0.10292185140466976
2010-04-02,0.09903989306941005
2010-04-05,0.1028320322965859
2010-04-06,0.09973529970227127
2010-04-07,0.10670479467648596
2010-04-08,0.10290171350127944
2010-04-09,0.10163726160875106
2010-04-12,0.09988225730247426
2010-04-13,0.1007208238963615
2010-04-14,0.09788588464408761
2010-04-15,0.0970187712998405
2010-04-16,0.14014743417329623
2010-04-19,0.13794472417054973
2010-04-20,0.1339816611102581
2010-04-21,0.12961336953397715
2010-04-22,0.12421231100220377
2010-04-23,0.11833125481061882
2010-04-26,0.11932635152935323
2010-04-27,0.18691950716659939
2010-04-28,0.17926602230013775
2010-04-29,0.17206274905824165
2010-04-30,0.18927409756797856
2010-05-03,0.1864213314906168
2010-05-04,0.23349065820719914
2010-05-05,0.23433509847301856
2010-05-06,0.28857880431114213
2010-05-07,0.29353100245741165
2010-05-10,0.276922720588931
2010-05-11,0.2739361086230871
2010-05-12,0.24378507450919043
2010-05-13,0.25113747014951665
2010-05-14,0.271348616425402
2010-05-17,0.24785558106500835
2010-05-18,0.24856331542504317
2010-05-19,0.24375841528899733
2010-05-20,0.3334074239833494
2010-05-21,0.3155419264241102
2010-05-24,0.30602760909318727
2010-05-25,0.2912427587286092
2010-05-26,0.2760856197359245
2010-05-27,0.26207476723432865
2010-05-28,0.25766936456949435
2010-05-31,0.2499840796821026
2010-06-01,0.25385348090303994
2010-06-02,0.24494430120043675
2010-06-03,0.23127811083942276
2010-06-04,0.3034898620967612
2010-06-07,0.30642472694961687
2010-06-08,0.2960368578891445
2010-06-09,0.2769791464603432
2010-06-10,0.25299216410326364
2010-06-11,0.24508753258783025
2010-06-14,0.23127937374929997
2010-06-15,0.22138109326497335
2010-06-16,0.20667430295473332
2010-06-17,0.1953376268198107
2010-06-18,0.18272295189969362
2010-06-21,0.17894092523771205
2010-06-22,0.19923747537379666
2010-06-23,0.18677209462634184
2010-06-24,0.20364774603079708
2010-06-25,0.20504052400098696
2010-06-28,0.19284592378605103
2010-06-29,0.2657590347228009
2010-06-30,0.26230025823600145
2010-07-01,0.24592176879741529
2010-07-02,0.22792040314930728
2010-07-05,0.2234892294016368
2010-07-06,0.20370454877038427
2010-07-07,0.2013563246651845
2010-07-08,0.1981683282333932
2010-07-09,0.18264448636612785
2010-07-12,0.1755991569649779
2010-07-13,0.16930532238314086
2010-07-14,0.16379220634299918
2010-07-15,0.15347079779998427
2010-07-16,0.2320154503705599
2010-07-19,0.22775153717241264
2010-07-20,0.20876770526710126
2010-07-21,0.21422317222386955
2010-07-22,0.2075199889466248
2010-07-23,0.1933827648695825
2010-07-26,0.18463040991309893
2010-07-27,0.17263487890656934
2010-07-28,0.17747866996094877
2010-07-29,0.17470242392696386
2010-07-30,0.16035772375835813
2010-08-02,0.15230073825725535
2010-08-03,0.1498568488795672
2010-08-04,0.14846076599596192
2010-08-05,0.14663871142791549
2010-08-06,0.13992727025928814
2010-08-09,0.1352826197160082
2010-08-10,0.13285037743752495
2010-08-11,0.22478638971049392
2010-08-12,0.20785694395853258
2010-08-13,0.2066635985398007
2010-08-16,0.19352000049893953
2010-08-17,0.17970718647541917
2010-08-18,0.17108808344404008
2010-08-19,0.19624437562694869
2010-08-20,0.18957025085888404
2010-08-23,0.18592410417572547
2010-08-24,0.2022242485522962
2010-08-25,0.1944714310896917
2010-08-26,0.18222487690991968
2010-08-27,0.1785557529901988
2010-08-30,0.19359823249459876
2010-08-31,0.1883953930329897
2010-09-01,0.17713634821608007
2010-09-02,0.17131768011419093
2010-09-03,0.1553574478417312
2010-09-06,0.15253435457472236
2010-09-07,0.15709291501611142
2010-09-08,0.15506976471485154
2010-09-09,0.1537785454385611
2010-09-10,0.14768865627074754
2010-09-13,0.13585592244477632
2010-09-14,0.13162784382984274
2010-09-15,0.13358008513586433
2010-09-16,0.13054821534528332
2010-09-17,0.11973835416341717
2010-09-20,0.11973939944037566
2010-09-21,0.12082954591361446
2010-09-22,0.12312540165766482
2010-09-23,0.13061661229288718
2010-09-24,0.1255135423692395
2010-09-27,0.12388200031658364
2010-09-28,0.12445369943636506
2010-09-29,0.12168758975021561
2010-09-30,0.12408181124628317
2010-10-01,0.11488697806892284
2010-10-04,0.12566143346616063
2010-10-05,0.11799468905089862
2010-10-06,0.11880312334920967
2010-10-07,0.11499289745854328
2010-10-08,0.11215187780062856
2010-10-11,0.11371623388026451
2010-10-12,0.10962013652637555
2010-10-13,0.10814442742362804
2010-10-14,0.10891942977689632
2010-10-15,0.10621776902621476
2010-10-18,0.104480339807434
2010-10-19,0.14343261914767041
2010-10-20,0.13578863690485124
2010-10-21,0.13620614788670551
2010-10-22,0.1310691547676243
2010-10-25,0.12447577446316782
2010-10-26,0.12481795758827677
2010-10-27,0.11789806211343051
2010-10-28,0.11831757143622752
2010-10-29,0.11512615035093111
2010-11-01,0.11383733538648425
2010-11-02,0.11244808769275567
2010-11-03,0.1061372324384058
2010-11-04,0.10888399786694941
2010-11-05,0.10208428765028271
2010-11-08,0.10527442250893258
2010-11-09,0.11424826049341996
2010-11-10,0.1125969914498797
2010-11-11,0.11165941041419618
2010-11-12,0.13005370790103135
2010-11-15,0.13079344695905512
2010-11-16,0.15989235727802106
2010-11-17,0.15406896518214303
2010-11-18,0.15486065807118068
2010-11-19,0.1438084732498491
2010-11-22,0.139016042890089
2010-11-23,0.1643632821080641
2010-11-24,0.1479762291594952
2010-11-25,0.14766258202349528
2010-11-26,0.15136134374379762
2010-11-29,0.14661225837785866
2010-11-30,0.14522874543138672
2010-12-01,0.13813883497494683
2010-12-02,0.1375791379753357
2010-12-03,0.13248609836007696
2010-12-06,0.12950667313079717
2010-12-07,0.12514304806486273
2010-12-08,0.1237723308316685
2010-12-09,0.11563075953556058
2010-12-10,0.11210416894363673
2010-12-13,0.11166864174762013
2010-12-14,0.1061496843630584
2010-12-15,0.11149981041686999
2010-12-16,0.1107519971571035
2010-12-17,0.10841682337820654
2010-12-20,0.10516785704395301
2010-12-21,0.1044635966855402
2010-12-22,0.10628537028796395
2010-12-23,0.10320505549930663
2010-12-24,0.10460507325252294
2010-12-27,0.10043299846313111
2010-12-28,0.09854527091549216
2010-12-29,0.09928190781108881
2010-12-30,0.09883305810010494
2010-12-31,0.09645269031231549
2011-01-03,0.09752941683104605
2011-01-04,0.09801449802608107
2011-01-05,0.09231029159563976
2011-01-06,0.09880296241988547
2011-01-07,0.09667415229114841
2011-01-10,0.09755875654969176
2011-01-11,0.0978913202163301
2011-01-12,0.09694221131452382
2011-01-13,0.09707417028848483
2011-01-14,0.0958598519510129
2011-01-17,0.09647168961363421
2011-01-18,0.09535406801497766
2011-01-19,0.11465825931528628
2011-01-20,0.11194929645809643
2011-01-21,0.10790830428622446
2011-01-24,0.11014384776460638
2011-01-25,0.10835860806544687
2011-01-26,0.1108845999291477
2011-01-27,0.1031267243767791
2011-01-28,0.15178282129209206
2011-01-31,0.15282832760136209
2011-02-01,0.14428430743598633
2011-02-02,0.1383278572018893
2011-02-03,0.13016733994497012
2011-02-04,0.1323712287596807
2011-02-07,0.12398979033900619
2011-02-08,0.11853666413942245
2011-02-09,0.12322459474275047
2011-02-10,0.11622573072007211
2011-02-11,0.11469834978296994
2011-02-14,0.11089820934658719
2011-02-15,0.10890117537710527
2011-02-16,0.10653466407919356
2011-02-17,0.10691749725952143
2011-02-18,0.1045209707142883
2011-02-21,0.10310810733222345
2011-02-22,0.16507300522628762
2011-02-23,0.16912253928876078
2011-02-24,0.15069524608719032
2011-02-25,0.1500862426830985
2011-02-28,0.14672887230982137
2011-03-01,0.17130675621091837
2011-03-02,0.1581010618879844
2011-03-03,0.1614190294204498
2011-03-04,0.15810428090579456
2011-03-07,0.16313706455825544
2011-03-08,0.15287775818662752
2011-03-09,0.1511348415461594
2011-03-10,0.18392314572043725
2011-03-11,0.17631606963452365
2011-03-14,0.18085030672030467
2011-03-15,0.17771079250755223
2011-03-16,0.20766137009066954
2011-03-17,0.19511997103291331
2011-03-18,0.19605372351720432
2011-03-21,0.1800909253409529
2011-03-22,0.17043714730759424
2011-03-23,0.1654030870654289
2011-03-24,0.15698670146727078
2011-03-25,0.14812877161706545
2011-03-28,0.1502844121313011
2011-03-29,0.14160498939114008
2011-03-30,0.13962168508504766
2011-03-31,0.1360415957612218
2011-04-01,0.13116971118487697
2011-04-04,0.1247076591308498
2011-04-05,0.11958142786770892
2011-04-06,0.11597538137498721
2011-04-07,0.11585294238083135
2011-04-08,0.11530142827229622
2011-04-11,0.1139389569811013
2011-04-12,0.12536176285113096
2011-04-13,0.11441873796649638
2011-04-14,0.11675460456982818
2011-04-15,0.11435826535291727
2011-04-18,0.13489324182311638
2011-04-19,0.12746848322766044
2011-04-20,0.12450045681843579
2011-04-21,0.118491712884351
2011-04-22,0.1167868847954485
2011-04-25,0.1169876243485683
2011-04-26,0.11191483967343885
2011-04-27,0.10834400762890543
2011-04-28,0.10899776147625095
2011-04-29,0.10511581677029248
2011-05-02,0.10362606317416699
2011-05-03,0.1048859268707803
2011-05-04,0.10811281874887603
2011-05-05,0.1244606130662533
2011-05-06,0.12056549857366794
2011-05-09,0.11851424128959001
2011-05-10,0.1157948014177847
2011-05-11,0.13542668762785837
2011-05-12,0.13052855042235062
2011-05-13,0.1360024295488292
2011-05-16,0.13736162783786698
2011-05-17,0.1332892961729032
2011-05-18,0.13288832990669253
2011-05-19,0.1221357814664485
2011-05-20,0.13158979590874614
2011-05-23,0.14619603148764845
2011-05-24,0.14639414537498488
2011-05-25,0.13555379636964177
2011-05-26,0.13592226112160521
2011-05-27,0.12880949989548243
2011-05-30,0.12709869733585175
2011-05-31,0.12120148538123472
2011-06-01,0.18683489141457943
2011-06-02,0.17886004410033662
2011-06-03,0.17913736284500906
2011-06-06,0.17853599159789746
2011-06-07,0.1757340490218079
2011-06-08,0.1735892636522881
2011-06-09,0.16273667936956326
2011-06-10,0.1780818066461563
2011-06-13,0.16646944723971116
2011-06-14,0.16560424693600315
2011-06-15,0.18457220639074465
2011-06-16,0.18483642044629253
2011-06-17,0.1749475064493546
2011-06-20,0.16759252880056166
2011-06-21,0.15861551176238964
2011-06-22,0.15943707258784207
2011-06-23,0.15717109470732052
2011-06-24,0.16676828259670637
2011-06-27,0.1570447896579081
2011-06-28,0.15125342084942103
2011-06-29,0.14425343735660934
2011-06-30,0.13863460868311064
2011-07-01,0.13399672944227298
2011-07-04,0.13124195415963474
2011-07-05,0.12765748316535627
2011-07-06,0.12189769310941462
2011-07-07,0.12043200563282046
2011-07-08,0.12035555346737703
2011-07-11,0.17238676415286328
2011-07-12,0.16108675751738694
2011-07-13,0.15097955138898728
2011-07-14,0.15229397211340884
2011-07-15,0.14890737870107637
2011-07-18,0.14955942136822692
2011-07-19,0.14770061882812696
2011-07-20,0.1417098314119555
2011-07-21,0.1391739187648371
2011-07-22,0.13201113269908055
2011-07-25,0.13485528813634842
2011-07-26,0.1306751773719882
2011-07-27,0.18042273124841965
2011-07-28,0.17458126031025378
2011-07-29,0.17554288958747788
2011-08-01,0.17091306970631331
2011-08-02,0.22562299636041572
2011-08-03,0.21382377549547377
2011-08-04,0.37096390848020255
2011-08-05,0.3438398502580342
2011-08-08,0.5575768522254602
2011-08-09,0.49144485864958704
2011-08-10,0.5558952815731868
2011-08-11,0.5030762107353098
2011-08-12,0.48162481549677777
2011-08-15,0.4519330054757429
2011-08-16,0.43786856919000694
2011-08-17,0.4076856924293803
2011-08-18,0.4684034646302936
2011-08-19,0.4501474432604501
2011-08-22,0.4408432495688929
2011-08-23,0.4145974769250626
2011-08-24,0.3922521083076669
2011-08-25,0.3675761003654985
2011-08-26,0.35898490257421534
2011-08-29,0.3225664032574258
2011-08-30,0.3268640694902065
2011-08-31,0.28936425764429274
2011-09-01,0.2802654132405911
2011-09-02,0.3133919205924096
2011-09-05,0.29018602754457934
2011-09-06,0.289465113941439
2011-09-07,0.2825733521480779
2011-09-08,0.2677167661065014
2011-09-09,0.29774833361071995
2011-09-12,0.28460657577121623
2011-09-13,0.2624179920364807
2011-09-14,0.2573558702011422
2011-09-15,0.24050636161767566
2011-09-16,0.22945292382865556
2011-09-19,0.218628883279186
2011-09-20,0.21505809348313823
2011-09-21,0.27074530094805493
2011-09-22,0.32205010873294176
2011-09-23,0.3167841525357517
2011-09-26,0.2906545126922876
2011-09-27,0.27259908083905476
2011-09-28,0.28385923832489873
2011-09-29,0.2792539784525366
2011-09-30,0.29457246639163776
2011-10-03,0.3379071179817563
2011-10-04,0.31782366996052086
2011-10-05,0.3078858181209724
2011-10-06,0.29020101638129686
2011-10-07,0.2710757098922247
2011-10-10,0.25783592791177606
2011-10-11,0.2411403116702376
2011-10-12,0.22562378022009216
2011-10-13,0.21985241228536112
2011-10-14,0.21034819240407956
2011-10-17,0.22715938349871295
2011-10-18,0.22050803311852757
2011-10-19,0.22168936107998358
2011-10-20,0.2127584354682512
2011-10-21,0.2027458675056964
2011-10-24,0.1890985436348405
2011-10-25,0.2205451756802292
2011-10-26,0.21133979922725862
2011-10-27,0.2004338769629337
2011-10-28,0.19061961755776397
2011-10-31,0.24053713810387417
2011-11-01,0.284146293617376
2011-11-02,0.28726696396246826
2011-11-03,0.26318648657422666
2011-11-04,0.2461046249230296
2011-11-07,0.23633078805331695
2011-11-08,0.22210428454977646
2011-11-09,0.320510042354778
2011-11-10,0.29472377935831356
2011-11-11,0.27068381611426273
2011-11-14,0.2666134502728713
2011-11-15,0.2513200468242652
2011-11-16,0.2684708903497837
2011-11-17,0.2712945081024964
2011-11-18,0.26017744753803057
2011-11-21,0.2673019305777801
2011-11-22,0.2541914026868664
2011-11-23,0.2857293210035632
2011-11-24,0.27063055944601144
2011-11-25,0.2441054551650676
2011-11-28,0.23607682425028825
2011-11-29,0.22632028787651468
2011-11-30,0.21851489837433632
2011-12-01,0.206161862423564
2011-12-02,0.1892392401919594
2011-12-05,0.17795819856524028
2011-12-06,0.1689506909808325
2011-12-07,0.16341509308609473
2011-12-08,0.20507519491250997
2011-12-09,0.2031138077730296
2011-12-12,0.20645360136408603
2011-12-13,0.20953767483583552
2011-12-14,0.2152285760955121
2011-12-15,0.19322630244526254
2011-12-16,0.19277782849134575
2011-12-19,0.19113167992512975
2011-12-20,0.18920692703145092
2011-12-21,0.18178550939655477
2011-12-22,0.17612109621398128
2011-12-23,0.1613161709905992
2011-12-26,0.16209124667843364
2011-12-27,0.15251941073060765
2011-12-28,0.16261914691677348
2011-12-29,0.16053951120587925
2011-12-30,0.154427927985354
2012-01-02,0.14962785925551894
2012-01-03,0.1408338895605325
2012-01-04,0.13305055148206663
2012-01-05,0.12893015251497766
2012-01-06,0.12665323010735483
2012-01-09,0.12136107353117409
2012-01-10,0.12002253109035882
2012-01-11,0.11696464757714117
2012-01-12,0.11791015424764388
2012-01-13,0.12003949896191267
2012-01-16,0.11676295028911822
2012-01-17,0.11298249963700796
2012-01-18,0.10962743606404027
2012-01-19,0.10818558695562053
2012-01-20,0.109361681132324
2012-01-23,0.10424270007367131
2012-01-24,0.10332147935769032
2012-01-25,0.10169088414031488
2012-01-26,0.10376251050687496
2012-01-27,0.10573316385227746
2012-01-30,0.10561707204518941
2012-01-31,0.107444189650654
2012-02-01,0.10548155321697006
2012-02-02,0.10149964168725459
2012-02-03,0.10152405197845778
2012-02-06,0.1001084474428957
2012-02-07,0.10350226932962944
2012-02-08,0.09432152503353515
2012-02-09,0.09822757533828724
2012-02-10,0.10801129059415729
2012-02-13,0.1019511489220294
2012-02-14,0.1043262933885351
2012-02-15,0.10749833691258728
2012-02-16,0.10569543067984548
2012-02-17,0.10344265329465883
2012-02-20,0.10271048557806939
2012-02-21,0.10399910203973292
2012-02-22,0.1045607471060372
2012-02-23,0.1004854757151179
2012-02-24,0.10120966149535589
2012-02-27,0.09768161515008009
2012-02-28,0.0987392308713961
2012-02-29,0.10250720302706479
2012-03-01,0.1024178195015725
2012-03-02,0.10330655632783696
2012-03-05,0.10814787232043467
2012-03-06,0.1427465114867835
2012-03-07,0.13477131020601374
2012-03-08,0.13270672943231634
2012-03-09,0.1233592151326436
2012-03-12,0.12377340244577474
2012-03-13,0.12298725203783693
2012-03-14,0.11804792520804179
2012-03-15,0.11383507464548963
2012-03-16,0.11344067855304994
2012-03-19,0.10949530264116429
2012-03-20,0.10894084760219627
2012-03-21,0.10830811936606986
2012-03-22,0.11889742781661877
2012-03-23,0.11402695023992046
2012-03-26,0.11383838214199002
2012-03-27,0.11177593545274683
2012-03-28,0.11359314765212075
2012-03-29,0.10922624965776746
2012-03-30,0.1130080498598521
2012-04-02,0.10597426563582647
2012-04-03,0.10908394808823596
2012-04-04,0.12828110173804544
2012-04-05,0.12124958724061558
2012-04-06,0.11825040142572411
2012-04-09,0.1354480732357559
2012-04-10,0.1732322028285934
2012-04-11,0.1570611886451872
2012-04-12,0.15416333420323408
2012-04-13,0.16629031064069802
2012-04-16,0.16660930271052526
2012-04-17,0.15013056671570404
2012-04-18,0.1480009907878658
2012-04-19,0.14672248478547814
2012-04-20,0.14373771226662624
2012-04-23,0.14800273619804047
2012-04-24,0.1445637694564302
2012-04-25,0.13718984289857977
2012-04-26,0.13139513976509198
2012-04-27,0.1302879851101212
2012-04-30,0.12658563126021344
2012-05-01,0.12718891393208126
2012-05-02,0.12190698893621635
2012-05-03,0.1297510153445224
2012-05-04,0.1636450423722616
2012-05-07,0.14949929581159738
2012-05-08,0.14433742054152318
2012-05-09,0.14822680779209454
2012-05-10,0.14396566630157936
2012-05-11,0.1443786560396475
2012-05-14,0.15261490926194637
2012-05-15,0.16109709159443855
2012-05-16,0.14865902607719866
2012-05-17,0.16666909912665473
2012-05-18,0.17151437916123174
2012-05-21,0.16768549524192167
2012-05-22,0.15951777953105137
2012-05-23,0.14819558981632133
2012-05-24,0.14755182777939463
2012-05-25,0.14083060568009872
2012-05-28,0.13608696488350014
2012-05-29,0.127932946200995
2012-05-30,0.1536803423009801
2012-05-31,0.15218496743536603
2012-06-01,0.20479192867599683
2012-06-04,0.19882804696902082
2012-06-05,0.19530967251423537
2012-06-06,0.1795882283047125
2012-06-07,0.17261707980103128
2012-06-08,0.16713230854515074
2012-06-11,0.17409492022506134
2012-06-12,0.17252012543707923
2012-06-13,0.16699243378607265
2012-06-14,0.16291552685434227
2012-06-15,0.1523610111102905
2012-06-18,0.14333517851325242
2012-06-19,0.14506922505013004
2012-06-20,0.13510226664517455
2012-06-21,0.20027402497736307
2012-06-22,0.18475529923323752
2012-06-25,0.20482552178677385
2012-06-26,0.19854531004419285
2012-06-27,0.18639290128307495
2012-06-28,0.17387203387501352
2012-06-29,0.16596260067049323
2012-07-02,0.16312719391419336
2012-07-03,0.1527398480316072
2012-07-04,0.14607118619185835
2012-07-05,0.1511153781011632
2012-07-06,0.15235890700405275
2012-07-09,0.1425084865913483
2012-07-10,0.14591468828271154
2012-07-11,0.1452407802081908
2012-07-12,0.14875902392340826
2012-07-13,0.13762824788622027
2012-07-16,0.13213093631419648
2012-07-17,0.13022466139802735
2012-07-18,0.12730896885866846
2012-07-19,0.12194319431202841
2012-07-20,0.13282952433493164
2012-07-23,0.138336098438438
2012-07-24,0.15084361212364786
2012-07-25,0.13767233672979637
2012-07-26,0.14011795030274524
2012-07-27,0.13378628544484616
2012-07-30,0.12569398481733565
2012-07-31,0.12724628999400928
2012-08-01,0.13069166028184956
2012-08-02,0.13034853164749036
2012-08-03,0.1260665204762635
2012-08-06,0.12560994018371568
2012-08-07,0.11717946880851786
2012-08-08,0.11348560110344787
2012-08-09,0.11666132914938629
2012-08-10,0.11069017760868172
2012-08-13,0.11120438139328367
2012-08-14,0.10715674314936653
2012-08-15,0.10653811810367474
2012-08-16,0.10311510338179428
2012-08-17,0.10662949705714392
2012-08-20,0.10065669774241921
2012-08-21,0.10489756682915628
2012-08-22,0.09991990141596224
2012-08-23,0.11170058529515675
2012-08-24,0.11279258239810419
2012-08-27,0.1067277814229962
2012-08-28,0.10728274723370755
2012-08-29,0.1067931309888082
2012-08-30,0.11259465987164967
2012-08-31,0.11246536273300758
2012-09-03,0.11415501687287119
2012-09-04,0.10765924218348422
2012-09-05,0.10615514332988277
2012-09-06,0.1035759642421898
2012-09-07,0.10188899355327702
2012-09-10,0.11199348820271858
2012-09-11,0.1086552508405128
2012-09-12,0.10817284738080174
2012-09-13,0.104967024409712
2012-09-14,0.10464104911943395
2012-09-17,0.10525083392611687
2012-09-18,0.10514590938951959
2012-09-19,0.09980634020882286
2012-09-20,0.1031618771782893
2012-09-21,0.09902016013841886
2012-09-24,0.09950643166817748
2012-09-25,0.12029354579509888
2012-09-26,0.12019182667461545
2012-09-27,0.11509340642170143
2012-09-28,0.11761870780856039
2012-10-01,0.1167814428657148
2012-10-02,0.116079248707119
2012-10-03,0.11182971653916339
2012-10-04,0.10854075659965477
2012-10-05,0.10800701767464783
2012-10-08,0.10906295857141377
2012-10-09,0.12221674539214389
2012-10-10,0.12248734263012491
2012-10-11,0.1261550956840739
2012-10-12,0.12243191487574195
2012-10-15,0.12012191864077151
2012-10-16,0.11495869676885653
2012-10-17,0.1118720637665229
2012-10-18,0.11449237840727397
2012-10-19,0.1495185752219521
2012-10-22,0.1479371148153372
2012-10-23,0.1712951344081053
2012-10-24,0.1615017248809587
2012-10-25,0.15928030044726266
2012-10-26,0.1521723706839014
2012-10-29,0.1452016642390847
2012-10-30,0.13627495925796024
2012-10-31,0.1340226600552052
2012-11-01,0.12886519105774896
2012-11-02,0.13559813038030505
2012-11-05,0.13304930540676468
2012-11-06,0.12920022808350107
2012-11-07,0.19286654941985404
2012-11-08,0.2021439664802011
2012-11-09,0.19944251401178772
2012-11-12,0.18519347283309323
2012-11-13,0.17976433395110922
2012-11-14,0.1922923698749412
2012-11-15,0.1763774691099069
2012-11-16,0.17246016020545382
2012-11-19,0.1652794050220772
2012-11-20,0.15672958979178905
2012-11-21,0.15054978487926474
2012-11-22,0.14630078955793793
2012-11-23,0.13880010709333368
2012-11-26,0.13747597082299023
2012-11-27,0.136763504476178
2012-11-28,0.1313806683998624
2012-11-29,0.12600538791113317
2012-11-30,0.12494863852928721
2012-12-03,0.12718391380132668
2012-12-04,0.1221085959591622
2012-12-05,0.11634347046023091
2012-12-06,0.11557583096863189
2012-12-07,0.11048809638054664
2012-12-10,0.11122846251742727
2012-12-11,0.10908877662767075
2012-12-12,0.11043179925782799
2012-12-13,0.11356785824695544
2012-12-14,0.11317912398412092
2012-12-17,0.11215698561983281
2012-12-18,0.10805404695140135
2012-12-19,0.11650610623628652
2012-12-20,0.11905429071597572
2012-12-21,0.12712189248220304
2012-12-24,0.12891643838260522
2012-12-25,0.12280213188320212
2012-12-26,0.12388407531033241
2012-12-27,0.116792506523279
2012-12-28,0.13526001805092364
2012-12-31,0.13156225005838332
2013-01-02,0.12604913453674946
2013-01-03,0.11897611997290876
2013-01-04,0.11936465918966432
2013-01-07,0.11862923600583103
2013-01-08,0.11987854581259808
2013-01-09,0.11353519284558644
2013-01-10,0.11264820898540544
2013-01-11,0.11209517067238718
2013-01-14,0.11020023931432953
2013-01-15,0.1067435623147268
2013-01-16,0.1054304152730243
2013-01-17,0.10132714058591483
2013-01-18,0.10160562104561355
2013-01-21,0.10076190899599491
2013-01-22,0.1002302345052155
2013-01-23,0.09945175315895893
2013-01-24,0.09721816976791027
2013-01-25,0.09544918651719529
2013-01-28,0.10039785149451703
2013-01-29,0.09768740392297441
2013-01-30,0.1003092273678377
2013-01-31,0.10132591016914505
2013-02-01,0.09771730803406607
2013-02-04,0.12299973149899313
2013-02-05,0.11735022071898628
2013-02-06,0.11203140113785853
2013-02-07,0.11541283145931706
2013-02-08,0.11171784046742857
2013-02-11,0.11207940172356097
2013-02-12,0.10840537280102978
2013-02-13,0.10451778523751415
2013-02-14,0.10589481134664017
2013-02-15,0.1045875333061716
2013-02-18,0.10661593646347427
2013-02-19,0.10149586425915548
2013-02-20,0.12339237988395363
2013-02-21,0.13035988198237233
2013-02-22,0.12605144041589167
2013-02-25,0.17210081944430006
2013-02-26,0.16132959282923667
2013-02-27,0.15286284873550895
2013-02-28,0.14502585858965059
2013-03-01,0.1415959928536992
2013-03-04,0.14033178360802065
2013-03-05,0.13296280993874426
2013-03-06,0.1298359873543829
2013-03-07,0.11952333983445955
2013-03-08,0.12060090503667363
2013-03-11,0.11602959535451732
2013-03-12,0.1149224200138593
2013-03-13,0.11536218572957958
2013-03-14,0.11318035517697261
2013-03-15,0.11302319174625591
2013-03-18,0.11259827819554735
2013-03-19,0.1121078954307332
2013-03-20,0.10991534686384487
2013-03-21,0.11794929928286596
2013-03-22,0.1193192133677623
2013-03-25,0.11801834728454748
2013-03-26,0.11333306717829532
2013-03-27,0.11352664980792868
2013-03-28,0.11244399349072393
2013-03-29,0.10436610293102565
2013-04-01,0.10957675687754179
2013-04-02,0.10801963849828819
2013-04-03,0.12717379957906114
2013-04-04,0.11664851870999954
2013-04-05,0.12382021008360711
2013-04-08,0.1203473836717621
2013-04-09,0.11681318108953737
2013-04-10,0.11537173042374978
2013-04-11,0.1133568500988168
2013-04-12,0.11268349175498088
2013-04-15,0.1831954778093499
2013-04-16,0.1703037337802677
2013-04-17,0.18872927349070256
2013-04-18,0.18153474155439445
2013-04-19,0.175053038237584
2013-04-22,0.17640244170628885
2013-04-23,0.15346363074022293
2013-04-24,0.15940113168616785
2013-04-25,0.14978532358467864
2013-04-26,0.14093389491753255
2013-04-29,0.13647521902284268
2013-04-30,0.1346842851025521
2013-05-01,0.14192220389780522
2013-05-02,0.13424817737865807
2013-05-03,0.13241966331021085
2013-05-06,0.12535730578479531
2013-05-07,0.12524688326966668
2013-05-08,0.12109170918670809
2013-05-09,0.11754497064173103
2013-05-10,0.11625778554450857
2013-05-13,0.11250203136936264
2013-05-14,0.11210408641199458
2013-05-15,0.11180658000102643
2013-05-16,0.1141497303667766
2013-05-17,0.10974243340058762
2013-05-20,0.11192262659636745
2013-05-21,0.10829399896859213
2013-05-22,0.1175120819784625
2013-05-23,0.11735087340290848
2013-05-24,0.11497656025436587
2013-05-27,0.10948950042916195
2013-05-28,0.10712287599252923
2013-05-29,0.11941468405897207
2013-05-30,0.11559604119921635
2013-05-31,0.14605456738257402
2013-06-03,0.1373384334271927
2013-06-04,0.13709985774332728
2013-06-05,0.15815650799623596
2013-06-06,0.15517885350772928
2013-06-07,0.14955953011006085
2013-06-10,0.14495879344128718
2013-06-11,0.1560526120949698
2013-06-12,0.1528353288760504
2013-06-13,0.1516706797201482
2013-06-14,0.1483482253837092
2013-06-17,0.14253670332006177
2013-06-18,0.13804023632683826
2013-06-19,0.15579097672030154
2013-06-20,0.22607017304754715
2013-06-21,0.2173905721632957
2013-06-24,0.21039320695914868
2013-06-25,0.20508071438779008
2013-06-26,0.19336276432006505
2013-06-27,0.17797919269858198
2013-06-28,0.17388115738771343
2013-07-01,0.1607485169370758
2013-07-02,0.15959600037878677
2013-07-03,0.1548214100145462
2013-07-04,0.1436234078278245
2013-07-05,0.14174107392004207
2013-07-08,0.13243667012364632
2013-07-09,0.13450537577758628
2013-07-10,0.12759723151662491
2013-07-11,0.12862503786201895
2013-07-12,0.1254014316697525
2013-07-15,0.1181596116001877
2013-07-16,0.11728179345981653
2013-07-17,0.11320911095134237
2013-07-18,0.1127881376214143
2013-07-19,0.11143841069444636
2013-07-22,0.10501112947855756
2013-07-23,0.11041870846996411
2013-07-24,0.11053858141711952
2013-07-25,0.10545578255876945
2013-07-26,0.10709962244549039
2013-07-29,0.10775405634141887
2013-07-30,0.10536803888297001
2013-07-31,0.10193482278426153
2013-08-01,0.10031448713885797
2013-08-02,0.10056312072632294
2013-08-05,0.10072645514197678
2013-08-06,0.10458947051324603
2013-08-07,0.10867379884163604
2013-08-08,0.10756630208737487
2013-08-09,0.10520154703164465
2013-08-12,0.10373844833127904
2013-08-13,0.10316329348585258
2013-08-14,0.1051342017659375
2013-08-15,0.13948221856162824
2013-08-16,0.13622298674449826
2013-08-19,0.1355962151459181
2013-08-20,0.13118591737342158
2013-08-21,0.1329522186386368
2013-08-22,0.13053855568130399
2013-08-23,0.12808153464165997
2013-08-26,0.12321752021022506
2013-08-27,0.15696647000022157
2013-08-28,0.15040222266572356
2013-08-29,0.14899958665899715
2013-08-30,0.13977070983084552
2013-09-02,0.14034381825782438
2013-09-03,0.13170624966448782
2013-09-04,0.12527720140787751
2013-09-05,0.12791140846278173
2013-09-06,0.12239686549747276
2013-09-09,0.1182798758357661
2013-09-10,0.11348734431882314
2013-09-11,0.11226129792499931
2013-09-12,0.11150598870336839
2013-09-13,0.10890367153870782
2013-09-16,0.10794033388126341
2013-09-17,0.10650261308885542
2013-09-18,0.1010690635887806
2013-09-19,0.10366202993316813
2013-09-20,0.11142186822048236
2013-09-23,0.11497129018382596
2013-09-24,0.11251943944871316
2013-09-25,0.110307966580786
2013-09-26,0.11040449090196365
2013-09-27,0.11053717388158793
2013-09-30,0.11553316106597941
2013-10-01,0.11184185130404167
2013-10-02,0.10929080521604449
2013-10-03,0.12437641614813791
2013-10-04,0.11883229886554093
2013-10-07,0.12913168092544114
2013-10-08,0.15070313416918135
2013-10-09,0.14510825891092016
2013-10-10,0.1427949010180619
2013-10-11,0.13084869187823356
2013-10-14,0.12999305478688136
2013-10-15,0.1322315116988438
2013-10-16,0.12991345441745725
2013-10-17,0.12315103386100493
2013-10-18,0.12060385904545623
2013-10-21,0.11310401747048367
2013-10-22,0.11440266818203465
2013-10-23,0.11926829617023257
2013-10-24,0.10935262706945649
2013-10-25,0.11174088174460596
2013-10-28,0.1091110929021622
2013-10-29,0.10547096845951837
2013-10-30,0.11194648327812766
2013-10-31,0.11095277292682082
2013-11-01,0.11212119997494725
2013-11-04,0.10295895783865804
2013-11-05,0.10665994487788638
2013-11-06,0.10138281004570546
2013-11-07,0.1347821931640905
2013-11-08,0.128008421765037
2013-11-11,0.1251877391307127
2013-11-12,0.12261713717604097
2013-11-13,0.1164738434397165
2013-11-14,0.11872041628330095
2013-11-15,0.11507204115415863
2013-11-18,0.11349495601536817
2013-11-19,0.11361832104721384
2013-11-20,0.11096162113270223
2013-11-21,0.11080813973596275
2013-11-22,0.1079386099675832
2013-11-25,0.10421053952334947
2013-11-26,0.10331559411161957
2013-11-27,0.10481224907149035
2013-11-28,0.10362163347574961
2013-11-29,0.10038730846174393
2013-12-02,0.10176664754695555
2013-12-03,0.10217832889986625
2013-12-04,0.10137165937769561
2013-12-05,0.10279698811271207
2013-12-06,0.10381972145461299
2013-12-09,0.10156577191275556
2013-12-10,0.10313133190499842
2013-12-11,0.1248730509532819
2013-12-12,0.1263582885990226
2013-12-13,0.1173123046405375
2013-12-16,0.11692543826981112
2013-12-17,0.11780193744506959
2013-12-18,0.11418373198672759
2013-12-19,0.11165561464166794
2013-12-20,0.1098891697338115
2013-12-23,0.1076611539650384
2013-12-24,0.10695232358750727
2013-12-25,0.10332508243507979
2013-12-26,0.10223473032418545
2013-12-27,0.10152516764487463
2013-12-30,0.10192178420195569
2013-12-31,0.09871289681973415
2014-01-02,0.10912477863283528
2014-01-03,0.1123987633083304
2014-01-06,0.11029638136683743
2014-01-07,0.11133092349104098
2014-01-08,0.10802267543939005
2014-01-09,0.10466655928191945
2014-01-10,0.1026654294980775
2014-01-13,0.128975267213391
2014-01-14,0.12807615438347744
2014-01-15,0.12343690558871218
2014-01-16,0.1185142278495981
2014-01-17,0.11772509305452077
2014-01-20,0.11414768768572896
2014-01-21,0.11427304002895046
2014-01-22,0.11312414851814792
2014-01-23,0.12369224040271559
2014-01-24,0.17968065444055756
2014-01-27,0.1806185696267313
2014-01-28,0.16317846662827887
2014-01-29,0.17011880060844534
2014-01-30,0.1641970947146709
2014-01-31,0.16536785233288
2014-02-03,0.21431154854685108
2014-02-04,0.20016710932958587
2014-02-05,0.18933080978089625
2014-02-06,0.18198138981386908
2014-02-07,0.1735436884676882
2014-02-10,0.1637116486341782
2014-02-11,0.1622671587050184
2014-02-12,0.14982245795596313
2014-02-13,0.14809053416114704
2014-02-14,0.14416747540386643
2014-02-17,0.13250423104362352
2014-02-18,0.13053077246549336
2014-02-19,0.1367287191485206
2014-02-20,0.12977246519690885
2014-02-21,0.1271308269721862
2014-02-24,0.12680639908694608
2014-02-25,0.11888735799003546
2014-02-26,0.11840747656202484
2014-02-27,0.11636071556020273
2014-02-28,0.1135379471450766
2014-03-03,0.1195922474036034
2014-03-04,0.11672381476057647
2014-03-05,0.1139378653837654
2014-03-06,0.11052739738967492
2014-03-07,0.10828922319012364
2014-03-10,0.10368497872665897
2014-03-11,0.11059853699146392
2014-03-12,0.10971969965892064
2014-03-13,0.12495531646122922
2014-03-14,0.1258346230934269
2014-03-17,0.124465928823225
2014-03-18,0.12074544594468925
2014-03-19,0.12451154122886864
2014-03-20,0.11743414061761571
2014-03-21,0.11918061295112332
2014-03-24,0.12138409364818943
2014-03-25,0.11474437960646601
2014-03-26,0.11858025755175611
2014-03-27,0.11943284816907965
2014-03-28,0.11457521731757607
2014-03-31,0.11760553666412144
2014-04-01,0.11133152378773946
2014-04-02,0.10878681881674922
2014-04-03,0.10815569529601345
2014-04-04,0.1357906719957675
2014-04-07,0.1440937587379868
2014-04-08,0.1384683032417368
2014-04-09,0.13956945053355688
2014-04-10,0.18845801136588392
2014-04-11,0.18314542849413848
2014-04-14,0.17959894707867877
2014-04-15,0.17183110251420203
2014-04-16,0.1612527745105476
2014-04-17,0.1515745944551877
2014-04-18,0.15039762053670874
2014-04-21,0.14017516393928206
2014-04-22,0.13905773494132384
2014-04-23,0.1346191093772863
2014-04-24,0.12730271785773153
2014-04-25,0.13643282029477613
2014-04-28,0.13094766544069164
2014-04-29,0.12782359781119645
2014-04-30,0.1248032682720472
2014-05-01,0.119208072165149
2014-05-02,0.11458315553599657
2014-05-05,0.11489182959997193
2014-05-06,0.12682893216216634
2014-05-07,0.1212277581784469
2014-05-08,0.119678378163927
2014-05-09,0.11691097484764042
2014-05-12,0.1121971312636742
2014-05-13,0.1127122825704397
2014-05-14,0.11503116749848952
2014-05-15,0.129777986515302
2014-05-16,0.1232303758900687
2014-05-19,0.11692365114393627
2014-05-20,0.12486894725455153
2014-05-21,0.12044458662633306
2014-05-22,0.1204838681423896
2014-05-23,0.11637138471374348
2014-05-26,0.11284702856803469
2014-05-27,0.11266095389178729
2014-05-28,0.10827842742588163
2014-05-29,0.10545391016841173
2014-05-30,0.10516462067593924
2014-06-02,0.10205424799078247
2014-06-03,0.1009561247403965
2014-06-04,0.10007994331428599
2014-06-05,0.10130423460377164
2014-06-06,0.10098119709287628
2014-06-09,0.09978582652604148
2014-06-10,0.09932012682468744
2014-06-11,0.09917571734780065
2014-06-12,0.10914042082212064
2014-06-13,0.10736391684134146
2014-06-16,0.10492332871189006
2014-06-17,0.10331784010415444
2014-06-18,0.10453795791575984
2014-06-19,0.10665921200996221
2014-06-20,0.09822308343106158
2014-06-23,0.10097787023723939
2014-06-24,0.10759663070142628
2014-06-25,0.10328277517459823
2014-06-26,0.10529096454380532
2014-06-27,0.10185146848246449
2014-06-30,0.10255628094692255
2014-07-01,0.10032376635160666
2014-07-02,0.10076577803767102
2014-07-03,0.09844520650091433
2014-07-04,0.09607561268214151
2014-07-07,0.10173687954193562
2014-07-08,0.11056916792132705
2014-07-09,0.10729931363223985
2014-07-10,0.10823968509257607
2014-07-11,0.10382798860232699
2014-07-14,0.10471496713147795
2014-07-15,0.10466467322188544
2014-07-16,0.10472556528826328
2014-07-17,0.12301279008179805
2014-07-18,0.1231982623184946
2014-07-21,0.12291496472120346
2014-07-22,0.12035755401458764
2014-07-23,0.1129243717242636
2014-07-24,0.11128835568518794
2014-07-25,0.11733612889527113
2014-07-28,0.11192824662768978
2014-07-29,0.11603452121923624
2014-07-30,0.10828714143671263
2014-07-31,0.1714668943082902
2014-08-01,0.16000743926404454
2014-08-04,0.15267598827077325
2014-08-05,0.16284053376599228
2014-08-06,0.15262322346160404
2014-08-07,0.15045460910871553
2014-08-08,0.14583384646213296
2014-08-11,0.13383661157668583
2014-08-12,0.13495373916118228
2014-08-13,0.13535201469225158
2014-08-14,0.12735545859404251
2014-08-15,0.12427298206307459
2014-08-18,0.11946010118815709
2014-08-19,0.11642508762690919
2014-08-20,0.11368505087374683
2014-08-21,0.1129872904782406
2014-08-22,0.11250468351531744
2014-08-25,0.10724694658056755
2014-08-26,0.10557187375873166
2014-08-27,0.10538744124359602
2014-08-28,0.10331425577180331
2014-08-29,0.10541519485476
2014-09-01,0.10637190382122212
2014-09-02,0.10305488102810781
2014-09-03,0.1005210609227556
2014-09-04,0.09843521839842632
2014-09-05,0.1023209572855495
2014-09-08,0.0984519620230866
2014-09-09,0.10634832188039953
2014-09-10,0.10536797582883285
2014-09-11,0.1043377259132622
2014-09-12,0.10919721143000322
2014-09-15,0.10730865966801777
2014-09-16,0.10513655678485258
2014-09-17,0.10471113024889611
2014-09-18,0.10144088316712288
2014-09-19,0.09992869495172808
2014-09-22,0.11657425540299662
2014-09-23,0.11648290927729338
2014-09-24,0.1129530176009828
2014-09-25,0.14801889381253677
2014-09-26,0.14542680958869766
2014-09-29,0.13970370792125147
2014-09-30,0.13600713829975966
2014-10-01,0.15954149859025055
2014-10-02,0.15137045436183008
2014-10-03,0.14165097713793492
2014-10-06,0.1402836687075556
2014-10-07,0.16006975980847354
2014-10-08,0.16119308760029052
2014-10-09,0.19644253786515037
2014-10-10,0.2090771531494923
2014-10-13,0.21545415930783668
2014-10-14,0.20900474181254922
2014-10-15,0.2060748478677394
2014-10-16,0.19163849303632655
2014-10-17,0.18233183546069465
2014-10-20,0.17141847359577703
2014-10-21,0.1675059535584473
2014-10-22,0.16505553119240438
2014-10-23,0.16213381268775479
2014-10-24,0.15350148600558858
2014-10-27,0.1489005946992063
2014-10-28,0.13999998758748902
2014-10-29,0.1379442468101112
2014-10-30,0.13597931476282463
2014-10-31,0.12883534662856497
2014-11-03,0.12313928190467001
2014-11-04,0.12552043215041891
2014-11-05,0.11428735355002209
2014-11-06,0.11769431959203992
2014-11-07,0.11576887294162035
2014-11-10,0.11328513891085133
2014-11-11,0.10738880056247327
2014-11-12,0.10587860418495917
2014-11-13,0.10543253798330832
2014-11-14,0.10493368231099777
2014-11-17,0.10274968076477281
2014-11-18,0.1045992702599687
2014-11-19,0.10212799988551421
2014-11-20,0.10043610876601662
2014-11-21,0.10003612807161595
2014-11-24,0.09659963545850826
2014-11-25,0.09982595990855622
2014-11-26,0.09927837130256284
2014-11-27,0.09812248043273357
2014-11-28,0.09686603534801788
2014-12-01,0.10636835799205549
2014-12-02,0.10417840331767166
2014-12-03,0.10224963632379376
2014-12-04,0.10203850454008036
2014-12-05,0.10088972881255825
2014-12-08,0.11198597146267206
2014-12-09,0.10435513195044376
2014-12-10,0.1442848846713468
2014-12-11,0.14165548397171523
2014-12-12,0.1715239156561291
2014-12-15,0.17275600247311576
2014-12-16,0.17119869351475808
2014-12-17,0.16070985075248306
2014-12-18,0.1532985551770462
2014-12-19,0.15184296930961425
2014-12-22,0.139378075483084
2014-12-23,0.1423932004318587
2014-12-24,0.1309028687155056
2014-12-25,0.13455339035857167
2014-12-26,0.12378579081718946
2014-12-29,0.12021186559546697
2014-12-30,0.1221344550038198
2014-12-31,0.13550020142064415
2015-01-02,0.1292667040891264
2015-01-05,0.16882370888105944
2015-01-06,0.17063546319019712
2015-01-07,0.1646034342066212
2015-01-08,0.1549205800307748
2015-01-09,0.16099964030692512
2015-01-12,0.16440200383134707
2015-01-13,0.1546677572736891
2015-01-14,0.15929436072655637
2015-01-15,0.16278296429268088
2015-01-16,0.15362208640166766
2015-01-19,0.15151300389838554
2015-01-20,0.14115655186733336
2015-01-21,0.1364098052891329
2015-01-22,0.13329622424190804
2015-01-23,0.13735761523893417
2015-01-26,0.1273176234952762
2015-01-27,0.15011374185083373
2015-01-28,0.16672089734916307
2015-01-29,0.1612689434235783
2015-01-30,0.18041754203414284
2015-02-02,0.1626576769854015
2015-02-03,0.16590631696907412
2015-02-04,0.1560952078349662
2015-02-05,0.15741968258451397
2015-02-06,0.14567417912135994
2015-02-09,0.13798554761736115
2015-02-10,0.1388350925110542
2015-02-11,0.13322125237939383
2015-02-12,0.12845120580724623
2015-02-13,0.12230951823067657
2015-02-16,0.12113763961787649
2015-02-17,0.11907336223911899
2015-02-18,0.1159168612720706
2015-02-19,0.1168194269927401
2015-02-20,0.1080874536833538
2015-02-23,0.10738174662541301
2015-02-24,0.1067301670693233
2015-02-25,0.10392102305780693
2015-02-26,0.10534098371103251
2015-02-27,0.1037107461965435
2015-03-02,0.10303182712163234
2015-03-03,0.10654464072820408
2015-03-04,0.10620439036051586
2015-03-05,0.1069803677117509
2015-03-06,0.1373578057862812
2015-03-09,0.13210176629003734
2015-03-10,0.1655336076493974
2015-03-11,0.16118733143299965
2015-03-12,0.15339738661525895
2015-03-13,0.15441319340857942
2015-03-16,0.14417652447858476
2015-03-17,0.14146105609531567
2015-03-18,0.14126597250968473
2015-03-19,0.1389573157290165
2015-03-20,0.13370950725011807
2015-03-23,0.1292723897819591
2015-03-24,0.13034021190521392
2015-03-25,0.1602554376648024
2015-03-26,0.14908675354907305
2015-03-27,0.14214268718925008
2015-03-30,0.14006540060553002
2015-03-31,0.14225420831202124
2015-04-01,0.1428572828025043
2015-04-02,0.13403676336192716
2015-04-03,0.13704025296472608
2015-04-06,0.1286083749175684
2015-04-07,0.1278047196632843
2015-04-08,0.1242645276529684
2015-04-09,0.11947733859767706
2015-04-10,0.1174526187071785
2015-04-13,0.11579342599092668
2015-04-14,0.11232456630831646
2015-04-15,0.11090445170326926
2015-04-16,0.11390903442876911
2015-04-17,0.12958207012216125
2015-04-20,0.12353602178350298
2015-04-21,0.12189583766538156
2015-04-22,0.11827888460599867
2015-04-23,0.11832925332826374
2015-04-24,0.11373337823446329
2015-04-27,0.11761240460543752
2015-04-28,0.11310149243925606
2015-04-29,0.11638401166769644
2015-04-30,0.12689632340839618
2015-05-01,0.12321917410429702
2015-05-04,0.11713858916251647
2015-05-05,0.1368616356469891
2015-05-06,0.13527594292663586
2015-05-07,0.13095201151440336
2015-05-08,0.1300065574491414
2015-05-11,0.12799774708503606
2015-05-12,0.12835494729553085
2015-05-13,0.12422577968852062
2015-05-14,0.11469272493021997
2015-05-15,0.1145930056108416
2015-05-18,0.11237725463471171
2015-05-19,0.11234138619154305
2015-05-20,0.11305595098837609
2015-05-21,0.10891473219047115
2015-05-22,0.1047897466023871
2015-05-25,0.10507125955477008
2015-05-26,0.12350670116372772
2015-05-27,0.11790162421925597
2015-05-28,0.1138042055693963
2015-05-29,0.12232100911599324
2015-06-01,0.12102176349082147
2015-06-02,0.11744007766850506
2015-06-03,0.11500514919720602
2015-06-04,0.12499583935111898
2015-06-05,0.12441783340607589
2015-06-08,0.12442649580737068
2015-06-09,0.12472990844036254
2015-06-10,0.11773580592428082
2015-06-11,0.11312303150446838
2015-06-12,0.12145970671085593
2015-06-15,0.12013383149754721
2015-06-16,0.11774288756266066
2015-06-17,0.11601132024933868
2015-06-18,0.11130194735214066
2015-06-19,0.11561575374769491
2015-06-22,0.11454462123339403
2015-06-23,0.10954854412344545
2015-06-24,0.12034263549974707
2015-06-25,0.11505009706625242
2015-06-26,0.11652860527673124
2015-06-29,0.1714881456429517
2015-06-30,0.16579171235517512
2015-07-01,0.15599046362342353
2015-07-02,0.15092240748239935
2015-07-03,0.14278137690256917
2015-07-06,0.139773777606943
2015-07-07,0.13457437882357282
2015-07-08,0.16759437734240287
2015-07-09,0.16093270739633486
2015-07-10,0.15533461249000233
2015-07-13,0.14937147634424475
2015-07-14,0.14510698022347757
2015-07-15,0.13790232415792947
2015-07-16,0.13531026928822676
2015-07-17,0.1276324252356549
2015-07-20,0.12480767378409711
2015-07-21,0.1226002682210361
2015-07-22,0.12284271273887386
2015-07-23,0.12295012725102633
2015-07-24,0.13936903676150467
2015-07-27,0.13749318652111825
2015-07-28,0.13273138603540782
2015-07-29,0.13072294070652035
2015-07-30,0.12772121006230513
2015-07-31,0.12237259414696218
2015-08-03,0.12160990833129226
2015-08-04,0.11898293733042811
2015-08-05,0.11807007629805272
2015-08-06,0.1231314607912987
2015-08-07,0.11914358755695148
2015-08-10,0.11787575613772285
2015-08-11,0.13367176305037848
2015-08-12,0.12395097435345638
2015-08-13,0.12396339370959451
2015-08-14,0.12016555604452472
2015-08-17,0.11893857361098091
2015-08-18,0.11285736641953281
2015-08-19,0.1264236452879326
2015-08-20,0.17799958383096415
2015-08-21,0.25957622539315206
2015-08-24,0.34892165989870133
2015-08-25,0.3385355581890424
2015-08-26,0.32375639244387566
2015-08-27,0.31523215640285623
2015-08-28,0.29285386502509364
2015-08-31,0.27449731509242964
2015-09-01,0.3272569109089451
2015-09-02,0.3064340893864637
2015-09-03,0.29223295692934526
2015-09-04,0.285036208195736
2015-09-07,0.26819350230819666
2015-09-08,0.25018743852139613
2015-09-09,0.2516064871274546
2015-09-10,0.23782876682442752
2015-09-11,0.2299393060319368
2015-09-14,0.21634777638442332
2015-09-15,0.2068030521119747
2015-09-16,0.2021295852905547
2015-09-17,0.1895010087959499
2015-09-18,0.2067818349185452
2015-09-21,0.1936011239627957
2015-09-22,0.2003026500857459
2015-09-23,0.19383367404667667
2015-09-24,0.1781383699258382
2015-09-25,0.17778004909321238
2015-09-28,0.23787623602028782
2015-09-29,0.22257513277529029
2015-09-30,0.210640990051523
2015-10-01,0.1999073167583065
2015-10-02,0.18113265401887008
2015-10-05,0.17984644772634625
2015-10-06,0.17099308530184731
2015-10-07,0.17074851623363244
2015-10-08,0.16085519913576202
2015-10-09,0.15729641283561968
2015-10-12,0.1485414877028326
2015-10-13,0.15296584234886182
2015-10-14,0.14470346631985265
2015-10-15,0.14110776812539197
2015-10-16,0.13294679026854922
2015-10-19,0.1275383641543184
2015-10-20,0.12772443692240637
2015-10-21,0.13138207042009925
2015-10-22,0.1251235298103976
2015-10-23,0.11932489021530138
2015-10-26,0.11641394770670907
2015-10-27,0.11888239838976641
2015-10-28,0.11324655756779023
2015-10-29,0.115507992590013
2015-10-30,0.1135947630967253
2015-11-02,0.1102885390893488
2015-11-03,0.10852339975078798
2015-11-04,0.11226002771863583
2015-11-05,0.10581892290016885
2015-11-06,0.10677344389573756
2015-11-09,0.1223070834985559
2015-11-10,0.11780714655152406
2015-11-11,0.1167059324378015
2015-11-12,0.14405166869601702
2015-11-13,0.1590400646341585
2015-11-16,0.15411249326389773
2015-11-17,0.13994137478877466
2015-11-18,0.14139049786339328
2015-11-19,0.1351110839945111
2015-11-20,0.13133635676854064
2015-11-23,0.12669716627118074
2015-11-24,0.12457796783750633
2015-11-25,0.12323079144176668
2015-11-26,0.11912008932562725
2015-11-27,0.1106622527841601
2015-11-30,0.11383989321206872
2015-12-01,0.11109314884650774
2015-12-02,0.12671762282078852
2015-12-03,0.15376020806754956
2015-12-04,0.14584155000054
2015-12-07,0.1533586757887547
2015-12-08,0.1525126841192327
2015-12-09,0.1517263308015218
2015-12-10,0.14812334414907682
2015-12-11,0.19123645486057275
2015-12-14,0.17959396531935345
2015-12-15,0.17164205534571375
2015-12-16,0.15772231345695764
2015-12-17,0.177466183084814
2015-12-18,0.20658276087165758
2015-12-21,0.19779716600658334
2015-12-22,0.1897695841469438
2015-12-23,0.17729809175597028
2015-12-24,0.16659524975234005
2015-12-25,0.16374343932853336
2015-12-28,0.15803173430140607
2015-12-29,0.145075151612937
2015-12-30,0.15156473184695787
2015-12-31,0.1593993309473121
2016-01-04,0.1854724222154857
2016-01-05,0.17805678129110375
2016-01-06,0.18907395342673108
2016-01-07,0.2246588827157582
2016-01-08,0.23508782574332596
2016-01-11,0.21539814100565538
2016-01-12,0.2042759666317052
2016-01-13,0.26424034096168336
2016-01-14,0.23274185408610337
2016-01-15,0.27449405370299484
2016-01-18,0.2580163025537203
2016-01-19,0.2405305849340974
2016-01-20,0.23489306724042894
2016-01-21,0.22728495721114084
2016-01-22,0.20791492030049297
2016-01-25,0.22862107963781983
2016-01-26,0.21534035896934728
2016-01-27,0.20323525126721317
2016-01-28,0.20734266254675904
2016-01-29,0.19081993718830967
2016-02-01,0.18152011588448086
2016-02-02,0.20937472720943523
2016-02-03,0.1989391103907043
2016-02-04,0.18361577455502692
2016-02-05,0.21412563305469665
2016-02-08,0.21851594731009316
2016-02-09,0.21622587550415753
2016-02-10,0.2005562061637787
2016-02-11,0.2029140898349034
2016-02-12,0.20271321400623007
2016-02-15,0.1812217226151914
2016-02-16,0.18011205605099434
2016-02-17,0.16821789702502016
2016-02-18,0.16258461444569353
2016-02-19,0.1599860154966267
2016-02-22,0.16257850955887257
2016-02-23,0.16714414138098146
2016-02-24,0.1554713901008243
2016-02-25,0.15004360349553006
2016-02-26,0.14235599282722616
2016-02-29,0.1478637138080716
2016-03-01,0.13926288501598458
2016-03-02,0.14333880508457691
2016-03-03,0.1348580219883798
2016-03-04,0.13020220397579185
2016-03-07,0.12755272623797942
2016-03-08,0.1401184760285299
2016-03-09,0.13821940350552817
2016-03-10,0.13746511077591655
2016-03-11,0.12629507036284887
2016-03-14,0.12251307187998173
2016-03-15,0.12228291883239792
2016-03-16,0.11550641645154379
2016-03-17,0.11383556453458937
2016-03-18,0.1120703036078954
2016-03-21,0.11118898481888981
2016-03-22,0.1112606249702814
2016-03-23,0.11684855993594342
2016-03-24,0.11124432829864703
2016-03-25,0.1113740397316119
2016-03-28,0.11122943828957259
2016-03-29,0.10816430792308802
2016-03-30,0.10492836109262733
2016-03-31,0.10619473833365464
2016-04-01,0.10160054481807128
2016-04-04,0.10452076677326703
2016-04-05,0.1213447067075509
2016-04-06,0.11712752221588581
2016-04-07,0.13382325707773338
2016-04-08,0.13196273629775104
2016-04-11,0.13069002713237446
2016-04-12,0.12896856537319373
2016-04-13,0.12350591002313271
2016-04-14,0.1219221644114868
2016-04-15,0.11690673326395822
2016-04-18,0.1122573550695248
2016-04-19,0.11302699019203717
2016-04-20,0.10689418169555047
2016-04-21,0.11034560973035377
2016-04-22,0.10766119730648749
2016-04-25,0.11148829935824726
2016-04-26,0.10563498291929202
2016-04-27,0.10548998379795041
2016-04-28,0.11692979186412072
2016-04-29,0.12234727637471217
2016-05-02,0.11978133919222544
2016-05-03,0.12965318315418356
2016-05-04,0.13144216549946186
2016-05-05,0.12231072333561369
2016-05-06,0.11879883567794434
2016-05-09,0.11907731347154345
2016-05-10,0.11446939172217303
2016-05-11,0.12721453337204122
2016-05-12,0.12278713387395651
2016-05-13,0.13496281192905465
2016-05-16,0.12749806303663805
2016-05-17,0.13701049751142894
2016-05-18,0.13279839464718168
2016-05-19,0.13057169325321352
2016-05-20,0.12545760090916705
2016-05-23,0.12328918772718997
2016-05-24,0.12072342488324402
2016-05-25,0.11783760731349907
2016-05-26,0.11427823175159628
2016-05-27,0.11168628333883099
2016-05-30,0.10771000687733913
2016-05-31,0.11090217368236985
2016-06-01,0.10562778405159938
2016-06-02,0.10216942359994714
2016-06-03,0.10658302824294731
2016-06-06,0.10728033290403229
2016-06-07,0.1035735761403586
2016-06-08,0.1001902995211439
2016-06-09,0.10245699284437672
2016-06-10,0.11492510349430254
2016-06-13,0.1213071646353115
2016-06-14,0.12415969731667968
2016-06-15,0.11711476527560435
2016-06-16,0.1151676073493675
2016-06-17,0.11492536400706903
2016-06-20,0.11439280606733065
2016-06-21,0.11067973863659054
2016-06-22,0.10959617678474406
2016-06-23,0.10593366594379737
2016-06-24,0.25320946672613615
2016-06-27,0.26738363455089914
2016-06-28,0.25199234319212804
2016-06-29,0.24167420259217234
2016-06-30,0.2209483908795731
2016-07-01,0.20619511611025643
2016-07-04,0.20112242685031623
2016-07-05,0.19097199324480194
2016-07-06,0.18194642796341473
2016-07-07,0.1801169568236684
2016-07-08,0.17179755760661697
2016-07-11,0.17076942693639582
2016-07-12,0.15455183472355688
2016-07-13,0.15023164109521528
2016-07-14,0.13992450233828774
2016-07-15,0.14172270775807008
2016-07-18,0.1361137145095726
2016-07-19,0.12829267139901246
2016-07-20,0.1254484114408906
2016-07-21,0.120971215526349
2016-07-22,0.12100337652470733
2016-07-25,0.12296305465260385
2016-07-26,0.11679248878728547
2016-07-27,0.1143690127613044
2016-07-28,0.11094900099640453
2016-07-29,0.10895152970625634
2016-08-01,0.11020018302620081
2016-08-02,0.1162635268674342
2016-08-03,0.10936542087210031
2016-08-04,0.11049646676095519
2016-08-05,0.107077932781219
2016-08-08,0.1058529040674569
2016-08-09,0.1035250709040061
2016-08-10,0.10286670545832048
2016-08-11,0.10326953284351084
2016-08-12,0.10497685923674387
2016-08-15,0.10351847483117577
2016-08-16,0.10614273165511508
2016-08-17,0.10343408986304554
2016-08-18,0.10428613513474994
2016-08-19,0.10258161054267338
2016-08-22,0.10111938071735417
2016-08-23,0.10108581595712356
2016-08-24,0.1050449805344772
2016-08-25,0.10294644380437191
2016-08-26,0.10260486577022825
2016-08-29,0.10082880411935582
2016-08-30,0.10142459441926524
2016-08-31,0.0999386325497711
2016-09-01,0.09995759140758541
2016-09-02,0.10399398592434901
2016-09-05,0.09720773493497381
2016-09-06,0.09693417720418468
2016-09-07,0.09842588694224207
2016-09-08,0.09876315607261225
2016-09-09,0.17646406625888056
2016-09-12,0.17195973143177318
2016-09-13,0.19306808066785344
2016-09-14,0.18040157505075569
2016-09-15,0.16920634314285707
2016-09-16,0.16897362249957942
2016-09-19,0.16366751166880292
2016-09-20,0.14997401383023684
2016-09-21,0.14753690790614835
2016-09-22,0.14581800857532323
2016-09-23,0.13957108966412676
2016-09-26,0.14481957736104026
2016-09-27,0.14017259545298605
2016-09-28,0.13958837025862955
2016-09-29,0.14318124925833278
2016-09-30,0.13985513916418374
2016-10-03,0.13573516292173307
2016-10-04,0.13467308773449474
2016-10-05,0.12852958884689009
2016-10-06,0.127748210273678
2016-10-07,0.12693396136590077
2016-10-10,0.11981064003602326
2016-10-11,0.14453494830058147
2016-10-12,0.13802222719063745
2016-10-13,0.13292059668303152
2016-10-14,0.1315503690017258
2016-10-17,0.1293371442693811
2016-10-18,0.12498477578919404
2016-10-19,0.1190034783214438
2016-10-20,0.11823130467957085
2016-10-21,0.11706590613890035
2016-10-24,0.11110477298317102
2016-10-25,0.11048891386691803
2016-10-26,0.11022289169517208
2016-10-27,0.10692011120171138
2016-10-28,0.10984463777610619
2016-10-31,0.10817290534590143
2016-11-01,0.11671980967170806
2016-11-02,0.1211968566587169
2016-11-03,0.12022662598099136
2016-11-04,0.12196216837026178
2016-11-07,0.11520824578588149
2016-11-08,0.11422971492825672
2016-11-09,0.10999101816671628
2016-11-10,0.10945889093882157
2016-11-11,0.10882618133558862
2016-11-14,0.10491583125034433
2016-11-15,0.10226973001032538
2016-11-16,0.10302403751310739
2016-11-17,0.10190623132214699
2016-11-18,0.1021707560139742
2016-11-21,0.0992270084997293
2016-11-22,0.09934980032195379
2016-11-23,0.09846301569399282
2016-11-24,0.09740000478001425
2016-11-25,0.0964052328350794
2016-11-28,0.10110244591720223
2016-11-29,0.0996242973329198
2016-11-30,0.09978046705240314
2016-12-01,0.1043759914201794
2016-12-02,0.10264287782045821
2016-12-05,0.10071387106511992
2016-12-06,0.09763609111890185
2016-12-07,0.09829736396620786
2016-12-08,0.09954714352170184
2016-12-09,0.09889646203811941
2016-12-12,0.09748925523842723
2016-12-13,0.09526169797538589
2016-12-14,0.11191595597716807
2016-12-15,0.10677940277775382
2016-12-16,0.10395552620061159
2016-12-19,0.10171747933439496
2016-12-20,0.10418342956662237
2016-12-21,0.10621310763271194
2016-12-22,0.10172339468425554
2016-12-23,0.10211943854572944
2016-12-26,0.09957643349105649
2016-12-27,0.10033812591553534
2016-12-28,0.11171786452656148
2016-12-29,0.11008895193126567
2016-12-30,0.11294028386061804
2017-01-02,0.10996843357214056
2017-01-03,0.10509444814075374
2017-01-04,0.10307439080720628
2017-01-05,0.10456197288504973
2017-01-06,0.10295570272083672
2017-01-09,0.10352413834713513
2017-01-10,0.10228521359524838
2017-01-11,0.10100989263443418
2017-01-12,0.10256646417820445
2017-01-13,0.10092966737878606
2017-01-16,0.09943422470250987
2017-01-17,0.09845930506552279
2017-01-18,0.1003992523513399
2017-01-19,0.09995787007370717
2017-01-20,0.0983454262182436
2017-01-23,0.10342478165090098
2017-01-24,0.09885087545267457
2017-01-25,0.09716397879682867
2017-01-26,0.09747665325891516
2017-01-27,0.09632785466155998
2017-01-30,0.10342753412093894
2017-01-31,0.10108393838817328
2017-02-01,0.10578331723379268
2017-02-02,0.10090868409426908
2017-02-03,0.1013010781351264
2017-02-06,0.10034923767163807
2017-02-07,0.09643706860738566
2017-02-08,0.09857256932907497
2017-02-09,0.09643412244264019
2017-02-10,0.09979813385335648
2017-02-13,0.09608588399073345
2017-02-14,0.09719703464804248
2017-02-15,0.09285313976924765
2017-02-16,0.09363336038127101
2017-02-17,0.09787068439852425
2017-02-20,0.09509153042132416
2017-02-21,0.09304055597679697
2017-02-22,0.09433785607786739
2017-02-23,0.09513674867506987
2017-02-24,0.09265928015480851
2017-02-27,0.09263448560707378
2017-02-28,0.09337643780082969
2017-03-01,0.09526380288937945
2017-03-02,0.1022214606236525
2017-03-03,0.10146199257269879
2017-03-06,0.10054196657541031
2017-03-07,0.10319037836715861
2017-03-08,0.10191543722836285
2017-03-09,0.09630481289288528
2017-03-10,0.09822222435262093
2017-03-13,0.09961827127884038
2017-03-14,0.0992997461559171
2017-03-15,0.09809339395660092
2017-03-16,0.09703380073891082
2017-03-17,0.10006253475552089
2017-03-20,0.09659311538366128
2017-03-21,0.12474709330615572
2017-03-22,0.1268118413334162
2017-03-23,0.122042757008309
2017-03-24,0.12187549423614773
2017-03-27,0.11508132857396894
2017-03-28,0.11374959747044906
2017-03-29,0.10557206719357824
2017-03-30,0.10635544398445379
2017-03-31,0.10860650008327093
2017-04-03,0.10804425732054998
2017-04-04,0.10340439562487055
2017-04-05,0.10199322687728624
2017-04-06,0.10492081078919409
2017-04-07,0.10750603533258984
2017-04-10,0.10263152350510403
2017-04-11,0.10172671254284954
2017-04-12,0.10257992199884024
2017-04-13,0.11313249877400877
2017-04-14,0.10947567249005484
2017-04-17,0.10728015248351322
2017-04-18,0.10483524028253528
2017-04-19,0.10584282895854649
2017-04-20,0.10278579865952125
2017-04-21,0.10749744967281555
2017-04-24,0.1020002188998259
2017-04-25,0.10027822067974541
2017-04-26,0.10072764848658217
2017-04-27,0.10021328572627128
2017-04-28,0.098989217003951
2017-05-01,0.10178487329948231
2017-05-02,0.09825927990895834
2017-05-03,0.09615822344644498
2017-05-04,0.09676432073756563
2017-05-05,0.09887945475564905
2017-05-08,0.09374245625355007
2017-05-09,0.09722350377008732
2017-05-10,0.09660010490754478
2017-05-11,0.09584527307529601
2017-05-12,0.09703630386684761
2017-05-15,0.09396594037857069
2017-05-16,0.09537046099907322
2017-05-17,0.15226260466464378
2017-05-18,0.13911095428357492
2017-05-19,0.14341847152517007
2017-05-22,0.1314371537976458
2017-05-23,0.13075374226991385
2017-05-24,0.1234429192158976
2017-05-25,0.12503968376441724
2017-05-26,0.11725788147781857
2017-05-29,0.11295265860285772
2017-05-30,0.11164970349411332
2017-05-31,0.1089720648991493
2017-06-01,0.10986464158945417
2017-06-02,0.10675173660225243
2017-06-05,0.10401990225386296
2017-06-06,0.10279947376688635
2017-06-07,0.1050122650080999
2017-06-08,0.1038836800163237
2017-06-09,0.10363912881761943
2017-06-12,0.10113449377442295
2017-06-13,0.09897883364879863
2017-06-14,0.09840574837157767
2017-06-15,0.09786294729324532
2017-06-16,0.09672442853650703
2017-06-19,0.09757490357834
2017-06-20,0.10678187131261091
2017-06-21,0.10948683176691355
2017-06-22,0.10260767573118827
2017-06-23,0.10164253985374973
2017-06-26,0.10152652161314896
2017-06-27,0.1142515779124546
2017-06-28,0.10828463737077952
2017-06-29,0.11930965482119704
2017-06-30,0.11871143459070402
2017-07-03,0.11453028004692793
2017-07-04,0.11280845420383129
2017-07-05,0.11357892851815954
2017-07-06,0.12434862820930444
2017-07-07,0.11876033970454228
2017-07-10,0.1153457967139348
2017-07-11,0.11466383638466525
2017-07-12,0.1143058843908722
2017-07-13,0.11313798278445628
2017-07-14,0.10397625438680096
2017-07-17,0.10400852112025709
2017-07-18,0.10599482419655554
2017-07-19,0.10199839288142938
2017-07-20,0.10413281253307786
2017-07-21,0.09901773463031663
2017-07-24,0.10069336924246451
2017-07-25,0.09897810043213047
2017-07-26,0.09909099371964983
2017-07-27,0.09682380671937275
2017-07-28,0.09762340997463877
2017-07-31,0.09634496195328184
2017-08-01,0.09627088212432547
2017-08-02,0.09369386032748654
2017-08-03,0.09564955446494953
2017-08-04,0.09376044319126653
2017-08-07,0.09566370948841259
2017-08-08,0.09505673330309408
2017-08-09,0.09808055795568521
2017-08-10,0.1352340624244755
2017-08-11,0.13050454253743018
2017-08-14,0.12331644718058798
2017-08-15,0.1171185574728455
2017-08-16,0.1168091391082525
2017-08-17,0.15062744046036547
2017-08-18,0.14601157756296515
2017-08-21,0.1371189563697454
2017-08-22,0.13179233188806072
2017-08-23,0.1325573758073024
2017-08-24,0.13063410254297836
2017-08-25,0.12626331556936377
2017-08-28,0.12008825524956153
2017-08-29,0.12181426048562358
2017-08-30,0.11345817563414458
2017-08-31,0.11565123911529891
2017-09-01,0.11066829857425908
2017-09-04,0.10657637105390147
2017-09-05,0.11526463914766348
2017-09-06,0.1167914749500773
2017-09-07,0.11167986135251547
2017-09-08,0.10971487987662018
2017-09-11,0.10692382294548461
2017-09-12,0.1036230063602381
2017-09-13,0.10448271692707764
2017-09-14,0.10140984731504958
2017-09-15,0.10489186257350848
2017-09-18,0.10000294313625789
2017-09-19,0.09796333093884226
2017-09-20,0.09871721677312123
2017-09-21,0.09917657511007688
2017-09-22,0.10027486029448972
2017-09-25,0.09802212886518681
2017-09-26,0.09828472471252174
2017-09-27,0.09963832316762021
2017-09-28,0.09904415421756381
2017-09-29,0.09548939406959746
2017-10-02,0.09441069081017725
2017-10-03,0.09372288703118953
2017-10-04,0.09561435730517522
2017-10-05,0.09552189449576051
2017-10-06,0.0959920239593446
2017-10-09,0.09455509566130348
2017-10-10,0.09437318769403077
2017-10-11,0.09535447040401514
2017-10-12,0.09461900341355287
2017-10-13,0.0948818591623627
2017-10-16,0.09363726357544734
2017-10-17,0.09506742125542074
2017-10-18,0.09358238018313077
2017-10-19,0.09158409241903977
2017-10-20,0.09323165489288604
2017-10-23,0.09787829818012836
2017-10-24,0.09804673834569774
2017-10-25,0.09958310353775077
2017-10-26,0.09588871011347448
2017-10-27,0.10039696196327937
2017-10-30,0.09767085986740118
2017-10-31,0.0975039881960445
2017-11-01,0.09845588462399378
2017-11-02,0.09678903472966109
2017-11-03,0.09915282347699826
2017-11-06,0.09699137920341253
2017-11-07,0.09622027835240987
2017-11-08,0.09234956737744451
2017-11-09,0.09682026908069344
2017-11-10,0.09920527594386355
2017-11-13,0.09902720936134661
2017-11-14,0.10094630622860767
2017-11-15,0.10507685931005717
2017-11-16,0.10245017501089165
2017-11-17,0.10307964781842338
2017-11-20,0.10176387970716541
2017-11-21,0.09866646646225272
2017-11-22,0.09778510923074497
2017-11-23,0.09772613141222167
2017-11-24,0.0991665786461596
2017-11-27,0.10047480741769736
2017-11-28,0.09654425247556085
2017-11-29,0.09640090255164403
2017-11-30,0.09523641034171532
2017-12-01,0.09592686531604327
2017-12-04,0.09471739076513228
2017-12-05,0.09859318587839487
2017-12-06,0.09950135169831892
2017-12-07,0.09799664728378314
2017-12-08,0.09686529076305278
2017-12-11,0.09539326584099608
2017-12-12,0.09335697642133546
2017-12-13,0.09619062462226619
2017-12-14,0.10256611396964094
2017-12-15,0.09762033716965418
2017-12-18,0.09638201266995208
2017-12-19,0.09990807438567949
2017-12-20,0.09736833075373744
2017-12-21,0.0981026876238711
2017-12-22,0.10069415413275651
2017-12-25,0.09865974582045814
2017-12-26,0.09890852755960274
2017-12-27,0.09594913779217708
2017-12-28,0.09523858175609158
2017-12-29,0.1021947217866231
2018-01-02,0.1000338901068143
2018-01-03,0.09756932841729332
2018-01-04,0.09765572561238219
2018-01-05,0.09963450193415474
2018-01-08,0.09677708443314047
2018-01-09,0.09632233567555817
2018-01-10,0.09920820810339168
2018-01-11,0.09579175250428255
2018-01-12,0.09550921834493757
2018-01-15,0.09630181937859006
2018-01-16,0.09823859039148403
2018-01-17,0.095611833520533
2018-01-18,0.09841540077850472
2018-01-19,0.09759580087393264
2018-01-22,0.09422239734493357
2018-01-23,0.09487450931813297
2018-01-24,0.095476504458705
2018-01-25,0.09655368230916483
2018-01-26,0.09471492921717821
2018-01-29,0.10246191874146501
2018-01-30,0.11839415871213323
2018-01-31,0.11696789757597857
2018-02-01,0.11634495337179557
2018-02-02,0.1794761246598778
2018-02-05,0.3186013619131635
2018-02-06,0.290548816629023
2018-02-07,0.2735931533237243
2018-02-08,0.3441271174693764
2018-02-09,0.33483287716634197
2018-02-12,0.3034194983667615
2018-02-13,0.2986098627808874
2018-02-14,0.2911061541432045
2018-02-15,0.25142256953523157
2018-02-16,0.24529067090806417
2018-02-19,0.23290033299501536
2018-02-20,0.23078369839904253
2018-02-21,0.21492219618987157
2018-02-22,0.21341077756403798
2018-02-23,0.19255968337284823
2018-02-26,0.18604260170461545
2018-02-27,0.20036766231461364
2018-02-28,0.20292789867572608
2018-03-01,0.20979061059267248
2018-03-02,0.19800321861857847
2018-03-05,0.1830288392709824
2018-03-06,0.17551800932796952
2018-03-07,0.17100122107190757
2018-03-08,0.15938805818124585
2018-03-09,0.15792670312844753
2018-03-12,0.14850469886243783
2018-03-13,0.15290787384793325
2018-03-14,0.15022911207900838
2018-03-15,0.14438207152185392
2018-03-16,0.13472087670213276
2018-03-19,0.15735151077183385
2018-03-20,0.1566723929327165
2018-03-21,0.15359428598690256
2018-03-22,0.21361187143658303
2018-03-23,0.2452285413556265
2018-03-26,0.23222050197537047
2018-03-27,0.24333998698925202
2018-03-28,0.2246397514407709
2018-03-29,0.22201804692081362
2018-03-30,0.2137664974015445
2018-04-02,0.24102637019408726
2018-04-03,0.24118737012546046
2018-04-04,0.2140560137854729
2018-04-05,0.2065042489025918
2018-04-06,0.24619527517269435
2018-04-09,0.2219250890237963
2018-04-10,0.21822434989951728
2018-04-11,0.21222324208876167
2018-04-12,0.20549980522685857
2018-04-13,0.1883306990192467
2018-04-16,0.1846991873762357
2018-04-17,0.17770812900035907
2018-04-18,0.16212504588223184
2018-04-19,0.1608603637575995
2018-04-20,0.16052585333043332
2018-04-23,0.1539676946382049
2018-04-24,0.17497790933189128
2018-04-25,0.16526045172725512
2018-04-26,0.1525885492045205
2018-04-27,0.14989194486680302
2018-04-30,0.15303406697801536
2018-05-01,0.14290584036720558
2018-05-02,0.15159718536060993
2018-05-03,0.1460813544012945
2018-05-04,0.1373733347757877
2018-05-07,0.13303554477977583
2018-05-08,0.1300588272629028
2018-05-09,0.12741272660774375
2018-05-10,0.12536155763796175
2018-05-11,0.12381469105384132
2018-05-14,0.11565736321171063
2018-05-15,0.12183957811069475
2018-05-16,0.12112279605793079
2018-05-17,0.11722446598896602
2018-05-18,0.11644151015888347
2018-05-21,0.11045024364077398
2018-05-22,0.11612044196990577
2018-05-23,0.10930466483279383
2018-05-24,0.11003062318901613
2018-05-25,0.10504432844377892
2018-05-28,0.10385840636895224
2018-05-29,0.12621792485044947
2018-05-30,0.12319681093198004
2018-05-31,0.12778768826610917
2018-06-01,0.12341932340422622
2018-06-04,0.12238264428453925
2018-06-05,0.11716545790417351
2018-06-06,0.1122863217902575
2018-06-07,0.11210368204314058
2018-06-08,0.11096489789936097
2018-06-11,0.10492451833314782
2018-06-12,0.1067091553169751
2018-06-13,0.10788428727042737
2018-06-14,0.10263533118173934
2018-06-15,0.10376571986689863
2018-06-18,0.10661024153824986
2018-06-19,0.11088311272246162
2018-06-20,0.10436519114693857
2018-06-21,0.10836411743578171
2018-06-22,0.1063158272466964
2018-06-25,0.13735976153301507
2018-06-26,0.13132019177400836
2018-06-27,0.1479702584819524
2018-06-28,0.1317451925956868
2018-06-29,0.13346710224004815
2018-07-02,0.12799548166924338
2018-07-03,0.1237120249502906
2018-07-04,0.12334866753567579
2018-07-05,0.12265793995653636
2018-07-06,0.11586413285303376
2018-07-09,0.11528675273001962
2018-07-10,0.10661435188707644
2018-07-11,0.11843198684586456
2018-07-12,0.1161173742968643
2018-07-13,0.10884724645333319
2018-07-16,0.11019325261211502
2018-07-17,0.10766285444188271
2018-07-18,0.10422040917671538
2018-07-19,0.10798505147624043
2018-07-20,0.10267839898421535
2018-07-23,0.1083153657002261
2018-07-24,0.10303421867706239
2018-07-25,0.10112912928891385
2018-07-26,0.102463600358308
2018-07-27,0.11120207592161031
2018-07-30,0.11527218178950824
2018-07-31,0.11515479096127945
2018-08-01,0.11507165579807085
2018-08-02,0.1078155016777602
2018-08-03,0.10828551446237297
2018-08-06,0.10474885753450419
2018-08-07,0.10120884022610502
2018-08-08,0.10205985700929128
2018-08-09,0.10182201724626068
2018-08-10,0.11458594345533718
2018-08-13,0.1148454902642039
2018-08-14,0.10378372060589947
2018-08-15,0.11695466415331737
2018-08-16,0.11654122211590723
2018-08-17,0.11053828194762691
2018-08-20,0.10821403492821716
2018-08-21,0.10589672681536635
2018-08-22,0.10601722366066693
2018-08-23,0.10230796854741908
2018-08-24,0.10382962783823224
2018-08-27,0.10163468492490502
2018-08-28,0.09972717590233086
2018-08-29,0.1032561068837329
2018-08-30,0.10263823355040883
2018-08-31,0.1035460261616565
2018-09-03,0.10105290121983193
2018-09-04,0.10032875218941216
2018-09-05,0.10022166744888855
2018-09-06,0.10420200195814198
2018-09-07,0.10011312966928963
2018-09-10,0.10081615922142456
2018-09-11,0.09856408881964464
2018-09-12,0.09851913290732031
2018-09-13,0.09806011850239146
2018-09-14,0.09915856786405504
2018-09-17,0.10292996685082563
2018-09-18,0.10252152719015194
2018-09-19,0.09925659575531458
2018-09-20,0.10218647721302672
2018-09-21,0.10010061267908903
2018-09-24,0.10125526312404902
2018-09-25,0.10149751299111481
2018-09-26,0.10013920431589088
2018-09-27,0.10174969832782195
2018-09-28,0.09986118455870734
2018-10-01,0.10584186017063191
2018-10-02,0.09661303712631059
2018-10-03,0.09843278951641841
2018-10-04,0.11241322550999167
2018-10-05,0.11531758888478137
2018-10-08,0.11110044442405341
2018-10-09,0.10819484743016285
2018-10-10,0.2284800601274138
2018-10-11,0.2665216907314451
2018-10-12,0.24163190889356617
2018-10-15,0.2390594715233289
2018-10-16,0.21892163549461466
2018-10-17,0.20588697803145312
2018-10-18,0.22355312889105838
2018-10-19,0.2109323317819447
2018-10-22,0.19841150654851225
2018-10-23,0.1954534690308845
2018-10-24,0.2621709261773651
2018-10-25,0.24438915871416614
2018-10-26,0.26037735801069967
2018-10-29,0.24654146054603474
2018-10-30,0.24452633736601984
2018-10-31,0.21639283638882717
2018-11-01,0.20733514386757276
2018-11-02,0.19860014805580378
2018-11-05,0.19979547473087594
2018-11-06,0.17938435476106768
2018-11-07,0.18509861921055842
2018-11-08,0.1703422392798373
2018-11-09,0.17384882186001452
2018-11-12,0.21509767127312088
2018-11-13,0.202215973422751
2018-11-14,0.1982112762103485
2018-11-15,0.18249435588946755
2018-11-16,0.1721216950025676
2018-11-19,0.1942258280692309
2018-11-20,0.22654298524260924
2018-11-21,0.20634994987608288
2018-11-22,0.19531156794031634
2018-11-23,0.19352698056039333
2018-11-26,0.1823054116389614
2018-11-27,0.17718142984719676
2018-11-28,0.1683704769784843
2018-11-29,0.16477775942665937
2018-11-30,0.15697320600578607
2018-12-03,0.14787249268217034
2018-12-04,0.2519400558632165
2018-12-05,0.23856327520272472
2018-12-06,0.21297826638325898
2018-12-07,0.2562651454488179
2018-12-10,0.24187263497517134
2018-12-11,0.23023774868725191
2018-12-12,0.22472338812870812
2018-12-13,0.20876607321160723
2018-12-14,0.2298780904113656
2018-12-17,0.2536825436816964
2018-12-18,0.24346212779863372
2018-12-19,0.24796428414604824
2018-12-20,0.26317944686108996
2018-12-21,0.2760864474627877
2018-12-24,0.31560983071749615
2018-12-25,0.29561730777689355
2018-12-26,0.27063707931619124
2018-12-27,0.24980835162014908
2018-12-28,0.27165874534640233
2018-12-31,0.23304860043104383
2019-01-02,0.2190203411850394
2019-01-03,0.2647796294968056
2019-01-04,0.243224553449543
2019-01-07,0.2395413324301653
2019-01-08,0.21585954461956106
2019-01-09,0.21094061353109325
2019-01-10,0.2072802713986916
2019-01-11,0.18948752853102868
2019-01-14,0.19203335974199576
2019-01-15,0.17705681005093216
2019-01-16,0.16869650334523653
2019-01-17,0.16337391932848036
2019-01-18,0.15708336911199342
2019-01-21,0.14774197643570708
2019-01-22,0.1597370389300895
2019-01-23,0.15932887245743949
2019-01-24,0.15295588566889912
2019-01-25,0.15073710725361067
2019-01-28,0.15286145712562152
2019-01-29,0.1479705175724911
2019-01-30,0.14143673039169094
2019-01-31,0.1328582736304055
2019-02-01,0.1300571456256792
2019-02-04,0.12648977967405536
2019-02-05,0.12533331201050968
2019-02-06,0.12239065114555006
2019-02-07,0.12857884347835977
2019-02-08,0.1268857916918159
2019-02-11,0.12373228163788218
2019-02-12,0.12002694743813473
2019-02-13,0.11601399368498243
2019-02-14,0.11608345360425983
2019-02-15,0.11256147788372768
2019-02-18,0.10772088907870069
2019-02-19,0.10681528595742877
2019-02-20,0.10687018226122315
2019-02-21,0.11025370707721903
2019-02-22,0.10556189331190864
2019-02-25,0.10300489610413789
2019-02-26,0.10479604573177806
2019-02-27,0.10173803807853232
2019-02-28,0.10246003427569723
2019-03-01,0.10295320699187793
2019-03-04,0.10545341837080892
2019-03-05,0.10416504936610593
2019-03-06,0.1118556000238686
2019-03-07,0.11807892104755091
2019-03-08,0.11291718966515359
2019-03-11,0.11258692749712457
2019-03-12,0.111810934620195
2019-03-13,0.11269722283644414
2019-03-14,0.10593943052192728
2019-03-15,0.10545737212906617
2019-03-18,0.10566139511093657
2019-03-19,0.10233081566179769
2019-03-20,0.10049042360869355
2019-03-21,0.10118269834716762
2019-03-22,0.16200598456274043
2019-03-25,0.15002214288105134
2019-03-26,0.14750178029467065
2019-03-27,0.14573783661126125
2019-03-28,0.14007007233669588
2019-03-29,0.13135476669472285
2019-04-01,0.12871590817030976
2019-04-02,0.12471988085302707
2019-04-03,0.11848701620735126
2019-04-04,0.11535100823578125
2019-04-05,0.1148007907342688
2019-04-08,0.11034372631310589
2019-04-09,0.12022038889882533
2019-04-10,0.11233283012224775
2019-04-11,0.1138206881420664
2019-04-12,0.10706637476122563
2019-04-15,0.10655823368977514
2019-04-16,0.10653291958935154
2019-04-17,0.11275280966284915
2019-04-18,0.1031589408961385
2019-04-19,0.10278236196822008
2019-04-22,0.1005620301504533
2019-04-23,0.0999547888561087
2019-04-24,0.09982786885580934
2019-04-25,0.09937144132214337
2019-04-26,0.09795131003170303
2019-04-29,0.09717153670686061
2019-04-30,0.09827625725941173
2019-05-01,0.10937139390483958
2019-05-02,0.10511776369112108
2019-05-03,0.10816684415239315
2019-05-06,0.10623692191336528
2019-05-07,0.1512896745492363
2019-05-08,0.14165167309840515
2019-05-09,0.13923901980746559
2019-05-10,0.13249745681054625
2019-05-13,0.19725708810569528
2019-05-14,0.18884391297557024
2019-05-15,0.17910747015250994
2019-05-16,0.17018396432275587
2019-05-17,0.1768121855127733
2019-05-20,0.1685330017759924
2019-05-21,0.16390320119288962
2019-05-22,0.15596705504137895
2019-05-23,0.16310684112881457
2019-05-24,0.15888110390957239
2019-05-27,0.15293779022213733
2019-05-28,0.15451198605311292
2019-05-29,0.1549325622355335
2019-05-30,0.14849427227072118
2019-05-31,0.16390102282402416
2019-06-03,0.15947972694327603
2019-06-04,0.15397190725002094
2019-06-05,0.14615659456038213
2019-06-06,0.14543137628368638
2019-06-07,0.13633483115565295
2019-06-10,0.1344361146196066
2019-06-11,0.13128410071302332
2019-06-12,0.12741356350439118
2019-06-13,0.11931588474285261
2019-06-14,0.11789639448774206
2019-06-17,0.11581714072287691
2019-06-18,0.11434158108904574
2019-06-19,0.10956202547251138
2019-06-20,0.10972701413393357
2019-06-21,0.10759997782331832
2019-06-24,0.10485210432335323
2019-06-25,0.12083323186629952
2019-06-26,0.11613090321264426
2019-06-27,0.11823955961420778
2019-06-28,0.11528705212066258
2019-07-01,0.11196652395218913
2019-07-02,0.10595825994320786
2019-07-03,0.10780220077852949
2019-07-04,0.10551311298715967
2019-07-05,0.10583191518713374
2019-07-08,0.10571475607997058
2019-07-09,0.10655512557749411
2019-07-10,0.10692313206480412
2019-07-11,0.10133537125435142
2019-07-12,0.10213263113322192
2019-07-15,0.09984964862532272
2019-07-16,0.09781155857633404
2019-07-17,0.11092815796649691
2019-07-18,0.10625605078444539
2019-07-19,0.1111093783716245
2019-07-22,0.11001746343421666
2019-07-23,0.10647471373642457
2019-07-24,0.10644641267343727
2019-07-25,0.11357505942961624
2019-07-26,0.10769519690333179
2019-07-29,0.10934595180865285
2019-07-30,0.11043680141221367
2019-07-31,0.12800592167868396
2019-08-01,0.13371443165142136
2019-08-02,0.13708047968388407
2019-08-05,0.2340269074697457
2019-08-06,0.22750198183264084
2019-08-07,0.20474314309719646
2019-08-08,0.1882015074400223
2019-08-09,0.18628559339395717
2019-08-12,0.1969040168598505
2019-08-13,0.1904126835944201
2019-08-14,0.26911400945768965
2019-08-15,0.23796445070293873
2019-08-16,0.22934977817362867
2019-08-19,0.21957827621216422
2019-08-20,0.22308048229298505
2019-08-21,0.21476440868969418
2019-08-22,0.19512426577726746
2019-08-23,0.2427355139569167
2019-08-26,0.23501691430230015
2019-08-27,0.21741029428776307
2019-08-28,0.21152957772575248
2019-08-29,0.1962744709082175
2019-08-30,0.18743230168834515
2019-09-02,0.1799306103234522
2019-09-03,0.17904769685361233
2019-09-04,0.16557220932532435
2019-09-05,0.17042274706067337
2019-09-06,0.15291935484959415
2019-09-09,0.1498050035829652
2019-09-10,0.13994822678831453
2019-09-11,0.13951383040871343
2019-09-12,0.1360849602170351
2019-09-13,0.13056976711680296
2019-09-16,0.12979934359625214
2019-09-17,0.12650065004353805
2019-09-18,0.12231239243975033
2019-09-19,0.11321237849756387
2019-09-20,0.11807862824257803
2019-09-23,0.1172839235610173
2019-09-24,0.1277259401561233
2019-09-25,0.1218472008582591
2019-09-26,0.11793287652274545
2019-09-27,0.12235879246797685
2019-09-30,0.11863100690555085
2019-10-01,0.13917353574640423
2019-10-02,0.1820435759638921
2019-10-03,0.16797203483805961
2019-10-04,0.15827450627257983
2019-10-07,0.15342441707578133
2019-10-08,0.18281760572965908
2019-10-09,0.16934974891441815
2019-10-10,0.161055300187518
2019-10-11,0.15244035485644364
2019-10-14,0.14824037614760985
2019-10-15,0.14424246793901419
2019-10-16,0.14096051126071146
2019-10-17,0.13787482323048075
2019-10-18,0.13215648503981828
2019-10-21,0.12687421515423172
2019-10-22,0.12741148756473442
2019-10-23,0.12225518298898001
2019-10-24,0.11915765892266082
2019-10-25,0.1180189044254044
2019-10-28,0.11573828344475376
2019-10-29,0.11341273346249545
2019-10-30,0.10622949336450216
2019-10-31,0.10990253019116134
2019-11-01,0.10616373020642661
2019-11-04,0.10883008672874239
2019-11-05,0.10610381122352977
2019-11-06,0.10330537291257755
2019-11-07,0.10134268342228678
2019-11-08,0.1003028894578485
2019-11-11,0.09991260376002184
2019-11-12,0.1021637587994323
2019-11-13,0.09842672517945596
2019-11-14,0.0997423032330195
2019-11-15,0.09788149117834812
2019-11-18,0.09645876712266141
2019-11-19,0.09430849734192359
2019-11-20,0.09818891687856923
2019-11-21,0.0994422775603168
2019-11-22,0.09612445524337357
2019-11-25,0.0973454170608458
2019-11-26,0.09761550339058339
2019-11-27,0.0966266867602384
2019-11-28,0.0982725061945531
2019-11-29,0.09904029583192142
2019-12-02,0.1112594880748632
2019-12-03,0.12030234567076002
2019-12-04,0.11503678068876241
2019-12-05,0.11106363695779926
2019-12-06,0.11046117807910304
2019-12-09,0.10841569172286171
2019-12-10,0.11450009559448826
2019-12-11,0.10937893264747423
2019-12-12,0.10455634227465933
2019-12-13,0.1072319791012484
2019-12-16,0.10519683478618003
2019-12-17,0.10157000321867145
2019-12-18,0.09855559090153236
2019-12-19,0.0988400016434242
2019-12-20,0.09857762728806756
2019-12-23,0.09909605706052864
2019-12-24,0.09661362868915183
2019-12-25,0.09609828523374618
2019-12-26,0.09566029249156685
2019-12-27,0.09752777604392625
2019-12-30,0.1020190019476445
2019-12-31,0.1021277333883854
2020-01-02,0.09988999776792021
2020-01-03,0.10839744772719918
2020-01-06,0.10651044254665551
2020-01-07,0.10657960705529189
2020-01-08,0.10683271533308772
2020-01-09,0.10479350500952105
2020-01-10,0.10303190315159882
2020-01-13,0.1034144516419043
2020-01-14,0.10272918672671368
2020-01-15,0.10280352617612133
2020-01-16,0.10083521589232716
2020-01-17,0.09719593643903104
2020-01-20,0.09843197772869895
2020-01-21,0.10156515495225203
2020-01-22,0.09767744192718346
2020-01-23,0.09758469184953852
2020-01-24,0.11078485623791845
2020-01-27,0.15032429816240808
2020-01-28,0.14557445908312136
2020-01-29,0.13881698959809466
2020-01-30,0.13353844639792964
2020-01-31,0.16495065654361787
2020-02-03,0.16234273060920248
2020-02-04,0.15507985388376905
2020-02-05,0.15099919882090038
2020-02-06,0.14235681331696454
2020-02-07,0.14205048566527814
2020-02-10,0.14067241800502311
2020-02-11,0.13265956858332872
2020-02-12,0.12639568480815266
2020-02-13,0.12413845388135564
2020-02-14,0.12257232066514634
2020-02-17,0.11787748247219872
2020-02-18,0.12263461892934105
2020-02-19,0.11642863262597893
2020-02-20,0.11639787220493339
2020-02-21,0.13403001066259465
2020-02-24,0.24627759720049155
2020-02-25,0.2938402058760094
2020-02-26,0.29146286618884804
2020-02-27,0.392110924481585
2020-02-28,0.37615525981461245
2020-03-02,0.3607593332962092
2020-03-03,0.3658470289520138
2020-03-04,0.3626701419767388
2020-03-05,0.40024307848097546
2020-03-06,0.3809745419692738
2020-03-09,0.6137620893873228
2020-03-10,0.5621234203382799
2020-03-11,0.6244683934282285
2020-03-12,0.8321383668053183
2020-03-13,0.8023947997240323
2020-03-16,1.0652118167825826
2020-03-17,1.0027231946904436
2020-03-18,1.0332438274615061
2020-03-19,0.9389206415084287
2020-03-20,0.9395611415635299
2020-03-23,0.8678664634839507
2020-03-24,0.8356439284145701
2020-03-25,0.7731538245070781
2020-03-26,0.7286832927891418
2020-03-27,0.7194520028882487
2020-03-30,0.7031768585337795
2020-03-31,0.6335933522930585
2020-04-01,0.6862912414492793
2020-04-02,0.6298912770135238
2020-04-03,0.6182840427849912
2020-04-06,0.5554780010503538
2020-04-07,0.5172329225995357
2020-04-08,0.4917661140371373
2020-04-09,0.4760676295109812
2020-04-10,0.4335476655607653
2020-04-13,0.42353782665458917
2020-04-14,0.3882232165310236
2020-04-15,0.39122802867113515
2020-04-16,0.3774199272815376
2020-04-17,0.35648470650691627
2020-04-20,0.357629625631912
2020-04-21,0.3864008235456425
2020-04-22,0.3533501114568551
2020-04-23,0.3345626914685233
2020-04-24,0.32794104294445237
2020-04-27,0.29776631112987134
2020-04-28,0.2785464387952533
2020-04-29,0.26728852141715687
2020-04-30,0.26742651396466954
2020-05-01,0.30656416431137107
2020-05-04,0.2926662400056402
2020-05-05,0.2601881540116941
2020-05-06,0.25752255835358395
2020-05-07,0.24787582003063108
2020-05-08,0.23540992105921327
2020-05-11,0.22205681565870716
2020-05-12,0.25660408704058846
2020-05-13,0.2536535049031644
2020-05-14,0.2471183520134621
2020-05-15,0.23618960135517933
2020-05-18,0.21104075251339946
2020-05-19,0.20863324898872013
2020-05-20,0.20947520070234427
2020-05-21,0.20050853123320445
2020-05-22,0.2004975662899084
2020-05-25,0.18509832516411104
2020-05-26,0.17247689774797717
2020-05-27,0.17154911521447072
2020-05-28,0.15754467176957826
2020-05-29,0.15438511741554384
2020-06-01,0.14444334900726158
2020-06-02,0.14444812053458653
2020-06-03,0.1337179446653333
2020-06-04,0.13111839412246298
2020-06-05,0.1292760672918707
2020-06-08,0.12454646437503065
2020-06-09,0.12810214035905793
2020-06-10,0.13214999644001452
2020-06-11,0.3968262659697995
2020-06-12,0.38179192242659865
2020-06-15,0.3553680095916128
2020-06-16,0.33456795945994805
2020-06-17,0.3004523898682123
2020-06-18,0.30744936090386904
2020-06-19,0.28464286132518674
2020-06-22,0.27401677977932
2020-06-23,0.2486364632290102
2020-06-24,0.2953615256231479
2020-06-25,0.2741899367248175
2020-06-26,0.2983234217092632
2020-06-29,0.29098681705741397
2020-06-30,0.26640451961843586
2020-07-01,0.2506870929534252
2020-07-02,0.24043014957578843
2020-07-03,0.21668098442481215
2020-07-06,0.21338017059488912
2020-07-07,0.2203726615532039
2020-07-08,0.20822118063034278
2020-07-09,0.19416522949823098
2020-07-10,0.19186241847598468
2020-07-13,0.19076026922805672
2020-07-14,0.18119159549519406
2020-07-15,0.16857352673487977
2020-07-16,0.16054398252482752
2020-07-17,0.1560531311727765
2020-07-20,0.15144031570607527
2020-07-21,0.14523787027660787
2020-07-22,0.14245715457213692
2020-07-23,0.15987120074436986
2020-07-24,0.1592325265288841
2020-07-27,0.14802093211248538
2020-07-28,0.15144447316867843
2020-07-29,0.14246460774050745
2020-07-30,0.13875152064060026
2020-07-31,0.13434466833614003
2020-08-03,0.13039765065594178
2020-08-04,0.1281980138954142
2020-08-05,0.12164393989116808
2020-08-06,0.11885539338660676
2020-08-07,0.11558211474170475
2020-08-10,0.1143790557210887
2020-08-11,0.12157907297301822
2020-08-12,0.12146903982006077
2020-08-13,0.11608540612176835
2020-08-14,0.11206950571363633
2020-08-17,0.11033628888662103
2020-08-18,0.1093098724270574
2020-08-19,0.11181119280294402
2020-08-20,0.10950464808704533
2020-08-21,0.10669209664977325
2020-08-24,0.10479235597407943
2020-08-25,0.10616175397061423
2020-08-26,0.10446838280933553
2020-08-27,0.10303580612204492
2020-08-28,0.09921327651993517
2020-08-31,0.10176037070236864
2020-09-01,0.10204582444170429
2020-09-02,0.10015416162911024
2020-09-03,0.23416818787861313
2020-09-04,0.2424752438572243
2020-09-07,0.22288152329491703
2020-09-08,0.28572561951340475
2020-09-09,0.259462092190744
2020-09-10,0.26737827445436624
2020-09-11,0.2550695061370228
2020-09-14,0.2392768232896356
2020-09-15,0.22388743639117176
2020-09-16,0.2205403403822765
2020-09-17,0.21015761227891236
2020-09-18,0.2114881725744397
2020-09-21,0.21793344323948546
2020-09-22,0.20612596790023222
2020-09-23,0.24543485406110443
2020-09-24,0.2399714816704723
2020-09-25,0.21594304266608266
2020-09-28,0.21087454657569682
2020-09-29,0.20716342113081906
2020-09-30,0.18334299616685412
2020-10-01,0.18138746609928566
2020-10-02,0.1819296032060973
2020-10-05,0.17500833116516873
2020-10-06,0.1894062599254733
2020-10-07,0.18127583660698735
2020-10-08,0.16759643596424212
2020-10-09,0.16218240857128957
2020-10-12,0.15590000444736193
2020-10-13,0.1535091708012417
2020-10-14,0.15042962301516602
2020-10-15,0.14878545440486635
2020-10-16,0.14553959148870851
2020-10-19,0.1733188005886725
2020-10-20,0.16332281925421582
2020-10-21,0.16127633194425334
2020-10-22,0.1576788631812811
2020-10-23,0.14507154686140056
2020-10-26,0.18692285874164424
2020-10-27,0.1776617458851663
2020-10-28,0.27440243498144745
2020-10-29,0.26091008459009807
2020-10-30,0.2649702911743821
2020-11-02,0.2580543702830141
2020-11-03,0.24035855797861302
2020-11-04,0.21836478523883748
2020-11-05,0.20841488343114276
2020-11-06,0.19565371116947952
2020-11-09,0.18532826126734792
2020-11-10,0.18192336213141025
2020-11-11,0.17271747638415913
2020-11-12,0.17313939981345317
2020-11-13,0.17455200529541495
2020-11-16,0.15545067597945722
2020-11-17,0.15738849983537906
2020-11-18,0.16882799676466137
2020-11-19,0.16022714472165112
2020-11-20,0.16121782149124392
2020-11-23,0.15000065103746216
2020-11-24,0.15057533124368602
2020-11-25,0.14057280394650856
2020-11-26,0.13430840830456564
2020-11-27,0.13042322651260257
2020-11-30,0.13294597623983834
2020-12-01,0.1313366914647842
2020-12-02,0.1258001431280042
2020-12-03,0.1207992469093118
2020-12-04,0.1158724279020659
2020-12-07,0.11726457446725133
2020-12-08,0.11026577483686859
2020-12-09,0.12383690633074977
2020-12-10,0.11952661422265903
2020-12-11,0.11848996031465303
2020-12-14,0.11577116278500912
2020-12-15,0.11205337935742586
2020-12-16,0.110969949238833
2020-12-17,0.10945429286019696
2020-12-18,0.11122985688301211
2020-12-21,0.11144504097151424
2020-12-22,0.10908254846046611
2020-12-23,0.10753279765155731
2020-12-24,0.10650156850570612
2020-12-25,0.10280428035907255
2020-12-28,0.10247539253005926
2020-12-29,0.10151673983968129
2020-12-30,0.1004664878550656
2020-12-31,0.09762937987103433
2021-01-04,0.14025515233264568
2021-01-05,0.1353270701035414
2021-01-06,0.12723125467650728
2021-01-07,0.12500671377019473
2021-01-08,0.12031010994309498
2021-01-11,0.12407146735579204
2021-01-12,0.11814994699607236
2021-01-13,0.1172287419394329
2021-01-14,0.11653312583833997
2021-01-15,0.12128020988494238
2021-01-18,0.12263326238787435
2021-01-19,0.11408797210130496
2021-01-20,0.11119716738888542
2021-01-21,0.1103455010592175
2021-01-22,0.10975660372009192
2021-01-25,0.11109163308535733
2021-01-26,0.10932978746754977
2021-01-27,0.19348762469109923
2021-01-28,0.1833698243163992
2021-01-29,0.21384914151776732
2021-02-01,0.20577103097791488
2021-02-02,0.19345538840724189
2021-02-03,0.1816455637238527
2021-02-04,0.18059599695538311
2021-02-05,0.17364860856248876
2021-02-08,0.1591961025877474
2021-02-09,0.15511927607238835
2021-02-10,0.14813174898016737
2021-02-11,0.1466291154368609
2021-02-12,0.14014041109189884
2021-02-15,0.13175870818253418
2021-02-16,0.1285353689231805
2021-02-17,0.12298864572122256
2021-02-18,0.1284358102260526
2021-02-19,0.12166249327178831
2021-02-22,0.1304111459378472
2021-02-23,0.1220490340992707
2021-02-24,0.11825966511875095
2021-02-25,0.1891235604856544
2021-02-26,0.19064637934659895
2021-03-01,0.1726585361442814
2021-03-02,0.1806371783189646
2021-03-03,0.18539316009131918
2021-03-04,0.20198056671703887
2021-03-05,0.19666452976208332
2021-03-08,0.18395332702942974
2021-03-09,0.17024970843414958
2021-03-10,0.16951896623517587
2021-03-11,0.16147079555977023
2021-03-12,0.15481070151461362
2021-03-15,0.15013286305304832
2021-03-16,0.1450455871973526
2021-03-17,0.13433159439329675
2021-03-18,0.16108785159645309
2021-03-19,0.15493034850928755
2021-03-22,0.14713360764829528
2021-03-23,0.1515745970560835
2021-03-24,0.15102757216189416
2021-03-25,0.14469860055765343
2021-03-26,0.1381426713626906
2021-03-29,0.136297651451528
2021-03-30,0.1277722099234302
2021-03-31,0.12620984229409749
2021-04-01,0.12090914096706033
2021-04-02,0.11766527970323387
2021-04-05,0.11603102396106477
2021-04-06,0.1203874926296739
2021-04-07,0.1109689499968245
2021-04-08,0.11120874052482972
2021-04-09,0.10913113537133744
2021-04-12,0.10423008911329577
2021-04-13,0.1039867755244017
2021-04-14,0.11152827796174151
2021-04-15,0.10717246973248018
2021-04-16,0.10333159066681413
2021-04-19,0.11006913412672269
2021-04-20,0.11520175161195208
2021-04-21,0.11007413586811657
2021-04-22,0.12531720865861404
2021-04-23,0.12444947368064078
2021-04-26,0.12107925892390889
2021-04-27,0.11428641643458205
2021-04-28,0.10954143437751605
2021-04-29,0.11106897234371105
2021-04-30,0.12018690349302355
2021-05-03,0.11646003250190627
2021-05-04,0.116054108713222
2021-05-05,0.11744186010589235
2021-05-06,0.11460753172815037
2021-05-07,0.11291504530509593
2021-05-10,0.12846071659501507
2021-05-11,0.13471181113171102
2021-05-12,0.19236103158791754
2021-05-13,0.1787707422537041
2021-05-14,0.17616439224167343
2021-05-17,0.16778447684043263
2021-05-18,0.17238464332505307
2021-05-19,0.15949115576635312
2021-05-20,0.1530667448850979
2021-05-21,0.1511427396309832
2021-05-24,0.14186117640560966
2021-05-25,0.14205338648121213
2021-05-26,0.1374975320212436
2021-05-27,0.12865906221179282
2021-05-28,0.12734109190068604
2021-05-31,0.12189231334453736
2021-06-01,0.11749114635559259
2021-06-02,0.11781484444913169
2021-06-03,0.11792149498179313
2021-06-04,0.11380273969747798
2021-06-07,0.11099178123616431
2021-06-08,0.10979906571407445
2021-06-09,0.10778998976877462
2021-06-10,0.10725026417545877
2021-06-11,0.10519136604747562
2021-06-14,0.10356147185346973
2021-06-15,0.10153010973583532
2021-06-16,0.10918807322020749
2021-06-17,0.10739483118993051
2021-06-18,0.1328508813217918
2021-06-21,0.12398641537610944
2021-06-22,0.13074737306460296
2021-06-23,0.12214127040745958
2021-06-24,0.11781164660023219
2021-06-25,0.11456054479321223
2021-06-28,0.1147219267430251
2021-06-29,0.10909870982174184
2021-06-30,0.10955787311105618
2021-07-01,0.10392680914444713
2021-07-02,0.1041294294854744
2021-07-05,0.10002503597593453
2021-07-06,0.1052125853083311
2021-07-07,0.10018610489938504
2021-07-08,0.11423037623169753
2021-07-09,0.11396013163651857
2021-07-12,0.10641004301721961
2021-07-13,0.10798825957188185
2021-07-14,0.1054379161644111
2021-07-15,0.11160017440518026
2021-07-16,0.1179708532657504
2021-07-19,0.1497271375721855
2021-07-20,0.14540175199964467
2021-07-21,0.13896734924074913
2021-07-22,0.14011871639859735
2021-07-23,0.13255352924932615
2021-07-26,0.13066802589158413
2021-07-27,0.12434464277067334
2021-07-28,0.12524848487925444
2021-07-29,0.12016517496499758
2021-07-30,0.12205910789500975
2021-08-02,0.11959240268510568
2021-08-03,0.11691600259322117
2021-08-04,0.11666243454167022
2021-08-05,0.11296783714331794
2021-08-06,0.11150954328083136
2021-08-09,0.11145626065218212
2021-08-10,0.1079333795964197
2021-08-11,0.10586007270930706
2021-08-12,0.10343601381614935
2021-08-13,0.10510138677552056
2021-08-16,0.10065828874381842
2021-08-17,0.1134047148096853
2021-08-18,0.12602931497529252
2021-08-19,0.125917546253626
2021-08-20,0.12447176457145484
2021-08-23,0.11960568791403188
2021-08-24,0.11291240120789257
2021-08-25,0.1164410046940855
2021-08-26,0.11715540870763906
2021-08-27,0.1107364143328069
2021-08-30,0.11083163702681205
2021-08-31,0.11027362843549006
2021-09-01,0.10819868166389163
2021-09-02,0.10687957407055006
2021-09-03,0.10599990574119816
2021-09-06,0.09919084183963203
2021-09-07,0.10298984396303983
2021-09-08,0.10337838224426177
2021-09-09,0.10820720435263019
2021-09-10,0.11427184924959502
2021-09-13,0.11148927336003478
2021-09-14,0.11263824768770919
2021-09-15,0.11489224839262042
2021-09-16,0.11290350934587308
2021-09-17,0.12744160969796278
2021-09-20,0.1569306428492535
2021-09-21,0.15824521221746599
2021-09-22,0.15043242312067517
2021-09-23,0.14376614910220253
2021-09-24,0.1360317196325949
2021-09-27,0.13863086499512656
2021-09-28,0.19259288605379116
2021-09-29,0.17879655465450828
2021-09-30,0.18389594899894715
2021-10-01,0.17384710085464594
2021-10-04,0.1859380241974939
2021-10-05,0.1822183478022343
2021-10-06,0.16973726001297892
2021-10-07,0.1620906359289197
2021-10-08,0.15768320439219444
2021-10-11,0.15046684200417149
2021-10-12,0.1508510387181351
2021-10-13,0.14192523518321518
2021-10-14,0.1373991366577202
2021-10-15,0.13771772936130464
2021-10-18,0.12935680752552028
2021-10-19,0.1247502185521764
2021-10-20,0.12092807624571195
2021-10-21,0.120521205409337
2021-10-22,0.11535256879490989
2021-10-25,0.11665075168758689
2021-10-26,0.11138954511950429
2021-10-27,0.11634281805157208
2021-10-28,0.11191916836718158
2021-10-29,0.10934703926286729
2021-11-01,0.10565396753420475
2021-11-02,0.10609976218058902
2021-11-03,0.10494836442060428
2021-11-04,0.10176226283595997
2021-11-05,0.09883695221980895
2021-11-08,0.10008587651525973
2021-11-09,0.1035819056942053
2021-11-10,0.11453866439331013
2021-11-11,0.1128695852574679
2021-11-12,0.10972416445631984
2021-11-15,0.10905457889482939
2021-11-16,0.10534168291988602
2021-11-17,0.10427278450353245
2021-11-18,0.10537692125016776
2021-11-19,0.09922663752154944
2021-11-22,0.10588718121851935
2021-11-23,0.10105028518888869
2021-11-24,0.10199015315896133
2021-11-25,0.10268167253527885
2021-11-26,0.17441149513407897
2021-11-29,0.16626834351453237
2021-11-30,0.20784828963311403
2021-12-01,0.20617565978074529
2021-12-02,0.1972225999501693
2021-12-03,0.18629715754444232
2021-12-06,0.18119165664191078
2021-12-07,0.17791462783474665
2021-12-08,0.16459490054185663
2021-12-09,0.17225128197873601
2021-12-10,0.15593767456045926
2021-12-13,0.16220295258148174
2021-12-14,0.16270657940606106
2021-12-15,0.1551251040570817
2021-12-16,0.16362947105224515
2021-12-17,0.164188436163798
2021-12-20,0.17000118278962306
2021-12-21,0.16733044394576388
2021-12-22,0.15895675236185777
2021-12-23,0.15328217930640434
2021-12-24,0.15119186698776269
2021-12-27,0.13996252737141246
2021-12-28,0.14053355012440236
2021-12-29,0.1370549180788534
2021-12-30,0.1278748365728885
2021-12-31,0.12289316795838488
2022-01-03,0.1227688804394799
2022-01-04,0.11777263233252978
2022-01-05,0.1634429537087306
2022-01-06,0.1601092436702235
2022-01-07,0.1594441781834513
2022-01-10,0.15397505160934036
2022-01-11,0.14679903860953927
2022-01-12,0.1403906576421339
2022-01-13,0.16547916995232717
2022-01-14,0.15975554594881664
2022-01-17,0.1502860006526943
2022-01-18,0.17992649263065433
2022-01-19,0.1919490092786031
2022-01-20,0.19432813213685418
2022-01-21,0.20789814540838092
2022-01-24,0.20398359036307648
2022-01-25,0.21657072212867287
2022-01-26,0.20441042053597402
2022-01-27,0.20664965939267474
2022-01-28,0.18803595715957586
2022-01-31,0.1730837351448357
2022-02-01,0.1717576999075732
2022-02-02,0.1566117000836156
2022-02-03,0.21950468993617214
2022-02-04,0.2051459669232916
2022-02-07,0.19914224987287898
2022-02-08,0.18363622795463133
2022-02-09,0.18417480233381003
2022-02-10,0.20008728815043117
2022-02-11,0.22717115684917527
2022-02-14,0.22095626931972645
2022-02-15,0.20666051580614475
2022-02-16,0.19840140965189987
2022-02-17,0.22513600283413124
2022-02-18,0.22270194038174576
2022-02-21,0.22603346228192925
2022-02-22,0.21142196154498694
2022-02-23,0.2312437188474946
2022-02-24,0.22030715280374472
2022-02-25,0.21330303539103407
2022-02-28,0.20193286226965274
2022-03-01,0.2125542625068554
2022-03-02,0.20463087175855937
2022-03-03,0.19070273713587113
2022-03-04,0.19086288373439894
2022-03-07,0.25808517401260944
2022-03-08,0.24977330049799734
2022-03-09,0.23716321610591462
2022-03-10,0.23256797973610455
2022-03-11,0.23247385264140494
2022-03-14,0.22608450200909108
2022-03-15,0.21068079743205964
2022-03-16,0.1977111314095975
2022-03-17,0.19139680158696495
2022-03-18,0.17984326400419243
2022-03-21,0.16976674420761675
2022-03-22,0.16901004662196895
2022-03-23,0.18107689334518626
2022-03-24,0.17282457782631677
2022-03-25,0.16362999114648616
2022-03-28,0.16078905365917884
2022-03-29,0.15217203952161648
2022-03-30,0.1427652149572351
2022-03-31,0.17184173286982632
2022-04-01,0.1691977754089799
2022-04-04,0.15863275713760847
2022-04-05,0.17106528826859174
2022-04-06,0.1756019508786647
2022-04-07,0.16927658838763088
2022-04-08,0.16850802180568225
2022-04-11,0.18335486915076557
2022-04-12,0.18579255544532147
2022-04-13,0.17409755652541622
2022-04-14,0.17984795040682378
2022-04-15,0.17652364627176695
2022-04-18,0.16557317276794678
2022-04-19,0.15861613506843536
2022-04-20,0.1540945415207398
2022-04-21,0.17294176400788083
2022-04-22,0.23763312915549228
2022-04-25,0.2194974487235054
2022-04-26,0.282676270348905
2022-04-27,0.27070683788399486
2022-04-28,0.24708241063149874
2022-04-29,0.32193301383879036
2022-05-02,0.31683896738214606
2022-05-03,0.284284178115803
2022-05-04,0.27509542820624067
2022-05-05,0.35900749130312326
2022-05-06,0.3154873269099632
2022-05-09,0.36088670988637106
2022-05-10,0.3452351872402909
2022-05-11,0.3384087529133404
2022-05-12,0.3186551181457437
2022-05-13,0.2977349873278263
2022-05-16,0.28645933872583473
2022-05-17,0.26594769564215814
2022-05-18,0.35735235588625536
2022-05-19,0.33913777000874856
2022-05-20,0.3198945973995653
2022-05-23,0.2964801908444666
2022-05-24,0.29462987256962925
2022-05-25,0.27623282673900135
2022-05-26,0.263641246030063
2022-05-27,0.25671088465205566
2022-05-30,0.2421254932360342
2022-05-31,0.21925842255703867
2022-06-01,0.21557407594022696
2022-06-02,0.20839303865733771
2022-06-03,0.22687037484357345
2022-06-06,0.21302956749767665
2022-06-07,0.20537496760047497
2022-06-08,0.20221775338804907
2022-06-09,0.2409338216297629
2022-06-10,0.30152016264063713
2022-06-13,0.3884853312883681
2022-06-14,0.3555591045351647
2022-06-15,0.3193922920170944
2022-06-16,0.3742260611908898
2022-06-17,0.33479240227192114
2022-06-20,0.32253719092606026
2022-06-21,0.3218167786314725
2022-06-22,0.2968977684806217
2022-06-23,0.27490080398999167
2022-06-24,0.2753744295928552
2022-06-27,0.24618099877662783
2022-06-28,0.26812726570065804
2022-06-29,0.2503486973720333
2022-06-30,0.23896293037760738
2022-07-01,0.2308073590697089
2022-07-04,0.22517286875908288
2022-07-05,0.20423594724593117
2022-07-06,0.20758631709504408
2022-07-07,0.18798898284823423
2022-07-08,0.18451734981639029
2022-07-11,0.18960244977460047
2022-07-12,0.18539408039557578
2022-07-13,0.1808419736648085
2022-07-14,0.17410435950660466
2022-07-15,0.16818753474003562
2022-07-18,0.1664333570145045
2022-07-19,0.1590865366188179
2022-07-20,0.15081747701609674
2022-07-21,0.14798497344693412
2022-07-22,0.1518894611007731
2022-07-25,0.1459803154547974
2022-07-26,0.1606806302135767
2022-07-27,0.1539420336895473
2022-07-28,0.1484646447338023
2022-07-29,0.14490674982284948
2022-08-01,0.13989384045486314
2022-08-02,0.1350989988612988
2022-08-03,0.13300520647234362
2022-08-04,0.1309711277290963
2022-08-05,0.1294281781186809
2022-08-08,0.12138789592892082
2022-08-09,0.12484867357501252
2022-08-10,0.12110537247606189
2022-08-11,0.11748805370016686
2022-08-12,0.11572666564524613
2022-08-15,0.11065237876579194
2022-08-16,0.11031441407103652
2022-08-17,0.11617628775151118
2022-08-18,0.11384040141523033
2022-08-19,0.14022605159484833
2022-08-22,0.18997974266599518
2022-08-23,0.18280800386667242
2022-08-24,0.1706379962891085
2022-08-25,0.16630744845055967
2022-08-26,0.2637751304469378
2022-08-29,0.25700870682234944
2022-08-30,0.2585068481619144
2022-08-31,0.24763145145563645
2022-09-01,0.22722786100848433
2022-09-02,0.226007106394005
2022-09-05,0.21745560103271108
2022-09-06,0.20442156178610893
2022-09-07,0.1975143779889631
2022-09-08,0.18804851442964693
2022-09-09,0.1780723165255882
2022-09-12,0.16734856867481365
2022-09-13,0.31714315131729903
2022-09-14,0.29957340396931875
2022-09-15,0.29500644920831826
2022-09-16,0.28471486850968386
2022-09-19,0.2589269720072366
2022-09-20,0.2642186939496298
2022-09-21,0.2664001773375043
2022-09-22,0.26513960077410326
2022-09-23,0.277776506301833
2022-09-26,0.2624570331358977
2022-09-27,0.24313050988279308
2022-09-28,0.2341405918234503
2022-09-29,0.2608610086916662
2022-09-30,0.2562759767494925
2022-10-03,0.25273689942582983
2022-10-04,0.2398166432828635
2022-10-05,0.23215933894228938
2022-10-06,0.21774058792118933
2022-10-07,0.2730477842518186
2022-10-10,0.2673904308577863
2022-10-11,0.2530281999774386
2022-10-12,0.23776562199538923
2022-10-13,0.22834933318156259
2022-10-14,0.2629290226757193
2022-10-17,0.24695961771351785
2022-10-18,0.2386846867944358
2022-10-19,0.2353148371957218
2022-10-20,0.2185350219466342
2022-10-21,0.22018764946819006
2022-10-24,0.1924058078409494
2022-10-25,0.19251146898629976
2022-10-26,0.18502825721826646
2022-10-27,0.17980612920774017
2022-10-28,0.17661642455879847
2022-10-31,0.17210647728707484
2022-11-01,0.16977712418631802
2022-11-02,0.22227567286291705
2022-11-03,0.23068224367027837
2022-11-04,0.2090322640261319
2022-11-07,0.2067143081790114
2022-11-08,0.18543710432180202
2022-11-09,0.22881646863957886
2022-11-10,0.2082645972703247
2022-11-11,0.19766153599293962
2022-11-14,0.19822286149460078
2022-11-15,0.18204589137321772
2022-11-16,0.18655965712639233
2022-11-17,0.17990639123862925
2022-11-18,0.1745951688283694
2022-11-21,0.16688818527558938
2022-11-22,0.16030097195480755
2022-11-23,0.1513264522973588
2022-11-24,0.14738702762484646
2022-11-25,0.1429757140590419
2022-11-28,0.1677003815982584
2022-11-29,0.16056341761992482
2022-11-30,0.15457551728278676
2022-12-01,0.15058462476067727
2022-12-02,0.13869400784307206
2022-12-05,0.18017109504063042
2022-12-06,0.1951512061952686
2022-12-07,0.1812916201081679
2022-12-08,0.17817510513431709
2022-12-09,0.18193636551111908
2022-12-12,0.16502247374818346
2022-12-13,0.16183875187811314
2022-12-14,0.15875014889024303
2022-12-15,0.22833391040931136
2022-12-16,0.21461677564838028
2022-12-19,0.21622134791768213
2022-12-20,0.202125660682342
2022-12-21,0.1971229199709242
2022-12-22,0.2017135296707402
2022-12-23,0.19133609095006884
2022-12-26,0.18372035563220088
2022-12-27,0.18046873051815965
2022-12-28,0.18933465878387493
2022-12-29,0.17897033141796512
2022-12-30,0.17791882008233673
2023-01-02,0.16015867095075392
2023-01-03,0.16111019257844567
2023-01-04,0.15306978334104146
2023-01-05,0.16277811990399016
2023-01-06,0.1594024709798918
2023-01-09,0.15549763294868385
2023-01-10,0.1446202443259488
2023-01-11,0.1389278710801327
2023-01-12,0.13483938223215294
2023-01-13,0.1288104354991018
2023-01-16,0.12749282025133157
2023-01-17,0.12562559710690638
2023-01-18,0.15358382962265837
2023-01-19,0.16028955257937486
2023-01-20,0.1540986718967843
2023-01-23,0.14025134138420617
2023-01-24,0.14231871102122381
2023-01-25,0.13114118072150932
2023-01-26,0.12942204107086672
2023-01-27,0.13207700171769737
2023-01-30,0.1481000124581436
2023-01-31,0.13959003549965948
2023-02-01,0.13561495113087055
2023-02-02,0.13045738198477108
2023-02-03,0.14467443795470633
2023-02-06,0.14406544338388583
2023-02-07,0.1344430541280805
2023-02-08,0.15609814857189278
2023-02-09,0.1542423554548159
2023-02-10,0.15157370037626627
2023-02-13,0.14284439089795445
2023-02-14,0.13916616164195628
2023-02-15,0.14260558395446093
2023-02-16,0.15747340321795322
2023-02-17,0.15371100397998833
2023-02-20,0.14631246807854767
2023-02-21,0.18450255697403695
2023-02-22,0.1777018387167616
2023-02-23,0.1714933423312849
2023-02-24,0.17320872499645662
2023-02-27,0.17150595705732966
2023-02-28,0.1676049785776867
2023-03-01,0.15967746706161992
2023-03-02,0.1523449518761445
2023-03-03,0.14261316586490078
2023-03-06,0.14211300830837437
2023-03-07,0.16866577745904326
2023-03-08,0.16225544941738254
2023-03-09,0.1929097844286165
2023-03-10,0.2009337437105885
2023-03-13,0.20196300967017813
2023-03-14,0.18892220531253973
2023-03-15,0.1819590703607028
2023-03-16,0.17321289112066476
2023-03-17,0.17759870455932303
2023-03-20,0.16762538865654483
2023-03-21,0.15997897856560128
2023-03-22,0.1957259916156482
2023-03-23,0.17325751493556749
2023-03-24,0.17762744054446974
2023-03-27,0.16065544100521276
2023-03-28,0.15861142009156706
2023-03-29,0.15249237973222426
2023-03-30,0.13941949009007532
2023-03-31,0.1418674119811296
2023-04-03,0.1393406195147663
2023-04-04,0.1357523845109525
2023-04-05,0.12865509175409343
2023-04-06,0.12763688410400337
2023-04-07,0.12403101877801016
2023-04-10,0.12335066949058411
2023-04-11,0.11905168843447651
2023-04-12,0.12040297734742281
2023-04-13,0.11301518695536847
2023-04-14,0.11221201312169739
2023-04-17,0.11019221127214547
2023-04-18,0.10697986646074698
2023-04-19,0.1076894595830536
2023-04-20,0.11361145810146803
2023-04-21,0.11192867159897249
2023-04-24,0.10552445947047452
2023-04-25,0.14295095272865652
2023-04-26,0.13965452624598673
2023-04-27,0.13944391301411244
2023-04-28,0.13612039574420876
2023-05-01,0.12491139347402555
2023-05-02,0.14393829398453692
2023-05-03,0.14606097985797062
2023-05-04,0.15529399426550786
2023-05-05,0.14342618378591668
2023-05-08,0.13619383548723524
2023-05-09,0.13516922354245028
2023-05-10,0.13392622778041585
2023-05-11,0.12779589105865366
2023-05-12,0.1271209105235185
2023-05-15,0.11885891705891811
2023-05-16,0.12560076131783302
2023-05-17,0.12178836799210015
2023-05-18,0.1189708649007499
2023-05-19,0.11820742775852407
2023-05-22,0.11338123242707168
2023-05-23,0.13703295007941685
2023-05-24,0.13984805790933771
2023-05-25,0.12920110909522287
2023-05-26,0.12736279557465216
2023-05-29,0.12266921164114807
2023-05-30,0.12116931391888537
2023-05-31,0.12317291315898546
2023-06-01,0.12055818515828355
2023-06-02,0.11725610544277194
2023-06-05,0.11648349785384468
2023-06-06,0.11078416215207083
2023-06-07,0.11223877255538715
2023-06-08,0.10775124791952741
2023-06-09,0.10701808233668485
2023-06-12,0.10721912039804672
2023-06-13,0.10512441389157032
2023-06-14,0.10444544223458492
2023-06-15,0.104152683318461
2023-06-16,0.10409451489523507
2023-06-19,0.10455000265313631
2023-06-20,0.10335849397364179
2023-06-21,0.10849000130996543
2023-06-22,0.10855522835425419
2023-06-23,0.11338762036974082
2023-06-26,0.11702541599876767
2023-06-27,0.11651451734617876
2023-06-28,0.11258335046736825
2023-06-29,0.11143316206532189
2023-06-30,0.10909482419732716
2023-07-03,0.10746333639870405
2023-07-04,0.10648691402845874
2023-07-05,0.10098750459007214
2023-07-06,0.11449606699987434
2023-07-07,0.11327587700305927
2023-07-10,0.10978216807023382
2023-07-11,0.10841102641815814
2023-07-12,0.10547652465870314
2023-07-13,0.10241901748180493
2023-07-14,0.10316755325356176
2023-07-17,0.10325436511204167
2023-07-18,0.10266819597081045
2023-07-19,0.10222980463723433
2023-07-20,0.11349488071433085
2023-07-21,0.1066967852759351
2023-07-24,0.10346816993513398
2023-07-25,0.10425510463952213
2023-07-26,0.09891617343916038
2023-07-27,0.11336957997229141
2023-07-28,0.10795210779508257
2023-07-31,0.10254697771947541
2023-08-01,0.1048638223951409
2023-08-02,0.13967165639318938
2023-08-03,0.13096782615696487
2023-08-04,0.13587598253039793
2023-08-07,0.12841657402794662
2023-08-08,0.12415708378400425
2023-08-09,0.12855377691411615
2023-08-10,0.1259829340552904
2023-08-11,0.12523589336613067
2023-08-14,0.12025835491397924
2023-08-15,0.14433168252910925
2023-08-16,0.14356801095976035
2023-08-17,0.1448753980104554
2023-08-18,0.14415626894781663
2023-08-21,0.13613738519140664
2023-08-22,0.13638902623723742
2023-08-23,0.12965400446788508
2023-08-24,0.14965102562490618
2023-08-25,0.14585123048297208
2023-08-28,0.14769279210865158
2023-08-29,0.1405247407511628
2023-08-30,0.1303674277969977
2023-08-31,0.12483197055535657
2023-09-01,0.12674147541712005
2023-09-04,0.11677725994115809
2023-09-05,0.11766165614710698
2023-09-06,0.12767857475008346
2023-09-07,0.1239050292754391
2023-09-08,0.11827837044331031
2023-09-11,0.11423889793996896
2023-09-12,0.11671354793365482
2023-09-13,0.11782280814247931
2023-09-14,0.11284802516052465
2023-09-15,0.1325306791863015
2023-09-18,0.1357046557253
2023-09-19,0.12816765256160106
2023-09-20,0.13540548231218522
2023-09-21,0.1678395073859369
2023-09-22,0.15905021759224394
2023-09-25,0.1569718625729459
2023-09-26,0.17498145810069157
2023-09-27,0.16123985076263728
2023-09-28,0.1594509785921557
2023-09-29,0.16346836292392358
2023-10-02,0.15002773280097464
2023-10-03,0.1728376893556445
2023-10-04,0.1558790930940496
2023-10-05,0.1540953492091345
2023-10-06,0.14835385760578645
2023-10-09,0.14129289968868836
2023-10-10,0.1413823536019653
2023-10-11,0.13158901297032813
2023-10-12,0.13571242918243379
2023-10-13,0.13668441071667198
2023-10-16,0.12887249160601397
2023-10-17,0.12692156534048812
2023-10-18,0.14719059425854253
2023-10-19,0.15208325657190122
2023-10-20,0.16228143980967016
2023-10-23,0.15780970812248785
2023-10-24,0.15720679682481384
2023-10-25,0.1716706208439128
2023-10-26,0.17725444205410332
2023-10-27,0.17130570280469537
2023-10-30,0.17055076703103156
2023-10-31,0.1634895836433255
2023-11-01,0.1563125574846139
2023-11-02,0.1501345698303094
2023-11-03,0.14229397227955573
2023-11-06,0.14052897257496538
2023-11-07,0.13094594587978126
2023-11-08,0.12715312572436252
2023-11-09,0.13298520202335162
2023-11-10,0.13045377485558338
2023-11-13,0.1261376306764424
2023-11-14,0.12289284284012027
2023-11-15,0.11863943069339483
2023-11-16,0.11332079682698493
2023-11-17,0.11711691634628855
2023-11-20,0.11113628165065391
2023-11-21,0.111218528578851
2023-11-22,0.11010235768520125
2023-11-23,0.10597931414357113
2023-11-24,0.10423673060408432
2023-11-27,0.1041584596461839
2023-11-28,0.10602253021088662
2023-11-29,0.10177567805330474
2023-11-30,0.10124433321182977
2023-12-01,0.09739427183854041
2023-12-04,0.10347989576247119
2023-12-05,0.10380607901876514
2023-12-06,0.10307447411547005
2023-12-07,0.10362794754355426
2023-12-08,0.09977128649170625
2023-12-11,0.09735156099808893
2023-12-12,0.1003800611067396
2023-12-13,0.10173307251351282
2023-12-14,0.09883887555343839
2023-12-15,0.09695292651468776
2023-12-18,0.09863416536164328
2023-12-19,0.09665858931827215
2023-12-20,0.13297412535682698
2023-12-21,0.1239744190790465
2023-12-22,0.12395296725489077
2023-12-25,0.12096063421155952
2023-12-26,0.12239315826221114
2023-12-27,0.11324138125689232
2023-12-28,0.11219274103436006
2023-12-29,0.11164463327334155
2024-01-02,0.11694171101587258
2024-01-03,0.12568665374848428
2024-01-04,0.12396537241544676
2024-01-05,0.11914521316774791
2024-01-08,0.11469089652388746
2024-01-09,0.11395215213256987
2024-01-10,0.10906873674804828
2024-01-11,0.11111891123941206
2024-01-12,0.10692767415027102
2024-01-15,0.10729457220144718
2024-01-16,0.11148061305744647
2024-01-17,0.1110659612821729
2024-01-18,0.11130742730030092
2024-01-19,0.1081928018372994
2024-01-22,0.10674360164639335
2024-01-23,0.10254776668165752
2024-01-24,0.10150216723134352
2024-01-25,0.10164363318351922
2024-01-26,0.10043226433956313
2024-01-29,0.09737664070872763
2024-01-30,0.09807044003619732
2024-01-31,0.13962784555862884
2024-02-01,0.13203349488630586
2024-02-02,0.13185280204570687
2024-02-05,0.1301776327886008
2024-02-06,0.12636519625114553
2024-02-07,0.1257116391900639
2024-02-08,0.11919634551821191
2024-02-09,0.1147164827687869
2024-02-12,0.1128123231719447
2024-02-13,0.13990452974739312
2024-02-14,0.13279070347940725
2024-02-15,0.13196594361081931
2024-02-16,0.13238818087619703
2024-02-19,0.12479563901503145
2024-02-20,0.12684645439909017
2024-02-21,0.12619394658417363
2024-02-22,0.11807489846487217
2024-02-23,0.1191902125320963
2024-02-26,0.1182057768542261
2024-02-27,0.11640582037944093
2024-02-28,0.1148538219430668
2024-02-29,0.10996472971471759
2024-03-01,0.10728113538881663
2024-03-04,0.10701386803530759
2024-03-05,0.12421270248670305
2024-03-06,0.12403078886015687
2024-03-07,0.11932196295885206
2024-03-08,0.12315751005565638
2024-03-11,0.12088197338450167
2024-03-12,0.11449564167861587
2024-03-13,0.11648379605084715
2024-03-14,0.11177405270191533
2024-03-15,0.12204747688989356
2024-03-18,0.11718829668482425
2024-03-19,0.11013499543439809
2024-03-20,0.10900797078203965
2024-03-21,0.11073150849665299
2024-03-22,0.1093236692333417
2024-03-25,0.10620365311555312
2024-03-26,0.10693341530102748
2024-03-27,0.10772562117267254
2024-03-28,0.10518033148137718
2024-03-29,0.10304283185438522
2024-04-01,0.10101003211797456
2024-04-02,0.11465556195121407
2024-04-03,0.11151057034467007
2024-04-04,0.1343918221439227
2024-04-05,0.12931881183949354
2024-04-08,0.12221154932895417
2024-04-09,0.12476616738772532
2024-04-10,0.13317038625856784
2024-04-11,0.12767702272243434
2024-04-12,0.15242768384172992
2024-04-15,0.16410672199310478
2024-04-16,0.16108132093142008
2024-04-17,0.15321882476575435
2024-04-18,0.1519599620351346
2024-04-19,0.1591174115233327
2024-04-22,0.15248425286665776
2024-04-23,0.14836607838549745
2024-04-24,0.13768677758989617
2024-04-25,0.1386701931499647
2024-04-26,0.13186373758514033
2024-04-29,0.12910573324170121
2024-04-30,0.1649303494168202
2024-05-01,0.1555983014614386
2024-05-02,0.14658477861064542
2024-05-03,0.13998376877646407
2024-05-06,0.13633043891523067
2024-05-07,0.13314853417198066
2024-05-08,0.12995067039476646
2024-05-09,0.1281581758978115
2024-05-10,0.12181140433065499
2024-05-13,0.11730951707958986
2024-05-14,0.11323991138765532
2024-05-15,0.11277403628450111
2024-05-16,0.11071441169734982
2024-05-17,0.10983273681207965
2024-05-20,0.10867032966672271
2024-05-21,0.10750475922659058
2024-05-22,0.10713332888650873
2024-05-23,0.11612567400045935
2024-05-24,0.11302505498533123
2024-05-27,0.10666952496384463
2024-05-28,0.1078177094866
2024-05-29,0.11605049847818037
2024-05-30,0.12090867228920475
2024-05-31,0.11996221549445543
2024-06-03,0.11489178179941283
2024-06-04,0.11105937957038302
2024-06-05,0.11107582179770148
2024-06-06,0.10832525458208894
2024-06-07,0.1034166543929249
2024-06-10,0.1027034623976401
2024-06-11,0.10041933076457611
2024-06-12,0.1011240192730804
2024-06-13,0.10100581859371166
2024-06-14,0.09878726939602764
2024-06-17,0.09760412864444094
2024-06-18,0.09882158507372812
2024-06-19,0.09774104114798013
2024-06-20,0.0987304232073715
2024-06-21,0.0969252686148529
2024-06-24,0.0984214237644372
2024-06-25,0.0975725732573882
2024-06-26,0.09594571153299347
2024-06-27,0.09641515851683356
2024-06-28,0.10284498136645137
2024-07-01,0.09674928410599767
2024-07-02,0.09738830846805904
2024-07-03,0.09761467581688707
2024-07-04,0.09922658624471192
2024-07-05,0.09395818703789723
2024-07-08,0.09534190542470744
2024-07-09,0.09636458565395879
2024-07-10,0.09408946084858315
2024-07-11,0.1114447217673379
2024-07-12,0.10833710271019474
2024-07-15,0.10720526699041967
2024-07-16,0.10624010473020437
2024-07-17,0.13539884365946941
2024-07-18,0.14239434168535986
2024-07-19,0.14053858816596526
2024-07-22,0.13459836983108858
2024-07-23,0.1384132575672951
2024-07-24,0.19613655972718352
2024-07-25,0.1913727965562018
2024-07-26,0.18008255990750408
2024-07-29,0.17200045780602247
2024-07-30,0.16980890994818063
2024-07-31,0.1623192172174076
2024-08-01,0.17979581994749108
2024-08-02,0.2076081294008436
2024-08-05,0.26574397957569557
2024-08-06,0.2596470953522109
2024-08-07,0.24509546015409409
2024-08-08,0.2340002631131361
2024-08-09,0.2252690817816905
2024-08-12,0.20628916084964224
2024-08-13,0.19745240310374246
2024-08-14,0.1864060908897744
2024-08-15,0.17872498690666672
2024-08-16,0.17963166692322777
2024-08-19,0.1603886344499837
2024-08-20,0.15905302901973883
2024-08-21,0.1541931226300735
2024-08-22,0.15563399735477706
2024-08-23,0.14547248281426428
2024-08-26,0.14656160729455406
2024-08-27,0.14196085943733144
2024-08-28,0.14039797150450556
2024-08-29,0.13516679301944465
2024-08-30,0.13509278230799657
2024-09-02,0.12944775137418568
2024-09-03,0.1911603613924832
2024-09-04,0.1763417725639961
2024-09-05,0.16965889495309106
2024-09-06,0.19883301240402598
2024-09-09,0.18714966953112144
2024-09-10,0.17876099190233768
2024-09-11,0.16747634652741994
2024-09-12,0.1596525259896693
2024-09-13,0.1517694052709166
2024-09-16,0.14737877607060082
2024-09-17,0.14560005329483255
2024-09-18,0.13799958180247843
2024-09-19,0.12898279389952572
2024-09-20,0.13192331406914465
2024-09-23,0.13142718834279787
2024-09-24,0.12096736088175612
2024-09-25,0.12105166221311336
2024-09-26,0.11306835495976293
2024-09-27,0.11257604402398888
2024-09-30,0.1103898718002845
2024-10-01,0.12301611371013445
2024-10-02,0.11886135292912342
2024-10-03,0.11556202471463654
2024-10-04,0.11568150279868519
2024-10-07,0.13019767964907053
2024-10-08,0.12391539635244632
2024-10-09,0.12539198244662964
2024-10-10,0.12108401234305435
2024-10-11,0.11459431459551182
2024-10-14,0.11161169981918558
2024-10-15,0.12234145741315931
2024-10-16,0.12148623804447435
2024-10-17,0.11692019871092295
2024-10-18,0.11536940514265341
2024-10-21,0.11169419301481628
2024-10-22,0.10799226938018747
2024-10-23,0.12266669401265623
2024-10-24,0.11994364738108935
2024-10-25,0.1169468433268391
2024-10-28,0.11459321633209053
2024-10-29,0.11337915962676166
2024-10-30,0.11096132584534284
2024-10-31,0.15857151193919844
2024-11-01,0.15396177430655353
2024-11-04,0.1495075363110002
2024-11-05,0.14051631454375016
2024-11-06,0.1340647212988848
2024-11-07,0.13201953401084826
2024-11-08,0.13147507279887408
2024-11-11,0.12373579650444336
2024-11-12,0.12564673450415922
2024-11-13,0.12017178839658972
2024-11-14,0.12278830111073957
2024-11-15,0.14407147826322236
2024-11-18,0.13907083383208801
2024-11-19,0.13504171415817692
2024-11-20,0.12877766665146345
2024-11-21,0.12775541386373665
2024-11-22,0.12539931516624941
2024-11-25,0.1153802065346313
2024-11-26,0.11897476985200753
2024-11-27,0.1177869307860434
2024-11-28,0.11043280144346389
2024-11-29,0.11073297370737169
2024-12-02,0.11284013205363108
2024-12-03,0.10750163250595031
2024-12-04,0.10216780573015012
2024-12-05,0.10657048335180722
2024-12-06,0.10360179332614139
2024-12-09,0.10793924364806486
2024-12-10,0.10763103573719895
2024-12-11,0.10725785245523455
2024-12-12,0.10965591468920453
2024-12-13,0.10864260847920788
2024-12-16,0.10799762798841107
2024-12-17,0.10972549629475542
2024-12-18,0.2117917251738379
2024-12-19,0.20129023683207395
2024-12-20,0.19581000719745845
2024-12-23,0.1866131407197303
2024-12-24,0.1794524469971978
2024-12-25,0.1726412255456665
2024-12-26,0.16276808506757118
2024-12-27,0.18032090997667183
2024-12-30,0.17338765534442516
2024-12-31,0.16723556330744122
2025-01-02,0.1639196782852833
2025-01-03,0.15074821038648578
2025-01-06,0.15199815968066563
2025-01-07,0.1619340142387998
2025-01-08,0.1578375704018245
2025-01-09,0.14394456259074503
2025-01-10,0.17495572136488222
2025-01-13,0.16074651153618438
2025-01-14,0.16483683194892246
2025-01-15,0.15459131787392486
2025-01-16,0.14526322742696146
2025-01-17,0.13774359084900992
2025-01-20,0.13592227411641195
2025-01-21,0.1297967797341705
2025-01-22,0.1311769931721117
2025-01-23,0.12387189901949586
2025-01-24,0.12041208605377028
2025-01-27,0.14669867684267845
2025-01-28,0.14516264716020805
2025-01-29,0.13740365001602994
2025-01-30,0.1408356193361134
2025-01-31,0.1345880437194191
2025-02-03,0.1413999050363745
2025-02-04,0.1366514691717422
2025-02-05,0.12841251567092554
2025-02-06,0.12569948770979059
2025-02-07,0.13375045883536918
2025-02-10,0.13075165252302368
2025-02-11,0.12977807586093087
2025-02-12,0.1282961857939334
2025-02-13,0.12347949353764734
2025-02-14,0.12005075529838477
2025-02-17,0.11505719653367662
2025-02-18,0.11074785792039091
2025-02-19,0.1138732325894423
2025-02-20,0.11182040780600624
2025-02-21,0.15401247262949744
2025-02-24,0.14916295537107246
2025-02-25,0.1502059990988512
2025-02-26,0.13874672097294272
2025-02-27,0.17088758706103702
2025-02-28,0.16266994919820335
2025-03-03,0.18690601408934635
2025-03-04,0.1983878262231633
2025-03-05,0.1925039141467087
2025-03-06,0.20823096187133924
2025-03-07,0.2093633876280769
2025-03-10,0.26041023916774847
2025-03-11,0.24622963121035252
2025-03-12,0.23614870452678488
2025-03-13,0.22456183567312507
2025-03-14,0.2227497326555952
2025-03-17,0.21092267551140936
2025-03-18,0.226804327996147
2025-03-19,0.20479551145761352
2025-03-20,0.1953272867801242
2025-03-21,0.18396463619390346
2025-03-24,0.18113927633619598
2025-03-25,0.1668813585337753
2025-03-26,0.17431508315306793
2025-03-27,0.17013372609070812
2025-03-28,0.211387347598143
2025-03-31,0.19114707643549478
2025-04-01,0.18630473805277137
2025-04-02,0.17625528512303018
2025-04-03,0.35760930172290417
2025-04-04,0.49747574520972737
2025-04-07,0.49730036245577114
2025-04-08,0.4611003379611921
2025-04-09,0.4274754654003909
2025-04-10,0.44828654076002244
2025-04-11,0.4373546813100799
2025-04-14,0.4087572714584211
2025-04-15,0.3755563597156342
2025-04-16,0.3748712843223712
2025-04-17,0.37113253190175793
2025-04-18,0.34974296662926563
2025-04-21,0.3649140792161921
2025-04-22,0.34035844619354005
2025-04-23,0.31691748111270174
2025-04-24,0.2979667616552016
2025-04-25,0.2756276552798409
2025-04-28,0.2672211213816555
2025-04-29,0.2472263603668594
2025-04-30,0.23750412208671567
2025-05-01,0.2198254065490598
2025-05-02,0.21975870111983367
2025-05-05,0.21380666491917286
2025-05-06,0.19563656300760482
2025-05-07,0.19141098526205436
2025-05-08,0.18469845132739293
2025-05-09,0.1744915899952365
2025-05-12,0.16506578840572012
2025-05-13,0.16138761740796354
2025-05-14,0.15179692890534158
2025-05-15,0.1500975381088038
2025-05-16,0.13953624181348837
2025-05-19,0.13447617525034355
2025-05-20,0.13374657569708834
2025-05-21,0.16798872196521034
2025-05-22,0.16065873422714602
2025-05-23,0.16072003280782396
2025-05-26,0.1473510644168719
2025-05-27,0.1445982964175461
2025-05-28,0.14459613643021563
2025-05-29,0.14127390339994023
2025-05-30,0.13489760326187059
2025-06-02,0.13288892566877897
2025-06-03,0.12483639665582019
2025-06-04,0.11878245557573652
2025-06-05,0.12364186088541064
2025-06-06,0.1184763159402572
2025-06-09,0.12191197481140482
2025-06-10,0.11584725172047515
2025-06-11,0.11293556899936018
2025-06-12,0.10853442302424908
2025-06-13,0.13131337136329566
2025-06-16,0.12613711811232212
2025-06-17,0.1341505424449369
2025-06-18,0.12731434713893963
2025-06-19,0.12845197890344942
2025-06-20,0.121602769551373
2025-06-23,0.11930807866112447
2025-06-24,0.11477427697167293
2025-06-25,0.11503332926269016
2025-06-26,0.1117662973167637
2025-06-27,0.11329663892810135
2025-06-30,0.1066064770345442
2025-07-01,0.10866322776021875
2025-07-02,0.10407616007445392
2025-07-03,0.10283362104102485
2025-07-04,0.10360127038034729
2025-07-07,0.113282686472911
2025-07-08,0.11096888239967743
2025-07-09,0.10645437182285773
2025-07-10,0.1083483189308183
2025-07-11,0.10444818639064427
2025-07-14,0.10523470353817023
2025-07-15,0.1076978566696665
2025-07-16,0.10440616545277288
2025-07-17,0.1006409516592742
2025-07-18,0.10378834145849672
2025-07-21,0.10213083039892529
2025-07-22,0.09844406284425508
2025-07-23,0.10090527623640562
2025-07-24,0.09640673852671226
2025-07-25,0.099609560558303
2025-07-28,0.10148407636354832
2025-07-29,0.09437693223128288
2025-07-30,0.09705482159710785
2025-07-31,0.09966015044559719
2025-08-01,0.1356453634021356
2025-08-04,0.14219148692689607
2025-08-05,0.1363683962002382
2025-08-06,0.1284860229019799
2025-08-07,0.1281037676563422
2025-08-08,0.12487200222666411
2025-08-11,0.11886102790835737
2025-08-12,0.12222325200533837
2025-08-13,0.11734692643672988
2025-08-14,0.11355133446954604
2025-08-15,0.11352854370072701
2025-08-18,0.10951487835731655
2025-08-19,0.11355705375832634
2025-08-20,0.11170648310488338
2025-08-21,0.11152326786192733
2025-08-22,0.11166607272984887
2025-08-25,0.11465497886339371
2025-08-26,0.11011279663962197
2025-08-27,0.10873054153265853
2025-08-28,0.1052068360091788
2025-08-29,0.11326618231389221
2025-09-01,0.11159118170656737
2025-09-02,0.11632783430765746
2025-09-03,0.11405922860732498
2025-09-04,0.11326368161783347
2025-09-05,0.1129390777086504
2025-09-08,0.1095115551948071
2025-09-09,0.10635406563115303
2025-09-10,0.10467114413505102
2025-09-11,0.10485772556404757
2025-09-12,0.10307081839737978
2025-09-15,0.10243516103663007
2025-09-16,0.10099541149557809
2025-09-17,0.09786861224233724
2025-09-18,0.0985673789247023
2025-09-19,0.09735541946440311
2025-09-22,0.09872163431954117
2025-09-23,0.10445896680452686
2025-09-24,0.10304572789398142
2025-09-25,0.10560091434775648
2025-09-26,0.10519660116937145
2025-09-29,0.10520364136151304
2025-09-30,0.10363081927150325
2025-10-01,0.10335720571985406
2025-10-02,0.09822935180199628
2025-10-03,0.10003836734639043
2025-10-06,0.09861818634073631
2025-10-07,0.09886375274849937
2025-10-08,0.0985256924615824
2025-10-09,0.09981564502788495
2025-10-10,0.19783724546373296
2025-10-13,0.18928618240156436
2025-10-14,0.17731690469179845
2025-10-15,0.17064418452483912
2025-10-16,0.16654792775638452
2025-10-17,0.16188981657615
2025-10-20,0.15367736858380251
2025-10-21,0.14791724370561618
2025-10-22,0.14617965370721317
2025-10-23,0.1413428083476587
2025-10-24,0.1359490626538186
2025-10-27,0.13472946376740352
2025-10-28,0.13275735232221553
2025-10-29,0.12898029701843844
2025-10-30,0.13686285677370968
2025-10-31,0.1284205397953266
2025-11-03,0.12369040297801581
2025-11-04,0.1474582353296493
2025-11-05,0.13561281330572145
2025-11-06,0.1472217221447139
2025-11-07,0.14930504922114152
2025-11-10,0.13845519971745612
2025-11-11,0.13397684265457216
2025-11-12,0.12684569519535577
2025-11-13,0.16326224153355426
2025-11-14,0.15748465664810574
2025-11-17,0.16458761272752162
2025-11-18,0.16304809731207967
2025-11-19,0.15259853914376195
2025-11-20,0.1793713088138756
2025-11-21,0.17108508564552954
2025-11-24,0.1675381308531879
2025-11-25,0.15759660737833947
2025-11-26,0.15032863348135214
2025-11-27,0.14547560438240534
2025-11-28,0.14186446606787126
2025-12-01,0.14435376503577244
2025-12-02,0.13399092206542687
2025-12-03,0.12747663734759404
2025-12-04,0.12158303533252258
2025-12-05,0.12035541815289114
2025-12-08,0.12055197608712909
2025-12-09,0.12007656601016209
2025-12-10,0.11227246576202873
2025-12-11,0.11454395209671253
2025-12-12,0.12717508733965843
2025-12-15,0.1287050978791193
2025-12-16,0.12899762586501673
2025-12-17,0.1362047456288125
2025-12-18,0.1350854479435973
2025-12-19,0.13378447768383347
2025-12-22,0.12795409801523278
2025-12-23,0.11975480607331027
2025-12-24,0.1239242534990542
2025-12-25,0.1162447004260391
2025-12-26,0.11257369712050765
2025-12-29,0.11627835658452873
