Date,garch_vol_feature
2005-02-08,0.006466247215361527
2005-02-09,0.006196808693152206
2005-02-10,0.006704885178330746
2005-02-11,0.006526443493334522
2005-02-14,0.00659938004995714
2005-02-15,0.006317560359609963
2005-02-16,0.006129274943467803
2005-02-17,0.0058932590551433505
2005-02-18,0.006360483293033196
2005-02-21,0.006100961645993852
2005-02-22,0.005869424067557178
2005-02-23,0.007614444723309109
2005-02-24,0.0074333019202961195
2005-02-25,0.0074844525085312925
2005-02-28,0.007693484631071954
2005-03-01,0.007684134839857969
2005-03-02,0.007499147465857189
2005-03-03,0.0071425250324635625
2005-03-04,0.006811990898869881
2005-03-07,0.007173653983159984
2005-03-08,0.0068730057208288295
2005-03-09,0.00681125483690139
2005-03-10,0.007453737715045229
2005-03-11,0.007107777866637841
2005-03-14,0.007316353509408367
2005-03-15,0.007169828926252247
2005-03-16,0.007361297948477477
2005-03-17,0.007594145087473203
2005-03-18,0.007234711370307023
2005-03-21,0.006904599636330017
2005-03-22,0.006851182688413198
2005-03-23,0.007487284442785378
2005-03-24,0.007125895589475633
2005-03-25,0.006815805303030847
2005-03-28,0.006517075762953751
2005-03-29,0.006273387701894019
2005-03-30,0.006622137494315673
2005-03-31,0.007708122257036593
2005-04-01,0.0073402077572880505
2005-04-04,0.007386707776851467
2005-04-05,0.007070231951608139
2005-04-06,0.006869689694807259
2005-04-07,0.006586974131920561
2005-04-08,0.006557253756048181
2005-04-11,0.006962410071198744
2005-04-12,0.006650271612323652
2005-04-13,0.006575380578738113
2005-04-14,0.007548507742857376
2005-04-15,0.008019300622228488
2005-04-18,0.009600962769558446
2005-04-19,0.009098079943168717
2005-04-20,0.008784812385384123
2005-04-21,0.009536478381851114
2005-04-22,0.01102020271793646
2005-04-25,0.010662126014153044
2005-04-26,0.010396618201386845
2005-04-27,0.010298409917539988
2005-04-28,0.009771227461771033
2005-04-29,0.010065163947211938
2005-05-02,0.010214460089261574
2005-05-03,0.009721421525614756
2005-05-04,0.009187732917123033
2005-05-05,0.009542558906129288
2005-05-06,0.009072576723219818
2005-05-09,0.008596755235049368
2005-05-10,0.008368809574924923
2005-05-11,0.008798352182294272
2005-05-12,0.008412926191753463
2005-05-13,0.008739139203476659
2005-05-16,0.00845245617303364
2005-05-17,0.008611847400415597
2005-05-18,0.00842760233919864
2005-05-19,0.008582444661515747
2005-05-20,0.008240926922893445
2005-05-23,0.007846864791226614
2005-05-24,0.0075336184611637345
2005-05-25,0.007169467783706422
2005-05-26,0.006966091214322325
2005-05-27,0.006927425486966181
2005-05-30,0.006616757455284878
2005-05-31,0.006336348894209978
2005-06-01,0.006478746865308083
2005-06-02,0.006811862248867927
2005-06-03,0.006521436084671067
2005-06-06,0.006731600239704348
2005-06-07,0.006441241589339163
2005-06-08,0.006179870417507185
2005-06-09,0.006008942524830103
2005-06-10,0.0059879416200634035
2005-06-13,0.00584783697659533
2005-06-14,0.005665260891742395
2005-06-15,0.005513272091630731
2005-06-16,0.00536437512689681
2005-06-17,0.005301493645406052
2005-06-20,0.005349499622648957
2005-06-21,0.005208133470818458
2005-06-22,0.005140295228727852
2005-06-23,0.005004368900543715
2005-06-24,0.006217030267108122
2005-06-27,0.006580410497945191
2005-06-28,0.006316032480270005
2005-06-29,0.006697511763367184
2005-06-30,0.00644241760385044
2005-07-01,0.006695266480823665
2005-07-04,0.006440031326450208
2005-07-05,0.006176128030185945
2005-07-06,0.0065399485544891936
2005-07-07,0.006947575330120107
2005-07-08,0.006663022620659985
2005-07-11,0.007368002896544628
2005-07-12,0.007267445728032024
2005-07-13,0.006948008875046728
2005-07-14,0.006635002634132747
2005-07-15,0.006386093219906615
2005-07-18,0.006126981251095573
2005-07-19,0.006238586334095344
2005-07-20,0.00633167262357701
2005-07-21,0.006232385201813424
2005-07-22,0.006455805529898066
2005-07-25,0.006393405613558071
2005-07-26,0.006303171309494022
2005-07-27,0.006060998962302575
2005-07-28,0.005979931868846012
2005-07-29,0.0059953438383663574
2005-08-01,0.006405299552574767
2005-08-02,0.006142611519827733
2005-08-03,0.006290846819293159
2005-08-04,0.0060380008993184756
2005-08-05,0.006397334048961719
2005-08-08,0.006730219777697701
2005-08-09,0.0065294352429580435
2005-08-10,0.0065829307904672705
2005-08-11,0.006354584991313328
2005-08-12,0.006467035085941358
2005-08-15,0.00658104376806683
2005-08-16,0.00634508954092497
2005-08-17,0.007378040042053136
2005-08-18,0.007026276712823874
2005-08-19,0.0067267411967841615
2005-08-22,0.006433117374601929
2005-08-23,0.006176942398597986
2005-08-24,0.00608336251206907
2005-08-25,0.006326496375127361
2005-08-26,0.006096870511054053
2005-08-29,0.006266785277713651
2005-08-30,0.006277451926023937
2005-08-31,0.006158144059090204
2005-09-01,0.006676767941130002
2005-09-02,0.006389420022069064
2005-09-05,0.006239596746630003
2005-09-06,0.005994708536723141
2005-09-07,0.007023826096044814
2005-09-08,0.006730773408835869
2005-09-09,0.006603076123890666
2005-09-12,0.0067829251452478255
2005-09-13,0.006499557056057329
2005-09-14,0.006802039727419652
2005-09-15,0.006630298227332438
2005-09-16,0.006345673118428363
2005-09-19,0.006607516926683615
2005-09-20,0.00665483393651684
2005-09-21,0.006974436097095433
2005-09-22,0.007418052115246884
2005-09-23,0.00713639322252689
2005-09-26,0.006805816444509521
2005-09-27,0.006505813871761903
2005-09-28,0.006235481192585113
2005-09-29,0.005989340714535008
2005-09-30,0.006392136861300623
2005-10-03,0.0061305153894576124
2005-10-04,0.0059434794864593
2005-10-05,0.006739284809336279
2005-10-06,0.008297484286092189
2005-10-07,0.008022887654289004
2005-10-10,0.007686082608678923
2005-10-11,0.00775932704577362
2005-10-12,0.007428297820974084
2005-10-13,0.007417916295697327
2005-10-14,0.007076048150193059
2005-10-17,0.007220484546197939
2005-10-18,0.006928447416068552
2005-10-19,0.007525018784324799
2005-10-20,0.008607900612598411
2005-10-21,0.009707609146679045
2005-10-24,0.009167505415621717
2005-10-25,0.01019903213074757
2005-10-26,0.009666052886432276
2005-10-27,0.009271513964449779
2005-10-28,0.009521462066380623
2005-10-31,0.010438651663523625
2005-11-01,0.010078460203769363
2005-11-02,0.009603592892163688
2005-11-03,0.00959136386336404
2005-11-04,0.009138115158162386
2005-11-07,0.008639609903601476
2005-11-08,0.00819804372649895
2005-11-09,0.00789339928727112
2005-11-10,0.007505939036165168
2005-11-11,0.0076084820696454706
2005-11-14,0.007283218434630312
2005-11-15,0.006954806153410569
2005-11-16,0.006805948477275662
2005-11-17,0.006517432498381766
2005-11-18,0.006901687758167726
2005-11-21,0.0067140435247025594
2005-11-22,0.0066092423933203125
2005-11-23,0.006502140399935876
2005-11-24,0.006303325006154282
2005-11-25,0.0060523552798177945
2005-11-28,0.0058435783064386005
2005-11-29,0.006412500878797046
2005-11-30,0.006151020222446132
2005-12-01,0.006356881017666388
2005-12-02,0.0072124502823873735
2005-12-05,0.006875696374568537
2005-12-06,0.0066429614991852445
2005-12-07,0.006361138903014668
2005-12-08,0.006385089052914078
2005-12-09,0.006153134051227424
2005-12-12,0.005959634327768454
2005-12-13,0.005739058041906204
2005-12-14,0.005782446074166963
2005-12-15,0.005706937751040024
2005-12-16,0.005551705865400933
2005-12-19,0.00549394997076103
2005-12-20,0.005741827599006826
2005-12-21,0.0055491479123262535
2005-12-22,0.005407411836879349
2005-12-23,0.005380363142176437
2005-12-26,0.005217833022668956
2005-12-27,0.005075977552909936
2005-12-28,0.006010783482606005
2005-12-29,0.005789426710244183
2005-12-30,0.005712308810185869
2006-01-02,0.005814636981325575
2006-01-03,0.005611237935570713
2006-01-04,0.007559216451862348
2006-01-05,0.007264913474185811
2006-01-06,0.006925631191601013
2006-01-09,0.007236932886629679
2006-01-10,0.006973147586563881
2006-01-11,0.0066647594609906945
2006-01-12,0.00644963789262116
2006-01-13,0.006598607813359167
2006-01-16,0.006320093834060657
2006-01-17,0.0060675295015077116
2006-01-18,0.006005941523637933
2006-01-19,0.005973613100566454
2006-01-20,0.005986202225614306
2006-01-23,0.008611106999136838
2006-01-24,0.008165278838185708
2006-01-25,0.007769518275349027
2006-01-26,0.0074242985757452555
2006-01-27,0.007408134782699495
2006-01-30,0.007448757217687966
2006-01-31,0.007093051956124908
2006-02-01,0.006938051098613011
2006-02-02,0.0066387853087716405
2006-02-03,0.007136130263497555
2006-02-06,0.007093275100378768
2006-02-07,0.0067668280684547435
2006-02-08,0.007099261214704416
2006-02-09,0.007287739704371198
2006-02-10,0.0069783638782337405
2006-02-13,0.006693716366299907
2006-02-14,0.006532373802046084
2006-02-15,0.0070039064083967165
2006-02-16,0.006755751715619791
2006-02-17,0.006839782206599471
2006-02-20,0.006579358575924756
2006-02-21,0.006302423489444387
2006-02-22,0.006185724181635326
2006-02-23,0.006376097100561056
2006-02-24,0.006288383496806251
2006-02-27,0.006039877092240929
2006-02-28,0.005899461040262293
2006-03-01,0.006784169933841775
2006-03-02,0.006972048715754789
2006-03-03,0.006697635602917935
2006-03-06,0.006444326724870078
2006-03-07,0.006679710752217069
2006-03-08,0.0064432110046216025
2006-03-09,0.006194534838407784
2006-03-10,0.00622825998097778
2006-03-13,0.006377843878281782
2006-03-14,0.006137773285790734
2006-03-15,0.006744217332372947
2006-03-16,0.006565180941483625
2006-03-17,0.006298836063904186
2006-03-20,0.006052184101604483
2006-03-21,0.005870815001318784
2006-03-22,0.006078624873370135
2006-03-23,0.006120730693538939
2006-03-24,0.005979594947623766
2006-03-27,0.0057579507934503405
2006-03-28,0.005583189639061444
2006-03-29,0.005894232073228506
2006-03-30,0.00612602991866643
2006-03-31,0.005953889101903289
2006-04-03,0.005949254700726721
2006-04-04,0.005756553675001559
2006-04-05,0.005868830515648096
2006-04-06,0.005791620292261822
2006-04-07,0.00565027429463574
2006-04-10,0.006586419627773461
2006-04-11,0.006306359622725735
2006-04-12,0.006671121521451343
2006-04-13,0.006385885659336503
2006-04-14,0.00612417735670204
2006-04-17,0.005890392234583914
2006-04-18,0.005798495770704912
2006-04-19,0.007828735296145656
2006-04-20,0.007453276623869663
2006-04-21,0.007097378973532781
2006-04-24,0.006774680898195384
2006-04-25,0.0065549434450605645
2006-04-26,0.00653984367812964
2006-04-27,0.006307614136998441
2006-04-28,0.006120459128662345
2006-05-01,0.005883755379481259
2006-05-02,0.005888125573912807
2006-05-03,0.005969464014136915
2006-05-04,0.005939941943431456
2006-05-05,0.005784683482221109
2006-05-08,0.0064505418862933536
2006-05-09,0.006200822536048659
2006-05-10,0.005956841380874363
2006-05-11,0.00578850595274134
2006-05-12,0.007181999008862381
2006-05-15,0.007924120459136194
2006-05-16,0.007552770450773213
2006-05-17,0.007232899566356995
2006-05-18,0.009068649655078942
2006-05-19,0.008918215790574736
2006-05-22,0.008519243953567538
2006-05-23,0.008210889985079553
2006-05-24,0.007962514031700745
2006-05-25,0.007567444263237757
2006-05-26,0.008045088040444175
2006-05-29,0.007825563647013943
2006-05-30,0.007437539103130014
2006-05-31,0.008998959317066107
2006-06-01,0.00887288370624698
2006-06-02,0.009255979833490543
2006-06-05,0.008758597766566617
2006-06-06,0.010363317562665801
2006-06-07,0.009783541421973779
2006-06-08,0.009501695131151336
2006-06-09,0.008976995532730271
2006-06-12,0.008659336692247496
2006-06-13,0.00921196600387478
2006-06-14,0.009558072847360828
2006-06-15,0.009154480146231773
2006-06-16,0.011033577445026184
2006-06-19,0.010483156285289199
2006-06-20,0.01040364609634282
2006-06-21,0.00980556246154941
2006-06-22,0.009742468812945436
2006-06-23,0.009403036748822542
2006-06-26,0.008895760908103676
2006-06-27,0.008536351945859567
2006-06-28,0.008717442064673439
2006-06-29,0.008412631823108018
2006-06-30,0.010578823532454523
2006-07-03,0.01000582251020632
2006-07-04,0.009744092630704955
2006-07-05,0.00919797647863898
2006-07-06,0.009084691504549207
2006-07-07,0.008612869706659499
2006-07-10,0.008521591482810117
2006-07-11,0.00807769986636874
2006-07-12,0.007750644074024867
2006-07-13,0.008317383589281045
2006-07-14,0.009115594753643305
2006-07-17,0.008812644849307848
2006-07-18,0.008365721096680847
2006-07-19,0.007941881642905225
2006-07-20,0.009614839349321547
2006-07-21,0.009576387953644898
2006-07-24,0.009402189107801964
2006-07-25,0.010357135060772288
2006-07-26,0.009946428332941291
2006-07-27,0.009387792802455795
2006-07-28,0.00900687350691295
2006-07-31,0.009347641662853288
2006-08-01,0.008858310994291553
2006-08-02,0.008553862911074349
2006-08-03,0.008241258891237809
2006-08-04,0.007834791305952153
2006-08-07,0.007456140129983693
2006-08-08,0.007188435344125336
2006-08-09,0.006980651239437293
2006-08-10,0.006867564690504108
2006-08-11,0.0066984688474266306
2006-08-14,0.006589337369935933
2006-08-15,0.0063112157916984
2006-08-16,0.007463321130331848
2006-08-17,0.007485699235702403
2006-08-18,0.007132063868647272
2006-08-21,0.006881576518023188
2006-08-22,0.006727854013039855
2006-08-23,0.006435582354340501
2006-08-24,0.006400625207126939
2006-08-25,0.00616613377296925
2006-08-28,0.005942004923057021
2006-08-29,0.00592318554590876
2006-08-30,0.005722863287935669
2006-08-31,0.005525690472586799
2006-09-01,0.005381072228131212
2006-09-04,0.005471296439906058
2006-09-05,0.00530277475440865
2006-09-06,0.0051616033538181985
2006-09-07,0.006138911909232464
2006-09-08,0.006172085226055871
2006-09-11,0.006025820454559151
2006-09-12,0.005798320047899502
2006-09-13,0.006471524020381382
2006-09-14,0.006297120461242366
2006-09-15,0.006078775448327477
2006-09-18,0.005883279716273485
2006-09-19,0.005672677724803462
2006-09-20,0.005588858726006409
2006-09-21,0.00566992961762428
2006-09-22,0.0058353606922449675
2006-09-25,0.005719210714065425
2006-09-26,0.006165780289559664
2006-09-27,0.006360599114207653
2006-09-28,0.006102530748881761
2006-09-29,0.005879469608929244
2006-10-02,0.005746578731942569
2006-10-03,0.0057053714138158166
2006-10-04,0.005532282487970607
2006-10-05,0.006576943345427411
2006-10-06,0.0063211074257693
2006-10-09,0.0061639629920981895
2006-10-10,0.0059233892682264465
2006-10-11,0.0057263901213038156
2006-10-12,0.005628813715403366
2006-10-13,0.006205390180981692
2006-10-16,0.0059803338517801915
2006-10-17,0.005793124564742144
2006-10-18,0.005767798275956799
2006-10-19,0.005570338804430252
2006-10-20,0.00538864531807447
2006-10-23,0.005228910258464143
2006-10-24,0.005410803159501187
2006-10-25,0.005245985490393777
2006-10-26,0.005190096244438645
2006-10-27,0.005254502055040486
2006-10-30,0.00594341802233274
2006-10-31,0.005724084714188386
2006-11-01,0.0055296707110620395
2006-11-02,0.005981442269526682
2006-11-03,0.005766675679304579
2006-11-06,0.0056441469493415655
2006-11-07,0.006526171936085832
2006-11-08,0.006274667190112442
2006-11-09,0.006043776641714959
2006-11-10,0.006145868883626807
2006-11-13,0.0059219846991549144
2006-11-14,0.005741947405076445
2006-11-15,0.005867201919711446
2006-11-16,0.005687517903978444
2006-11-17,0.005522396789271771
2006-11-20,0.005346906014929542
2006-11-21,0.005200467022742421
2006-11-22,0.00506894035698925
2006-11-23,0.004973609425352332
2006-11-24,0.004858300737856412
2006-11-27,0.004961129911155224
2006-11-28,0.006800208435377559
2006-11-29,0.006569516239286135
2006-11-30,0.0069149199655012305
2006-12-01,0.006604628056592964
2006-12-04,0.006423847768852778
2006-12-05,0.00675122535247075
2006-12-06,0.006555321665114672
2006-12-07,0.006309982394262178
2006-12-08,0.006245979335878128
2006-12-11,0.0060110735068938615
2006-12-12,0.005812057285868543
2006-12-13,0.005632304226521614
2006-12-14,0.005447060191872929
2006-12-15,0.005928676140906162
2006-12-18,0.005713278681591248
2006-12-19,0.005663745035453633
2006-12-20,0.005496951647673125
2006-12-21,0.00536457284157267
2006-12-22,0.0053969527844299715
2006-12-25,0.005596424628811933
2006-12-26,0.005415036675102018
2006-12-27,0.005397076705401311
2006-12-28,0.005655043805166674
2006-12-29,0.005508064364315282
2007-01-02,0.0056010277310429915
2007-01-03,0.00541916998477376
2007-01-04,0.005286543938299715
2007-01-05,0.0051379487490227325
2007-01-08,0.005481335595869366
2007-01-09,0.005335954087927368
2007-01-10,0.00519109332251319
2007-01-11,0.005068322863108413
2007-01-12,0.0052986937597260765
2007-01-15,0.0053379474365746835
2007-01-16,0.005183349741772464
2007-01-17,0.005041843839649852
2007-01-18,0.004940220633420677
2007-01-19,0.004970540144690762
2007-01-22,0.004912330413112555
2007-01-23,0.005189234308674171
2007-01-24,0.005142080869040308
2007-01-25,0.005657711972501997
2007-01-26,0.006772399266291208
2007-01-29,0.006502685639858098
2007-01-30,0.00625544415509238
2007-01-31,0.006250172055174263
2007-02-01,0.006326824312424793
2007-02-02,0.006275479054496227
2007-02-05,0.006035177637695866
2007-02-06,0.005830125214003327
2007-02-07,0.0056217877835211105
2007-02-08,0.005440827476863478
2007-02-09,0.005305102378899655
2007-02-12,0.005759983141723277
2007-02-13,0.00570705390423908
2007-02-14,0.0059865410726769085
2007-02-15,0.006225019253086811
2007-02-16,0.005980087401416626
2007-02-19,0.005777804117891221
2007-02-20,0.005578084249750397
2007-02-21,0.005447286156908644
2007-02-22,0.005319843396004082
2007-02-23,0.005186174913081012
2007-02-26,0.005233247852698752
2007-02-27,0.005123431157848166
2007-02-28,0.01303784980457013
2007-03-01,0.012349660202686684
2007-03-02,0.011649961963677333
2007-03-05,0.011676210166296006
2007-03-06,0.01148294312653551
2007-03-07,0.011882204085309392
2007-03-08,0.011215584981542397
2007-03-09,0.010775895774780043
2007-03-12,0.010146877361514645
2007-03-13,0.009592300163552298
2007-03-14,0.011505607935624655
2007-03-15,0.011010608295254569
2007-03-16,0.01041490223108214
2007-03-19,0.009925495916428275
2007-03-20,0.009972640365576744
2007-03-21,0.009599809911288924
2007-03-22,0.010590397599204432
2007-03-23,0.009980698175632376
2007-03-26,0.009415217393676976
2007-03-27,0.00889408468904582
2007-03-28,0.008717165745177353
2007-03-29,0.008739788790358678
2007-03-30,0.008339268102312525
2007-04-02,0.007927357770890294
2007-04-03,0.0075578302834596114
2007-04-04,0.007752236127823051
2007-04-05,0.007369904025964405
2007-04-06,0.007066685520478077
2007-04-09,0.0067452359154181974
2007-04-10,0.006449914313616314
2007-04-11,0.006218897627636427
2007-04-12,0.0064402810823549535
2007-04-13,0.006451759617253886
2007-04-16,0.0062589699081288495
2007-04-17,0.006881738304468348
2007-04-18,0.006594517518963207
2007-04-19,0.006313140629082932
2007-04-20,0.0060877989042678335
2007-04-23,0.006529314716670554
2007-04-24,0.006328947740178594
2007-04-25,0.006080529165585126
2007-04-26,0.006657820296502228
2007-04-27,0.0063871711271563415
2007-04-30,0.006129693083955485
2007-05-01,0.006538153782977931
2007-05-02,0.006299696973568102
2007-05-03,0.006356848692451541
2007-05-04,0.006223995213713739
2007-05-07,0.0059999941452422954
2007-05-08,0.005812436069637522
2007-05-09,0.005636668339313696
2007-05-10,0.0055182172559179584
2007-05-11,0.007255022549416146
2007-05-14,0.007543880011549665
2007-05-15,0.007221942257693994
2007-05-16,0.006913076628958571
2007-05-17,0.007125983691938996
2007-05-18,0.006815164568890475
2007-05-21,0.006816570141674234
2007-05-22,0.0065225177268354384
2007-05-23,0.006261431537521948
2007-05-24,0.006041396644422467
2007-05-25,0.006767715325908462
2007-05-28,0.006671101681773174
2007-05-29,0.006385663755968105
2007-05-30,0.006132410826779289
2007-05-31,0.006389929924648574
2007-06-01,0.006128576931719007
2007-06-04,0.005984178620729764
2007-06-05,0.005775929224377721
2007-06-06,0.0059194669530664365
2007-06-07,0.006530503661651353
2007-06-08,0.008765390354004917
2007-06-11,0.009040087510492657
2007-06-12,0.00854922979809838
2007-06-13,0.008944372805377038
2007-06-14,0.009753551678951177
2007-06-15,0.009312220222604459
2007-06-18,0.00901899032381795
2007-06-19,0.008550424024211719
2007-06-20,0.008107763940581738
2007-06-21,0.009062034465198293
2007-06-22,0.008769505416281648
2007-06-25,0.009464997439068135
2007-06-26,0.00902955176550633
2007-06-27,0.008634931592697131
2007-06-28,0.008645062460093604
2007-06-29,0.008192634430772954
2007-07-02,0.007804534380591548
2007-07-03,0.008144619510483099
2007-07-04,0.007791234787279887
2007-07-05,0.007406160439478658
2007-07-06,0.007052242425288842
2007-07-09,0.006790030566338402
2007-07-10,0.006491554905531307
2007-07-11,0.007972615290071504
2007-07-12,0.007761008793861581
2007-07-13,0.0095899178689205
2007-07-16,0.009092757941648105
2007-07-17,0.008637931675115597
2007-07-18,0.008182345066949558
2007-07-19,0.007812465946715501
2007-07-20,0.007535229359446771
2007-07-23,0.008370742324316087
2007-07-24,0.008061833032394682
2007-07-25,0.010305529641310983
2007-07-26,0.00980803807127074
2007-07-27,0.012308512240442522
2007-07-30,0.012848549074118223
2007-07-31,0.012485039448975976
2007-08-01,0.012547317833111034
2007-08-02,0.011991005531438953
2007-08-03,0.011339303282274553
2007-08-06,0.01410674181381045
2007-08-07,0.015356504254738048
2007-08-08,0.014505717485335096
2007-08-09,0.014317986919908347
2007-08-10,0.01691227263015666
2007-08-13,0.015829680472928282
2007-08-14,0.014829382623591824
2007-08-15,0.015275465851080536
2007-08-16,0.0151243576023207
2007-08-17,0.014198556565966802
2007-08-20,0.01549901093176011
2007-08-21,0.014521044454882073
2007-08-22,0.013612400947752843
2007-08-23,0.013296135728410673
2007-08-24,0.012489128900240178
2007-08-27,0.01228337283534856
2007-08-28,0.011938636364030884
2007-08-29,0.013874662266807782
2007-08-30,0.014809363255673013
2007-08-31,0.013970937182101155
2007-09-03,0.013571590298526968
2007-09-04,0.012733266482321736
2007-09-05,0.012400681325487188
2007-09-06,0.012340638237744856
2007-09-07,0.011656837882873725
2007-09-10,0.012454542918650535
2007-09-11,0.011714498996842578
2007-09-12,0.011837949206483487
2007-09-13,0.011129150307483729
2007-09-14,0.010793686500023079
2007-09-17,0.01016409449773205
2007-09-18,0.00977303203200665
2007-09-19,0.013205975969621468
2007-09-20,0.012528360299672279
2007-09-21,0.012020472311535023
2007-09-24,0.01137591467332615
2007-09-25,0.010879726874436764
2007-09-26,0.010247444135448081
2007-09-27,0.009792836405306555
2007-09-28,0.009306969109747362
2007-10-01,0.00887699563959502
2007-10-02,0.009402279282937303
2007-10-03,0.008885946205416505
2007-10-04,0.00858249037203337
2007-10-05,0.008144094848416262
2007-10-08,0.00828510318901925
2007-10-09,0.007958924931024626
2007-10-10,0.00796108629426963
2007-10-11,0.007598288083783564
2007-10-12,0.007481017314345393
2007-10-15,0.007254750897678269
2007-10-16,0.007544489720403031
2007-10-17,0.007571585776779795
2007-10-18,0.00721340329835428
2007-10-19,0.0068907505423382465
2007-10-22,0.011067353609026293
2007-10-23,0.010470877840785158
2007-10-24,0.010238750706808169
2007-10-25,0.009705027517517402
2007-10-26,0.009174962121893386
2007-10-29,0.009720880066503379
2007-10-30,0.009233633599184417
2007-10-31,0.00904292424545288
2007-11-01,0.00935623109417888
2007-11-02,0.01274024016315493
2007-11-05,0.011962311789557908
2007-11-06,0.011396023755467631
2007-11-07,0.011378432477850779
2007-11-08,0.014779005018908203
2007-11-09,0.01385605610686711
2007-11-12,0.013931965081957782
2007-11-13,0.01354280381509435
2007-11-14,0.015813133621857167
2007-11-15,0.015032049170328894
2007-11-16,0.014835082997519804
2007-11-19,0.013988659374374433
2007-11-20,0.014468347371719481
2007-11-21,0.013624898014941926
2007-11-22,0.013946272384047293
2007-11-23,0.013080286918971958
2007-11-26,0.013418441448419003
2007-11-27,0.014959965456434405
2007-11-28,0.014807373771031442
2007-11-29,0.016672201677505074
2007-11-30,0.015606736699768399
2007-12-03,0.014813156436999075
2007-12-04,0.014051987896700344
2007-12-05,0.013393183254075642
2007-12-06,0.013471795083643722
2007-12-07,0.013521662046464836
2007-12-10,0.01271037280540722
2007-12-11,0.012155872101104042
2007-12-12,0.014405514272361874
2007-12-13,0.013626865944500377
2007-12-14,0.012784662089606047
2007-12-17,0.012941736538126958
2007-12-18,0.013243204109780447
2007-12-19,0.012572030795727029
2007-12-20,0.011824631126341658
2007-12-21,0.011208235379695198
2007-12-24,0.0118223353862307
2007-12-25,0.011390527991154382
2007-12-26,0.010716090507413954
2007-12-27,0.010091919265094325
2007-12-28,0.010759455701193141
2007-12-31,0.01013626231856392
2008-01-02,0.009879439047149465
2008-01-03,0.010611932351965989
2008-01-04,0.009997548733626958
2008-01-07,0.012715954901430184
2008-01-08,0.011972032468817007
2008-01-09,0.012948259307275674
2008-01-10,0.0129054065346736
2008-01-11,0.012361239853405448
2008-01-14,0.012559634857810061
2008-01-15,0.012282429187207138
2008-01-16,0.014426741864796411
2008-01-17,0.013683796025917697
2008-01-18,0.016330182399746387
2008-01-21,0.01545123328432458
2008-01-22,0.014475217361705501
2008-01-23,0.014128058335182238
2008-01-24,0.01494259642702825
2008-01-25,0.014353835696842232
2008-01-28,0.014560533328118748
2008-01-29,0.014764736283822038
2008-01-30,0.01396173268678153
2008-01-31,0.013216167616573278
2008-02-01,0.013518073142423126
2008-02-04,0.013262038550374073
2008-02-05,0.012990423472820091
2008-02-06,0.016488792465864596
2008-02-07,0.015681964987628215
2008-02-08,0.014888259472533624
2008-02-11,0.014044475935965464
2008-02-12,0.013288135802896707
2008-02-13,0.012666771263814033
2008-02-14,0.012658108608824735
2008-02-15,0.01279199588802745
2008-02-18,0.01201027883307623
2008-02-19,0.011288696647581564
2008-02-20,0.010631925848348236
2008-02-21,0.010342487175115718
2008-02-22,0.01075254601828177
2008-02-25,0.010413451580662054
2008-02-26,0.010753867161860746
2008-02-27,0.010344497640511742
2008-02-28,0.009762136246622059
2008-02-29,0.009755525134427206
2008-03-03,0.013160819300648226
2008-03-04,0.01235138480606166
2008-03-05,0.011681373702897868
2008-03-06,0.011092177968569324
2008-03-07,0.012947986113576926
2008-03-10,0.012526301431863118
2008-03-11,0.012953818131133681
2008-03-12,0.017099699616990486
2008-03-13,0.01632575186785028
2008-03-14,0.01536012920306457
2008-03-17,0.016107624488132168
2008-03-18,0.015421657987889496
2008-03-19,0.019926483773277603
2008-03-20,0.020452127448860647
2008-03-21,0.020622617541473244
2008-03-24,0.019277190918971624
2008-03-25,0.018679560611371004
2008-03-26,0.017480013226946055
2008-03-27,0.016657139574086557
2008-03-28,0.016113244707886283
2008-03-31,0.0153593183471197
2008-04-01,0.0144889779007294
2008-04-02,0.017876492780301664
2008-04-03,0.016746205317496047
2008-04-04,0.015677172804120766
2008-04-07,0.014683582320442336
2008-04-08,0.013765883580437711
2008-04-09,0.013052558397466003
2008-04-10,0.012594845245066565
2008-04-11,0.01189857297444917
2008-04-14,0.013246480659323273
2008-04-15,0.012502134443890816
2008-04-16,0.011818006379784253
2008-04-17,0.013305625876982457
2008-04-18,0.012485437494906033
2008-04-21,0.013094526106438456
2008-04-22,0.01231105844860398
2008-04-23,0.011990339061450434
2008-04-24,0.01129493714350765
2008-04-25,0.010804139848655123
2008-04-28,0.010362179233915948
2008-04-29,0.009780814200571013
2008-04-30,0.009351488408642791
2008-05-01,0.008959419946146359
2008-05-02,0.010101833810111416
2008-05-05,0.009566274484229757
2008-05-06,0.009194813112724621
2008-05-07,0.00900440985384347
2008-05-08,0.010608342096825088
2008-05-09,0.010045134585967062
2008-05-12,0.00978744942607839
2008-05-13,0.00986805923951032
2008-05-14,0.009315735507437108
2008-05-15,0.0088754135495542
2008-05-16,0.009033577418007276
2008-05-19,0.008545194700485075
2008-05-20,0.00809465250819473
2008-05-21,0.00836860654695446
2008-05-22,0.009723357568132083
2008-05-23,0.009201730962855294
2008-05-26,0.009865010389825433
2008-05-27,0.009309285626674014
2008-05-28,0.009040339768598195
2008-05-29,0.008622564954178312
2008-05-30,0.008317406451328389
2008-06-02,0.007891222296829026
2008-06-03,0.00837555473708679
2008-06-04,0.008222987878987457
2008-06-05,0.007804731645323398
2008-06-06,0.009713771947023912
2008-06-09,0.014102968069210901
2008-06-10,0.013224129481691292
2008-06-11,0.012451571342478127
2008-06-12,0.013103623061361565
2008-06-13,0.012331237310608551
2008-06-16,0.012541773038969967
2008-06-17,0.011779727928177577
2008-06-18,0.011347308764127387
2008-06-19,0.011224204082067937
2008-06-20,0.01061340126387549
2008-06-23,0.011909496877619028
2008-06-24,0.011195244358171883
2008-06-25,0.010595789169520468
2008-06-26,0.010133728568988355
2008-06-27,0.01396865369181196
2008-06-30,0.013179197511941023
2008-07-01,0.012370446261808474
2008-07-02,0.011670529385890822
2008-07-03,0.012681339960865005
2008-07-04,0.01190878944724984
2008-07-07,0.011194891975769285
2008-07-08,0.0109583322807489
2008-07-09,0.011679869483838621
2008-07-10,0.01354069097253717
2008-07-11,0.01288148980334977
2008-07-14,0.012717523212556838
2008-07-15,0.012372477954823474
2008-07-16,0.012250213742934652
2008-07-17,0.014073231845748355
2008-07-18,0.013733803412311573
2008-07-21,0.012882368889933646
2008-07-22,0.012099583477368624
2008-07-23,0.012153348939266227
2008-07-24,0.011478100506332588
2008-07-25,0.01346098246294218
2008-07-28,0.012685747076216669
2008-07-29,0.013565526262855433
2008-07-30,0.014792435824995676
2008-07-31,0.014857357824956537
2008-08-01,0.01467400893302013
2008-08-04,0.013908656079964239
2008-08-05,0.01343495117636407
2008-08-06,0.015660348363321107
2008-08-07,0.014696890687125645
2008-08-08,0.015132160324962798
2008-08-11,0.016141841732220004
2008-08-12,0.015262566408194343
2008-08-13,0.014920749501207461
2008-08-14,0.01403141457807813
2008-08-15,0.013260381994824209
2008-08-18,0.012497956364198332
2008-08-19,0.01287829923941221
2008-08-20,0.012541610307329053
2008-08-21,0.011926237108854905
2008-08-22,0.011227328281048714
2008-08-25,0.011153345653236123
2008-08-26,0.012528900273981718
2008-08-27,0.011811992513769
2008-08-28,0.011374355966757801
2008-08-29,0.011702073036085569
2008-09-01,0.012015943309032351
2008-09-02,0.011293932602965734
2008-09-03,0.010740885820343285
2008-09-04,0.010152873006625127
2008-09-05,0.014121542274623332
2008-09-08,0.013303219776703045
2008-09-09,0.01412394291313745
2008-09-10,0.017765835441853964
2008-09-11,0.016725338991788102
2008-09-12,0.01626198102819844
2008-09-15,0.015234592673922237
2008-09-16,0.0217289761422337
2008-09-17,0.021069323608579684
2008-09-18,0.0256171519675515
2008-09-19,0.02772904221692923
2008-09-22,0.02898141121312635
2008-09-23,0.030130314321942485
2008-09-24,0.028650365371441458
2008-09-25,0.026757673990183882
2008-09-26,0.025770996738551686
2008-09-29,0.024082336342924414
2008-09-30,0.03838345741914691
2008-10-01,0.039848119731721796
2008-10-02,0.037210342310133517
2008-10-03,0.03742457515962909
2008-10-06,0.03523573607885247
2008-10-07,0.035487909214764135
2008-10-08,0.03868781679325973
2008-10-09,0.03631275406909507
2008-10-10,0.04316916221444945
2008-10-13,0.04047845469821411
2008-10-14,0.052537593411426255
2008-10-15,0.04903174887358812
2008-10-16,0.05577709876319764
2008-10-17,0.053798205625917216
2008-10-20,0.05021811212687077
2008-10-21,0.049302820329356345
2008-10-22,0.04720307287078095
2008-10-23,0.04890451654790705
2008-10-24,0.04578258746892259
2008-10-27,0.044344786054458754
2008-10-28,0.042801629710562394
2008-10-29,0.05253309995433802
2008-10-30,0.049144913370234244
2008-10-31,0.04658354083047529
2008-11-03,0.04372129723760883
2008-11-04,0.04079149524715528
2008-11-05,0.040278550731380064
2008-11-06,0.04180807251480242
2008-11-07,0.042736927317059144
2008-11-10,0.040940054147015424
2008-11-11,0.03844777526080345
2008-11-12,0.036676953612962186
2008-11-13,0.03869146071553727
2008-11-14,0.04239226010494983
2008-11-17,0.04210687619816974
2008-11-18,0.04028427506028499
2008-11-19,0.037702847887768835
2008-11-20,0.04114639995162695
2008-11-21,0.04499751964672926
2008-11-24,0.046644768135794844
2008-11-25,0.04822888867004453
2008-11-26,0.04502120807908442
2008-11-27,0.04351939453489792
2008-11-28,0.04059045507194355
2008-12-01,0.037981875849635166
2008-12-02,0.047445458815450314
2008-12-03,0.046097786640668596
2008-12-04,0.04379564681385846
2008-12-05,0.0420943431174837
2008-12-08,0.041002777713092235
2008-12-09,0.04021458668157546
2008-12-10,0.03836338321456458
2008-12-11,0.035984984024947986
2008-12-12,0.035001558961707334
2008-12-15,0.03272734728005741
2008-12-16,0.030865709432809828
2008-12-17,0.03324203681301242
2008-12-18,0.031207374721187765
2008-12-19,0.03004174964500096
2008-12-22,0.02804986715009615
2008-12-23,0.02695343414693011
2008-12-24,0.025402893285418962
2008-12-25,0.023785031312916555
2008-12-26,0.022217602230553482
2008-12-29,0.02081996293530943
2008-12-30,0.019517275224137914
2008-12-31,0.019879483688630586
2009-01-02,0.019125878566417117
2009-01-05,0.020605734884581266
2009-01-06,0.019341375205383905
2009-01-07,0.018245562990214327
2009-01-08,0.019992924234002424
2009-01-09,0.01871445493811397
2009-01-12,0.019009647599108295
2009-01-13,0.019432960479654
2009-01-14,0.018174762998091912
2009-01-15,0.02058588335519426
2009-01-16,0.01924360501503017
2009-01-19,0.018144426011978507
2009-01-20,0.016974732972018815
2009-01-21,0.024300964659034086
2009-01-22,0.026705181917427302
2009-01-23,0.025494772476285
2009-01-26,0.02386089569432518
2009-01-27,0.02234885083370909
2009-01-28,0.02116315407393037
2009-01-29,0.022566825344644798
2009-01-30,0.024010886182695604
2009-02-02,0.02378628363723712
2009-02-03,0.022221081694336533
2009-02-04,0.021371746691410124
2009-02-05,0.020156730915951916
2009-02-06,0.019558992646867814
2009-02-09,0.020250923650013897
2009-02-10,0.018933056747862855
2009-02-11,0.02460359315779435
2009-02-12,0.023109186981542188
2009-02-13,0.02159153558351878
2009-02-16,0.02048973506567013
2009-02-17,0.0191536857982612
2009-02-18,0.023903631474583256
2009-02-19,0.022333023113511496
2009-02-20,0.021295476228083823
2009-02-23,0.020308836869218007
2009-02-24,0.022478854902515607
2009-02-25,0.024690446943870414
2009-02-26,0.023368406422038333
2009-02-27,0.022518885323211717
2009-03-02,0.022577879977538556
2009-03-03,0.0265984691537078
2009-03-04,0.024945428822976515
2009-03-05,0.024526544671351097
2009-03-06,0.027254492331278142
2009-03-09,0.02544552449474176
2009-03-10,0.02402894822223101
2009-03-11,0.03039043616428126
2009-03-12,0.028370264409148804
2009-03-13,0.029583139777245377
2009-03-16,0.02771486764424084
2009-03-17,0.025909845087925175
2009-03-18,0.026336328469017983
2009-03-19,0.02549232965166278
2009-03-20,0.024241157606313797
2009-03-23,0.023666737579409437
2009-03-24,0.03169951488995484
2009-03-25,0.030425285451601752
2009-03-26,0.028555316435965556
2009-03-27,0.02769823530449971
2009-03-30,0.026809080184037846
2009-03-31,0.027792066137990706
2009-04-01,0.0262785704873156
2009-04-02,0.025103682537327004
2009-04-03,0.025219016787007047
2009-04-06,0.02374709244063016
2009-04-07,0.022383841031843762
2009-04-08,0.022497433483752355
2009-04-09,0.02134731113187852
2009-04-10,0.02344777475249884
2009-04-13,0.02190392802747692
2009-04-14,0.020477642484822027
2009-04-15,0.02037879097854665
2009-04-16,0.01946125305300884
2009-04-17,0.0188634307010365
2009-04-20,0.017702000756687625
2009-04-21,0.022250727800596434
2009-04-22,0.02188948854931315
2009-04-23,0.02064244856126242
2009-04-24,0.019543821661198488
2009-04-27,0.019050630159303583
2009-04-28,0.01817349463458759
2009-04-29,0.017037324597233564
2009-04-30,0.017401710440825495
2009-05-01,0.016292097762537244
2009-05-04,0.01533819788016425
2009-05-05,0.018075803289201896
2009-05-06,0.01697379180395069
2009-05-07,0.016839898635904252
2009-05-08,0.016434981387599062
2009-05-11,0.017239007967053438
2009-05-12,0.01778616520057224
2009-05-13,0.016649202223911915
2009-05-14,0.01816852316265946
2009-05-15,0.017304579073388015
2009-05-18,0.016691364236139105
2009-05-19,0.01846305690778478
2009-05-20,0.01728718070045178
2009-05-21,0.016291464390832632
2009-05-22,0.016341562181470877
2009-05-25,0.015315883062838384
2009-05-26,0.014349700259040437
2009-05-27,0.015915308751684374
2009-05-28,0.016308046670990974
2009-05-29,0.01604511705357421
2009-06-01,0.015633853160565245
2009-06-02,0.016854722302495153
2009-06-03,0.015782967252547003
2009-06-04,0.01555258383290803
2009-06-05,0.015013065807340045
2009-06-08,0.01410610641241402
2009-06-09,0.013237782972140281
2009-06-10,0.012460721399980269
2009-06-11,0.011783099084761495
2009-06-12,0.011229394412419089
2009-06-15,0.010568872235282665
2009-06-16,0.01293781436318725
2009-06-17,0.012948354443481405
2009-06-18,0.012172717998638408
2009-06-19,0.01173097305278673
2009-06-22,0.011061010927171266
2009-06-23,0.01486874673782468
2009-06-24,0.013945524417691346
2009-06-25,0.013227333568057333
2009-06-26,0.014208571024117487
2009-06-29,0.013339892568242823
2009-06-30,0.012832322653660693
2009-07-01,0.012432452525162507
2009-07-02,0.011745179580055352
2009-07-03,0.01497356183054514
2009-07-06,0.014032299933118483
2009-07-07,0.013175042958861113
2009-07-08,0.01414134143131597
2009-07-09,0.0132811836488285
2009-07-10,0.012501935572561995
2009-07-13,0.011843425002554229
2009-07-14,0.013742439759873618
2009-07-15,0.012986277810936902
2009-07-16,0.015509712205122367
2009-07-17,0.014774276232559662
2009-07-20,0.013849991855733238
2009-07-21,0.013482355838900607
2009-07-22,0.012689748384861574
2009-07-23,0.011921371432963377
2009-07-24,0.013493771489773942
2009-07-27,0.01268615712814961
2009-07-28,0.011938861646045103
2009-07-29,0.011272157669794797
2009-07-30,0.010745379587388425
2009-07-31,0.010796602311802921
2009-08-03,0.010166062696337337
2009-08-04,0.010766830135182688
2009-08-05,0.010170746745285507
2009-08-06,0.009660746382552753
2009-08-07,0.00935541250869986
2009-08-10,0.009818441367753618
2009-08-11,0.009358098219442333
2009-08-12,0.009906278238272255
2009-08-13,0.0100300473122023
2009-08-14,0.009689440493582977
2009-08-17,0.009647271991064922
2009-08-18,0.012410582321689926
2009-08-19,0.012084473817484927
2009-08-20,0.011546903489298153
2009-08-21,0.011394099259344965
2009-08-24,0.012276240505511293
2009-08-25,0.011539183106188712
2009-08-26,0.010867858321562401
2009-08-27,0.010232938476633882
2009-08-28,0.009673913089651159
2009-08-31,0.009172182225518516
2009-09-01,0.009147276273610429
2009-09-02,0.01157709881303499
2009-09-03,0.010964590829668878
2009-09-04,0.010655818552876575
2009-09-07,0.010867923595907316
2009-09-08,0.010233683189568814
2009-09-09,0.010032052067745066
2009-09-10,0.009760711239682272
2009-09-11,0.009776706159072805
2009-09-14,0.009248838355694712
2009-09-15,0.008948531583611247
2009-09-16,0.008506878772291832
2009-09-17,0.009431178366325472
2009-09-18,0.00899182263676109
2009-09-21,0.008531484046401102
2009-09-22,0.008192216670250595
2009-09-23,0.008023271988014195
2009-09-24,0.008419860014787874
2009-09-25,0.008674093799627173
2009-09-28,0.008514005363466325
2009-09-29,0.009887221007761076
2009-09-30,0.009375551895778622
2009-10-01,0.008953972790292983
2009-10-02,0.012319637047611322
2009-10-05,0.011698997800294804
2009-10-06,0.011981472357330136
2009-10-07,0.012076585895442393
2009-10-08,0.011370389104671181
2009-10-09,0.010939342833366995
2009-10-12,0.010434930085041929
2009-10-13,0.009913840649574545
2009-10-14,0.009420679844981622
2009-10-15,0.010530853223552026
2009-10-16,0.009992171425344839
2009-10-19,0.009867541743490763
2009-10-20,0.009762553951445721
2009-10-21,0.009494764590818154
2009-10-22,0.009513498983597192
2009-10-23,0.009588064506210168
2009-10-26,0.010024234469279716
2009-10-27,0.010324446170383994
2009-10-28,0.009818615175307886
2009-10-29,0.011500396299699811
2009-10-30,0.013030188665139941
2009-11-02,0.015635498826949912
2009-11-03,0.014775179962546535
2009-11-04,0.013860563080109467
2009-11-05,0.01300025192497235
2009-11-06,0.013682159869846585
2009-11-09,0.012850046813906849
2009-11-10,0.01403593486414292
2009-11-11,0.013163688401764668
2009-11-12,0.012442835715525928
2009-11-13,0.012245301591645687
2009-11-16,0.011632101647360378
2009-11-17,0.011871772091517113
2009-11-18,0.011159450961361915
2009-11-19,0.010506874724278423
2009-11-20,0.010970576676077369
2009-11-23,0.01040528049387323
2009-11-24,0.010720500898631207
2009-11-25,0.010102780499037931
2009-11-26,0.009615550518602498
2009-11-27,0.009079686670816496
2009-11-30,0.010488515916049006
2009-12-01,0.009939566273336743
2009-12-02,0.010126045320897717
2009-12-03,0.009547991600103854
2009-12-04,0.009509956634716939
2009-12-07,0.009129446532957646
2009-12-08,0.00869134585888919
2009-12-09,0.009002486407080597
2009-12-10,0.00857589291703995
2009-12-11,0.008309247520438058
2009-12-14,0.007945224144470641
2009-12-15,0.007838242168918623
2009-12-16,0.007727023739966365
2009-12-17,0.007346988527595418
2009-12-18,0.008151809483703205
2009-12-21,0.00792898670116351
2009-12-22,0.008222542558849012
2009-12-23,0.007861315506281573
2009-12-24,0.007489388713157272
2009-12-25,0.00729617769943532
2009-12-28,0.006954275745493636
2009-12-29,0.006642650859547179
2009-12-30,0.006391804106535453
2009-12-31,0.0061306747948808036
2010-01-04,0.006897433358041327
2010-01-05,0.008354142164728899
2010-01-06,0.007963701381096136
2010-01-07,0.007561266924862197
2010-01-08,0.00728313058788177
2010-01-11,0.006981694127736023
2010-01-12,0.006676133527589577
2010-01-13,0.007216152181154496
2010-01-14,0.007346721977085075
2010-01-15,0.0070244071242862305
2010-01-18,0.007728936832599141
2010-01-19,0.00734922996294484
2010-01-20,0.00804506208128598
2010-01-21,0.008515746587885816
2010-01-22,0.010429325627776256
2010-01-25,0.012487009541626135
2010-01-26,0.011804037901173365
2010-01-27,0.011212578901351989
2010-01-28,0.01064683567352261
2010-01-29,0.010865518254010543
2010-02-01,0.010814901117999782
2010-02-02,0.011153085036682085
2010-02-03,0.011275510887894224
2010-02-04,0.010802154005301056
2010-02-05,0.014837980204190169
2010-02-08,0.013926559905494044
2010-02-09,0.013442780436647562
2010-02-10,0.013275909892497923
2010-02-11,0.012493924079679607
2010-02-12,0.012119319851103427
2010-02-15,0.011442697359065562
2010-02-16,0.010764270472197775
2010-02-17,0.011669243580431936
2010-02-18,0.011039256812737952
2010-02-19,0.010580919136228398
2010-02-22,0.00998124479984549
2010-02-23,0.009430235751504154
2010-02-24,0.009882142466965664
2010-02-25,0.009807349982999985
2010-02-26,0.00929743570509886
2010-03-01,0.00878909324919682
2010-03-02,0.008908382295321933
2010-03-03,0.008447404379941766
2010-03-04,0.00800451207123432
2010-03-05,0.007671005485503212
2010-03-08,0.008551453430917856
2010-03-09,0.00810383725659654
2010-03-10,0.007698664060725475
2010-03-11,0.00743602214571882
2010-03-12,0.007172373970360872
2010-03-15,0.006843970658334405
2010-03-16,0.006539825089990991
2010-03-17,0.006707144594218329
2010-03-18,0.006648999390667844
2010-03-19,0.0063699485397740365
2010-03-22,0.006400438428673608
2010-03-23,0.006318922228059183
2010-03-24,0.006448873237309577
2010-03-25,0.006510500970465247
2010-03-26,0.006284221377072458
2010-03-29,0.006031998909615607
2010-03-30,0.006047943941692352
2010-03-31,0.0058210872408167745
2010-04-01,0.005761535745332348
2010-04-02,0.00600827859016514
2010-04-05,0.005785763037814778
2010-04-06,0.006095151368365372
2010-04-07,0.005872202188681388
2010-04-08,0.0060629155383185255
2010-04-09,0.005905483236241143
2010-04-12,0.006042423198769541
2010-04-13,0.005826458909611191
2010-04-14,0.0056184595241331155
2010-04-15,0.006471260051692422
2010-04-16,0.006201809310743797
2010-04-19,0.008209427338445086
2010-04-20,0.007896259553282605
2010-04-21,0.007902701624125789
2010-04-22,0.0075248658967812755
2010-04-23,0.007181938594200337
2010-04-26,0.007186219661946116
2010-04-27,0.007045205188357403
2010-04-28,0.010549292813416222
2010-04-29,0.010129408787106147
2010-04-30,0.010398457122542193
2010-05-03,0.01139994754503238
2010-05-04,0.011505624886863226
2010-05-05,0.013629007902287714
2010-05-06,0.013010766902900395
2010-05-07,0.016586388615137632
2010-05-10,0.016429381482859592
2010-05-11,0.020952427521434246
2010-05-12,0.019628488101682127
2010-05-13,0.018866713373623473
2010-05-14,0.01815964910017996
2010-05-17,0.01821056510190142
2010-05-18,0.017035877602452613
2010-05-19,0.0167072856434907
2010-05-20,0.015757004751876958
2010-05-21,0.02001799641612039
2010-05-24,0.019320088107494332
2010-05-25,0.018630781716498873
2010-05-26,0.017425496292621277
2010-05-27,0.016440850111979478
2010-05-28,0.018714289624968523
2010-05-31,0.018040823503757047
2010-06-01,0.016878521550582268
2010-06-02,0.016900138814981435
2010-06-03,0.01788886291372912
2010-06-04,0.016776159717697164
2010-06-07,0.01972518021106156
2010-06-08,0.019047930636171877
2010-06-09,0.018145905199974086
2010-06-10,0.017116436691252204
2010-06-11,0.018649458237582964
2010-06-14,0.017488570524073984
2010-06-15,0.016384275604114523
2010-06-16,0.017112763394265703
2010-06-17,0.016020257006591276
2010-06-18,0.015003487309314112
2010-06-21,0.014060735183473923
2010-06-22,0.013269197538181308
2010-06-23,0.013665154593071075
2010-06-24,0.012874501292720013
2010-06-25,0.013440451747781959
2010-06-28,0.012633069186291333
2010-06-29,0.01189561909575964
2010-06-30,0.015517934766695406
2010-07-01,0.014976301348779418
2010-07-02,0.01409229021705872
2010-07-05,0.013331438101917175
2010-07-06,0.012510908994348216
2010-07-07,0.01185742948019317
2010-07-08,0.015069958426060863
2010-07-09,0.014423495803427458
2010-07-12,0.013700024262221168
2010-07-13,0.012850756648716662
2010-07-14,0.0130280622075805
2010-07-15,0.012231045165699722
2010-07-16,0.011492853379393049
2010-07-19,0.014726027536955058
2010-07-20,0.013918377169145289
2010-07-21,0.013542077576721318
2010-07-22,0.013485775594146219
2010-07-23,0.014589502591298703
2010-07-26,0.013909775679841876
2010-07-27,0.013515459988221915
2010-07-28,0.012691681617770385
2010-07-29,0.0121821533885074
2010-07-30,0.011556536591160415
2010-08-02,0.01086905016629116
2010-08-03,0.012456792993566612
2010-08-04,0.011839087844562559
2010-08-05,0.011277148725136599
2010-08-06,0.010627876652752838
2010-08-09,0.010113689718850764
2010-08-10,0.009675286453739915
2010-08-11,0.009394907498304192
2010-08-12,0.013206443052899442
2010-08-13,0.012554980107698809
2010-08-16,0.01189215293655776
2010-08-17,0.011178872105683113
2010-08-18,0.011205953831934982
2010-08-19,0.0105480069146437
2010-08-20,0.011568622325092967
2010-08-23,0.0109721905724574
2010-08-24,0.01044449755573942
2010-08-25,0.011083718229206565
2010-08-26,0.01046988471783534
2010-08-27,0.01025006508484623
2010-08-30,0.011027795615139883
2010-08-31,0.011595376578531609
2010-09-01,0.010903698419173968
2010-09-02,0.014019438963030635
2010-09-03,0.013448081085590724
2010-09-06,0.01329916119881187
2010-09-07,0.012481027789776201
2010-09-08,0.012407481070076378
2010-09-09,0.01181673839962858
2010-09-10,0.011198110950300221
2010-09-13,0.01063284329130163
2010-09-14,0.010612798801475865
2010-09-15,0.010005954322568783
2010-09-16,0.009488390610488142
2010-09-17,0.008966247048645683
2010-09-20,0.008480862783797666
2010-09-21,0.009391305746471422
2010-09-22,0.00893421125347108
2010-09-23,0.008644847058649832
2010-09-24,0.008718933948992796
2010-09-27,0.010714184352173663
2010-09-28,0.010306897264914659
2010-09-29,0.009818034352996106
2010-09-30,0.009325175026118467
2010-10-01,0.00889636960688471
2010-10-04,0.008512890385047515
2010-10-05,0.008570944181736559
2010-10-06,0.010539856673730343
2010-10-07,0.009938145334828802
2010-10-08,0.009404554136175546
2010-10-11,0.009073459147557859
2010-10-12,0.008580304835189196
2010-10-13,0.0081975460585002
2010-10-14,0.008075179987873266
2010-10-15,0.007794004922305472
2010-10-18,0.007421593136671196
2010-10-19,0.007406655879534948
2010-10-20,0.008982629986051432
2010-10-21,0.009117892560694422
2010-10-22,0.008628900791372428
2010-10-25,0.00819289749084637
2010-10-26,0.007788485058339492
2010-10-27,0.007403497589664203
2010-10-28,0.007134909670503521
2010-10-29,0.006806785972757974
2010-11-01,0.006515038131624188
2010-11-02,0.0062420682837677054
2010-11-03,0.0064534934315333345
2010-11-04,0.0062706581420632216
2010-11-05,0.0086442028861227
2010-11-08,0.008260274716042142
2010-11-09,0.007885528887810241
2010-11-10,0.008034743056182351
2010-11-11,0.0077304961311104
2010-11-12,0.007525218459154136
2010-11-15,0.008291496354302248
2010-11-16,0.007884810257152418
2010-11-17,0.00939662857009972
2010-11-18,0.008877013749548981
2010-11-19,0.009728659220295865
2010-11-22,0.009204738920954013
2010-11-23,0.00872998544691027
2010-11-24,0.009669569756757056
2010-11-25,0.010297069870173512
2010-11-26,0.009707275579543168
2010-11-29,0.00955477767245284
2010-11-30,0.00904578140682505
2010-12-01,0.008841914514092832
2010-12-02,0.010889638146866706
2010-12-03,0.011030560148668971
2010-12-06,0.010403650057207307
2010-12-07,0.009823982991155441
2010-12-08,0.009269424015818083
2010-12-09,0.00882064902115067
2010-12-10,0.008417284149695885
2010-12-13,0.008178878934220752
2010-12-14,0.007760387043693223
2010-12-15,0.007376066163045331
2010-12-16,0.007282019015135877
2010-12-17,0.007185682111710876
2010-12-20,0.006851200780492419
2010-12-21,0.006578875414341549
2010-12-22,0.006555617552043444
2010-12-23,0.0063466154514163165
2010-12-24,0.006134347441119292
2010-12-27,0.005899579266569036
2010-12-28,0.005684284908384951
2010-12-29,0.005490707789191054
2010-12-30,0.005318300774853789
2010-12-31,0.0052098151174425475
2011-01-03,0.005071725916444099
2011-01-04,0.006098081614003951
2011-01-05,0.005898181555304119
2011-01-06,0.005871495637745974
2011-01-07,0.005731819490907999
2011-01-10,0.005593224515510302
2011-01-11,0.005448672805027033
2011-01-12,0.005381753784521015
2011-01-13,0.005925970023539859
2011-01-14,0.0057601236705793315
2011-01-17,0.006003417734043103
2011-01-18,0.005781377566125611
2011-01-19,0.00558393923925244
2011-01-20,0.006493911892031379
2011-01-21,0.006253896683798572
2011-01-24,0.006035213703947586
2011-01-25,0.006065268450237413
2011-01-26,0.005834859185730335
2011-01-27,0.00575529881731022
2011-01-28,0.005581736481181035
2011-01-31,0.008248775195531853
2011-02-01,0.008170599501576312
2011-02-02,0.009418498336397402
2011-02-03,0.008965500801783769
2011-02-04,0.008500290697391166
2011-02-07,0.008089254207163837
2011-02-08,0.007904640115668733
2011-02-09,0.00760271988652749
2011-02-10,0.007319551309650544
2011-02-11,0.006972953658376451
2011-02-14,0.006856624998407693
2011-02-15,0.006578574561261655
2011-02-16,0.006428273925141038
2011-02-17,0.006446328410744087
2011-02-18,0.0062342557506132636
2011-02-21,0.0060031760103678436
2011-02-22,0.005781159488513401
2011-02-23,0.009069541492579571
2011-02-24,0.008866604120178388
2011-02-25,0.00840584225012748
2011-02-28,0.008630203946566441
2011-03-01,0.008338972028219151
2011-03-02,0.009639631818251755
2011-03-03,0.009106117948123597
2011-03-04,0.010229073625080307
2011-03-07,0.010008343144229897
2011-03-08,0.009906404432140135
2011-03-09,0.009749789165694595
2011-03-10,0.009224387026803858
2011-03-11,0.010925180651899345
2011-03-14,0.01051032516203575
2011-03-15,0.0101504362329567
2011-03-16,0.010362531082450204
2011-03-17,0.011898819016619513
2011-03-18,0.01196880744080611
2011-03-21,0.011317097937226388
2011-03-22,0.011673396455196241
2011-03-23,0.011063361954074426
2011-03-24,0.010441081287438522
2011-03-25,0.010261655688219885
2011-03-28,0.009710705109340842
2011-03-29,0.009233395332463597
2011-03-30,0.008989301957795568
2011-03-31,0.008741789861765409
2011-04-01,0.008314184044169316
2011-04-04,0.008016460270977917
2011-04-05,0.007609984855376519
2011-04-06,0.007242483785382222
2011-04-07,0.00692300331729654
2011-04-08,0.006649389625714942
2011-04-11,0.006547428274460606
2011-04-12,0.00637244816149698
2011-04-13,0.006729097556019478
2011-04-14,0.00643666403251906
2011-04-15,0.006172238873452952
2011-04-18,0.006034343740094716
2011-04-19,0.007001118864482022
2011-04-20,0.006899702256593405
2011-04-21,0.007869919193831523
2011-04-22,0.007637644017648593
2011-04-25,0.007265835291701994
2011-04-26,0.006962454997381568
2011-04-27,0.007212326973650416
2011-04-28,0.007130040734117028
2011-04-29,0.00687186801379161
2011-05-02,0.00658987373156463
2011-05-03,0.0063576897768541155
2011-05-04,0.0062423782674558125
2011-05-05,0.006496142530738016
2011-05-06,0.007022579847033179
2011-05-09,0.006788530813413778
2011-05-10,0.006622398167195623
2011-05-11,0.006812509626372353
2011-05-12,0.007612525301606593
2011-05-13,0.0073816828534644
2011-05-16,0.0076094347427496135
2011-05-17,0.007589462536310372
2011-05-18,0.0072262919515172904
2011-05-19,0.007412598941720401
2011-05-20,0.007077564894476929
2011-05-23,0.00730431823881335
2011-05-24,0.00813858244654
2011-05-25,0.0077359998277965
2011-05-26,0.0074039137307710615
2011-05-27,0.007138749893510859
2011-05-30,0.006907184114611482
2011-05-31,0.006600133102542733
2011-06-01,0.007143661703875806
2011-06-02,0.01045039833099213
2011-06-03,0.00986544482209932
2011-06-06,0.009935990310771805
2011-06-07,0.010123050710162975
2011-06-08,0.009558983649103172
2011-06-09,0.009167065825528498
2011-06-10,0.008956265415610737
2011-06-13,0.009795384991818314
2011-06-14,0.009243090972050004
2011-06-15,0.009608329632694734
2011-06-16,0.01092759470126121
2011-06-17,0.010294177248371143
2011-06-20,0.009737217644534517
2011-06-21,0.009328631410285853
2011-06-22,0.00979400743390832
2011-06-23,0.009541821033825833
2011-06-24,0.009082501270595658
2011-06-27,0.00953861192127634
2011-06-28,0.009451758261364872
2011-06-29,0.009828660320121843
2011-06-30,0.009622282912519346
2011-07-01,0.009623097027854374
2011-07-04,0.010181493521745999
2011-07-05,0.009600774192934026
2011-07-06,0.009086964447760418
2011-07-07,0.00859250089025821
2011-07-08,0.008776398869734012
2011-07-11,0.008685916743955765
2011-07-12,0.01037021840636849
2011-07-13,0.009917400497824913
2011-07-14,0.009393134032789753
2011-07-15,0.009206931894606314
2011-07-18,0.008858255681750441
2011-07-19,0.008880358262783194
2011-07-20,0.009893442207136682
2011-07-21,0.009342955442884254
2011-07-22,0.009823610862642137
2011-07-25,0.009269646548205113
2011-07-26,0.009006511659758538
2011-07-27,0.008662334266181503
2011-07-28,0.010832396198769332
2011-07-29,0.010279531470639236
2011-08-01,0.009974230606785388
2011-08-02,0.009540622545159803
2011-08-03,0.012647345475380762
2011-08-04,0.011967836876969768
2011-08-05,0.02007223984544848
2011-08-08,0.018768713129835114
2011-08-09,0.02918382011004443
2011-08-10,0.03125662215341124
2011-08-11,0.032955583521824955
2011-08-12,0.0342018819010686
2011-08-15,0.031950199099868154
2011-08-16,0.030632112414283045
2011-08-17,0.02879938102690394
2011-08-18,0.026882738800389192
2011-08-19,0.02949421164533411
2011-08-22,0.02802873128614438
2011-08-23,0.02616545225092429
2011-08-24,0.02683531206616741
2011-08-25,0.02539937551358944
2011-08-26,0.024338247491172544
2011-08-29,0.023239307617171107
2011-08-30,0.023558552559431303
2011-08-31,0.02201389601177052
2011-09-01,0.02062044009284233
2011-09-02,0.01972685099166823
2011-09-05,0.02042794613946184
2011-09-06,0.019096258806389155
2011-09-07,0.01806079786592944
2011-09-08,0.019271488762967186
2011-09-09,0.018411693298864388
2011-09-12,0.019559364824477572
2011-09-13,0.018411458176590213
2011-09-14,0.017454963981517916
2011-09-15,0.01688729857296469
2011-09-16,0.016740460521293105
2011-09-19,0.01576295553895143
2011-09-20,0.015172399812544526
2011-09-21,0.014235346941772378
2011-09-22,0.016797047019307756
2011-09-23,0.01922323204277624
2011-09-26,0.018069026018900272
2011-09-27,0.018506600102788723
2011-09-28,0.01763406444608771
2011-09-29,0.01800510900973624
2011-09-30,0.017030238748250142
2011-10-03,0.018147640792087093
2011-10-04,0.01963931460987374
2011-10-05,0.0197441203486859
2011-10-06,0.0193307726708704
2011-10-07,0.019008470312567166
2011-10-10,0.0180186889541491
2011-10-11,0.02015566349276649
2011-10-12,0.0188421703807217
2011-10-13,0.017886899718749478
2011-10-14,0.016777156495613073
2011-10-17,0.01666516245859248
2011-10-18,0.017000014664269057
2011-10-19,0.01721679720966742
2011-10-20,0.01671966104118742
2011-10-21,0.01570668978503807
2011-10-24,0.015905489487679964
2011-10-25,0.015446315709204895
2011-10-26,0.016067583496099255
2011-10-27,0.015406478631225427
2011-10-28,0.018209531571042638
2011-10-31,0.017034174640804953
2011-11-01,0.01811210628760979
2011-11-02,0.019523016964215063
2011-11-03,0.018968712480752825
2011-11-04,0.018739003975090332
2011-11-07,0.01767747535933819
2011-11-08,0.016649306751205097
2011-11-09,0.016021502958504782
2011-11-10,0.01967636245769786
2011-11-11,0.018590926642092113
2011-11-14,0.018483803597454048
2011-11-15,0.017622903134938254
2011-11-16,0.016549636394573207
2011-11-17,0.016548419211437633
2011-11-18,0.016569480849562487
2011-11-21,0.015514882186867146
2011-11-22,0.015923905878352643
2011-11-23,0.014996791716083778
2011-11-24,0.016018159248511524
2011-11-25,0.015001073668703452
2011-11-28,0.014099380579474923
2011-11-29,0.016258186326231265
2011-11-30,0.015232140065275202
2011-12-01,0.02000235186102025
2011-12-02,0.0187184950226279
2011-12-05,0.017509021352663082
2011-12-06,0.016699304696947324
2011-12-07,0.01563278830808621
2011-12-08,0.014650031212660286
2011-12-09,0.015579907361083197
2011-12-12,0.015565036968066446
2011-12-13,0.01549101851361339
2011-12-14,0.014843018505587441
2011-12-15,0.014480363855396623
2011-12-16,0.01360262970684683
2011-12-19,0.012790620670555723
2011-12-20,0.01270718632124555
2011-12-21,0.015347500858243823
2011-12-22,0.014384823820666224
2011-12-23,0.013726133331837262
2011-12-26,0.013179326755326095
2011-12-27,0.012370096511128657
2011-12-28,0.011620949935824621
2011-12-29,0.011782619303442588
2011-12-30,0.011578273889008353
2012-01-02,0.011010541629894817
2012-01-03,0.010365287765181615
2012-01-04,0.010950223564425005
2012-01-05,0.010308602564425728
2012-01-06,0.009747676675208886
2012-01-09,0.009258873590275328
2012-01-10,0.008767240482863986
2012-01-11,0.008746921256341985
2012-01-12,0.008279648259460565
2012-01-13,0.007872233898545397
2012-01-16,0.007705752405629628
2012-01-17,0.007328047621507238
2012-01-18,0.007050401979625936
2012-01-19,0.007585529981299477
2012-01-20,0.007360331061211141
2012-01-23,0.007009999266044774
2012-01-24,0.006690825781058206
2012-01-25,0.0064234487708597285
2012-01-26,0.006723124540220627
2012-01-27,0.006774376713248153
2012-01-30,0.006517739526328758
2012-01-31,0.006330261524110667
2012-02-01,0.0060836658414489195
2012-02-02,0.006473710465115193
2012-02-03,0.0062057490122540745
2012-02-06,0.007567371615020009
2012-02-07,0.007206988867374773
2012-02-08,0.006886808576752421
2012-02-09,0.006599509018358538
2012-02-10,0.006324473759746954
2012-02-13,0.006568768234593297
2012-02-14,0.006622555840345664
2012-02-15,0.006359280023415636
2012-02-16,0.006421778263729214
2012-02-17,0.0070705048433116644
2012-02-20,0.006771358802489702
2012-02-21,0.006476696689201038
2012-02-22,0.006206319878244071
2012-02-23,0.006105734085416993
2012-02-24,0.005997935650430814
2012-02-27,0.005784325162461687
2012-02-28,0.005586251811255894
2012-02-29,0.005480811380503877
2012-03-01,0.005601394708825973
2012-03-02,0.005726148797420842
2012-03-05,0.005676200564045395
2012-03-06,0.005684133187809384
2012-03-07,0.007694478598945945
2012-03-08,0.0076123645288235856
2012-03-09,0.007866566402861123
2012-03-12,0.007541204672710173
2012-03-13,0.007176496008318694
2012-03-14,0.00898599045224057
2012-03-15,0.008519777918717518
2012-03-16,0.008268065932097477
2012-03-19,0.007841931703475583
2012-03-20,0.0075351998293420016
2012-03-21,0.007270263108971002
2012-03-22,0.006976929278799716
2012-03-23,0.0071585081775195425
2012-03-26,0.006877679232555475
2012-03-27,0.00792099541886235
2012-03-28,0.007608693254504688
2012-03-29,0.007471677207001129
2012-03-30,0.0071497509462282284
2012-04-02,0.006896671114881979
2012-04-03,0.0069800973708632605
2012-04-04,0.006838748266740451
2012-04-05,0.007478441298950897
2012-04-06,0.007129503427512992
2012-04-09,0.006802425391615635
2012-04-10,0.007648443172414202
2012-04-11,0.009411996627087521
2012-04-12,0.009180223598016714
2012-04-13,0.009723962701719683
2012-04-16,0.01018047621416568
2012-04-17,0.00960481374446858
2012-04-18,0.010332205247700949
2012-04-19,0.009861918824142548
2012-04-20,0.009559458454528307
2012-04-23,0.009027962926093813
2012-04-24,0.009058572429614343
2012-04-25,0.008627347248990102
2012-04-26,0.009252696220362937
2012-04-27,0.00897703926653738
2012-04-30,0.008512281000211942
2012-05-01,0.008202681302562985
2012-05-02,0.007962089607997424
2012-05-03,0.007630509384860349
2012-05-04,0.007769405126506252
2012-05-07,0.009300663318139777
2012-05-08,0.00878821937767217
2012-05-09,0.008476383619925629
2012-05-10,0.008397134236115206
2012-05-11,0.007984269791188764
2012-05-14,0.007696909841933723
2012-05-15,0.00831281518902901
2012-05-16,0.008163782716255787
2012-05-17,0.007924137622455373
2012-05-18,0.009194041849432419
2012-05-21,0.009094965941570584
2012-05-22,0.010014966300941508
2012-05-23,0.0094453511777602
2012-05-24,0.008928530254694677
2012-05-25,0.008449971956699373
2012-05-28,0.00805997195913216
2012-05-29,0.0076519396302118904
2012-05-30,0.008071979620035868
2012-05-31,0.009168925320044177
2012-06-01,0.00872003126344703
2012-06-04,0.01189349612216854
2012-06-05,0.011180165858724311
2012-06-06,0.010658967050802295
2012-06-07,0.012495536049975659
2012-06-08,0.011738044651168593
2012-06-11,0.011317271065829783
2012-06-12,0.01154147860130189
2012-06-13,0.011461989339512575
2012-06-14,0.011080332946007606
2012-06-15,0.010970338614000779
2012-06-18,0.010825351967143381
2012-06-19,0.010196465459323352
2012-06-20,0.010092611722541835
2012-06-21,0.009547464479163768
2012-06-22,0.011885243226588727
2012-06-25,0.011385520805649106
2012-06-26,0.012080761623630644
2012-06-27,0.01143781037078021
2012-06-28,0.011116301159378707
2012-06-29,0.01050022653544537
2012-07-02,0.012755739703124389
2012-07-03,0.011992734790982262
2012-07-04,0.011427116365413412
2012-07-05,0.010749880538888217
2012-07-06,0.010277008614969394
2012-07-09,0.010258056350138593
2012-07-10,0.009698203148500555
2012-07-11,0.00961220988512336
2012-07-12,0.009076723844817745
2012-07-13,0.008784336388172023
2012-07-16,0.009851928742545953
2012-07-17,0.009346146150783522
2012-07-18,0.009118318865877875
2012-07-19,0.008856798866255823
2012-07-20,0.008410089404057668
2012-07-23,0.008740716462485155
2012-07-24,0.008870136858216861
2012-07-25,0.008997047572613683
2012-07-26,0.008514215938079208
2012-07-27,0.00965158442879211
2012-07-30,0.010985028897414439
2012-07-31,0.010346123844341294
2012-08-01,0.009888886213420142
2012-08-02,0.009402499620385122
2012-08-03,0.00928967670575343
2012-08-06,0.010702929972482966
2012-08-07,0.010096267685208644
2012-08-08,0.009639026614687941
2012-08-09,0.00909912550478725
2012-08-10,0.008602792992314208
2012-08-13,0.008164339329977519
2012-08-14,0.007769584500317675
2012-08-15,0.007387653301968944
2012-08-16,0.007037263881638122
2012-08-17,0.007058408024461374
2012-08-20,0.006748386109183442
2012-08-21,0.006456053752173329
2012-08-22,0.006337979067188483
2012-08-23,0.006081712383230447
2012-08-24,0.006535077202138877
2012-08-27,0.006558285360925948
2012-08-28,0.006290629329171692
2012-08-29,0.006055839390959503
2012-08-30,0.005825910688165542
2012-08-31,0.006288400845694959
2012-09-03,0.006218650909289603
2012-09-04,0.005975769040408526
2012-09-05,0.005783151029692607
2012-09-06,0.005607065318460291
2012-09-07,0.008527530811276676
2012-09-10,0.00816014322562699
2012-09-11,0.008065869956216108
2012-09-12,0.007701883001983134
2012-09-13,0.0073390217918996
2012-09-14,0.008727194578891082
2012-09-17,0.008337371155452517
2012-09-18,0.008001332533662569
2012-09-19,0.007621593561897252
2012-09-20,0.007251177802996822
2012-09-21,0.006920844486358558
2012-09-24,0.006613360542987338
2012-09-25,0.006400722593166628
2012-09-26,0.0071858394984422504
2012-09-27,0.007173500222296201
2012-09-28,0.0074768438056471
2012-10-01,0.007317205036071283
2012-10-02,0.007004591280140592
2012-10-03,0.006686436270143715
2012-10-04,0.006476402696331301
2012-10-05,0.006583593629764284
2012-10-08,0.006310580201779279
2012-10-09,0.0062063608206889345
2012-10-10,0.006928463569051572
2012-10-11,0.006998115578605014
2012-10-12,0.006681211303858518
2012-10-15,0.006502388000222843
2012-10-16,0.006711800936545626
2012-10-17,0.007184767986132391
2012-10-18,0.006950550828984816
2012-10-19,0.006714338062595373
2012-10-22,0.008653406205577986
2012-10-23,0.00819344188642939
2012-10-24,0.009282276438585901
2012-10-25,0.00885738430428565
2012-10-26,0.008419003850349376
2012-10-29,0.00799057759653331
2012-10-30,0.0075884440621614355
2012-10-31,0.0072209082843457065
2012-11-01,0.006884372591425241
2012-11-02,0.0074237549698723294
2012-11-05,0.007824795571548757
2012-11-06,0.0074527685580004655
2012-11-07,0.007496878022789752
2012-11-08,0.010899986362311846
2012-11-09,0.011131699127382528
2012-11-12,0.010481778447853507
2012-11-13,0.009876753699655443
2012-11-14,0.009443933603398421
2012-11-15,0.010164649934927928
2012-11-16,0.009611205027746768
2012-11-19,0.009183948035794287
2012-11-20,0.01078139085463899
2012-11-21,0.010151935268749697
2012-11-22,0.009588934293397073
2012-11-23,0.009055198320247194
2012-11-26,0.009510525115879943
2012-11-27,0.00902384725026436
2012-11-28,0.008754545417784466
2012-11-29,0.008633550975807813
2012-11-30,0.008267020824816656
2012-12-03,0.007840313453243262
2012-12-04,0.0076611584909232235
2012-12-05,0.007325423035422193
2012-12-06,0.006986016830671322
2012-12-07,0.006730405749933602
2012-12-10,0.006483425610893454
2012-12-11,0.006212857482206834
2012-12-12,0.006290162081601222
2012-12-13,0.006037374147138392
2012-12-14,0.006256419215347603
2012-12-17,0.006212936605776372
2012-12-18,0.007051615800884536
2012-12-19,0.007645310957639161
2012-12-20,0.007773673439842288
2012-12-21,0.007566445481843662
2012-12-24,0.007942545876202143
2012-12-25,0.007610235989029863
2012-12-26,0.00724080617038883
2012-12-27,0.007133683424558271
2012-12-28,0.006830383595657111
2012-12-31,0.007615657880728651
2013-01-02,0.009054273367281051
2013-01-03,0.011862247370278214
2013-01-04,0.011186249289291166
2013-01-07,0.010622069183211132
2013-01-08,0.010082357268975708
2013-01-09,0.009594118299063854
2013-01-10,0.009084074274747021
2013-01-11,0.008901438415371811
2013-01-14,0.008423706168561815
2013-01-15,0.007998917212802707
2013-01-16,0.007595599895052215
2013-01-17,0.0072259291222230935
2013-01-18,0.007091158602222904
2013-01-21,0.006829640495162359
2013-01-22,0.006529647540490407
2013-01-23,0.006384338650812624
2013-01-24,0.006130126910330791
2013-01-25,0.005895692314744438
2013-01-28,0.005907767535397214
2013-01-29,0.005750314140495325
2013-01-30,0.005751205240850522
2013-01-31,0.0057518967786329344
2013-02-01,0.005651322899349822
2013-02-04,0.006306353203231065
2013-02-05,0.007303778501494308
2013-02-06,0.007690612765614229
2013-02-07,0.007311534805699635
2013-02-08,0.007011730937447818
2013-02-11,0.006903032478680131
2013-02-12,0.0066056016909503005
2013-02-13,0.006332018241703669
2013-02-14,0.006075076490663293
2013-02-15,0.005842769166404186
2013-02-18,0.0056597693605557635
2013-02-19,0.005471937699574084
2013-02-20,0.005758164721976013
2013-02-21,0.007077186723535939
2013-02-22,0.007138747394992084
2013-02-25,0.007334649526629301
2013-02-26,0.009470166323358885
2013-02-27,0.00913169477485687
2013-02-28,0.009531303075027264
2013-03-01,0.009013230234280382
2013-03-04,0.008543337554722417
2013-03-05,0.008203062369026263
2013-03-06,0.008336174233509195
2013-03-07,0.007904077017967737
2013-03-08,0.007517874836231428
2013-03-11,0.007270931723974481
2013-03-12,0.006985195954940099
2013-03-13,0.006743461597272691
2013-03-14,0.0064528271807657335
2013-03-15,0.006407186582541672
2013-03-18,0.006187764490528328
2013-03-19,0.006288359053062101
2013-03-20,0.006119744339731429
2013-03-21,0.006226381868941939
2013-03-22,0.006683826122717383
2013-03-25,0.006761292059605477
2013-03-26,0.006597913899075005
2013-03-27,0.006757099780637612
2013-03-28,0.00647281084301756
2013-03-29,0.006309917450150046
2013-04-01,0.006058320548776156
2013-04-02,0.0060708801619001
2013-04-03,0.006036213365535314
2013-04-04,0.00691447658894024
2013-04-05,0.006704157809611957
2013-04-08,0.006619337167871072
2013-04-09,0.006616522753609911
2013-04-10,0.006409540573551125
2013-04-11,0.007258466885241658
2013-04-12,0.006987554014678837
2013-04-15,0.006768828719418171
2013-04-16,0.01027967254832054
2013-04-17,0.010710084094709381
2013-04-18,0.011273563400831537
2013-04-19,0.010886068590910219
2013-04-22,0.01061217071117236
2013-04-23,0.01008795037175743
2013-04-24,0.010060844310756371
2013-04-25,0.009489583581250927
2013-04-26,0.009035245063524572
2013-04-29,0.008582828003651392
2013-04-30,0.008421420851304188
2013-05-01,0.008005595213138041
2013-05-02,0.008298497541106883
2013-05-03,0.008399325335749915
2013-05-06,0.00862266728318285
2013-05-07,0.008176941247268586
2013-05-08,0.007909847337618889
2013-05-09,0.007605031107316338
2013-05-10,0.007374657694102298
2013-05-13,0.0071328682939903396
2013-05-14,0.006805085073404173
2013-05-15,0.007241862005631455
2013-05-16,0.0070654632404686555
2013-05-17,0.006999020427507544
2013-05-20,0.00742340657853664
2013-05-21,0.007080930261863088
2013-05-22,0.0067658677100115305
2013-05-23,0.007123582885619923
2013-05-24,0.0068958663482878305
2013-05-27,0.006598002736008237
2013-05-28,0.0063193347754750585
2013-05-29,0.006360403594035239
2013-05-30,0.006619833362488925
2013-05-31,0.006419125731407126
2013-06-03,0.007947643545727004
2013-06-04,0.0077548758924845
2013-06-05,0.007650316758326458
2013-06-06,0.008743163576163792
2013-06-07,0.00868517774656958
2013-06-10,0.009177004333484711
2013-06-11,0.008679872858101782
2013-06-12,0.00897940456417052
2013-06-13,0.00901223372008915
2013-06-14,0.009742989726826025
2013-06-17,0.009449060647459458
2013-06-18,0.009223116515151862
2013-06-19,0.009041721969108059
2013-06-20,0.009841672289653708
2013-06-21,0.012717094515959215
2013-06-24,0.011960907865333763
2013-06-25,0.012033774567704015
2013-06-26,0.011692185538850364
2013-06-27,0.011395205785207236
2013-06-28,0.010881037408418115
2013-07-01,0.010374245397405803
2013-07-02,0.0099077420446473
2013-07-03,0.009354294672148586
2013-07-04,0.008837503815444686
2013-07-05,0.008364621898496745
2013-07-08,0.008551312209468623
2013-07-09,0.008247952639269952
2013-07-10,0.008129435393716758
2013-07-11,0.007714191484689047
2013-07-12,0.008508170191688535
2013-07-15,0.008103128937448415
2013-07-16,0.00769333588734629
2013-07-17,0.007455217108499458
2013-07-18,0.007133985036619692
2013-07-19,0.006963641074224338
2013-07-22,0.006657233997484249
2013-07-23,0.006388209745713256
2013-07-24,0.0061806061818279545
2013-07-25,0.006119382288221913
2013-07-26,0.005919316950261413
2013-07-29,0.00570262728487575
2013-07-30,0.005695426036049576
2013-07-31,0.005500891753370318
2013-08-01,0.005331209885558009
2013-08-02,0.00652674367021588
2013-08-05,0.0062613980976286895
2013-08-06,0.0060511925407120415
2013-08-07,0.0061960062469129705
2013-08-08,0.006132463482625885
2013-08-09,0.005996541960470954
2013-08-12,0.005938522085245708
2013-08-13,0.00574927312255168
2013-08-14,0.005596765700629545
2013-08-15,0.0057483772817238325
2013-08-16,0.0074824295502357255
2013-08-19,0.007240530675769951
2013-08-20,0.007237559593858363
2013-08-21,0.00698201490758085
2013-08-22,0.0070008491808936915
2013-08-23,0.0071991618376453115
2013-08-26,0.006954093852868774
2013-08-27,0.0068195896226035165
2013-08-28,0.008568545498172531
2013-08-29,0.008147408574703781
2013-08-30,0.007743033822601641
2013-09-02,0.007467252444327543
2013-09-03,0.007110292765179838
2013-09-04,0.006886404083229756
2013-09-05,0.007041327483423362
2013-09-06,0.006722402277464619
2013-09-09,0.006431698308252845
2013-09-10,0.006916465286558184
2013-09-11,0.006979837895770439
2013-09-12,0.006713887654532227
2013-09-13,0.006558469791533889
2013-09-16,0.006320367302358406
2013-09-17,0.0062994933427356434
2013-09-18,0.006165978016305602
2013-09-19,0.00707070952252924
2013-09-20,0.006795262913710337
2013-09-23,0.007006344247768703
2013-09-24,0.006921353983464185
2013-09-25,0.006696130293388006
2013-09-26,0.0065021708435732085
2013-09-27,0.00630399817890932
2013-09-30,0.006249350477916891
2013-10-01,0.006399776736943219
2013-10-02,0.0066156513648608865
2013-10-03,0.006346287641524875
2013-10-04,0.006888145542513657
2013-10-07,0.006924510444921084
2013-10-08,0.007287523049393365
2013-10-09,0.008197981069550284
2013-10-10,0.007775742618260755
2013-10-11,0.010206512175055511
2013-10-14,0.009807982562855321
2013-10-15,0.00932763777173719
2013-10-16,0.009181108675625068
2013-10-17,0.00973188371817034
2013-10-18,0.00941157700830877
2013-10-21,0.009109750677432821
2013-10-22,0.00861398364829091
2013-10-23,0.008336318015675475
2013-10-24,0.008101820607895313
2013-10-25,0.007739231835421752
2013-10-28,0.007465024561161259
2013-10-29,0.007109772267758798
2013-10-30,0.00698370245597035
2013-10-31,0.006915247147674369
2013-11-01,0.006770049010253878
2013-11-04,0.006518490418378196
2013-11-05,0.006323041858963099
2013-11-06,0.0061731960246548465
2013-11-07,0.006057195502286821
2013-11-08,0.007452759703671125
2013-11-11,0.008281557061783405
2013-11-12,0.007852429462983965
2013-11-13,0.007525409136404038
2013-11-14,0.007585863483967578
2013-11-15,0.007354027943406771
2013-11-18,0.0071085861498439065
2013-11-19,0.006931816966517275
2013-11-20,0.0066783357700114345
2013-11-21,0.006544938808748003
2013-11-22,0.006753890764217495
2013-11-25,0.00662086603845983
2013-11-26,0.006367452459708077
2013-11-27,0.006108971279167001
2013-11-28,0.0059073593280842395
2013-11-29,0.005694760207899369
2013-12-02,0.005519180530522336
2013-12-03,0.005456388757303426
2013-12-04,0.0054362546411982175
2013-12-05,0.005305862769567229
2013-12-06,0.005410620054879071
2013-12-09,0.006331770943443798
2013-12-10,0.006088671521893181
2013-12-11,0.005990301208321479
2013-12-12,0.007025598361877692
2013-12-13,0.006863071324091172
2013-12-16,0.006561147825795855
2013-12-17,0.006567651695674691
2013-12-18,0.006409700310094134
2013-12-19,0.008138861961772657
2013-12-20,0.007731591292106972
2013-12-23,0.007483552761322578
2013-12-24,0.007295417404792279
2013-12-25,0.00699408521847668
2013-12-26,0.006679169963638801
2013-12-27,0.006539006040210738
2013-12-30,0.006270421317800855
2013-12-31,0.006024868207140299
2014-01-02,0.005905696929583492
2014-01-03,0.006519360980924521
2014-01-06,0.0062525635473424865
2014-01-07,0.00609285050234031
2014-01-08,0.006139067875063606
2014-01-09,0.0059066647561745265
2014-01-10,0.0056912588355654
2014-01-13,0.005526519505575141
2014-01-14,0.006952042004376393
2014-01-15,0.007461839135070844
2014-01-16,0.0072652388437340265
2014-01-17,0.006953719380684332
2014-01-20,0.0068083306851546435
2014-01-21,0.006510284246361846
2014-01-22,0.006279201406341219
2014-01-23,0.00602726206516098
2014-01-24,0.00661982127831905
2014-01-27,0.009643904822143915
2014-01-28,0.009287143613241934
2014-01-29,0.008969036972928071
2014-01-30,0.00923043563624635
2014-01-31,0.009420682606567431
2014-02-03,0.009209182717756137
2014-02-04,0.011781938508586234
2014-02-05,0.01132308802222528
2014-02-06,0.010688182900422984
2014-02-07,0.010811630902188401
2014-02-10,0.011024075860511713
2014-02-11,0.01038103101285838
2014-02-12,0.010386295516239262
2014-02-13,0.009791760894347985
2014-02-14,0.009402757432318144
2014-02-17,0.00899291012949101
2014-02-18,0.008507310888845541
2014-02-19,0.00806148792883237
2014-02-20,0.008016222154685136
2014-02-21,0.007823289864275808
2014-02-24,0.007480391979579437
2014-02-25,0.007360711525366592
2014-02-26,0.007040429485665038
2014-02-27,0.006721128368884575
2014-02-28,0.006590849575037081
2014-03-03,0.006352146715102629
2014-03-04,0.0066571013893747385
2014-03-05,0.008024757269039945
2014-03-06,0.007620202921672862
2014-03-07,0.007256984385343316
2014-03-10,0.006915727722928711
2014-03-11,0.0066143916934422705
2014-03-12,0.0066119303779696515
2014-03-13,0.006329587384113428
2014-03-14,0.007352114699292454
2014-03-17,0.007095585505160801
2014-03-18,0.007407193578705663
2014-03-19,0.007391714015606555
2014-03-20,0.007392620087390531
2014-03-21,0.00727093102180042
2014-03-24,0.007028708806415418
2014-03-25,0.006953753784968587
2014-03-26,0.006760721832890055
2014-03-27,0.0069500576524607624
2014-03-28,0.006688617762053662
2014-03-31,0.006540030127131209
2014-04-01,0.006724717142212569
2014-04-02,0.006782040110167318
2014-04-03,0.0065273491734643896
2014-04-04,0.006278622758976946
2014-04-07,0.007478474378527389
2014-04-08,0.008078866917300406
2014-04-09,0.007739087674278265
2014-04-10,0.008121111033363276
2014-04-11,0.010596158870054773
2014-04-14,0.010542269726119222
2014-04-15,0.010252165223201944
2014-04-16,0.0098807584110613
2014-04-17,0.009888230866649826
2014-04-18,0.009332126326906635
2014-04-21,0.008819013333028224
2014-04-22,0.008412907635051484
2014-04-23,0.008058142600201719
2014-04-24,0.007705404946793699
2014-04-25,0.007334707008783494
2014-04-28,0.007573652118486589
2014-04-29,0.007258750323846517
2014-04-30,0.007056281833866044
2014-05-01,0.006780542180630853
2014-05-02,0.00648668691433724
2014-05-05,0.006249223331114462
2014-05-06,0.006015381047037082
2014-05-07,0.00662662867338809
2014-05-08,0.00656064870731764
2014-05-09,0.006316824616360652
2014-05-12,0.006069260403473582
2014-05-13,0.006576178255886335
2014-05-14,0.006296668266365347
2014-05-15,0.006299250070488312
2014-05-16,0.006912324657936935
2014-05-19,0.006685604465883116
2014-05-20,0.006487590558471119
2014-05-21,0.006657558454537313
2014-05-22,0.006847335778887132
2014-05-23,0.0065694745390407015
2014-05-26,0.006408024368466607
2014-05-27,0.006147135823038954
2014-05-28,0.0061766968232445365
2014-05-29,0.005962049765790765
2014-05-30,0.00595829365184283
2014-06-02,0.005752512341006555
2014-06-03,0.005551961407465091
2014-06-04,0.005381321617812696
2014-06-05,0.005236486376915318
2014-06-06,0.005461012085449327
2014-06-09,0.005459164947358449
2014-06-10,0.005289444515989676
2014-06-11,0.005143815001565897
2014-06-12,0.0051943996912954425
2014-06-13,0.005673440280662736
2014-06-16,0.005546230847218091
2014-06-17,0.005366931514390444
2014-06-18,0.005232302295802392
2014-06-19,0.0056140035344533525
2014-06-20,0.005432035710329177
2014-06-23,0.005277605753230299
2014-06-24,0.005131295947605764
2014-06-25,0.005525465927724638
2014-06-26,0.0055379275766516455
2014-06-27,0.005391673580618638
2014-06-30,0.005246266438377072
2014-07-01,0.0051077582349368
2014-07-02,0.0053730436099334936
2014-07-03,0.005211023812281163
2014-07-04,0.005322766474604832
2014-07-07,0.005169768495537825
2014-07-08,0.005252791899506231
2014-07-09,0.0057138586294516935
2014-07-10,0.005680864800486681
2014-07-11,0.005711982319975883
2014-07-14,0.00552313654532213
2014-07-15,0.0055312563329119905
2014-07-16,0.0054194429767650786
2014-07-17,0.005389394181785579
2014-07-18,0.006697514707325368
2014-07-21,0.007172430265546738
2014-07-22,0.006908112792186109
2014-07-23,0.006761660630493143
2014-07-24,0.006476532247460001
2014-07-25,0.006206122806239604
2014-07-28,0.006235137829822565
2014-07-29,0.005988252879198348
2014-07-30,0.006015371585743153
2014-07-31,0.005791498650259316
2014-08-01,0.008933244291894536
2014-08-04,0.008529214412449148
2014-08-05,0.008374226946763152
2014-08-06,0.00865905872752335
2014-08-07,0.008200747828850571
2014-08-08,0.008048092587271878
2014-08-11,0.008463523338152234
2014-08-12,0.00805182473699845
2014-08-13,0.00767839195020683
2014-08-14,0.007580632587519794
2014-08-15,0.007319445505032693
2014-08-18,0.0069761024454772745
2014-08-19,0.007167434866568525
2014-08-20,0.006991140084386195
2014-08-21,0.006703300797432881
2014-08-22,0.006460157770954026
2014-08-25,0.006251618555361256
2014-08-26,0.006163980297768596
2014-08-27,0.005925015385881519
2014-08-28,0.00571011606297551
2014-08-29,0.0055665133312750035
2014-09-01,0.00546131728603997
2014-09-02,0.005293829839583816
2014-09-03,0.005154157261274265
2014-09-04,0.005036247659312448
2014-09-05,0.004961577963878113
2014-09-08,0.005066151814554054
2014-09-09,0.005087689610112316
2014-09-10,0.005506350736441019
2014-09-11,0.005427486522047947
2014-09-12,0.005260659713393642
2014-09-15,0.0055651259373329385
2014-09-16,0.005400963169331613
2014-09-17,0.005719270835588885
2014-09-18,0.005526875269469934
2014-09-19,0.0055386009543628555
2014-09-22,0.005371442055076841
2014-09-23,0.0059601925880687625
2014-09-24,0.006125169738162762
2014-09-25,0.006364639270682751
2014-09-26,0.008326778390587318
2014-09-29,0.008331131198646577
2014-09-30,0.007967680141603829
2014-10-01,0.0076493816807603875
2014-10-02,0.008643625784619269
2014-10-03,0.008186674418498564
2014-10-06,0.008527400274811992
2014-10-07,0.008110035778447548
2014-10-08,0.009348222215710071
2014-10-09,0.010459706889965593
2014-10-10,0.012203460906639629
2014-10-13,0.012162945730353083
2014-10-14,0.012799820496433613
2014-10-15,0.012021776091790237
2014-10-16,0.011670088857092292
2014-10-17,0.010973547557616505
2014-10-20,0.011110545166397838
2014-10-21,0.01083776492673609
2014-10-22,0.011991941568845805
2014-10-23,0.011578376411236184
2014-10-24,0.01156538453176321
2014-10-27,0.011087722647558076
2014-10-28,0.01045824157285639
2014-10-29,0.010553942188816147
2014-10-30,0.009964192207236546
2014-10-31,0.00958536247581524
2014-11-03,0.009781098397288586
2014-11-04,0.009232981608384651
2014-11-05,0.00880088345162827
2014-11-06,0.008501750611946416
2014-11-07,0.008124221453298719
2014-11-10,0.0077086175813156285
2014-11-11,0.007376616314550357
2014-11-12,0.007024895232790527
2014-11-13,0.006718275632528626
2014-11-14,0.006425455143647971
2014-11-17,0.006160854623888886
2014-11-18,0.0059203920274860326
2014-11-19,0.005901621947976249
2014-11-20,0.005729314818902836
2014-11-21,0.005550006536655533
2014-11-24,0.005589577892552048
2014-11-25,0.005458426138947173
2014-11-26,0.0053196989118678125
2014-11-27,0.005216067330181633
2014-11-28,0.0050744006507591945
2014-12-01,0.005054711736954431
2014-12-02,0.005522598160721315
2014-12-03,0.005684489658907294
2014-12-04,0.005592149814620252
2014-12-05,0.005439460331669265
2014-12-08,0.0052827258336544305
2014-12-09,0.00576954355720832
2014-12-10,0.005574062676568418
2014-12-11,0.007863969993205816
2014-12-12,0.007585466595895176
2014-12-15,0.009181767158994547
2014-12-16,0.00898626324121793
2014-12-17,0.00903175867195083
2014-12-18,0.010766453425461654
2014-12-19,0.012765037008261884
2014-12-22,0.012058608671835759
2014-12-23,0.011382633299904972
2014-12-24,0.010713925374059978
2014-12-25,0.010092643312471561
2014-12-26,0.00951891921033121
2014-12-29,0.009034442394737668
2014-12-30,0.008543624885722243
2014-12-31,0.008299409225914605
2015-01-02,0.00868367241982968
2015-01-05,0.008226995167680525
2015-01-06,0.010080246333998663
2015-01-07,0.010027434207850903
2015-01-08,0.010146629504651854
2015-01-09,0.011158999441781453
2015-01-12,0.01092819948305902
2015-01-13,0.0106945239870018
2015-01-14,0.010127817401381462
2015-01-15,0.00978894027760186
2015-01-16,0.00981329600276634
2015-01-19,0.01019730084904743
2015-01-20,0.009615338727371012
2015-01-21,0.00908297903575444
2015-01-22,0.008698521862217846
2015-01-23,0.009572779199363323
2015-01-26,0.009266513129364964
2015-01-27,0.008781381277359229
2015-01-28,0.009555942113597822
2015-01-29,0.0101981753637472
2015-01-30,0.010066076496469758
2015-02-02,0.010540501556065934
2015-02-03,0.010750014436786606
2015-02-04,0.01112206346946552
2015-02-05,0.010587123283235293
2015-02-06,0.01048384697170243
2015-02-09,0.009968786433446702
2015-02-10,0.009542189478293257
2015-02-11,0.009616500463392446
2015-02-12,0.00908077876437171
2015-02-13,0.009101022112571891
2015-02-16,0.008682778843898217
2015-02-17,0.008222633716482698
2015-02-18,0.007805580399392241
2015-02-19,0.0074228406500637225
2015-02-20,0.007088729352087058
2015-02-23,0.007010577067183307
2015-02-24,0.006697963098639526
2015-02-25,0.006447851340559149
2015-02-26,0.006196776828511989
2015-02-27,0.005992971626824274
2015-03-02,0.005890215207285696
2015-03-03,0.005969209350415932
2015-03-04,0.005999943925548868
2015-03-05,0.006012266241112412
2015-03-06,0.005789483201257566
2015-03-09,0.007485489738414421
2015-03-10,0.007211830963612447
2015-03-11,0.009080798734420907
2015-03-12,0.008626935774880516
2015-03-13,0.009095404557918803
2015-03-16,0.00888641474387984
2015-03-17,0.009446533812471623
2015-03-18,0.009018159241875058
2015-03-19,0.009357999109634734
2015-03-20,0.009029197413583542
2015-03-23,0.00898855904028731
2015-03-24,0.008537098391948626
2015-03-25,0.008397249965816159
2015-03-26,0.009460285771564346
2015-03-27,0.008990053751674307
2015-03-30,0.00852312471614465
2015-03-31,0.00895701245971216
2015-04-01,0.009042205213520062
2015-04-02,0.00868617935039641
2015-04-03,0.00828184527757342
2015-04-06,0.00785508280192978
2015-04-07,0.007727732994006286
2015-04-08,0.007399225860099565
2015-04-09,0.007080070854337269
2015-04-10,0.006877017936746487
2015-04-13,0.006748013320250574
2015-04-14,0.006682367800560766
2015-04-15,0.006402232639145394
2015-04-16,0.006324725626614156
2015-04-17,0.006085854694133662
2015-04-20,0.007095509275376296
2015-04-21,0.0073569706734199145
2015-04-22,0.007041297540417311
2015-04-23,0.0068851361208514365
2015-04-24,0.006603574975599273
2015-04-27,0.0063456533894297555
2015-04-28,0.00629157485619665
2015-04-29,0.006082235991919053
2015-04-30,0.0060273399667168095
2015-05-01,0.006832006476125645
2015-05-04,0.007381067741311646
2015-05-05,0.007072653374848495
2015-05-06,0.00794299477027125
2015-05-07,0.007730541351705207
2015-05-08,0.007424659129384451
2015-05-11,0.008264794652046171
2015-05-12,0.00806611741497717
2015-05-13,0.0077467496973909625
2015-05-14,0.0073689716976553495
2015-05-15,0.007796107929552823
2015-05-18,0.007408187333638672
2015-05-19,0.007101300916907582
2015-05-20,0.006786496028056441
2015-05-21,0.006507475569140958
2015-05-22,0.006261396092696722
2015-05-25,0.0060854791287205156
2015-05-26,0.0058554431479532565
2015-05-27,0.0067289515213874275
2015-05-28,0.007041597422940502
2015-05-29,0.006748333299832665
2015-06-01,0.006858260529079108
2015-06-02,0.006571024766829986
2015-06-03,0.006314594530994607
2015-06-04,0.006080803871972525
2015-06-05,0.006619536051926655
2015-06-08,0.006372184220296797
2015-06-09,0.006557081388651595
2015-06-10,0.006279352022585467
2015-06-11,0.007132817838221513
2015-06-12,0.006813359655206964
2015-06-15,0.006993833093245306
2015-06-16,0.006901986882030729
2015-06-17,0.0068089174872877425
2015-06-18,0.0065243347959121935
2015-06-19,0.006978073297383773
2015-06-22,0.006949995128262963
2015-06-23,0.006886010966520266
2015-06-24,0.006577902294662962
2015-06-25,0.006841600570278665
2015-06-26,0.006646157136734491
2015-06-29,0.0063684487104462865
2015-06-30,0.009493274574750198
2015-07-01,0.008991623471601998
2015-07-02,0.008763715411076007
2015-07-03,0.008300011966176128
2015-07-06,0.007871724345202672
2015-07-07,0.007625219325805942
2015-07-08,0.0074800123919844365
2015-07-09,0.009200365085668348
2015-07-10,0.008713575414890113
2015-07-13,0.009129232494970614
2015-07-14,0.009309422443590195
2015-07-15,0.00889011865556291
2015-07-16,0.00842234586022997
2015-07-17,0.008356989924863032
2015-07-20,0.007923305590912755
2015-07-21,0.007524527571667355
2015-07-22,0.00734305731039468
2015-07-23,0.007065313429398693
2015-07-24,0.007062589360042138
2015-07-27,0.007739064220580266
2015-07-28,0.007660796318041068
2015-07-29,0.008275841955625939
2015-07-30,0.008162134954812479
2015-07-31,0.007745216143150134
2015-08-03,0.007423876645963406
2015-08-04,0.007156749777047472
2015-08-05,0.006890649086055406
2015-08-06,0.0066359811995167165
2015-08-07,0.0069436386098974
2015-08-10,0.006731654080130787
2015-08-11,0.007615005461505841
2015-08-12,0.008008345883921712
2015-08-13,0.007603049634990986
2015-08-14,0.007258591061040278
2015-08-17,0.007005697237651446
2015-08-18,0.006862692485792236
2015-08-19,0.006645010250402794
2015-08-20,0.0070213545205767966
2015-08-21,0.009944269337511686
2015-08-24,0.014493960967115346
2015-08-25,0.01927899146848054
2015-08-26,0.018645935826999728
2015-08-27,0.021536811644140435
2015-08-28,0.021602408774421673
2015-08-31,0.020186997595932104
2015-09-01,0.019111956287124223
2015-09-02,0.02060929131028832
2015-09-03,0.020140645959573295
2015-09-04,0.018829181764645722
2015-09-07,0.01841228081331396
2015-09-08,0.017223497289228104
2015-09-09,0.01804190979172916
2015-09-10,0.017572446340496827
2015-09-11,0.016516819736446184
2015-09-14,0.015517215139289742
2015-09-15,0.014619848274042373
2015-09-16,0.014296152313391588
2015-09-17,0.013673601877115537
2015-09-18,0.012869775897925128
2015-09-21,0.013342610060296451
2015-09-22,0.012589961136793244
2015-09-23,0.012599144318075312
2015-09-24,0.011864686274390569
2015-09-25,0.011231132256567824
2015-09-28,0.010572996855545523
2015-09-29,0.013366592421628482
2015-09-30,0.01254371604897587
2015-10-01,0.013282360657649855
2015-10-02,0.012472468634682416
2015-10-05,0.012572824259346018
2015-10-06,0.013189023369215007
2015-10-07,0.01245680748860953
2015-10-08,0.011960732636853195
2015-10-09,0.011571340509468307
2015-10-12,0.010881371841335665
2015-10-13,0.010246719417669454
2015-10-14,0.009975733565356438
2015-10-15,0.009576646730003012
2015-10-16,0.010210550844162463
2015-10-19,0.009716954288526375
2015-10-20,0.009171484313280982
2015-10-21,0.008695348507063166
2015-10-22,0.008509702052759142
2015-10-23,0.00966384342712639
2015-10-26,0.009762774781979454
2015-10-27,0.009251292041822094
2015-10-28,0.008805981240386961
2015-10-29,0.009137007924337083
2015-10-30,0.00864446232758135
2015-11-02,0.008383857029773867
2015-11-03,0.008790028982178077
2015-11-04,0.008349319222724904
2015-11-05,0.008035398379594567
2015-11-06,0.007648762081444786
2015-11-09,0.007280102686624332
2015-11-10,0.0077731782084983604
2015-11-11,0.007393382577207009
2015-11-12,0.007155959563797593
2015-11-13,0.008413278683503927
2015-11-16,0.008909740059496069
2015-11-17,0.009680007765989066
2015-11-18,0.009159780731840235
2015-11-19,0.010087515110005553
2015-11-20,0.009529502929993461
2015-11-23,0.009062465412986243
2015-11-24,0.008590780256066017
2015-11-25,0.008138552693076806
2015-11-26,0.007725098711147738
2015-11-27,0.007345723109372506
2015-11-30,0.00699662661761736
2015-12-01,0.006906023183653543
2015-12-02,0.0074038117316940185
2015-12-03,0.008058894776080135
2015-12-04,0.009166154920625167
2015-12-07,0.010899120498128927
2015-12-08,0.010572623780656846
2015-12-09,0.01024002875885476
2015-12-10,0.010051385058526686
2015-12-11,0.009495084820758466
2015-12-14,0.011237498063817604
2015-12-15,0.010664132772700358
2015-12-16,0.0105852062859398
2015-12-17,0.01099435252994061
2015-12-18,0.011617024090083224
2015-12-21,0.012569378674904668
2015-12-22,0.012045289673303787
2015-12-23,0.011647162826111456
2015-12-24,0.011638034122872194
2015-12-25,0.010967552850623783
2015-12-28,0.01032561514156054
2015-12-29,0.009775863548183756
2015-12-30,0.009813109709509686
2015-12-31,0.009624738381239272
2016-01-04,0.009690308850898229
2016-01-05,0.010605380472831995
2016-01-06,0.01000083240653476
2016-01-07,0.010504791868133911
2016-01-08,0.012877415361510814
2016-01-11,0.012687794216147588
2016-01-12,0.01191389751865455
2016-01-13,0.011453603836625047
2016-01-14,0.01383039152420832
2016-01-15,0.014032158499958546
2016-01-18,0.015154777308984894
2016-01-19,0.014200313601412783
2016-01-20,0.013314173746924817
2016-01-21,0.013161959095776358
2016-01-22,0.01244786666190809
2016-01-25,0.013392965739195154
2016-01-26,0.013710059647395238
2016-01-27,0.013627744140778142
2016-01-28,0.013353811923758428
2016-01-29,0.012638166879562946
2016-02-01,0.014312491731264804
2016-02-02,0.01342260252682085
2016-02-03,0.014191196639609362
2016-02-04,0.013386739293244439
2016-02-05,0.012564432612625463
2016-02-08,0.01344813632314337
2016-02-09,0.013563567781460992
2016-02-10,0.012731254653588512
2016-02-11,0.011956660574789377
2016-02-12,0.012049126161116286
2016-02-15,0.012948373430299103
2016-02-16,0.01215634158229768
2016-02-17,0.012588738576288146
2016-02-18,0.012947821118808909
2016-02-19,0.012281877043150966
2016-02-22,0.011539946817371232
2016-02-23,0.0117916379001336
2016-02-24,0.011926082875290765
2016-02-25,0.011282692132423921
2016-02-26,0.011203433198082521
2016-02-29,0.010573783603157957
2016-03-01,0.01038296417989226
2016-03-02,0.012456256539646477
2016-03-03,0.011757837996797802
2016-03-04,0.011096283918608285
2016-03-07,0.010481919584142976
2016-03-08,0.009876155715193156
2016-03-09,0.010134943644731432
2016-03-10,0.009671414285425083
2016-03-11,0.009130103450728263
2016-03-14,0.010103863334424352
2016-03-15,0.009547439008576176
2016-03-16,0.009051596024065668
2016-03-17,0.008720984910963545
2016-03-18,0.008495290715840736
2016-03-21,0.008148605758735869
2016-03-22,0.007731638175716371
2016-03-23,0.0073655218534502956
2016-03-24,0.0073966412724528795
2016-03-25,0.007050589354495584
2016-03-28,0.006730585724835446
2016-03-29,0.006436623406219505
2016-03-30,0.0067525025426102125
2016-03-31,0.006577654009961493
2016-04-01,0.006359354760662387
2016-04-04,0.006393958259436811
2016-04-05,0.006262512205193885
2016-04-06,0.007016090564877151
2016-04-07,0.007467611543640399
2016-04-08,0.00827503976036701
2016-04-11,0.007880614090885365
2016-04-12,0.007568307732909528
2016-04-13,0.007809367612706677
2016-04-14,0.008061121469239483
2016-04-15,0.007651706913414241
2016-04-18,0.007295152697301713
2016-04-19,0.007228931332081036
2016-04-20,0.006940396914600019
2016-04-21,0.006627601741961866
2016-04-22,0.006634363525987103
2016-04-25,0.006351841981137253
2016-04-26,0.006146182469305581
2016-04-27,0.0059224636069714195
2016-04-28,0.005715882015000854
2016-04-29,0.006433916365672259
2016-05-02,0.006453466430458788
2016-05-03,0.006637787205748895
2016-05-04,0.007077106864227789
2016-05-05,0.007099534466145354
2016-05-06,0.006777960643234866
2016-05-09,0.006536990209881653
2016-05-10,0.00626108592695602
2016-05-11,0.007198194811439795
2016-05-12,0.007666780486744221
2016-05-13,0.007294214958629357
2016-05-16,0.007590589882591909
2016-05-17,0.007845498200738184
2016-05-18,0.008178923326394782
2016-05-19,0.007759370072069406
2016-05-20,0.0075143068705891
2016-05-23,0.007376788911310591
2016-05-24,0.007082179636104019
2016-05-25,0.008039207870370992
2016-05-26,0.007922434968609525
2016-05-27,0.007528305466690155
2016-05-30,0.007269001784146706
2016-05-31,0.006929506233423762
2016-06-01,0.006639102315256794
2016-06-02,0.006356117680538936
2016-06-03,0.0061424886075297815
2016-06-06,0.006019605317000972
2016-06-07,0.005968657938707327
2016-06-08,0.00575133058469838
2016-06-09,0.005624651463466941
2016-06-10,0.005491706917862274
2016-06-13,0.0062520700515831225
2016-06-14,0.006679639655715466
2016-06-15,0.006440476600396028
2016-06-16,0.006227059989340969
2016-06-17,0.00604018334668295
2016-06-20,0.0059531618866364355
2016-06-21,0.00599167216566519
2016-06-22,0.005810818331649362
2016-06-23,0.005654600546803286
2016-06-24,0.006923011226570744
2016-06-27,0.014106438655575535
2016-06-28,0.014659661966947528
2016-06-29,0.014877586510672527
2016-06-30,0.014974012662417529
2016-07-01,0.014680722434039714
2016-07-04,0.013766895176426408
2016-07-05,0.012914137650077455
2016-07-06,0.012378502142615424
2016-07-07,0.011735799819568807
2016-07-08,0.011044159768069294
2016-07-11,0.011481257443786294
2016-07-12,0.010839078193039167
2016-07-13,0.010427687035417616
2016-07-14,0.009826859969150335
2016-07-15,0.009402316229102505
2016-07-18,0.008895968273561042
2016-07-19,0.008437244142567541
2016-07-20,0.00802387731738777
2016-07-21,0.007714977783259257
2016-07-22,0.007468434528889808
2016-07-25,0.00723094115046628
2016-07-26,0.00699730628188094
2016-07-27,0.006679760629420847
2016-07-28,0.006418599770422599
2016-07-29,0.006162864072152037
2016-08-01,0.005932220678781552
2016-08-02,0.005747747780948054
2016-08-03,0.006020008709460054
2016-08-04,0.0058550192693150194
2016-08-05,0.005645546386299863
2016-08-08,0.0060752394461786995
2016-08-09,0.005864419991866998
2016-08-10,0.005652991609094144
2016-08-11,0.005584106508104006
2016-08-12,0.005575047903132607
2016-08-15,0.005412248506004295
2016-08-16,0.005297531417490706
2016-08-17,0.005533274211538676
2016-08-18,0.005371690358445834
2016-08-19,0.005237464911459453
2016-08-22,0.005135095747435763
2016-08-23,0.005013187470511005
2016-08-24,0.004910612820150873
2016-08-25,0.005183013173575498
2016-08-26,0.005083553925234535
2016-08-29,0.005005463951191547
2016-08-30,0.00512253914374175
2016-08-31,0.005059600133711963
2016-09-01,0.005030424743560297
2016-09-02,0.004909440425829976
2016-09-05,0.004946599882790998
2016-09-06,0.004834283464677824
2016-09-07,0.004797449810169989
2016-09-08,0.0047042035291235676
2016-09-09,0.004710702629822709
2016-09-12,0.009693490617826782
2016-09-13,0.010279309729529491
2016-09-14,0.010999565764703696
2016-09-15,0.010360810802381586
2016-09-16,0.010266693329427513
2016-09-19,0.009787583575080078
2016-09-20,0.009238143712745207
2016-09-21,0.008730916741784854
2016-09-22,0.008952231264032662
2016-09-23,0.008694493387902931
2016-09-26,0.008501415599811053
2016-09-27,0.008626199992346461
2016-09-28,0.008398940494316673
2016-09-29,0.008113678465999561
2016-09-30,0.008391022669167214
2016-10-03,0.00832496222617232
2016-10-04,0.007997368804377063
2016-10-05,0.007817514161503997
2016-10-06,0.007530100603607623
2016-10-07,0.007164992204513272
2016-10-10,0.006952765522834917
2016-10-11,0.006772868986639504
2016-10-12,0.00782687143839076
2016-10-13,0.0074383980130753565
2016-10-14,0.007188782302808942
2016-10-17,0.006854789637611427
2016-10-18,0.006661881536563037
2016-10-19,0.006640077623729147
2016-10-20,0.006376921242872247
2016-10-21,0.006151264176156549
2016-10-24,0.00591587704620273
2016-10-25,0.005866012284985617
2016-10-26,0.005843014612845164
2016-10-27,0.005687380300381675
2016-10-28,0.005622984925889746
2016-10-31,0.005575397473284886
2016-11-01,0.00539782266293845
2016-11-02,0.0057916850374641225
2016-11-03,0.006078042083398643
2016-11-04,0.00608328191996987
2016-11-07,0.005898936984086575
2016-11-08,0.00914915529787252
2016-11-09,0.008713702030374366
2016-11-10,0.008958188697559075
2016-11-11,0.00848528937043789
2016-11-14,0.008066731224066178
2016-11-15,0.007659227288128921
2016-11-16,0.007637324787963685
2016-11-17,0.0072993647790810445
2016-11-18,0.007087110698684315
2016-11-21,0.00683441414939527
2016-11-22,0.006921910700154228
2016-11-23,0.006631476559511772
2016-11-24,0.006347007883642907
2016-11-25,0.006091889020878333
2016-11-28,0.005962295318722555
2016-11-29,0.006067717985629641
2016-11-30,0.005841327511381573
2016-12-01,0.005736137992299182
2016-12-02,0.005706205359841184
2016-12-05,0.005510490884252321
2016-12-06,0.005613065567007584
2016-12-07,0.005507652006153807
2016-12-08,0.006778084530365138
2016-12-09,0.0065009553411229225
2016-12-12,0.0064792936651632835
2016-12-13,0.006235569327413918
2016-12-14,0.0063087015524628375
2016-12-15,0.006726033339148653
2016-12-16,0.006525948767644582
2016-12-19,0.006300054013410763
2016-12-20,0.006063826028790904
2016-12-21,0.005920783892751777
2016-12-22,0.005794485269157247
2016-12-23,0.005649932196667529
2016-12-26,0.005463948718605588
2016-12-27,0.005296188431313931
2016-12-28,0.005171950329097543
2016-12-29,0.00586359403220686
2016-12-30,0.005659632829282239
2017-01-02,0.005743434599707725
2017-01-03,0.005547160777686123
2017-01-04,0.005978757712369226
2017-01-05,0.00600553834259217
2017-01-06,0.0057979211793022355
2017-01-09,0.005677584095240218
2017-01-10,0.005657821364253465
2017-01-11,0.005470187185279402
2017-01-12,0.0053506885857699735
2017-01-13,0.005271559328490459
2017-01-16,0.005137404561371671
2017-01-17,0.005004193638678004
2017-01-18,0.0050255728133582755
2017-01-19,0.004916181988901296
2017-01-20,0.005006018819818286
2017-01-23,0.004970485394174165
2017-01-24,0.004974950578821314
2017-01-25,0.005249230634355113
2017-01-26,0.005671665550164466
2017-01-27,0.005497088026792624
2017-01-30,0.005344627817617676
2017-01-31,0.005640423958807405
2017-02-01,0.0054735525348450585
2017-02-02,0.005301995448857042
2017-02-03,0.00514736729819952
2017-02-06,0.005482244640023812
2017-02-07,0.005386041130391651
2017-02-08,0.005224059059050399
2017-02-09,0.005077768535174821
2017-02-10,0.005238917412334098
2017-02-13,0.005187202441607102
2017-02-14,0.005279035789367098
2017-02-15,0.005252481736856548
2017-02-16,0.005310784669160696
2017-02-17,0.005178309495254014
2017-02-20,0.0050498857481365315
2017-02-21,0.004926189198084945
2017-02-22,0.005145688496748646
2017-02-23,0.005039034691416542
2017-02-24,0.004912857940465283
2017-02-27,0.004809658459099243
2017-02-28,0.004710668736333958
2017-03-01,0.004741672077745646
2017-03-02,0.006368977096084381
2017-03-03,0.006482101314531628
2017-03-06,0.006211144769131997
2017-03-07,0.006105461831968668
2017-03-08,0.005986891836207827
2017-03-09,0.005843311484307372
2017-03-10,0.005633986915719293
2017-03-13,0.005518271671107128
2017-03-14,0.0053417439010060444
2017-03-15,0.005351668961376399
2017-03-16,0.005805167606669654
2017-03-17,0.00564844998277638
2017-03-20,0.005495485566365845
2017-03-21,0.00539190272322768
2017-03-22,0.006822748269394353
2017-03-23,0.006534811369507556
2017-03-24,0.006283365270378452
2017-03-27,0.006050228464671083
2017-03-28,0.005845279777366821
2017-03-29,0.006058115385891908
2017-03-30,0.005829692459971924
2017-03-31,0.005675678201908404
2017-04-03,0.005565256084942799
2017-04-04,0.005435319124180656
2017-04-05,0.005266801021858274
2017-04-06,0.0052603065761923536
2017-04-07,0.005129630833294093
2017-04-10,0.005015946748649018
2017-04-11,0.004892045756304488
2017-04-12,0.004829739283820429
2017-04-13,0.004947105372474012
2017-04-14,0.005435010313448984
2017-04-17,0.005270255238640093
2017-04-18,0.005776407007813922
2017-04-19,0.005695446767903768
2017-04-20,0.0055546724441756625
2017-04-21,0.005855365847496742
2017-04-24,0.00577424587030672
2017-04-25,0.006535018574751231
2017-04-26,0.006523051057863766
2017-04-27,0.0062586554618535885
2017-04-28,0.006008678877882912
2017-05-01,0.005843481112122259
2017-05-02,0.005646621191095597
2017-05-03,0.0054601663634642646
2017-05-04,0.005325875653870726
2017-05-05,0.005168737488318689
2017-05-08,0.0051623786834286275
2017-05-09,0.0050259932958891685
2017-05-10,0.004930820757188692
2017-05-11,0.004819535331344506
2017-05-12,0.004806995966504251
2017-05-15,0.004757126771511913
2017-05-16,0.004867240794660955
2017-05-17,0.00477893208597066
2017-05-18,0.007887656007056454
2017-05-19,0.0075628371206927225
2017-05-22,0.007484538153372519
2017-05-23,0.007285072633052434
2017-05-24,0.006953823887988292
2017-05-25,0.006669851903313479
2017-05-26,0.006509953566515109
2017-05-29,0.006237046779922119
2017-05-30,0.005992402623495775
2017-05-31,0.0057994193961239246
2017-06-01,0.005605129672008197
2017-06-02,0.0058988116551697825
2017-06-05,0.005778318853295567
2017-06-06,0.005607960910579975
2017-06-07,0.005538564781805271
2017-06-08,0.0053693739774369285
2017-06-09,0.005208830438659142
2017-06-12,0.0050864545483309135
2017-06-13,0.004982721635658445
2017-06-14,0.0050358199527767555
2017-06-15,0.004938449582105212
2017-06-16,0.00491565927891246
2017-06-19,0.0048037967970628445
2017-06-20,0.0053682915136979825
2017-06-21,0.005754751239510233
2017-06-22,0.005567747088197434
2017-06-23,0.0053970837800924685
2017-06-26,0.00524255328867148
2017-06-27,0.005095034116145535
2017-06-28,0.00575562886570201
2017-06-29,0.006194112566751423
2017-06-30,0.006706575961850898
2017-07-03,0.006422521882219549
2017-07-04,0.006183870183130494
2017-07-05,0.005944328207918555
2017-07-06,0.005731892766241076
2017-07-07,0.006470370067621367
2017-07-10,0.006497148729678136
2017-07-11,0.006225730772342034
2017-07-12,0.005996623959830016
2017-07-13,0.006191791727941861
2017-07-14,0.0059636401226072985
2017-07-17,0.00590194170083344
2017-07-18,0.005690524430009801
2017-07-19,0.005495994224578483
2017-07-20,0.00555586418540015
2017-07-21,0.005380774665671673
2017-07-24,0.005227824085784448
2017-07-25,0.005111282271665253
2017-07-26,0.005037671760380963
2017-07-27,0.004912396757365633
2017-07-28,0.0048283860669977655
2017-07-31,0.004769424221610685
2017-08-01,0.004693750119489661
2017-08-02,0.004647495514181642
2017-08-03,0.004564954608838149
2017-08-04,0.004587430771683146
2017-08-07,0.004532569745203997
2017-08-08,0.004477250492053746
2017-08-09,0.0045283518842176495
2017-08-10,0.004471083243425037
2017-08-11,0.006731181371123099
2017-08-14,0.006441207609378408
2017-08-15,0.006931809461120098
2017-08-16,0.006629648499852941
2017-08-17,0.006350986861507252
2017-08-18,0.008150060168491895
2017-08-21,0.007774621627375455
2017-08-22,0.0073907751162038205
2017-08-23,0.007697210070588196
2017-08-24,0.007442546134256373
2017-08-25,0.0071412381217144764
2017-08-28,0.006819815960591522
2017-08-29,0.006517791273135744
2017-08-30,0.006244001982334329
2017-08-31,0.0061444053706062795
2017-09-01,0.0061489617957353505
2017-09-04,0.005927739963311435
2017-09-05,0.005713130222293018
2017-09-06,0.006159056014944687
2017-09-07,0.005979096151575134
2017-09-08,0.005761810758130576
2017-09-11,0.0056037943705600805
2017-09-12,0.006404666197342116
2017-09-13,0.006210484187839281
2017-09-14,0.005965335552075322
2017-09-15,0.005771589998787823
2017-09-18,0.0055847717490637
2017-09-19,0.005408656910507791
2017-09-20,0.0052457536207711885
2017-09-21,0.005097070739755763
2017-09-22,0.005112257690553945
2017-09-25,0.004977843535405325
2017-09-26,0.004948932340138043
2017-09-27,0.004835424167756737
2017-09-28,0.004873429505675664
2017-09-29,0.004769549801893862
2017-10-02,0.004787510486952344
2017-10-03,0.004815601235535216
2017-10-04,0.004742857726703568
2017-10-05,0.004654426995102906
2017-10-06,0.0048730274938464865
2017-10-09,0.004797427290664769
2017-10-10,0.0047659668170671006
2017-10-11,0.004705515720741067
2017-10-12,0.004633955132433853
2017-10-13,0.0046165951755529535
2017-10-16,0.004538516051709268
2017-10-17,0.004485344001044362
2017-10-18,0.004421739756032203
2017-10-19,0.004365933453187469
2017-10-20,0.004317481494748909
2017-10-23,0.004533683929810447
2017-10-24,0.0047201250802353985
2017-10-25,0.004641839308479996
2017-10-26,0.004889641853588508
2017-10-27,0.004784947240281701
2017-10-30,0.005310174073552154
2017-10-31,0.005308939097381294
2017-11-01,0.005154923757846851
2017-11-02,0.005027046320581869
2017-11-03,0.0049036870728757405
2017-11-06,0.004864756912410222
2017-11-07,0.004762863993172055
2017-11-08,0.004674350930757074
2017-11-09,0.004597435826858915
2017-11-10,0.004751114706946085
2017-11-13,0.00468331411736819
2017-11-14,0.004598392877315491
2017-11-15,0.004625078242850319
2017-11-16,0.004988419940921233
2017-11-17,0.005489229542759083
2017-11-20,0.0054237607557681144
2017-11-21,0.005261402840516544
2017-11-22,0.005483691308748222
2017-11-23,0.0053292230868749145
2017-11-24,0.005175544360438687
2017-11-27,0.005058092165812521
2017-11-28,0.004940361933626885
2017-11-29,0.005727540465061765
2017-11-30,0.005538689590232849
2017-12-01,0.005929234981661995
2017-12-04,0.0057781126646145
2017-12-05,0.005602036034671052
2017-12-06,0.005608313549557179
2017-12-07,0.005427247411316274
2017-12-08,0.005317509615899793
2017-12-11,0.005416194578811333
2017-12-12,0.005321746298563158
2017-12-13,0.005174957718780518
2017-12-14,0.005046438651116529
2017-12-15,0.005162364179856522
2017-12-18,0.005748517133345336
2017-12-19,0.005772707183795686
2017-12-20,0.0057158545358861335
2017-12-21,0.005539292455679146
2017-12-22,0.005380330110752127
2017-12-25,0.0052293787154168055
2017-12-26,0.005086289839895714
2017-12-27,0.004985472551204793
2017-12-28,0.00486525549982017
2017-12-29,0.004776000825933137
2018-01-02,0.0050651429702713024
2018-01-03,0.0055663388930576665
2018-01-04,0.005723054937528596
2018-01-05,0.005643502530561989
2018-01-08,0.005862569918925881
2018-01-09,0.005662256935200613
2018-01-10,0.005475740061407382
2018-01-11,0.005333761241538221
2018-01-12,0.00560495306995162
2018-01-15,0.005796115102099255
2018-01-16,0.005594564401611152
2018-01-17,0.00558349508110892
2018-01-18,0.006149577666028336
2018-01-19,0.00595625934478882
2018-01-22,0.005873945090907792
2018-01-23,0.006186455313556436
2018-01-24,0.005966888919580133
2018-01-25,0.005757973692514341
2018-01-26,0.005556694171322791
2018-01-29,0.006552994992952754
2018-01-30,0.006741375417052853
2018-01-31,0.007519935086031409
2018-02-01,0.007155697995401156
2018-02-02,0.00683605425635633
2018-02-05,0.00985922700066345
2018-02-06,0.016996263997689
2018-02-07,0.016863576308651103
2018-02-08,0.015895812242019483
2018-02-09,0.0197792018905328
2018-02-12,0.01909790782501894
2018-02-13,0.01840138405617219
2018-02-14,0.017225507439133224
2018-02-15,0.016674780361813434
2018-02-16,0.01607042411038139
2018-02-19,0.015048430215670351
2018-02-20,0.014101711448892263
2018-02-21,0.013398451983922264
2018-02-22,0.01273682012341739
2018-02-23,0.01195962182269879
2018-02-26,0.012356198730869229
2018-02-27,0.012188256616914035
2018-02-28,0.0122986299301153
2018-03-01,0.012206552169561697
2018-03-02,0.012392316925688285
2018-03-05,0.01173612135158858
2018-03-06,0.011569119330659875
2018-03-07,0.010900762906615317
2018-03-08,0.010268403872408466
2018-03-09,0.009764962452094935
2018-03-12,0.010771287875277626
2018-03-13,0.01016188088672971
2018-03-14,0.009861934860309342
2018-03-15,0.009543481066359445
2018-03-16,0.009022969456713931
2018-03-19,0.00854071142134958
2018-03-20,0.009507292424112504
2018-03-21,0.008982835191131836
2018-03-22,0.008534959076346561
2018-03-23,0.011906971548960518
2018-03-26,0.013362803534599552
2018-03-27,0.015308888777252845
2018-03-28,0.015562011096644877
2018-03-29,0.014624103228422674
2018-03-30,0.014391482046692971
2018-04-02,0.01349277708234561
2018-04-03,0.014853878978560293
2018-04-04,0.014484267243207567
2018-04-05,0.014061044216118401
2018-04-06,0.013350374626890158
2018-04-09,0.014666777594539665
2018-04-10,0.013777100827841636
2018-04-11,0.013990458815940004
2018-04-12,0.013279825277498136
2018-04-13,0.01272094876095889
2018-04-16,0.012001191355678516
2018-04-17,0.01155419604290176
2018-04-18,0.011372043091585429
2018-04-19,0.01069747600790282
2018-04-20,0.010295871054575315
2018-04-23,0.010178916978124685
2018-04-24,0.009598028787577624
2018-04-25,0.010214355145669794
2018-04-26,0.009638015835003802
2018-04-27,0.009671719105901734
2018-04-30,0.009130878630981915
2018-05-01,0.009123392128708295
2018-05-02,0.008649706303550456
2018-05-03,0.008599630567421909
2018-05-04,0.00819973399789388
2018-05-07,0.008777309543604879
2018-05-08,0.008362124419797707
2018-05-09,0.007931361972040614
2018-05-10,0.00811884232914874
2018-05-11,0.008240957002881048
2018-05-14,0.007824021615334157
2018-05-15,0.007434115988575312
2018-05-16,0.007505877183323081
2018-05-17,0.007236331346165178
2018-05-18,0.006913950670042562
2018-05-21,0.006691377176548108
2018-05-22,0.006791072088115799
2018-05-23,0.006611085373639843
2018-05-24,0.006390168667600835
2018-05-25,0.006190257585345059
2018-05-28,0.006028580052787277
2018-05-29,0.00580408146131132
2018-05-30,0.006937656551270082
2018-05-31,0.0077545848148314325
2018-06-01,0.007786555507377961
2018-06-04,0.008150816045276626
2018-06-05,0.007841008931667897
2018-06-06,0.007449103286108792
2018-06-07,0.0075738486284728105
2018-06-08,0.007218152541534873
2018-06-11,0.006932322106077939
2018-06-12,0.006621933918404891
2018-06-13,0.0063496370050073634
2018-06-14,0.00628538680027935
2018-06-15,0.006065549186984122
2018-06-18,0.005858981634175567
2018-06-19,0.0057208529784555885
2018-06-20,0.005736654248034446
2018-06-21,0.005550176038908243
2018-06-22,0.005854554369705559
2018-06-25,0.005659669894914011
2018-06-26,0.007296722428111721
2018-06-27,0.0069728475661817125
2018-06-28,0.007341365102852417
2018-06-29,0.007237406128129642
2018-07-02,0.006898079109912049
2018-07-03,0.006640718963429214
2018-07-04,0.00662191195039133
2018-07-05,0.006341025452695926
2018-07-06,0.0066469604122538425
2018-07-09,0.006883892529206355
2018-07-10,0.007126296014900454
2018-07-11,0.006864585874665006
2018-07-12,0.007049517109876729
2018-07-13,0.007256357118875142
2018-07-16,0.006917052515061001
2018-07-17,0.006628434464175921
2018-07-18,0.006443836185871753
2018-07-19,0.006198645331122978
2018-07-20,0.006146886930525801
2018-07-23,0.00593012204520248
2018-07-24,0.0057270276414697115
2018-07-25,0.0057033955448021435
2018-07-26,0.006196061541725576
2018-07-27,0.0060751021670620775
2018-07-30,0.006318549201482298
2018-07-31,0.006427164295130902
2018-08-01,0.00632614738203145
2018-08-02,0.006094403847027927
2018-08-03,0.006036572693275245
2018-08-06,0.005963782719306663
2018-08-07,0.005826130842037941
2018-08-08,0.005667495155983322
2018-08-09,0.005482773866711081
2018-08-10,0.005353001389955252
2018-08-13,0.005803875691370488
2018-08-14,0.005807095792955312
2018-08-15,0.0059262143635679335
2018-08-16,0.00633909326463019
2018-08-17,0.00655482991178094
2018-08-20,0.006343165504654454
2018-08-21,0.006116103888962436
2018-08-22,0.005900471911619635
2018-08-23,0.005694776391385402
2018-08-24,0.005552906853356953
2018-08-27,0.005689430400429283
2018-08-28,0.005981490403168345
2018-08-29,0.005759193077619374
2018-08-30,0.005814085702167121
2018-08-31,0.005855508908919457
2018-09-03,0.00564663852073161
2018-09-04,0.005460138848913526
2018-09-05,0.005342465111966955
2018-09-06,0.0053073723527526625
2018-09-07,0.005345645934164081
2018-09-10,0.005271175830513276
2018-09-11,0.0051384032342183085
2018-09-12,0.0051107421264620125
2018-09-13,0.004977084614336099
2018-09-14,0.005103980341028347
2018-09-17,0.004971559536576997
2018-09-18,0.005275836606633464
2018-09-19,0.005366878171383407
2018-09-20,0.005210154287668337
2018-09-21,0.0056134089879308095
2018-09-24,0.005436210012300673
2018-09-25,0.005445147289440399
2018-09-26,0.005313843640230345
2018-09-27,0.005320008547472947
2018-09-28,0.005214334190235723
2018-10-01,0.005072943539956476
2018-10-02,0.005046840688407283
2018-10-03,0.004930633202192804
2018-10-04,0.004816163450512434
2018-10-05,0.005560348983939189
2018-10-08,0.005758813494133768
2018-10-09,0.0055673013243691324
2018-10-10,0.0054272736502335005
2018-10-11,0.012555115050884033
2018-10-12,0.013798137329946423
2018-10-15,0.013711500808445963
2018-10-16,0.013045401406116866
2018-10-17,0.014069963817607134
2018-10-18,0.013196418994089416
2018-10-19,0.013377425735921506
2018-10-22,0.012555984328219855
2018-10-23,0.011905537171426304
2018-10-24,0.011376596607767919
2018-10-25,0.015138657320486965
2018-10-26,0.015395922004539564
2018-10-29,0.015643153088529125
2018-10-30,0.014847892360494871
2018-10-31,0.014789689971765042
2018-11-01,0.014275974630187089
2018-11-02,0.013790381103237102
2018-11-05,0.013141272948453601
2018-11-06,0.012446294806022773
2018-11-07,0.011842448507212331
2018-11-08,0.01306357349430423
2018-11-09,0.012305432489512172
2018-11-12,0.012020718181107122
2018-11-13,0.013220949349243352
2018-11-14,0.012426526801738171
2018-11-15,0.011990303977054487
2018-11-16,0.011751336704374178
2018-11-19,0.011061081589397441
2018-11-20,0.011928738540032078
2018-11-21,0.012879575708273677
2018-11-22,0.012118822455489411
2018-11-23,0.011389035942218306
2018-11-26,0.010979098255132507
2018-11-27,0.01146652363410412
2018-11-28,0.010821357725117196
2018-11-29,0.012601661263162853
2018-11-30,0.011870466453927208
2018-12-03,0.011440786350397445
2018-12-04,0.0112999741134086
2018-12-05,0.015461649509566532
2018-12-06,0.014484877316819984
2018-12-07,0.013596387202910976
2018-12-10,0.015113885050470384
2018-12-11,0.014166419639329055
2018-12-12,0.013286558740260423
2018-12-13,0.012571714593872746
2018-12-14,0.011809167049088949
2018-12-17,0.012944909611230909
2018-12-18,0.014142584043845828
2018-12-19,0.013261749974874339
2018-12-20,0.013565743295723593
2018-12-21,0.013874993634567961
2018-12-24,0.014858376535382491
2018-12-25,0.0168070505071283
2018-12-26,0.015733102676398367
2018-12-27,0.021771403353943605
2018-12-28,0.0205172220556057
2018-12-31,0.019188064263903296
2019-01-02,0.018135657173182506
2019-01-03,0.01696693744941406
2019-01-04,0.018060338484641853
2019-01-07,0.020225489745215333
2019-01-08,0.01902814570283874
2019-01-09,0.018051556266830308
2019-01-10,0.016927964820780864
2019-01-11,0.015898366749836836
2019-01-14,0.014890678936195799
2019-01-15,0.014091815761539023
2019-01-16,0.013638174916042972
2019-01-17,0.012805007166265443
2019-01-18,0.012246998916694925
2019-01-21,0.012245598445652981
2019-01-22,0.011506247998976338
2019-01-23,0.01191135597468697
2019-01-24,0.011208472974009844
2019-01-25,0.010549380401355835
2019-01-28,0.01028127135963784
2019-01-29,0.0100980807658127
2019-01-30,0.009546616038906781
2019-01-31,0.01029520268587662
2019-02-01,0.010064446872606018
2019-02-04,0.009491422374449575
2019-02-05,0.009198153164421354
2019-02-06,0.00880182989525865
2019-02-07,0.008382955387440024
2019-02-08,0.008622616569956922
2019-02-11,0.00816507848937379
2019-02-12,0.007745702121864132
2019-02-13,0.008424058974126314
2019-02-14,0.008024271275588447
2019-02-15,0.007694088654849162
2019-02-18,0.008078315398340058
2019-02-19,0.007668727119899399
2019-02-20,0.007297832355515075
2019-02-21,0.006964250797599488
2019-02-22,0.006791332685318126
2019-02-25,0.006776530508212222
2019-02-26,0.006481888367621861
2019-02-27,0.006228163746053883
2019-02-28,0.0059931977580023645
2019-03-01,0.005881681431521837
2019-03-04,0.006046363376913436
2019-03-05,0.006007523042758593
2019-03-06,0.0058105026978004385
2019-03-07,0.006093440416030453
2019-03-08,0.00655263289157334
2019-03-11,0.006341249935875159
2019-03-12,0.0076765581042345455
2019-03-13,0.007341302193287472
2019-03-14,0.007307763380643211
2019-03-15,0.0069792055109069
2019-03-18,0.006822543893749672
2019-03-19,0.006602820052637934
2019-03-20,0.0063252305593938666
2019-03-21,0.006183928948723104
2019-03-22,0.006854995322858572
2019-03-25,0.009312707633123056
2019-03-26,0.00881200089165669
2019-03-27,0.008624323875096665
2019-03-28,0.008353899461174236
2019-03-29,0.007981813683637822
2019-04-01,0.00785055660168561
2019-04-02,0.00830618382995295
2019-04-03,0.007877233006146032
2019-04-04,0.007500247460695149
2019-04-05,0.007155094978192052
2019-04-08,0.006955512905445347
2019-04-09,0.006642861433749275
2019-04-10,0.006739616428467536
2019-04-11,0.00651668883714184
2019-04-12,0.006245204085434064
2019-04-15,0.0063242982933230385
2019-04-16,0.00608189619863232
2019-04-17,0.005848904156312302
2019-04-18,0.00572001900831815
2019-04-19,0.005532401695209629
2019-04-22,0.005357573554879305
2019-04-23,0.005199018026828123
2019-04-24,0.005755863790894936
2019-04-25,0.005632787369226007
2019-04-26,0.005453605884245237
2019-04-29,0.005457510218743963
2019-04-30,0.005289122360249587
2019-05-01,0.005137248965178427
2019-05-02,0.005693455531584037
2019-05-03,0.005573641606378101
2019-05-06,0.006177664523523134
2019-05-07,0.006174247576277344
2019-05-08,0.008282402384312252
2019-05-09,0.0078876072842533
2019-05-10,0.007589190561040242
2019-05-13,0.007294276873083051
2019-05-14,0.010892025516982824
2019-05-15,0.010549118860512156
2019-05-16,0.010091080079099379
2019-05-17,0.009910415884113951
2019-05-20,0.009595509987213459
2019-05-21,0.009389439878735096
2019-05-22,0.009253287734458146
2019-05-23,0.008819154494306177
2019-05-24,0.00935008003060019
2019-05-27,0.008836963106392736
2019-05-28,0.008364125567092748
2019-05-29,0.0084830223138561
2019-05-30,0.00842388334295542
2019-05-31,0.007998661414643
2019-06-03,0.008904626798599196
2019-06-04,0.008498933614932242
2019-06-05,0.010610189440621578
2019-06-06,0.010308327836252138
2019-06-07,0.009890540118028594
2019-06-10,0.009897741998169875
2019-06-11,0.00943582170532989
2019-06-12,0.008917745430053612
2019-06-13,0.008481965929196844
2019-06-14,0.008121048636518198
2019-06-17,0.0077406610618752725
2019-06-18,0.007358140157227877
2019-06-19,0.0076401604134155535
2019-06-20,0.007309397439709685
2019-06-21,0.00756716584975409
2019-06-24,0.007225475786723284
2019-06-25,0.006930970370242774
2019-06-26,0.007439688203166796
2019-06-27,0.007108794730518357
2019-06-28,0.006866221749816578
2019-07-01,0.006783125959144313
2019-07-02,0.006901652396742125
2019-07-03,0.006638279680827942
2019-07-04,0.006778194771355114
2019-07-05,0.006482906217117443
2019-07-08,0.0062636832422894315
2019-07-09,0.006283604781573343
2019-07-10,0.006035099767089113
2019-07-11,0.005952525203216107
2019-07-12,0.005759971170346449
2019-07-15,0.0057192819155144495
2019-07-16,0.005523632841083374
2019-07-17,0.005511773993222576
2019-07-18,0.005848332211302918
2019-07-19,0.005726082283101316
2019-07-22,0.005978026310476242
2019-07-23,0.005803493143158882
2019-07-24,0.005974774611804131
2019-07-25,0.005912847285730459
2019-07-26,0.006026396590638781
2019-07-29,0.006226755200725449
2019-07-30,0.006025508672189368
2019-07-31,0.005894751476869251
2019-08-01,0.006871679937384297
2019-08-02,0.0073159002375147286
2019-08-05,0.007455812764176675
2019-08-06,0.012534922799191266
2019-08-07,0.012477834659560271
2019-08-08,0.011719477208292601
2019-08-09,0.01256152911508735
2019-08-12,0.012043215443720567
2019-08-13,0.012125755635257746
2019-08-14,0.012377477282059063
2019-08-15,0.01544334944932462
2019-08-16,0.014480100931762196
2019-08-19,0.014332614356968565
2019-08-20,0.013973361529576265
2019-08-21,0.01341284102653172
2019-08-22,0.012841361897706335
2019-08-23,0.012061305351909404
2019-08-26,0.014479705890738397
2019-08-27,0.014007896116018569
2019-08-28,0.013197514002025248
2019-08-29,0.012543941350021856
2019-08-30,0.012449975818072336
2019-09-02,0.011693573693388408
2019-09-03,0.010996017216753173
2019-09-04,0.010652179253959494
2019-09-05,0.010598407075301113
2019-09-06,0.010805350771098019
2019-09-09,0.01017457311827173
2019-09-10,0.009595102087159007
2019-09-11,0.009059149077395905
2019-09-12,0.00884790196826436
2019-09-13,0.008406706699684754
2019-09-16,0.007979236233504727
2019-09-17,0.007678120984225893
2019-09-18,0.007330399153919731
2019-09-19,0.006983151312448759
2019-09-20,0.006669026926670375
2019-09-23,0.006641719930804998
2019-09-24,0.0063600963324516755
2019-09-25,0.006812358303521638
2019-09-26,0.006771257424820797
2019-09-27,0.006552460925240109
2019-09-30,0.006581514682514473
2019-10-01,0.006474834781782036
2019-10-02,0.007567843694150867
2019-10-03,0.009536699262308344
2019-10-04,0.009335752927881805
2019-10-07,0.009917054007905372
2019-10-08,0.009508868651792221
2019-10-09,0.010506904567162231
2019-10-10,0.010297947768377794
2019-10-11,0.009899053596502588
2019-10-14,0.009954880809599598
2019-10-15,0.00941337687736061
2019-10-16,0.00942375345775129
2019-10-17,0.008943419361049601
2019-10-18,0.008490651628530166
2019-10-21,0.00818540576222253
2019-10-22,0.008042427030801037
2019-10-23,0.0077600846464296125
2019-10-24,0.007413509891398852
2019-10-25,0.007072457085832926
2019-10-28,0.00684721038490864
2019-10-29,0.006751674149447762
2019-10-30,0.006473416720838881
2019-10-31,0.006266752942703313
2019-11-01,0.006137148463485668
2019-11-04,0.006629111969591522
2019-11-05,0.006429254435454354
2019-11-06,0.006191945202380893
2019-11-07,0.005948426824637484
2019-11-08,0.00577283162419411
2019-11-11,0.0056088833445897025
2019-11-12,0.005489906266517356
2019-11-13,0.0053257074209082335
2019-11-14,0.005168739292338007
2019-11-15,0.005028896209891286
2019-11-18,0.005446714328976426
2019-11-19,0.005277092308558818
2019-11-20,0.005140455792469861
2019-11-21,0.005211683164587957
2019-11-22,0.0051188536016510515
2019-11-25,0.005011765655554046
2019-11-26,0.005405946176374885
2019-11-27,0.005267859744387721
2019-11-28,0.005255157656586204
2019-11-29,0.005109321553317638
2019-12-02,0.005209834989018653
2019-12-03,0.005940625389033746
2019-12-04,0.0062164351851177364
2019-12-05,0.006269911297096492
2019-12-06,0.0060265204259575145
2019-12-09,0.0064613190652261
2019-12-10,0.006319223819265275
2019-12-11,0.006089897005880324
2019-12-12,0.005907108028887629
2019-12-13,0.006283605774134721
2019-12-16,0.006033762541271775
2019-12-17,0.006204333382131559
2019-12-18,0.005960140847775629
2019-12-19,0.005749180933925719
2019-12-20,0.0056974189537640375
2019-12-23,0.005691301634693414
2019-12-24,0.005497456848333769
2019-12-25,0.005329075017621025
2019-12-26,0.005175411896552022
2019-12-27,0.005257521503743501
2019-12-30,0.005111004027104294
2019-12-31,0.005418098331412126
2020-01-02,0.005310072784559534
2020-01-03,0.0057724915618262975
2020-01-06,0.006135596424913753
2020-01-07,0.0059788565230656735
2020-01-08,0.005867528280429604
2020-01-09,0.005836029723619621
2020-01-10,0.005980271839099148
2020-01-13,0.005872196748134674
2020-01-14,0.006047788975087073
2020-01-15,0.0058607889741469155
2020-01-16,0.005665481369113322
2020-01-17,0.006057192031021353
2020-01-20,0.005928261486997519
2020-01-21,0.005713600349635033
2020-01-22,0.005623164234212462
2020-01-23,0.005436375412907608
2020-01-24,0.005270937531725372
2020-01-27,0.006060535516209811
2020-01-28,0.008023998841170178
2020-01-29,0.008243926766284784
2020-01-30,0.007833127218945581
2020-01-31,0.007490242693352408
2020-02-03,0.009439029674181981
2020-02-04,0.009188440405389537
2020-02-05,0.009916050252191505
2020-02-06,0.010005772054328583
2020-02-07,0.0094810109923756
2020-02-10,0.00917742308404353
2020-02-11,0.008961195214128996
2020-02-12,0.00848379846189065
2020-02-13,0.008273418175312222
2020-02-14,0.007880201615143925
2020-02-17,0.007496567416674152
2020-02-18,0.007137042749048449
2020-02-19,0.0069077241282484835
2020-02-20,0.006739429399344371
2020-02-21,0.006612408542161266
2020-02-24,0.007353283298094125
2020-02-25,0.013572091125262906
2020-02-26,0.016506988551704224
2020-02-27,0.01552288996315959
2020-02-28,0.021135944650192307
2020-03-02,0.019975611903495765
2020-03-03,0.02388423505394276
2020-03-04,0.024348851274939406
2020-03-05,0.026527419806261988
2020-03-06,0.027421245641835363
2020-03-09,0.026285534552842323
2020-03-10,0.036254767412672854
2020-03-11,0.03740175652434581
2020-03-12,0.03881028551828945
2020-03-13,0.049462329958551064
2020-03-16,0.05479153816221812
2020-03-17,0.06677173689816972
2020-03-18,0.0651835295771321
2020-03-19,0.06339545421868911
2020-03-20,0.059124457139580304
2020-03-23,0.05714821005538472
2020-03-24,0.054248190310448675
2020-03-25,0.05874327067550624
2020-03-26,0.05489474836828769
2020-03-27,0.05499141106281041
2020-03-30,0.05259240500690623
2020-03-31,0.05022890864797825
2020-04-01,0.047175226051709596
2020-04-02,0.0465907253353366
2020-04-03,0.044071370914445726
2020-04-06,0.04144591783890511
2020-04-07,0.044772661426873146
2020-04-08,0.041763917927790786
2020-04-09,0.0404855795996887
2020-04-10,0.0380459789293465
2020-04-13,0.035492423314451356
2020-04-14,0.03330924348040825
2020-04-15,0.032618401403068736
2020-04-16,0.031388241744864535
2020-04-17,0.029344344078252288
2020-04-20,0.02872763237498107
2020-04-21,0.027533702978260702
2020-04-22,0.027820509237382895
2020-04-23,0.027005426568790618
2020-04-24,0.025215743993787166
2020-04-27,0.023961613239408836
2020-04-28,0.022868705616169892
2020-04-29,0.021454241411830447
2020-04-30,0.02181445639148161
2020-05-01,0.020649711147958123
2020-05-04,0.02161918589948588
2020-05-05,0.02023958012643816
2020-05-06,0.01912891351355904
2020-05-07,0.018068410328042624
2020-05-08,0.017289610970086834
2020-05-11,0.01706027258821894
2020-05-12,0.015967644612357508
2020-05-13,0.01657100201884783
2020-05-14,0.016670513477180182
2020-05-15,0.016024626544116048
2020-05-18,0.015047129042975125
2020-05-19,0.017400837188446736
2020-05-20,0.016705210678763842
2020-05-21,0.016523060801406367
2020-05-22,0.015722260498408736
2020-05-25,0.014737043363133822
2020-05-26,0.013813045104384454
2020-05-27,0.01352845264193222
2020-05-28,0.013546363887562578
2020-05-29,0.012740605375667836
2020-06-01,0.012045339259292204
2020-06-02,0.011368564914406935
2020-06-03,0.010992071547717714
2020-06-04,0.011221989681784004
2020-06-05,0.010642004714990817
2020-06-08,0.013125914936614651
2020-06-09,0.012895914889285072
2020-06-10,0.012431012205618435
2020-06-11,0.011843445139515255
2020-06-12,0.0233840450505731
2020-06-15,0.02223472078005501
2020-06-16,0.020934051003557122
2020-06-17,0.02049404029441027
2020-06-18,0.019208305759315595
2020-06-19,0.017961838302958555
2020-06-22,0.016934433939801607
2020-06-23,0.015972247762247455
2020-06-24,0.015008660043184874
2020-06-25,0.01668577813444055
2020-06-26,0.015996898799684953
2020-06-29,0.017184163543079063
2020-06-30,0.0167514206297819
2020-07-01,0.016436274663742652
2020-07-02,0.015458808772742291
2020-07-03,0.014540943713012231
2020-07-06,0.01363128834868567
2020-07-07,0.013760400433244247
2020-07-08,0.013467126194166045
2020-07-09,0.012863721141070029
2020-07-10,0.012256879658953541
2020-07-13,0.011976197753880136
2020-07-14,0.011743932161879814
2020-07-15,0.011836121750058548
2020-07-16,0.011480767683551173
2020-07-17,0.010880722327692946
2020-07-20,0.010271350383914255
2020-07-21,0.010026599671120462
2020-07-22,0.009462996082098765
2020-07-23,0.009101610774101217
2020-07-24,0.00964373684525763
2020-07-27,0.009384671594905431
2020-07-28,0.009151431158199327
2020-07-29,0.008970923241591454
2020-07-30,0.009355783804747041
2020-07-31,0.008957997627032156
2020-08-03,0.008796229515395073
2020-08-04,0.008610179723468904
2020-08-05,0.008215938540077584
2020-08-06,0.008032448828815392
2020-08-07,0.007869389572260556
2020-08-10,0.007474981132778985
2020-08-11,0.007150852367055498
2020-08-12,0.007402482114351906
2020-08-13,0.008341373835795383
2020-08-14,0.007956557301778569
2020-08-17,0.007559056640919063
2020-08-18,0.007226161225738721
2020-08-19,0.006911370854463588
2020-08-20,0.006810961696325306
2020-08-21,0.006566022013596763
2020-08-24,0.0063590022174658855
2020-08-25,0.006865544673492925
2020-08-26,0.006635790214748912
2020-08-27,0.007112026961955652
2020-08-28,0.006793246559481281
2020-08-31,0.006809668071342935
2020-09-01,0.006575314278232776
2020-09-02,0.006707586067251001
2020-09-03,0.008080871902273353
2020-09-04,0.01439735387358056
2020-09-07,0.013812419916236975
2020-09-08,0.012956302673347844
2020-09-09,0.015515813551015271
2020-09-10,0.01591585128755151
2020-09-11,0.01612217882413414
2020-09-14,0.015096284368609375
2020-09-15,0.014711897572184097
2020-09-16,0.013874762040858255
2020-09-17,0.013129749155414287
2020-09-18,0.012689778160937155
2020-09-21,0.012558840284429239
2020-09-22,0.012486595663430043
2020-09-23,0.01218527422536183
2020-09-24,0.01410938485758729
2020-09-25,0.013254151728064257
2020-09-28,0.01344838261097999
2020-09-29,0.013631536581979471
2020-09-30,0.012915512024702565
2020-10-01,0.012390974665590464
2020-10-02,0.011744534298258384
2020-10-05,0.011560231369765422
2020-10-06,0.012308648619994913
2020-10-07,0.012564406719760285
2020-10-08,0.013053572678355482
2020-10-09,0.012499742694027004
2020-10-12,0.012054267054782363
2020-10-13,0.01248912826755238
2020-10-14,0.01195690827694658
2020-10-15,0.011496528691309174
2020-10-16,0.010835525231645935
2020-10-19,0.010203011578382676
2020-10-20,0.011189730701059577
2020-10-21,0.010619173941902451
2020-10-22,0.010045902381362081
2020-10-23,0.009599153302652725
2020-10-26,0.009112553094572241
2020-10-27,0.010785219920460958
2020-10-28,0.010227788259213904
2020-10-29,0.015582345177759695
2020-10-30,0.015077661023030004
2020-11-02,0.014764266945719407
2020-11-03,0.01437745443553975
2020-11-04,0.014640105146018314
2020-11-05,0.015455178350494122
2020-11-06,0.01577380446816001
2020-11-09,0.014776009437517978
2020-11-10,0.014333693115781358
2020-11-11,0.013454359827820743
2020-11-12,0.012841260844026658
2020-11-13,0.01257033817917407
2020-11-16,0.012575025621296856
2020-11-17,0.012370376785123099
2020-11-18,0.011759872189512154
2020-11-19,0.011790418930452677
2020-11-20,0.011140340027225207
2020-11-23,0.010773332415981426
2020-11-24,0.010283520563167798
2020-11-25,0.010988089784189393
2020-11-26,0.010368400665748007
2020-11-27,0.009773018964787347
2020-11-30,0.009242218285652621
2020-12-01,0.00890626019759457
2020-12-02,0.009146085695204795
2020-12-03,0.008655050410890035
2020-12-04,0.008204934686472133
2020-12-07,0.008253868925919705
2020-12-08,0.007872750461174081
2020-12-09,0.007514019632924213
2020-12-10,0.007706172841050085
2020-12-11,0.007352750438539618
2020-12-14,0.007030685120638445
2020-12-15,0.006912573689936847
2020-12-16,0.007774242558621061
2020-12-17,0.007398522376741759
2020-12-18,0.007253139023517715
2020-12-21,0.007048147723132305
2020-12-22,0.006892993650315814
2020-12-23,0.006644686094866288
2020-12-24,0.006358797100950754
2020-12-25,0.006178328456283836
2020-12-28,0.005939319608756322
2020-12-29,0.006330753176480195
2020-12-30,0.006147169736970901
2020-12-31,0.005913148811527581
2021-01-04,0.006021973307213399
2021-01-05,0.007773469832409476
2021-01-06,0.007698606168246132
2021-01-07,0.007515938650215412
2021-01-08,0.008581174119689285
2021-01-11,0.008290306811637697
2021-01-12,0.00821946100630932
2021-01-13,0.0077956414287569335
2021-01-14,0.007428919845281875
2021-01-15,0.007221490235005462
2021-01-18,0.0073642283464136786
2021-01-19,0.007016318147732879
2021-01-20,0.007154158909375385
2021-01-21,0.00813994438073358
2021-01-22,0.007723138747874598
2021-01-25,0.0074401851572152445
2021-01-26,0.007154650656409856
2021-01-27,0.006858053575418351
2021-01-28,0.01106697750387696
2021-01-29,0.010854973429721606
2021-02-01,0.012239719672355397
2021-02-02,0.012595390972109535
2021-02-03,0.0126298484212796
2021-02-04,0.011860782918252846
2021-02-05,0.011661535512731922
2021-02-08,0.011020196754901063
2021-02-09,0.010618361385297098
2021-02-10,0.010017853521794962
2021-02-11,0.0094531708384192
2021-02-12,0.008935292030399906
2021-02-15,0.00856348964453816
2021-02-16,0.00811321800218343
2021-02-17,0.007707957876283474
2021-02-18,0.0073337589929673005
2021-02-19,0.007185384838238694
2021-02-22,0.006899457848067261
2021-02-23,0.007160611839740478
2021-02-24,0.006831485257263805
2021-02-25,0.0074479980913829446
2021-02-26,0.011073678091700965
2021-03-01,0.010575075702294316
2021-03-02,0.012580269484301892
2021-03-03,0.012169226264224316
2021-03-04,0.012327333967543992
2021-03-05,0.012507643096153098
2021-03-08,0.013317348218439806
2021-03-09,0.012655310628515238
2021-03-10,0.012711629339542539
2021-03-11,0.012073114787338904
2021-03-12,0.011806395227180603
2021-03-15,0.011099391641219864
2021-03-16,0.010629661863525009
2021-03-17,0.010038158901142503
2021-03-18,0.009497529311869438
2021-03-19,0.010359038377293564
2021-03-22,0.009770589165986507
2021-03-23,0.009467153814457853
2021-03-24,0.009359160490378214
2021-03-25,0.009073110696901553
2021-03-26,0.008718196517834535
2021-03-29,0.009824628902237318
2021-03-30,0.009282907166857339
2021-03-31,0.008861386621229752
2021-04-01,0.008445234208122087
2021-04-02,0.00883409432091557
2021-04-05,0.00836149224696246
2021-04-06,0.00916715510022021
2021-04-07,0.008681002201073986
2021-04-08,0.008223918171206929
2021-04-09,0.007893301381707392
2021-04-12,0.007865357478501627
2021-04-13,0.007475955087841418
2021-04-14,0.007172654294077481
2021-04-15,0.007017114313039916
2021-04-16,0.007556554714054722
2021-04-19,0.007259511461136328
2021-04-20,0.007196376994848955
2021-04-21,0.007297207582633248
2021-04-22,0.0075354856903414565
2021-04-23,0.007892990004254393
2021-04-26,0.008250247351136582
2021-04-27,0.007833754343217042
2021-04-28,0.007447296606312664
2021-04-29,0.0071056811834066605
2021-04-30,0.007084193426281363
2021-05-03,0.007248012065304035
2021-05-04,0.006945087772259764
2021-05-05,0.007067919695953626
2021-05-06,0.006743538153418306
2021-05-07,0.0069260207368054385
2021-05-10,0.006991029035375785
2021-05-11,0.007637884926127785
2021-05-12,0.007904667117807032
2021-05-13,0.010588446150229329
2021-05-14,0.010693861684060741
2021-05-17,0.011141616313592095
2021-05-18,0.010536615269753908
2021-05-19,0.01038882903938939
2021-05-20,0.009861500095159232
2021-05-21,0.009878880303979314
2021-05-24,0.00933135723472558
2021-05-25,0.009347706189596966
2021-05-26,0.008878048502351597
2021-05-27,0.00841049199754794
2021-05-28,0.007972790050840985
2021-05-31,0.00756979765387741
2021-06-01,0.007203884361023775
2021-06-02,0.006876923245034698
2021-06-03,0.006575847985031955
2021-06-04,0.006453638178039197
2021-06-07,0.00676895013111749
2021-06-08,0.006488202583402991
2021-06-09,0.0062181803805814884
2021-06-10,0.00602679552415764
2021-06-11,0.0059557976171493885
2021-06-14,0.0057529256227845105
2021-06-15,0.0055672184349042884
2021-06-16,0.005455559019438696
2021-06-17,0.005654382082368549
2021-06-18,0.005474350380099511
2021-06-21,0.007037086224281327
2021-06-22,0.008062968926450354
2021-06-23,0.007800607884924208
2021-06-24,0.007433337047326887
2021-06-25,0.007288252825930604
2021-06-28,0.00700437105599852
2021-06-29,0.00671039209139889
2021-06-30,0.006419128667294937
2021-07-01,0.006158918450878633
2021-07-02,0.0061173508634591745
2021-07-05,0.006316897529339136
2021-07-06,0.006064636965857685
2021-07-07,0.005898809441888583
2021-07-08,0.005758448958058644
2021-07-09,0.006353942584422459
2021-07-12,0.007058868635723109
2021-07-13,0.006802747879374921
2021-07-14,0.00664691907916733
2021-07-15,0.006363505187254923
2021-07-16,0.00623924033033299
2021-07-19,0.0065859835615899205
2021-07-20,0.008407225633738696
2021-07-21,0.009325498294769299
2021-07-22,0.009173078981352579
2021-07-23,0.008683649501562257
2021-07-26,0.008816516637391834
2021-07-27,0.008364471615093846
2021-07-28,0.008126096525746656
2021-07-29,0.007714322122154149
2021-07-30,0.007432090156711808
2021-08-02,0.007356950609986094
2021-08-03,0.007054326486771986
2021-08-04,0.00719439986605992
2021-08-05,0.0070796454387453585
2021-08-06,0.006992053432355451
2021-08-09,0.006684205901282737
2021-08-10,0.006415084962032028
2021-08-11,0.00615178532449856
2021-08-12,0.005916424835357607
2021-08-13,0.005822067175727838
2021-08-16,0.005624688796781936
2021-08-17,0.005479008071018568
2021-08-18,0.005897292352974348
2021-08-19,0.0068475474244883185
2021-08-20,0.006546687313146479
2021-08-23,0.006756973997210658
2021-08-24,0.0069816709554463684
2021-08-25,0.006671776746023518
2021-08-26,0.006406396021861809
2021-08-27,0.006510143730546356
2021-08-30,0.006812255884154207
2021-08-31,0.00662821680362633
2021-09-01,0.006376968671927675
2021-09-02,0.00611651388787282
2021-09-03,0.005928131153822747
2021-09-06,0.0057184890466757
2021-09-07,0.005524724319857437
2021-09-08,0.005512053440485798
2021-09-09,0.005373977867597606
2021-09-10,0.005496510680177561
2021-09-13,0.006012118113839055
2021-09-14,0.00581321196298283
2021-09-15,0.0059976041717026566
2021-09-16,0.0063436250168029595
2021-09-17,0.006127909831360245
2021-09-20,0.006735606143266567
2021-09-21,0.008760985038583956
2021-09-22,0.008305381584161161
2021-09-23,0.008418274196051722
2021-09-24,0.008855737080614635
2021-09-27,0.008384051400525363
2021-09-28,0.008026267982890604
2021-09-29,0.010410916669783388
2021-09-30,0.009815648674251649
2021-10-01,0.010175690011251001
2021-10-04,0.010257740632021315
2021-10-05,0.010698953810871941
2021-10-06,0.010605910343309917
2021-10-07,0.01005875931803641
2021-10-08,0.009828052042352538
2021-10-11,0.00931116652188866
2021-10-12,0.009148025044521052
2021-10-13,0.008706273376114779
2021-10-14,0.008281806977730132
2021-10-15,0.009571634692497699
2021-10-18,0.009323448708017677
2021-10-19,0.008857837359090183
2021-10-20,0.0086830884414759
2021-10-21,0.008284474806747233
2021-10-22,0.00789603970436723
2021-10-25,0.0075201003708227545
2021-10-26,0.007289389056727527
2021-10-27,0.006957392904146209
2021-10-28,0.006908175504510328
2021-10-29,0.007281640929150172
2021-11-01,0.006953037094703677
2021-11-02,0.006651159838946429
2021-11-03,0.006447733706098632
2021-11-04,0.006483398267099325
2021-11-05,0.006327154738693194
2021-11-08,0.006160874054997988
2021-11-09,0.005921042156418404
2021-11-10,0.0058666817398790065
2021-11-11,0.006385952063988721
2021-11-12,0.006123944099727182
2021-11-15,0.006289358582741477
2021-11-16,0.006039838193783837
2021-11-17,0.005913047978448212
2021-11-18,0.00579638709226716
2021-11-19,0.005668779602007454
2021-11-22,0.005516997954114521
2021-11-23,0.005489477873854193
2021-11-24,0.005327305308641973
2021-11-25,0.0052012849796631185
2021-11-26,0.005061200571198274
2021-11-29,0.009316876336543985
2021-11-30,0.00975226318123989
2021-12-01,0.011334473257221058
2021-12-02,0.011453578756347432
2021-12-03,0.01168472773023308
2021-12-06,0.011399624937377752
2021-12-07,0.011346638654293681
2021-12-08,0.012587388881140802
2021-12-09,0.011850069769885873
2021-12-10,0.011441575925805763
2021-12-13,0.011168321440966331
2021-12-14,0.01100760680949085
2021-12-15,0.010709814228257414
2021-12-16,0.01136463828848846
2021-12-17,0.011142626337873662
2021-12-20,0.011107412928554574
2021-12-21,0.01120564236085143
2021-12-22,0.011989698402966566
2021-12-23,0.011712610647010986
2021-12-24,0.011171354091357716
2021-12-27,0.010513721864023868
2021-12-28,0.01084182841361766
2021-12-29,0.01022181062578619
2021-12-30,0.009639687156739565
2021-12-31,0.009178812425650012
2022-01-03,0.008742795471396564
2022-01-04,0.00849770045596291
2022-01-05,0.008060865021968965
2022-01-06,0.010211103057807102
2022-01-07,0.009640141070306828
2022-01-10,0.009232729149546263
2022-01-11,0.008751997655880705
2022-01-12,0.008762936278660337
2022-01-13,0.00832716725771611
2022-01-14,0.009348432718494564
2022-01-17,0.008832101259059729
2022-01-18,0.008359662787654668
2022-01-19,0.01019820505575892
2022-01-20,0.01021863120366507
2022-01-21,0.010399654828816409
2022-01-24,0.011815033809241435
2022-01-25,0.011130388569252116
2022-01-26,0.011323795399981773
2022-01-27,0.010675633622162088
2022-01-28,0.010252949330626163
2022-01-31,0.012460675447075718
2022-02-01,0.013185431193364891
2022-02-02,0.012550105893371515
2022-02-03,0.012148602557660076
2022-02-04,0.014217794796049748
2022-02-07,0.013417379389972705
2022-02-08,0.012671201439093456
2022-02-09,0.012180244962622756
2022-02-10,0.012346282966208927
2022-02-11,0.01321121007282491
2022-02-14,0.014054047947185552
2022-02-15,0.01326242641852824
2022-02-16,0.013429279842473519
2022-02-17,0.01260030059081796
2022-02-18,0.013941428681492866
2022-02-21,0.013332155692931842
2022-02-22,0.012511573334499801
2022-02-23,0.01229434732983662
2022-02-24,0.013217985002870646
2022-02-25,0.013292725853508104
2022-02-28,0.014411596624566687
2022-03-01,0.013548286711943002
2022-03-02,0.013819926528169124
2022-03-03,0.01428024373448319
2022-03-04,0.013531615109026382
2022-03-07,0.013014816990911136
2022-03-08,0.01594196172569453
2022-03-09,0.015159349226650071
2022-03-10,0.01645410423700371
2022-03-11,0.01549137142197414
2022-03-14,0.015214270624826921
2022-03-15,0.014506721933752692
2022-03-16,0.015249567008929042
2022-03-17,0.016008499447105317
2022-03-18,0.015493654575071448
2022-03-21,0.014974504582737162
2022-03-22,0.014035992779912344
2022-03-23,0.01363733699164456
2022-03-24,0.013508132065488405
2022-03-25,0.013473663809268883
2022-03-28,0.012729173015549622
2022-03-29,0.012150492596430333
2022-03-30,0.012059522024645424
2022-03-31,0.011566515903602546
2022-04-01,0.012182505150040877
2022-04-04,0.01148493852497191
2022-04-05,0.011087612161262852
2022-04-06,0.011337058392458218
2022-04-07,0.011215734715059926
2022-04-08,0.010623595609944492
2022-04-11,0.010065357472856928
2022-04-12,0.011178320607340007
2022-04-13,0.010604068393168308
2022-04-14,0.010592599175879736
2022-04-15,0.010862666873652935
2022-04-18,0.01022883306674343
2022-04-19,0.009646052025831468
2022-04-20,0.010456870058347998
2022-04-21,0.00986093171272142
2022-04-22,0.01064870485966347
2022-04-25,0.01390350368981098
2022-04-26,0.013150292913671202
2022-04-27,0.015740074401961294
2022-04-28,0.014750385794991097
2022-04-29,0.01596993977787768
2022-05-02,0.01954760582998352
2022-05-03,0.01835584964386311
2022-05-04,0.017228473441495674
2022-05-05,0.01879813791547948
2022-05-06,0.021494917408154266
2022-05-09,0.020197169691047408
2022-05-10,0.02190886242144677
2022-05-11,0.020481443325262572
2022-05-12,0.019993608990310784
2022-05-13,0.018702282771344766
2022-05-16,0.0191151392801902
2022-05-17,0.017940135959615192
2022-05-18,0.017996860164647008
2022-05-19,0.021910123962060088
2022-05-20,0.02058671695398153
2022-05-23,0.01924338017846903
2022-05-24,0.018957142491068887
2022-05-25,0.01796929745999017
2022-05-26,0.017068595122476514
2022-05-27,0.017209429965189316
2022-05-30,0.017980408282917602
2022-05-31,0.016822418286297797
2022-06-01,0.015914434284004065
2022-06-02,0.015149051820999303
2022-06-03,0.015380095752566785
2022-06-06,0.015503178750788
2022-06-07,0.014546975429250803
2022-06-08,0.013956996954269864
2022-06-09,0.01363941944221938
2022-06-10,0.015236114503206168
2022-06-13,0.017487189198316946
2022-06-14,0.021183501898548594
2022-06-15,0.019851750020450584
2022-06-16,0.019135251738888633
2022-06-17,0.021151669707005282
2022-06-20,0.01977528486140735
2022-06-21,0.01848973481455769
2022-06-22,0.01901646565597066
2022-06-23,0.017794944804806378
2022-06-24,0.016913898198096026
2022-06-27,0.018668130112150474
2022-06-28,0.017500968806616387
2022-06-29,0.017817200576121642
2022-06-30,0.016675417157723884
2022-07-01,0.015923894691642827
2022-07-04,0.015277559149809779
2022-07-05,0.01431416261044185
2022-07-06,0.01342376644785057
2022-07-07,0.012634228882961335
2022-07-08,0.012790989378446244
2022-07-11,0.012018537057000667
2022-07-12,0.012010695084229674
2022-07-13,0.011763133899765039
2022-07-14,0.01118779805919496
2022-07-15,0.01059580457729573
2022-07-18,0.011737529563585845
2022-07-19,0.011439052251268676
2022-07-20,0.01398686376542768
2022-07-21,0.01323553945382129
2022-07-22,0.012799364036252455
2022-07-25,0.012472798689890995
2022-07-26,0.011717172449120931
2022-07-27,0.011750989253972362
2022-07-28,0.013912546692297287
2022-07-29,0.013602072409845258
2022-08-01,0.01354040214420352
2022-08-02,0.012754447615213596
2022-08-03,0.012221186086176788
2022-08-04,0.012524645031326356
2022-08-05,0.01177159703156818
2022-08-08,0.011091309741577283
2022-08-09,0.01045596992588814
2022-08-10,0.009984999381067393
2022-08-11,0.011653334276632218
2022-08-12,0.010965678336995088
2022-08-15,0.01172346243788396
2022-08-16,0.011079561222407492
2022-08-17,0.010435944130024797
2022-08-18,0.010179852340173434
2022-08-19,0.009613610542304512
2022-08-22,0.010152866134626577
2022-08-23,0.012129886146341615
2022-08-24,0.01143702421969067
2022-08-25,0.010785262057698839
2022-08-26,0.011104663474990992
2022-08-29,0.01567708547006137
2022-08-30,0.014884818129720225
2022-08-31,0.014487876140250362
2022-09-01,0.013872240006804927
2022-09-02,0.01303503277946237
2022-09-05,0.012816544882857247
2022-09-06,0.01203435414895864
2022-09-07,0.011418234882831274
2022-09-08,0.012250825773557697
2022-09-09,0.011683589432979898
2022-09-12,0.012020975050339373
2022-09-13,0.011777639513120797
2022-09-14,0.01865569304783048
2022-09-15,0.01747348073944962
2022-09-16,0.01683605493259202
2022-09-19,0.015974238871601515
2022-09-20,0.015104610030979808
2022-09-21,0.014706453742304379
2022-09-22,0.015026993334622431
2022-09-23,0.014403948516713935
2022-09-26,0.01478632775359334
2022-09-27,0.014338378720054583
2022-09-28,0.013472877095695175
2022-09-29,0.014137514638673276
2022-09-30,0.015160393012240418
2022-10-03,0.015156401475280867
2022-10-04,0.016482461171142306
2022-10-05,0.01833336495974741
2022-10-06,0.017171398316372644
2022-10-07,0.016479503338331262
2022-10-10,0.0182344080820635
2022-10-11,0.01727259688265863
2022-10-12,0.016339908466389066
2022-10-13,0.015353739365746744
2022-10-14,0.01665383436727774
2022-10-17,0.017626833542285444
2022-10-18,0.018583123764597267
2022-10-19,0.01775206263958957
2022-10-20,0.016787855448613116
2022-10-21,0.015974783243623954
2022-10-24,0.016807315372166606
2022-10-25,0.016175407301190443
2022-10-26,0.016016845419895568
2022-10-27,0.015236847252952603
2022-10-28,0.014450300091052254
2022-10-31,0.015709769708268886
2022-11-01,0.014960567055324604
2022-11-02,0.014107179319581943
2022-11-03,0.015824885775082106
2022-11-04,0.015291479517636385
2022-11-07,0.014967465800581257
2022-11-08,0.014344346370859412
2022-11-09,0.013551262179968486
2022-11-10,0.014628494385046263
2022-11-11,0.022537625160828276
2022-11-14,0.02125328494812964
2022-11-15,0.02011973300790934
2022-11-16,0.019002934431570185
2022-11-17,0.018018545011270527
2022-11-18,0.016901900994912067
2022-11-21,0.01588108324358936
2022-11-22,0.014948337897866837
2022-11-23,0.014659428828572029
2022-11-24,0.013854269564387442
2022-11-25,0.012995065368514757
2022-11-28,0.012201465844213576
2022-11-29,0.012678783183139005
2022-11-30,0.011927761180831851
2022-12-01,0.01503486302804001
2022-12-02,0.014096236913670845
2022-12-05,0.01323130027077043
2022-12-06,0.013901505931838767
2022-12-07,0.013985005847412729
2022-12-08,0.013140491341069338
2022-12-09,0.012547656028356278
2022-12-12,0.012082928095394265
2022-12-13,0.01223343630213869
2022-12-14,0.011708804985583918
2022-12-15,0.01123263968675699
2022-12-16,0.013662490908531263
2022-12-19,0.013411728922521687
2022-12-20,0.012992040257625747
2022-12-21,0.012196045605491746
2022-12-22,0.01240373079501229
2022-12-23,0.012709480192038585
2022-12-26,0.01206313157772807
2022-12-27,0.011337552637054242
2022-12-28,0.010778640344237417
2022-12-29,0.011004258183281814
2022-12-30,0.011776547581752521
2023-01-02,0.011120713451942196
2023-01-03,0.010466974745832665
2023-01-04,0.009981764926593932
2023-01-05,0.009696129760973586
2023-01-06,0.010038484608970017
2023-01-09,0.011998673880387563
2023-01-10,0.011285437920497332
2023-01-11,0.01082923757877054
2023-01-12,0.010982567796712544
2023-01-13,0.010380625120029763
2023-01-16,0.009848307049311687
2023-01-17,0.00929390759436098
2023-01-18,0.008825608708958122
2023-01-19,0.009975864686239401
2023-01-20,0.009808221062402223
2023-01-23,0.011075519568558161
2023-01-24,0.011081064884015534
2023-01-25,0.010437646411265631
2023-01-26,0.009838268658778156
2023-01-27,0.009910365432155245
2023-01-30,0.009370591215355245
2023-01-31,0.0099642078348859
2023-02-01,0.01049670429852969
2023-02-02,0.01042126914794754
2023-02-03,0.010883564033186584
2023-02-06,0.010889616183456385
2023-02-07,0.010498643726865329
2023-02-08,0.010702959965438828
2023-02-09,0.010819972213052633
2023-02-10,0.010669796408212726
2023-02-13,0.010063263291220386
2023-02-14,0.010155853660730001
2023-02-15,0.009579561802995972
2023-02-16,0.00907378745765599
2023-02-17,0.009856762513746278
2023-02-20,0.00936767948562764
2023-02-21,0.008851701185833219
2023-02-22,0.010905766332396373
2023-02-23,0.010292351280219006
2023-02-24,0.009829233842401157
2023-02-27,0.010003572028056386
2023-02-28,0.009471222231152014
2023-03-01,0.009027240862072784
2023-03-02,0.008721431487238519
2023-03-03,0.008579160924925179
2023-03-06,0.009631165383590538
2023-03-07,0.009091940687158389
2023-03-08,0.010138767548033252
2023-03-09,0.00956331207680775
2023-03-10,0.011093239061609193
2023-03-13,0.011613327500706372
2023-03-14,0.010942812665186178
2023-03-15,0.011575094713980176
2023-03-16,0.011178752561595617
2023-03-17,0.011934107734351173
2023-03-20,0.011879487815789836
2023-03-21,0.011506370340748077
2023-03-22,0.011580907967110008
2023-03-23,0.012321124401347826
2023-03-24,0.011602023264831314
2023-03-27,0.011039241913729956
2023-03-28,0.010395874682257967
2023-03-29,0.009823238842156544
2023-03-30,0.010321023259857313
2023-03-31,0.009876799289189015
2023-04-03,0.010394353898386539
2023-04-04,0.00984988546093769
2023-04-05,0.009538133595735378
2023-04-06,0.009065563812636247
2023-04-07,0.008629770247346824
2023-04-10,0.008174006695152558
2023-04-11,0.007754960009484601
2023-04-12,0.007373395265903491
2023-04-13,0.007199094210412495
2023-04-14,0.008055558849468765
2023-04-17,0.007697297838790552
2023-04-18,0.007373732179842671
2023-04-19,0.007022728493904103
2023-04-20,0.006706127421265275
2023-04-21,0.0067811583133718465
2023-04-24,0.006483392113682539
2023-04-25,0.006212849831210224
2023-04-26,0.00814312509430211
2023-04-27,0.007867626599999056
2023-04-28,0.009772568166700824
2023-05-01,0.00956988869328808
2023-05-02,0.009041447307233988
2023-05-03,0.00948408633029404
2023-05-04,0.009313242320562786
2023-05-05,0.009183238506568556
2023-05-08,0.0105166466815014
2023-05-09,0.00990780625032906
2023-05-10,0.009506653267138237
2023-05-11,0.009071114067470269
2023-05-12,0.008611142753490356
2023-05-15,0.008187091907732785
2023-05-16,0.0078060051986979405
2023-05-17,0.007778379496980032
2023-05-18,0.008294873854268272
2023-05-19,0.008400533486906647
2023-05-22,0.007990648798379659
2023-05-23,0.007587327119537606
2023-05-24,0.008242636814619977
2023-05-25,0.00825715050215936
2023-05-26,0.008290355976569219
2023-05-29,0.008887426908439557
2023-05-30,0.00841045157752566
2023-05-31,0.00797278197669504
2023-06-01,0.007897617862855854
2023-06-02,0.00811181033023169
2023-06-05,0.008986496425409118
2023-06-06,0.008543604284489626
2023-06-07,0.008113993506548194
2023-06-08,0.007839575656620053
2023-06-09,0.007678770463695458
2023-06-12,0.007303068548828279
2023-06-13,0.0075423507952609705
2023-06-14,0.007481914928493545
2023-06-15,0.0071213086642918436
2023-06-16,0.007811823707770434
2023-06-19,0.007559132237215824
2023-06-20,0.007194147743389591
2023-06-21,0.007088078607798487
2023-06-22,0.007040556313581654
2023-06-23,0.0067990029671651684
2023-06-26,0.007066777548166614
2023-06-27,0.006954887675486822
2023-06-28,0.007563047569285285
2023-06-29,0.007201975099942677
2023-06-30,0.006987123621895222
2023-07-03,0.007720943726898263
2023-07-04,0.007341794061833972
2023-07-05,0.006995861853755503
2023-07-06,0.006732862525024482
2023-07-07,0.0070472903607181805
2023-07-10,0.006824035440256511
2023-07-11,0.006549686864297748
2023-07-12,0.006600098513539242
2023-07-13,0.006715773887261545
2023-07-14,0.006940275053954146
2023-07-17,0.006649388734806786
2023-07-18,0.00645576960561492
2023-07-19,0.006559619930800659
2023-07-20,0.006309115719226793
2023-07-21,0.006539293251081288
2023-07-24,0.00626358913601898
2023-07-25,0.006122299364555811
2023-07-26,0.00593213850632832
2023-07-27,0.005719142551145753
2023-07-28,0.006004617612594888
2023-07-31,0.006556298402708254
2023-08-01,0.0062852216807613185
2023-08-02,0.006130952203542258
2023-08-03,0.007645173991362689
2023-08-04,0.007345978850643987
2023-08-07,0.007271616145266891
2023-08-08,0.007478230849639549
2023-08-09,0.007298602832583603
2023-08-10,0.0074121420494092675
2023-08-11,0.007058152462755765
2023-08-14,0.006757566312755785
2023-08-15,0.0066870529415239575
2023-08-16,0.007594510073228057
2023-08-17,0.0077262308220635
2023-08-18,0.007857637473649455
2023-08-21,0.007468353421387789
2023-08-22,0.007412097498538139
2023-08-23,0.007147225882768634
2023-08-24,0.0076543137058425045
2023-08-25,0.008686043715259814
2023-08-28,0.008473906342003078
2023-08-29,0.008249204580732854
2023-08-30,0.009090112309550638
2023-08-31,0.008662382615573692
2023-09-01,0.00823432767630874
2023-09-04,0.007819477716685426
2023-09-05,0.00743197580790341
2023-09-06,0.007255636012053922
2023-09-07,0.0073675457750786546
2023-09-08,0.007131755604239123
2023-09-11,0.00680731000157434
2023-09-12,0.006820947291861426
2023-09-13,0.006852754184211846
2023-09-14,0.006551249747474234
2023-09-15,0.006797123426110183
2023-09-18,0.007790967600384555
2023-09-19,0.0074033788036627825
2023-09-20,0.00710906219789016
2023-09-21,0.007568944226508726
2023-09-22,0.009209582657706545
2023-09-25,0.008757877972250538
2023-09-26,0.008368186049657066
2023-09-27,0.009470398379736388
2023-09-28,0.008944784309154132
2023-09-29,0.008644172478036784
2023-10-02,0.00825948061803366
2023-10-03,0.007833968232407736
2023-10-04,0.008876718536732423
2023-10-05,0.008765042707157033
2023-10-06,0.008320083966339093
2023-10-09,0.00872884575345032
2023-10-10,0.00847994028673661
2023-10-11,0.008180929762085877
2023-10-12,0.007858162046349055
2023-10-13,0.00781072667006809
2023-10-16,0.007657028627657682
2023-10-17,0.00800793784270598
2023-10-18,0.007605258103590811
2023-10-19,0.008637710267596578
2023-10-20,0.008730572735154074
2023-10-23,0.00938327958026695
2023-10-24,0.008896693804954878
2023-10-25,0.008706574674692552
2023-10-26,0.009661064447368696
2023-10-27,0.01003537674983545
2023-10-30,0.009635913481331854
2023-10-31,0.009859396470526171
2023-11-01,0.009507267153038458
2023-11-02,0.009566827258000008
2023-11-03,0.010879545333552634
2023-11-06,0.010654881780636494
2023-11-07,0.010042712367172866
2023-11-08,0.009500662649069104
2023-11-09,0.008972861715568669
2023-11-10,0.008974692814638592
2023-11-13,0.009849322674196722
2023-11-14,0.009305052362868153
2023-11-15,0.010721062123450597
2023-11-16,0.010101846960098188
2023-11-17,0.009527431850683485
2023-11-20,0.00899939070293608
2023-11-21,0.00880837875964383
2023-11-22,0.0083815029527996
2023-11-23,0.008028157020720808
2023-11-24,0.007622826609487745
2023-11-27,0.007249584267082039
2023-11-28,0.0069615737271673936
2023-11-29,0.006647896527683067
2023-11-30,0.006382392307425519
2023-12-01,0.006213097315773697
2023-12-04,0.006222887572956698
2023-12-05,0.006307343380685663
2023-12-06,0.006065243318890796
2023-12-07,0.0060261927556698024
2023-12-08,0.00629951525005848
2023-12-11,0.006158104195231804
2023-12-12,0.00602172727545403
2023-12-13,0.005947342199045153
2023-12-14,0.007189847976019776
2023-12-15,0.006888908464909224
2023-12-18,0.006584338009761589
2023-12-19,0.0064397067566971675
2023-12-20,0.006419252501078812
2023-12-21,0.00802949865621353
2023-12-22,0.008280386639363185
2023-12-25,0.007859367574683356
2023-12-26,0.007468443082166891
2023-12-27,0.007212021950487579
2023-12-28,0.006880441100533489
2023-12-29,0.006573242999665991
2024-01-02,0.006397481895716875
2024-01-03,0.0064843550443472765
2024-01-04,0.006855162289516953
2024-01-05,0.006687473303767722
2024-01-08,0.006410750877408031
2024-01-09,0.007617508142819228
2024-01-10,0.007277925452923963
2024-01-11,0.007139028966519904
2024-01-12,0.006821369803272253
2024-01-15,0.0065193239094178835
2024-01-16,0.00624798613229469
2024-01-17,0.0061721673615613235
2024-01-18,0.006286859588652316
2024-01-19,0.006627216519093919
2024-01-22,0.007447866987951082
2024-01-23,0.00711007138737767
2024-01-24,0.006826450848789883
2024-01-25,0.006524140978062247
2024-01-26,0.006441007370216331
2024-01-29,0.006187895911534871
2024-01-30,0.006383160951545713
2024-01-31,0.006134454188709346
2024-02-01,0.008160442504845654
2024-02-02,0.008697039737031955
2024-02-05,0.008894058999360903
2024-02-06,0.008509263990710754
2024-02-07,0.008081533153980587
2024-02-08,0.008082806429367609
2024-02-09,0.007670270652767274
2024-02-12,0.007493206462172124
2024-02-13,0.007149915993978293
2024-02-14,0.008346376619598061
2024-02-15,0.008460482443269014
2024-02-16,0.008204500617656934
2024-02-19,0.007990045277987804
2024-02-20,0.007587957070282977
2024-02-21,0.0075507645230649826
2024-02-22,0.007187285269054249
2024-02-23,0.00965955167832282
2024-02-26,0.00911838001883773
2024-02-27,0.008744782762597046
2024-02-28,0.008285539120143999
2024-02-29,0.007892142740714982
2024-03-01,0.007654305995268873
2024-03-04,0.007687674993897798
2024-03-05,0.0073333261639284475
2024-03-06,0.007873598220500254
2024-03-07,0.007631795189736695
2024-03-08,0.007947269053574868
2024-03-11,0.007916925682765136
2024-03-12,0.007540407627472522
2024-03-13,0.007998184450302268
2024-03-14,0.007639609368426137
2024-03-15,0.007357323550328642
2024-03-18,0.007399992325684004
2024-03-19,0.0073011207573318295
2024-03-20,0.007158250794543786
2024-03-21,0.007367505853091829
2024-03-22,0.007072040633225517
2024-03-25,0.006780269300029156
2024-03-26,0.006596348617735174
2024-03-27,0.0064165134710927815
2024-03-28,0.006710907922092402
2024-03-29,0.006421126042960262
2024-04-01,0.006159002472863252
2024-04-02,0.005982746161976731
2024-04-03,0.006333083807396726
2024-04-04,0.0060783353740431504
2024-04-05,0.00729191326260274
2024-04-08,0.00778006361567204
2024-04-09,0.007400388330784999
2024-04-10,0.007052284006165428
2024-04-11,0.007532086078188798
2024-04-12,0.0075230127482733035
2024-04-15,0.00879637629808519
2024-04-16,0.009347910418738933
2024-04-17,0.008875892397889985
2024-04-18,0.00866638740726042
2024-04-19,0.008258818368500348
2024-04-22,0.00844031786409084
2024-04-23,0.008446277090928189
2024-04-24,0.00885461591248776
2024-04-25,0.008378942173311303
2024-04-26,0.00812913195014105
2024-04-29,0.0083526129973257
2024-04-30,0.00796455909055644
2024-05-01,0.009358666230903801
2024-05-02,0.008943989405176036
2024-05-03,0.008926423208994916
2024-05-06,0.009336786858893638
2024-05-07,0.00939905409627539
2024-05-08,0.00888188948113532
2024-05-09,0.008405414252047626
2024-05-10,0.008106502985107882
2024-05-13,0.007700098766711298
2024-05-14,0.007325522836035603
2024-05-15,0.0071210598655513805
2024-05-16,0.007737132256129066
2024-05-17,0.0074085558634141326
2024-05-20,0.007056553137355049
2024-05-21,0.006733959213996058
2024-05-22,0.006471298388405803
2024-05-23,0.006299302292898986
2024-05-24,0.0066136431675316775
2024-05-27,0.006682375699963415
2024-05-28,0.006395897025962199
2024-05-29,0.006134020310992654
2024-05-30,0.006475337316465743
2024-05-31,0.006585930270168953
2024-06-03,0.006776088267334719
2024-06-04,0.006480321957851854
2024-06-05,0.006216936725744493
2024-06-06,0.007050633366395031
2024-06-07,0.006732935240140065
2024-06-10,0.006464152233132948
2024-06-11,0.006230438739817053
2024-06-12,0.006024965080075479
2024-06-13,0.006370192802968222
2024-06-14,0.006137734195613845
2024-06-17,0.0059085558798624375
2024-06-18,0.006162529611109585
2024-06-19,0.005956795566965573
2024-06-20,0.005739326445053351
2024-06-21,0.005637864092270694
2024-06-24,0.005496351133773121
2024-06-25,0.005461307683873912
2024-06-26,0.005406826028310635
2024-06-27,0.005251506969489659
2024-06-28,0.005103285244707939
2024-07-01,0.00521198553493268
2024-07-02,0.00511459569427551
2024-07-03,0.005320050610350002
2024-07-04,0.005377399807784305
2024-07-05,0.005218658900152482
2024-07-08,0.005326129273451009
2024-07-09,0.005170914996704665
2024-07-10,0.0050304185263973
2024-07-11,0.005859672861363575
2024-07-12,0.0064668287074084296
2024-07-15,0.006412024496657327
2024-07-16,0.006192827123270181
2024-07-17,0.006256330967515537
2024-07-18,0.007751794623056536
2024-07-19,0.007891947866914157
2024-07-22,0.007933963372414272
2024-07-23,0.008265578907011266
2024-07-24,0.00787078797268059
2024-07-25,0.010986057723299998
2024-07-26,0.01051878811805963
2024-07-29,0.010509149348809747
2024-07-30,0.009901056509860262
2024-07-31,0.009524826529664025
2024-08-01,0.010316887834113076
2024-08-02,0.010852876491481669
2024-08-05,0.012066216784635582
2024-08-06,0.015384704866082835
2024-08-07,0.014775029954618468
2024-08-08,0.014127381699738508
2024-08-09,0.015191985048298974
2024-08-12,0.01429861565428544
2024-08-13,0.013406517057439383
2024-08-14,0.013689732572123761
2024-08-15,0.012886537571337231
2024-08-16,0.013154501822351177
2024-08-19,0.012354378897037815
2024-08-20,0.011997906286168132
2024-08-21,0.011308604253602125
2024-08-22,0.010708267876154403
2024-08-23,0.010581939991407212
2024-08-26,0.01060793253281884
2024-08-27,0.010070698118070766
2024-08-28,0.009502560663869031
2024-08-29,0.009241162988353934
2024-08-30,0.008735706476078561
2024-09-02,0.008854847617136747
2024-09-03,0.008380542726516418
2024-09-04,0.010832022598913945
2024-09-05,0.010225165261721689
2024-09-06,0.009714843602785466
2024-09-09,0.010976817625126912
2024-09-10,0.01096166456698072
2024-09-11,0.010399515511518005
2024-09-12,0.010358922025529748
2024-09-13,0.010030600807203005
2024-09-16,0.009595597429184975
2024-09-17,0.009061881613638627
2024-09-18,0.008569065527737512
2024-09-19,0.008199936648261115
2024-09-20,0.009493865339757702
2024-09-23,0.009005737239947534
2024-09-24,0.008549021473540728
2024-09-25,0.008122937880525568
2024-09-26,0.007750839658042726
2024-09-27,0.007456180108599323
2024-09-30,0.007124350188810696
2024-10-01,0.006903236561243661
2024-10-02,0.007390729845643099
2024-10-03,0.007039330793395656
2024-10-04,0.006760564844113816
2024-10-07,0.0070422465377410525
2024-10-08,0.007543664609009936
2024-10-09,0.007792137829105369
2024-10-10,0.0077178728567494
2024-10-11,0.007390612396422583
2024-10-14,0.0072701048482405
2024-10-15,0.007323549199909265
2024-10-16,0.007502211691834897
2024-10-17,0.007268991200950604
2024-10-18,0.006931378335368655
2024-10-21,0.006714935585146297
2024-10-22,0.0064732852805204286
2024-10-23,0.00621339101251614
2024-10-24,0.006816414459773255
2024-10-25,0.006535319106527112
2024-10-28,0.006266474423857047
2024-10-29,0.006055073700371808
2024-10-30,0.005834644129735571
2024-10-31,0.005775512308645984
2024-11-01,0.008559693350260036
2024-11-04,0.008191364405930584
2024-11-05,0.007853240841583831
2024-11-06,0.008412584274177872
2024-11-07,0.011419245681657026
2024-11-08,0.010980785069413522
2024-11-11,0.01038996861902419
2024-11-12,0.009791697779453474
2024-11-13,0.009313401084927021
2024-11-14,0.008800386442218163
2024-11-15,0.008622280611372631
2024-11-18,0.009398051999492245
2024-11-19,0.008946802962342702
2024-11-20,0.008537412358016456
2024-11-21,0.00808912826373022
2024-11-22,0.007838364977707103
2024-11-25,0.00750846590874143
2024-11-26,0.0071911793337783815
2024-11-27,0.007066748564497221
2024-11-28,0.006901878243897926
2024-11-29,0.006595308937839304
2024-12-02,0.006532428329184525
2024-12-03,0.006287475750144962
2024-12-04,0.006034934019053553
2024-12-05,0.006086124989572062
2024-12-06,0.005910652091872197
2024-12-09,0.005729772839178514
2024-12-10,0.005976933121398068
2024-12-11,0.005876556622289127
2024-12-12,0.006201960988259949
2024-12-13,0.006290006295883516
2024-12-16,0.0060406029474360514
2024-12-17,0.005909694390060226
2024-12-18,0.0058867617864905054
2024-12-19,0.011700894754147977
2024-12-20,0.011011839137844072
2024-12-23,0.01091590973129328
2024-12-24,0.010516364963872265
2024-12-25,0.010501785657124736
2024-12-26,0.009895982458918205
2024-12-27,0.009341684213605319
2024-12-30,0.00965912045916849
2024-12-31,0.009879883021370493
2025-01-02,0.009463697944693164
2025-01-03,0.008987600662323408
2025-01-06,0.009393165701177278
2025-01-07,0.009025527502846744
2025-01-08,0.009401168414151869
2025-01-09,0.008886185123575948
2025-01-10,0.00840931151833694
2025-01-13,0.00962943520560942
2025-01-14,0.00909624897453139
2025-01-15,0.008601939999341357
2025-01-16,0.010049247969407857
2025-01-17,0.009520222106401782
2025-01-20,0.009520408259307892
2025-01-21,0.008992158793011441
2025-01-22,0.008931092235414833
2025-01-23,0.008648966645357468
2025-01-24,0.008339832287907389
2025-01-27,0.007989933573431035
2025-01-28,0.009152805430810446
2025-01-29,0.009117798324855611
2025-01-30,0.008799739711342035
2025-01-31,0.008473403349080196
2025-02-03,0.008248705279907821
2025-02-04,0.008294474976586813
2025-02-05,0.008170023755613431
2025-02-06,0.00782909302061761
2025-02-07,0.007507838505373465
2025-02-10,0.007906511778778767
2025-02-11,0.007782167481274122
2025-02-12,0.007395693236708725
2025-02-13,0.007129611923640578
2025-02-14,0.0075486928365552704
2025-02-17,0.007185325070698355
2025-02-18,0.006853264781130699
2025-02-19,0.006577394803937828
2025-02-20,0.006325771832548269
2025-02-21,0.006290921100879799
2025-02-24,0.008489676481799322
2025-02-25,0.008257265525183908
2025-02-26,0.008027834016047647
2025-02-27,0.007621479494141973
2025-02-28,0.009134790908713252
2025-03-03,0.010015891342037104
2025-03-04,0.011271644364978177
2025-03-05,0.011452592486031475
2025-03-06,0.01133259598512744
2025-03-07,0.012345470178848898
2025-03-10,0.011713259487965373
2025-03-11,0.01445577187330749
2025-03-12,0.013826153949513758
2025-03-13,0.013046725495322748
2025-03-14,0.01318515728507272
2025-03-17,0.014146002627107128
2025-03-18,0.013405730680711018
2025-03-19,0.013136423419911092
2025-03-20,0.012789508791349706
2025-03-21,0.012043796355235982
2025-03-24,0.011318204040098397
2025-03-25,0.012060734639821538
2025-03-26,0.011338363972062919
2025-03-27,0.011377325716978566
2025-03-28,0.010781810429903232
2025-03-31,0.012264477240556224
2025-04-01,0.011639948535320433
2025-04-02,0.010996517422468712
2025-04-03,0.010551355912105077
2025-04-04,0.019543731910269403
2025-04-07,0.02772518096466838
2025-04-08,0.025901291970201155
2025-04-09,0.024803727900086288
2025-04-10,0.03811714884258497
2025-04-11,0.03753006288123163
2025-04-14,0.03549050840730269
2025-04-15,0.03320283201074184
2025-04-16,0.030991598406761186
2025-04-17,0.029955295551075033
2025-04-18,0.027959499410215822
2025-04-21,0.026101534505017905
2025-04-22,0.025712178415092265
2025-04-23,0.025344521692016002
2025-04-24,0.024262503848454492
2025-04-25,0.023581484669849696
2025-04-28,0.02214342830004593
2025-04-29,0.020690035133738873
2025-04-30,0.019417030245019805
2025-05-01,0.018158203150187867
2025-05-02,0.01709300625888995
2025-05-05,0.016673999625740944
2025-05-06,0.015783480418457105
2025-05-07,0.015042561367528177
2025-05-08,0.01415065378198641
2025-05-09,0.013381746790744267
2025-05-12,0.01256352363235709
2025-05-13,0.01582200823518486
2025-05-14,0.014983510194848382
2025-05-15,0.014040863649803954
2025-05-16,0.0132195258089066
2025-05-19,0.012589199003831066
2025-05-20,0.011822736849612802
2025-05-21,0.011214608016732934
2025-05-22,0.011969933786735555
2025-05-23,0.011255025748520275
2025-05-26,0.010869946220086144
2025-05-27,0.010235549379464385
2025-05-28,0.011684523253399469
2025-05-29,0.011179434091648097
2025-05-30,0.010581259573210225
2025-06-02,0.00996984236172987
2025-06-03,0.00947667777655352
2025-06-04,0.009117338215955945
2025-06-05,0.008621075170110331
2025-06-06,0.008398497491433314
2025-06-09,0.00858992766339537
2025-06-10,0.008135779114273682
2025-06-11,0.007889908075206916
2025-06-12,0.007576919624697564
2025-06-13,0.007288162434308777
2025-06-16,0.008017233882112337
2025-06-17,0.008156701143401817
2025-06-18,0.008302802794767939
2025-06-19,0.007877577587420888
2025-06-20,0.007485092996147101
2025-06-23,0.007184214942790261
2025-06-24,0.007480097083481052
2025-06-25,0.007937059437939546
2025-06-26,0.00753951803524667
2025-06-27,0.007589817774927108
2025-06-30,0.0073831840348908395
2025-07-01,0.0071949596973561805
2025-07-02,0.006883121385291878
2025-07-03,0.006720221155619228
2025-07-04,0.006927621002509951
2025-07-07,0.00661871625420045
2025-07-08,0.0069443533256506
2025-07-09,0.0066454527350718095
2025-07-10,0.006616639229647104
2025-07-11,0.00637400738164125
2025-07-14,0.006251015197520577
2025-07-15,0.00600795021161664
2025-07-16,0.005980405638426374
2025-07-17,0.005822600663837897
2025-07-18,0.005837857848348912
2025-07-21,0.005633297687649747
2025-07-22,0.005451228494289488
2025-07-23,0.005281076919222245
2025-07-24,0.005666630693049054
2025-07-25,0.0054746175237087155
2025-07-28,0.00542132936088273
2025-07-29,0.005256093573323415
2025-07-30,0.0052436067874328425
2025-07-31,0.0051324358563861385
2025-08-01,0.005199056986951299
2025-08-04,0.007546327063823272
2025-08-05,0.008584287216229187
2025-08-06,0.008333502292798391
2025-08-07,0.008209599143793177
2025-08-08,0.0078003158401347885
2025-08-11,0.007792496416053559
2025-08-12,0.0074771997436263535
2025-08-13,0.007967761437885686
2025-08-14,0.007616260198792511
2025-08-15,0.0072442349850207885
2025-08-18,0.007002710794858948
2025-08-19,0.006688105900773296
2025-08-20,0.0067553888498260335
2025-08-21,0.006538358484459567
2025-08-22,0.006449526160657375
2025-08-25,0.00785950715177885
2025-08-26,0.007642180528252138
2025-08-27,0.007363139347458934
2025-08-28,0.007038302472158018
2025-08-29,0.006771041321269551
2025-09-01,0.00688680972525729
2025-09-02,0.006581609433194576
2025-09-03,0.006789196990958558
2025-09-04,0.0066624677983831955
2025-09-05,0.006879926189796387
2025-09-08,0.006692282845576966
2025-09-09,0.006421826848044816
2025-09-10,0.006196252525398936
2025-09-11,0.006005734186388827
2025-09-12,0.006351942548829469
2025-09-15,0.006103773213152145
2025-09-16,0.006027635236938573
2025-09-17,0.005834011168831854
2025-09-18,0.005649527946701325
2025-09-19,0.00563652235372237
2025-09-22,0.005633296961601625
2025-09-23,0.005592168827670396
2025-09-24,0.005782432300870278
2025-09-25,0.005696859580792236
2025-09-26,0.0058146614002386994
2025-09-29,0.005881655085581257
2025-09-30,0.005709209486352416
2025-10-01,0.0056355807044803285
2025-10-02,0.005526967880256416
2025-10-03,0.005349020625453314
2025-10-06,0.005192464618597049
2025-10-07,0.005151729252899837
2025-10-08,0.00522657202562958
2025-10-09,0.005372651487380896
2025-10-10,0.005330388334576083
2025-10-13,0.010740120785493463
2025-10-14,0.011277837662460115
2025-10-15,0.010634804413208082
2025-10-16,0.010082277448011191
2025-10-17,0.009785143867165658
2025-10-20,0.009365080578497852
2025-10-21,0.009463636033474599
2025-10-22,0.008939704225492172
2025-10-23,0.008687719093930985
2025-10-24,0.008408714715956105
2025-10-27,0.008334048710945893
2025-10-28,0.008808883097719721
2025-10-29,0.008355280983076443
2025-10-30,0.007922740614573522
2025-10-31,0.008313016223737311
2025-11-03,0.007910232155999085
2025-11-04,0.007521819705823281
2025-11-05,0.00827658287097407
2025-11-06,0.007914264994489583
2025-11-07,0.0084985950379164
2025-11-10,0.008054385652807812
2025-11-11,0.009093278231044975
2025-11-12,0.008611529098951217
2025-11-13,0.008154867265228469
2025-11-14,0.009666118277875009
2025-11-17,0.009131426201679664
2025-11-18,0.009235872179616
2025-11-19,0.009222251998540366
2025-11-20,0.008779662428915236
2025-11-21,0.009941454141799868
2025-11-24,0.009869859023704844
2025-11-25,0.010543974401105764
2025-11-26,0.010326914821370867
2025-11-27,0.009958572742243809
2025-11-28,0.009395436018176636
2025-12-01,0.009016593868970635
2025-12-02,0.008755394199602404
2025-12-03,0.008310351430403897
2025-12-04,0.007919085234202655
2025-12-05,0.007522202562762116
2025-12-08,0.007171814692295473
2025-12-09,0.006973229397182208
2025-12-10,0.006675427528658193
2025-12-11,0.00670940606218749
2025-12-12,0.0064366364218424055
2025-12-15,0.007242210407084417
2025-12-16,0.006941175087868731
2025-12-17,0.0067028822264660224
2025-12-18,0.007614158325521909
2025-12-19,0.007645080785353795
2025-12-22,0.00777068416569069
2025-12-23,0.00763837136128543
2025-12-24,0.007383343672057924
2025-12-25,0.007085750337821884
2025-12-26,0.006762590075633148
2025-12-29,0.006472668318900846
